{
    "objects": [
        {
            "attributes": {
                "description": "Overview of AWS Billing Metrics",
                "hits": 0,
                "kibanaSavedObjectMeta": {
                    "searchSourceJSON": "{\"filter\": [], \"query\": {\"language\": \"kuery\", \"query\": \"\"}}"
                },
                "optionsJSON": "{\"hidePanelTitles\": false, \"useMargins\": true}",
                "panelsJSON": "[{\"embeddableConfig\": {\"title\": \"AWS Account Filter\"}, \"gridData\": {\"h\": 5, \"i\": \"89dccfe8-a25e-44ea-afdb-ff01ab1f05d6\", \"w\": 9, \"x\": 0, \"y\": 0}, \"panelIndex\": \"89dccfe8-a25e-44ea-afdb-ff01ab1f05d6\", \"panelRefName\": \"panel_0\", \"title\": \"AWS Account Filter\", \"version\": \"7.9.0\"}, {\"embeddableConfig\": {\"title\": \"Current Total Unblended Cost\"}, \"gridData\": {\"h\": 18, \"i\": \"f1db16b5-ce0a-4f21-885f-434c16346c26\", \"w\": 8, \"x\": 9, \"y\": 0}, \"panelIndex\": \"f1db16b5-ce0a-4f21-885f-434c16346c26\", \"panelRefName\": \"panel_1\", \"title\": \"Current Total Unblended Cost\", \"version\": \"7.9.0\"}, {\"embeddableConfig\": {\"title\": \"Availability Zone Utilization\"}, \"gridData\": {\"h\": 18, \"i\": \"57912f48-42ec-4d3e-ba54-bf94757d1eec\", \"w\": 31, \"x\": 17, \"y\": 0}, \"panelIndex\": \"57912f48-42ec-4d3e-ba54-bf94757d1eec\", \"panelRefName\": \"panel_2\", \"title\": \"Availability Zone Utilization\", \"version\": \"7.9.0\"}, {\"embeddableConfig\": {\"title\": \"Total Estimated Charges For This Month\"}, \"gridData\": {\"h\": 13, \"i\": \"221aab02-2747-4d84-9dde-028ccd51bdce\", \"w\": 9, \"x\": 0, \"y\": 5}, \"panelIndex\": \"221aab02-2747-4d84-9dde-028ccd51bdce\", \"panelRefName\": \"panel_3\", \"title\": \"Total Estimated Charges For This Month\", \"version\": \"7.9.0\"}, {\"embeddableConfig\": {\"title\": \"Cost Per Service Per User\"}, \"gridData\": {\"h\": 20, \"i\": \"376f236b-1365-4e80-8076-eec88c1a67bd\", \"w\": 24, \"x\": 0, \"y\": 18}, \"panelIndex\": \"376f236b-1365-4e80-8076-eec88c1a67bd\", \"panelRefName\": \"panel_4\", \"title\": \"Cost Per Service Per User\", \"version\": \"7.9.0\"}, {\"embeddableConfig\": {\"title\": \"High Spenders\"}, \"gridData\": {\"h\": 20, \"i\": \"dd5220c2-dc8a-4d3e-964b-6137d1e447ad\", \"w\": 24, \"x\": 24, \"y\": 18}, \"panelIndex\": \"dd5220c2-dc8a-4d3e-964b-6137d1e447ad\", \"panelRefName\": \"panel_5\", \"title\": \"High Spenders\", \"version\": \"7.9.0\"}, {\"embeddableConfig\": {\"title\": \"Top 10 Estimated Charges per Service Name\"}, \"gridData\": {\"h\": 18, \"i\": \"1de716e2-bad9-4fe3-ba49-0e2ea2a59bb4\", \"w\": 24, \"x\": 0, \"y\": 38}, \"panelIndex\": \"1de716e2-bad9-4fe3-ba49-0e2ea2a59bb4\", \"panelRefName\": \"panel_6\", \"title\": \"Top 10 Estimated Charges per Service Name\", \"version\": \"7.9.0\"}, {\"embeddableConfig\": {\"title\": \"Daily Unblended Cost\"}, \"gridData\": {\"h\": 18, \"i\": \"60181fec-fea9-4f99-b5f9-a53ffbc2ac65\", \"w\": 24, \"x\": 24, \"y\": 38}, \"panelIndex\": \"60181fec-fea9-4f99-b5f9-a53ffbc2ac65\", \"panelRefName\": \"panel_7\", \"title\": \"Daily Unblended Cost\", \"version\": \"7.9.0\"}]",
                "timeRestore": false,
                "title": "[Metricbeat AWS] Billing Overview",
                "version": 1
            },
            "id": "e6776b10-1534-11ea-841c-01bf20a6c8ba",
            "migrationVersion": {
                "dashboard": "7.3.0"
            },
            "namespaces": [
                "default"
            ],
            "references": [
                {
                    "id": "deab0260-2981-11e9-86eb-a3a07a77f530",
                    "name": "panel_0",
                    "type": "visualization"
                },
                {
                    "id": "1731c440-e649-11ea-a838-3f4a45f85600",
                    "name": "panel_1",
                    "type": "visualization"
                },
                {
                    "id": "a5670a20-e65a-11ea-a838-3f4a45f85600",
                    "name": "panel_2",
                    "type": "visualization"
                },
                {
                    "id": "83f08eb0-1532-11ea-841c-01bf20a6c8ba",
                    "name": "panel_3",
                    "type": "visualization"
                },
                {
                    "id": "b3da5ac0-e6f1-11ea-a5b5-d5a0accaec95",
                    "name": "panel_4",
                    "type": "lens"
                },
                {
                    "id": "d7b399c0-e6f1-11ea-a5b5-d5a0accaec95",
                    "name": "panel_5",
                    "type": "lens"
                },
                {
                    "id": "cde34840-e6f2-11ea-a5b5-d5a0accaec95",
                    "name": "panel_6",
                    "type": "lens"
                },
                {
                    "id": "3e091620-e64b-11ea-a838-3f4a45f85600",
                    "name": "panel_7",
                    "type": "visualization"
                }
            ],
            "type": "dashboard",
            "updated_at": "2020-09-14T04:08:21.260Z",
            "version": "WzcyNjksOF0="
        },
        {
            "attributes": {
                "description": "",
                "kibanaSavedObjectMeta": {
                    "searchSourceJSON": "{\"filter\": [], \"query\": {\"language\": \"kuery\", \"query\": \"\"}}"
                },
                "title": "AWS Account Filter [Metricbeat AWS]",
                "uiStateJSON": "{}",
                "version": 1,
                "visState": "{\"aggs\": [], \"params\": {\"controls\": [{\"fieldName\": \"cloud.account.name\", \"id\": \"1549397251041\", \"indexPatternRefName\": \"control_0_index_pattern\", \"label\": \"account name\", \"options\": {\"dynamicOptions\": true, \"multiselect\": true, \"order\": \"desc\", \"size\": 5, \"type\": \"terms\"}, \"parent\": \"\", \"type\": \"list\"}], \"pinFilters\": false, \"updateFiltersOnChange\": true, \"useTimeFilter\": false}, \"title\": \"AWS Account Filter [Metricbeat AWS]\", \"type\": \"input_control_vis\"}"
            },
            "id": "deab0260-2981-11e9-86eb-a3a07a77f530",
            "migrationVersion": {
                "visualization": "7.8.0"
            },
            "namespaces": [
                "default"
            ],
            "references": [
                {
                    "id": "metricbeat-*",
                    "name": "control_0_index_pattern",
                    "type": "index-pattern"
                }
            ],
            "type": "visualization",
            "updated_at": "2020-09-14T04:04:04.990Z",
            "version": "WzY2MDYsOF0="
        },
        {
            "attributes": {
                "description": "",
                "kibanaSavedObjectMeta": {
                    "searchSourceJSON": "{\"filter\": [], \"query\": {\"language\": \"kuery\", \"query\": \"\"}}"
                },
                "title": "Total Unblended Cost [Metricbeat AWS]",
                "uiStateJSON": "{}",
                "version": 1,
                "visState": "{\"aggs\": [], \"params\": {\"axis_formatter\": \"number\", \"axis_position\": \"left\", \"axis_scale\": \"normal\", \"background_color_rules\": [{\"id\": \"cf04e620-e648-11ea-bdad-df8839db1393\"}], \"default_index_pattern\": \"metricbeat-*\", \"default_timefield\": \"@timestamp\", \"drop_last_bucket\": 0, \"filter\": {\"language\": \"kuery\", \"query\": \"aws.billing.group_definition.key : \\\"AZ\\\"\"}, \"id\": \"61ca57f0-469d-11e7-af02-69e470af7417\", \"index_pattern\": \"metricbeat-*\", \"interval\": \">=2d\", \"isModelInvalid\": false, \"series\": [{\"axis_position\": \"right\", \"chart_type\": \"line\", \"color\": \"#68BC00\", \"fill\": 0.5, \"filter\": {\"language\": \"kuery\", \"query\": \"aws.billing.group_definition.key : \\\"AZ\\\"\"}, \"formatter\": \"number\", \"id\": \"61ca57f1-469d-11e7-af02-69e470af7417\", \"label\": \"Total Unblended Cost\", \"line_width\": 1, \"metrics\": [{\"field\": \"aws.billing.UnblendedCost.amount\", \"id\": \"61ca57f2-469d-11e7-af02-69e470af7417\", \"type\": \"sum\"}], \"override_index_pattern\": 1, \"point_size\": 1, \"separate_axis\": 0, \"series_drop_last_bucket\": 0, \"series_index_pattern\": \"metricbeat-*\", \"series_interval\": \">=2d\", \"series_time_field\": \"@timestamp\", \"split_color_mode\": \"kibana\", \"split_mode\": \"filter\", \"stacked\": \"none\", \"type\": \"timeseries\"}], \"show_grid\": 1, \"show_legend\": 1, \"time_field\": \"@timestamp\", \"time_range_mode\": \"last_value\", \"tooltip_mode\": \"show_all\", \"type\": \"metric\"}, \"title\": \"Total Unblended Cost [Metricbeat AWS]\", \"type\": \"metrics\"}"
            },
            "id": "1731c440-e649-11ea-a838-3f4a45f85600",
            "migrationVersion": {
                "visualization": "7.8.0"
            },
            "namespaces": [
                "default"
            ],
            "references": [],
            "type": "visualization",
            "updated_at": "2020-09-14T04:03:51.696Z",
            "version": "WzY0NjksOF0="
        },
        {
            "attributes": {
                "description": "",
                "kibanaSavedObjectMeta": {
                    "searchSourceJSON": "{\"filter\": [], \"indexRefName\": \"kibanaSavedObjectMeta.searchSourceJSON.index\", \"query\": {\"language\": \"kuery\", \"query\": \"\"}}"
                },
                "title": "Availability Zone Utilization [Metricbeat AWS]",
                "uiStateJSON": "{}",
                "version": 1,
                "visState": "{\"aggs\": [{\"enabled\": true, \"id\": \"1\", \"params\": {}, \"schema\": \"metric\", \"type\": \"count\"}, {\"enabled\": true, \"id\": \"2\", \"params\": {\"exclude\": \"NoAZ\", \"field\": \"aws.billing.group_by.AZ\", \"missingBucket\": false, \"missingBucketLabel\": \"Missing\", \"order\": \"desc\", \"orderBy\": \"1\", \"otherBucket\": false, \"otherBucketLabel\": \"Other\", \"size\": 20}, \"schema\": \"segment\", \"type\": \"terms\"}], \"params\": {\"addLegend\": true, \"addTooltip\": true, \"isDonut\": true, \"labels\": {\"last_level\": true, \"show\": true, \"truncate\": 100, \"values\": true}, \"legendPosition\": \"right\", \"type\": \"pie\"}, \"title\": \"Availability Zone Utilization [Metricbeat AWS]\", \"type\": \"pie\"}"
            },
            "id": "a5670a20-e65a-11ea-a838-3f4a45f85600",
            "migrationVersion": {
                "visualization": "7.8.0"
            },
            "namespaces": [
                "default"
            ],
            "references": [
                {
                    "id": "metricbeat-*",
                    "name": "kibanaSavedObjectMeta.searchSourceJSON.index",
                    "type": "index-pattern"
                }
            ],
            "type": "visualization",
            "updated_at": "2020-09-14T04:03:51.696Z",
            "version": "WzY0NzAsOF0="
        },
        {
            "attributes": {
                "description": "",
                "kibanaSavedObjectMeta": {
                    "searchSourceJSON": "{\"filter\": [], \"query\": {\"language\": \"kuery\", \"query\": \"\"}}"
                },
                "title": "Total Estimated Charges [Metricbeat AWS]",
                "uiStateJSON": "{}",
                "version": 1,
                "visState": "{\"aggs\": [], \"params\": {\"axis_formatter\": \"number\", \"axis_position\": \"left\", \"axis_scale\": \"normal\", \"background_color_rules\": [{\"id\": \"88a80e30-1530-11ea-961e-c1db9cc6166e\"}], \"bar_color_rules\": [{\"id\": \"ebb52700-1531-11ea-961e-c1db9cc6166e\"}], \"default_index_pattern\": \"metricbeat-*\", \"default_timefield\": \"@timestamp\", \"drop_last_bucket\": 0, \"filter\": {\"language\": \"kuery\", \"query\": \"aws.billing.EstimatedCharges : * and not (aws.billing.ServiceName : * )\"}, \"gauge_color_rules\": [{\"id\": \"e8a045e0-1531-11ea-961e-c1db9cc6166e\"}], \"gauge_inner_width\": 10, \"gauge_style\": \"half\", \"gauge_width\": 10, \"id\": \"61ca57f0-469d-11e7-af02-69e470af7417\", \"index_pattern\": \"metricbeat-*\", \"interval\": \">=1d\", \"isModelInvalid\": false, \"series\": [{\"axis_position\": \"right\", \"chart_type\": \"line\", \"color\": \"#68BC00\", \"fill\": 0.5, \"filter\": {\"language\": \"kuery\", \"query\": \"aws.billing.EstimatedCharges : * and not (aws.billing.ServiceName : * )\"}, \"formatter\": \"number\", \"id\": \"61ca57f1-469d-11e7-af02-69e470af7417\", \"label\": \"Total Estimated Charges\", \"line_width\": 1, \"metrics\": [{\"field\": \"aws.billing.EstimatedCharges\", \"id\": \"61ca57f2-469d-11e7-af02-69e470af7417\", \"type\": \"sum\"}], \"override_index_pattern\": 1, \"point_size\": 1, \"separate_axis\": 0, \"series_drop_last_bucket\": 0, \"series_index_pattern\": \"metricbeat-*\", \"series_interval\": \">=1d\", \"series_time_field\": \"@timestamp\", \"split_color_mode\": \"gradient\", \"split_mode\": \"filter\", \"stacked\": \"none\", \"time_range_mode\": \"last_value\", \"value_template\": \"${{value}}\"}], \"show_grid\": 1, \"show_legend\": 1, \"time_field\": \"@timestamp\", \"time_range_mode\": \"last_value\", \"tooltip_mode\": \"show_all\", \"type\": \"metric\"}, \"title\": \"Total Estimated Charges [Metricbeat AWS]\", \"type\": \"metrics\"}"
            },
            "id": "83f08eb0-1532-11ea-841c-01bf20a6c8ba",
            "migrationVersion": {
                "visualization": "7.8.0"
            },
            "namespaces": [
                "default"
            ],
            "references": [],
            "type": "visualization",
            "updated_at": "2020-09-14T04:03:51.696Z",
            "version": "WzY0NzEsOF0="
        },
        {
            "attributes": {
                "description": "",
                "expression": "kibana\n| kibana_context  query=\"{\\\"query\\\":\\\"\\\",\\\"language\\\":\\\"kuery\\\"}\" filters=\"[]\"\n| lens_merge_tables layerIds=\"cbffa0b1-50bb-40fe-bd8d-6a26d2b58fb3\" \n  tables={esaggs index=\"metricbeat-*\" metricsAtAllLevels=true partialRows=true includeFormatHints=true  aggConfigs=\"[{\\\"id\\\":\\\"5d850e8e-f3e0-4ad2-9697-b8c00c03f753\\\",\\\"enabled\\\":true,\\\"type\\\":\\\"terms\\\",\\\"schema\\\":\\\"segment\\\",\\\"params\\\":{\\\"field\\\":\\\"aws.billing.group_by.SERVICE\\\",\\\"orderBy\\\":\\\"75188758-7734-4fc3-af1d-297c455715f0\\\",\\\"order\\\":\\\"desc\\\",\\\"size\\\":5,\\\"otherBucket\\\":false,\\\"otherBucketLabel\\\":\\\"Other\\\",\\\"missingBucket\\\":false,\\\"missingBucketLabel\\\":\\\"Missing\\\"}},{\\\"id\\\":\\\"a1f5b3b8-41da-452b-8683-7a9ca6b6267f\\\",\\\"enabled\\\":true,\\\"type\\\":\\\"terms\\\",\\\"schema\\\":\\\"segment\\\",\\\"params\\\":{\\\"field\\\":\\\"aws.billing.group_by.aws:createdBy\\\",\\\"orderBy\\\":\\\"75188758-7734-4fc3-af1d-297c455715f0\\\",\\\"order\\\":\\\"desc\\\",\\\"size\\\":10,\\\"otherBucket\\\":false,\\\"otherBucketLabel\\\":\\\"Other\\\",\\\"missingBucket\\\":false,\\\"missingBucketLabel\\\":\\\"Missing\\\"}},{\\\"id\\\":\\\"75188758-7734-4fc3-af1d-297c455715f0\\\",\\\"enabled\\\":true,\\\"type\\\":\\\"sum\\\",\\\"schema\\\":\\\"metric\\\",\\\"params\\\":{\\\"field\\\":\\\"aws.billing.UnblendedCost.amount\\\",\\\"missing\\\":0}}]\" | lens_rename_columns idMap=\"{\\\"col-0-5d850e8e-f3e0-4ad2-9697-b8c00c03f753\\\":{\\\"label\\\":\\\"Service Name\\\",\\\"dataType\\\":\\\"string\\\",\\\"operationType\\\":\\\"terms\\\",\\\"scale\\\":\\\"ordinal\\\",\\\"sourceField\\\":\\\"aws.billing.group_by.SERVICE\\\",\\\"isBucketed\\\":true,\\\"params\\\":{\\\"size\\\":5,\\\"orderBy\\\":{\\\"type\\\":\\\"column\\\",\\\"columnId\\\":\\\"75188758-7734-4fc3-af1d-297c455715f0\\\"},\\\"orderDirection\\\":\\\"desc\\\"},\\\"customLabel\\\":true,\\\"id\\\":\\\"5d850e8e-f3e0-4ad2-9697-b8c00c03f753\\\"},\\\"col-2-a1f5b3b8-41da-452b-8683-7a9ca6b6267f\\\":{\\\"label\\\":\\\"Top values of aws.billing.group_by.aws:createdBy\\\",\\\"dataType\\\":\\\"string\\\",\\\"operationType\\\":\\\"terms\\\",\\\"scale\\\":\\\"ordinal\\\",\\\"suggestedPriority\\\":0,\\\"sourceField\\\":\\\"aws.billing.group_by.aws:createdBy\\\",\\\"isBucketed\\\":true,\\\"params\\\":{\\\"size\\\":10,\\\"orderBy\\\":{\\\"type\\\":\\\"column\\\",\\\"columnId\\\":\\\"75188758-7734-4fc3-af1d-297c455715f0\\\"},\\\"orderDirection\\\":\\\"desc\\\"},\\\"id\\\":\\\"a1f5b3b8-41da-452b-8683-7a9ca6b6267f\\\"},\\\"col-3-75188758-7734-4fc3-af1d-297c455715f0\\\":{\\\"label\\\":\\\"Total Unblended Cost\\\",\\\"dataType\\\":\\\"number\\\",\\\"operationType\\\":\\\"sum\\\",\\\"sourceField\\\":\\\"aws.billing.UnblendedCost.amount\\\",\\\"isBucketed\\\":false,\\\"scale\\\":\\\"ratio\\\",\\\"customLabel\\\":true,\\\"id\\\":\\\"75188758-7734-4fc3-af1d-297c455715f0\\\"}}\"}\n| lens_xy_chart xTitle=\"Service Name\" yTitle=\"Total Unblended Cost\" legend={lens_xy_legendConfig isVisible=true position=\"right\"} fittingFunction=\"None\" \n  layers={lens_xy_layer layerId=\"cbffa0b1-50bb-40fe-bd8d-6a26d2b58fb3\" hide=false xAccessor=\"5d850e8e-f3e0-4ad2-9697-b8c00c03f753\" yScaleType=\"linear\" xScaleType=\"ordinal\" isHistogram=false splitAccessor=\"a1f5b3b8-41da-452b-8683-7a9ca6b6267f\"  seriesType=\"bar_stacked\" accessors=\"75188758-7734-4fc3-af1d-297c455715f0\" columnToLabel=\"{\\\"75188758-7734-4fc3-af1d-297c455715f0\\\":\\\"Total Unblended Cost\\\",\\\"a1f5b3b8-41da-452b-8683-7a9ca6b6267f\\\":\\\"Top values of aws.billing.group_by.aws:createdBy\\\"}\"}",
                "state": {
                    "datasourceMetaData": {
                        "filterableIndexPatterns": [
                            {
                                "id": "metricbeat-*",
                                "title": "metricbeat-*"
                            }
                        ]
                    },
                    "datasourceStates": {
                        "indexpattern": {
                            "currentIndexPatternId": "metricbeat-*",
                            "layers": {
                                "cbffa0b1-50bb-40fe-bd8d-6a26d2b58fb3": {
                                    "columnOrder": [
                                        "5d850e8e-f3e0-4ad2-9697-b8c00c03f753",
                                        "a1f5b3b8-41da-452b-8683-7a9ca6b6267f",
                                        "75188758-7734-4fc3-af1d-297c455715f0"
                                    ],
                                    "columns": {
                                        "5d850e8e-f3e0-4ad2-9697-b8c00c03f753": {
                                            "customLabel": true,
                                            "dataType": "string",
                                            "isBucketed": true,
                                            "label": "Service Name",
                                            "operationType": "terms",
                                            "params": {
                                                "orderBy": {
                                                    "columnId": "75188758-7734-4fc3-af1d-297c455715f0",
                                                    "type": "column"
                                                },
                                                "orderDirection": "desc",
                                                "size": 5
                                            },
                                            "scale": "ordinal",
                                            "sourceField": "aws.billing.group_by.SERVICE"
                                        },
                                        "75188758-7734-4fc3-af1d-297c455715f0": {
                                            "customLabel": true,
                                            "dataType": "number",
                                            "isBucketed": false,
                                            "label": "Total Unblended Cost",
                                            "operationType": "sum",
                                            "scale": "ratio",
                                            "sourceField": "aws.billing.UnblendedCost.amount"
                                        },
                                        "a1f5b3b8-41da-452b-8683-7a9ca6b6267f": {
                                            "dataType": "string",
                                            "isBucketed": true,
                                            "label": "Top values of aws.billing.group_by.aws:createdBy",
                                            "operationType": "terms",
                                            "params": {
                                                "orderBy": {
                                                    "columnId": "75188758-7734-4fc3-af1d-297c455715f0",
                                                    "type": "column"
                                                },
                                                "orderDirection": "desc",
                                                "size": 10
                                            },
                                            "scale": "ordinal",
                                            "sourceField": "aws.billing.group_by.aws:createdBy",
                                            "suggestedPriority": 0
                                        }
                                    },
                                    "indexPatternId": "metricbeat-*"
                                }
                            }
                        }
                    },
                    "filters": [],
                    "query": {
                        "language": "kuery",
                        "query": ""
                    },
                    "visualization": {
                        "fittingFunction": "None",
                        "layers": [
                            {
                                "accessors": [
                                    "75188758-7734-4fc3-af1d-297c455715f0"
                                ],
                                "layerId": "cbffa0b1-50bb-40fe-bd8d-6a26d2b58fb3",
                                "seriesType": "bar_stacked",
                                "splitAccessor": "a1f5b3b8-41da-452b-8683-7a9ca6b6267f",
                                "xAccessor": "5d850e8e-f3e0-4ad2-9697-b8c00c03f753"
                            }
                        ],
                        "legend": {
                            "isVisible": true,
                            "position": "right"
                        },
                        "preferredSeriesType": "bar_stacked"
                    }
                },
                "title": "Cost Per Service Per User [Metricbeat AWS]",
                "visualizationType": "lnsXY"
            },
            "id": "b3da5ac0-e6f1-11ea-a5b5-d5a0accaec95",
            "migrationVersion": {
                "lens": "7.8.0"
            },
            "namespaces": [
                "default"
            ],
            "references": [],
            "type": "lens",
            "updated_at": "2020-09-14T04:03:51.696Z",
            "version": "WzY0NzIsOF0="
        },
        {
            "attributes": {
                "description": "",
                "expression": "kibana\n| kibana_context  query=\"{\\\"query\\\":\\\"\\\",\\\"language\\\":\\\"kuery\\\"}\" filters=\"[]\"\n| lens_merge_tables layerIds=\"cbffa0b1-50bb-40fe-bd8d-6a26d2b58fb3\" \n  tables={esaggs index=\"metricbeat-*\" metricsAtAllLevels=true partialRows=true includeFormatHints=true  aggConfigs=\"[{\\\"id\\\":\\\"a1f5b3b8-41da-452b-8683-7a9ca6b6267f\\\",\\\"enabled\\\":true,\\\"type\\\":\\\"terms\\\",\\\"schema\\\":\\\"segment\\\",\\\"params\\\":{\\\"field\\\":\\\"aws.billing.group_by.aws:createdBy\\\",\\\"orderBy\\\":\\\"75188758-7734-4fc3-af1d-297c455715f0\\\",\\\"order\\\":\\\"desc\\\",\\\"size\\\":10,\\\"otherBucket\\\":false,\\\"otherBucketLabel\\\":\\\"Other\\\",\\\"missingBucket\\\":false,\\\"missingBucketLabel\\\":\\\"Missing\\\"}},{\\\"id\\\":\\\"75188758-7734-4fc3-af1d-297c455715f0\\\",\\\"enabled\\\":true,\\\"type\\\":\\\"sum\\\",\\\"schema\\\":\\\"metric\\\",\\\"params\\\":{\\\"field\\\":\\\"aws.billing.UnblendedCost.amount\\\",\\\"missing\\\":0}}]\" | lens_rename_columns idMap=\"{\\\"col-0-a1f5b3b8-41da-452b-8683-7a9ca6b6267f\\\":{\\\"label\\\":\\\"Top Users\\\",\\\"dataType\\\":\\\"string\\\",\\\"operationType\\\":\\\"terms\\\",\\\"scale\\\":\\\"ordinal\\\",\\\"suggestedPriority\\\":0,\\\"sourceField\\\":\\\"aws.billing.group_by.aws:createdBy\\\",\\\"isBucketed\\\":true,\\\"params\\\":{\\\"size\\\":10,\\\"orderBy\\\":{\\\"type\\\":\\\"column\\\",\\\"columnId\\\":\\\"75188758-7734-4fc3-af1d-297c455715f0\\\"},\\\"orderDirection\\\":\\\"desc\\\"},\\\"customLabel\\\":true,\\\"id\\\":\\\"a1f5b3b8-41da-452b-8683-7a9ca6b6267f\\\"},\\\"col-1-75188758-7734-4fc3-af1d-297c455715f0\\\":{\\\"label\\\":\\\"Total Unblended Cost\\\",\\\"dataType\\\":\\\"number\\\",\\\"operationType\\\":\\\"sum\\\",\\\"sourceField\\\":\\\"aws.billing.UnblendedCost.amount\\\",\\\"isBucketed\\\":false,\\\"scale\\\":\\\"ratio\\\",\\\"customLabel\\\":true,\\\"id\\\":\\\"75188758-7734-4fc3-af1d-297c455715f0\\\"}}\"}\n| lens_xy_chart xTitle=\"Top Users\" yTitle=\"Total Unblended Cost\" legend={lens_xy_legendConfig isVisible=true position=\"right\"} fittingFunction=\"None\" \n  layers={lens_xy_layer layerId=\"cbffa0b1-50bb-40fe-bd8d-6a26d2b58fb3\" hide=false xAccessor=\"a1f5b3b8-41da-452b-8683-7a9ca6b6267f\" yScaleType=\"linear\" xScaleType=\"ordinal\" isHistogram=false   seriesType=\"bar_horizontal\" accessors=\"75188758-7734-4fc3-af1d-297c455715f0\" columnToLabel=\"{\\\"75188758-7734-4fc3-af1d-297c455715f0\\\":\\\"Total Unblended Cost\\\"}\"}",
                "state": {
                    "datasourceMetaData": {
                        "filterableIndexPatterns": [
                            {
                                "id": "metricbeat-*",
                                "title": "metricbeat-*"
                            }
                        ]
                    },
                    "datasourceStates": {
                        "indexpattern": {
                            "currentIndexPatternId": "metricbeat-*",
                            "layers": {
                                "cbffa0b1-50bb-40fe-bd8d-6a26d2b58fb3": {
                                    "columnOrder": [
                                        "a1f5b3b8-41da-452b-8683-7a9ca6b6267f",
                                        "75188758-7734-4fc3-af1d-297c455715f0"
                                    ],
                                    "columns": {
                                        "75188758-7734-4fc3-af1d-297c455715f0": {
                                            "customLabel": true,
                                            "dataType": "number",
                                            "isBucketed": false,
                                            "label": "Total Unblended Cost",
                                            "operationType": "sum",
                                            "scale": "ratio",
                                            "sourceField": "aws.billing.UnblendedCost.amount"
                                        },
                                        "a1f5b3b8-41da-452b-8683-7a9ca6b6267f": {
                                            "customLabel": true,
                                            "dataType": "string",
                                            "isBucketed": true,
                                            "label": "Top Users",
                                            "operationType": "terms",
                                            "params": {
                                                "orderBy": {
                                                    "columnId": "75188758-7734-4fc3-af1d-297c455715f0",
                                                    "type": "column"
                                                },
                                                "orderDirection": "desc",
                                                "size": 10
                                            },
                                            "scale": "ordinal",
                                            "sourceField": "aws.billing.group_by.aws:createdBy",
                                            "suggestedPriority": 0
                                        }
                                    },
                                    "indexPatternId": "metricbeat-*"
                                }
                            }
                        }
                    },
                    "filters": [],
                    "query": {
                        "language": "kuery",
                        "query": ""
                    },
                    "visualization": {
                        "fittingFunction": "None",
                        "layers": [
                            {
                                "accessors": [
                                    "75188758-7734-4fc3-af1d-297c455715f0"
                                ],
                                "layerId": "cbffa0b1-50bb-40fe-bd8d-6a26d2b58fb3",
                                "seriesType": "bar_horizontal",
                                "xAccessor": "a1f5b3b8-41da-452b-8683-7a9ca6b6267f"
                            }
                        ],
                        "legend": {
                            "isVisible": true,
                            "position": "right"
                        },
                        "preferredSeriesType": "bar_horizontal"
                    }
                },
                "title": "High Spenders [Metricbeat AWS]",
                "visualizationType": "lnsXY"
            },
            "id": "d7b399c0-e6f1-11ea-a5b5-d5a0accaec95",
            "migrationVersion": {
                "lens": "7.8.0"
            },
            "namespaces": [
                "default"
            ],
            "references": [],
            "type": "lens",
            "updated_at": "2020-09-14T04:03:51.696Z",
            "version": "WzY0NzMsOF0="
        },
        {
            "attributes": {
                "description": "",
                "expression": "kibana\n| kibana_context  query=\"{\\\"query\\\":\\\"\\\",\\\"language\\\":\\\"kuery\\\"}\" filters=\"[]\"\n| lens_merge_tables layerIds=\"dc597043-d867-4f94-ae90-f31ffc0c2674\" \n  tables={esaggs index=\"metricbeat-*\" metricsAtAllLevels=true partialRows=true includeFormatHints=true timeFields=\"@timestamp\" aggConfigs=\"[{\\\"id\\\":\\\"ea87bf3d-0a35-424b-b00b-3614c431b135\\\",\\\"enabled\\\":true,\\\"type\\\":\\\"terms\\\",\\\"schema\\\":\\\"segment\\\",\\\"params\\\":{\\\"field\\\":\\\"aws.billing.ServiceName\\\",\\\"orderBy\\\":\\\"d54f4e58-d8dd-4404-8da9-12b667dd7910\\\",\\\"order\\\":\\\"desc\\\",\\\"size\\\":10,\\\"otherBucket\\\":false,\\\"otherBucketLabel\\\":\\\"Other\\\",\\\"missingBucket\\\":false,\\\"missingBucketLabel\\\":\\\"Missing\\\"}},{\\\"id\\\":\\\"faa5dba4-1fab-4f88-b67f-28bafa26a32d\\\",\\\"enabled\\\":true,\\\"type\\\":\\\"date_histogram\\\",\\\"schema\\\":\\\"segment\\\",\\\"params\\\":{\\\"field\\\":\\\"@timestamp\\\",\\\"useNormalizedEsInterval\\\":true,\\\"interval\\\":\\\"1d\\\",\\\"drop_partials\\\":false,\\\"min_doc_count\\\":0,\\\"extended_bounds\\\":{}}},{\\\"id\\\":\\\"d54f4e58-d8dd-4404-8da9-12b667dd7910\\\",\\\"enabled\\\":true,\\\"type\\\":\\\"avg\\\",\\\"schema\\\":\\\"metric\\\",\\\"params\\\":{\\\"field\\\":\\\"aws.billing.EstimatedCharges\\\",\\\"missing\\\":0}}]\" | lens_rename_columns idMap=\"{\\\"col-0-ea87bf3d-0a35-424b-b00b-3614c431b135\\\":{\\\"label\\\":\\\"Service Names\\\",\\\"dataType\\\":\\\"string\\\",\\\"operationType\\\":\\\"terms\\\",\\\"scale\\\":\\\"ordinal\\\",\\\"suggestedPriority\\\":0,\\\"sourceField\\\":\\\"aws.billing.ServiceName\\\",\\\"isBucketed\\\":true,\\\"params\\\":{\\\"size\\\":10,\\\"orderBy\\\":{\\\"type\\\":\\\"column\\\",\\\"columnId\\\":\\\"d54f4e58-d8dd-4404-8da9-12b667dd7910\\\"},\\\"orderDirection\\\":\\\"desc\\\"},\\\"customLabel\\\":true,\\\"id\\\":\\\"ea87bf3d-0a35-424b-b00b-3614c431b135\\\"},\\\"col-2-faa5dba4-1fab-4f88-b67f-28bafa26a32d\\\":{\\\"label\\\":\\\"@timestamp\\\",\\\"dataType\\\":\\\"date\\\",\\\"operationType\\\":\\\"date_histogram\\\",\\\"sourceField\\\":\\\"@timestamp\\\",\\\"isBucketed\\\":true,\\\"scale\\\":\\\"interval\\\",\\\"params\\\":{\\\"interval\\\":\\\"1d\\\"},\\\"id\\\":\\\"faa5dba4-1fab-4f88-b67f-28bafa26a32d\\\"},\\\"col-3-d54f4e58-d8dd-4404-8da9-12b667dd7910\\\":{\\\"label\\\":\\\"Estimated Charges\\\",\\\"dataType\\\":\\\"number\\\",\\\"operationType\\\":\\\"avg\\\",\\\"sourceField\\\":\\\"aws.billing.EstimatedCharges\\\",\\\"isBucketed\\\":false,\\\"scale\\\":\\\"ratio\\\",\\\"customLabel\\\":true,\\\"id\\\":\\\"d54f4e58-d8dd-4404-8da9-12b667dd7910\\\"}}\"}\n| lens_xy_chart xTitle=\"@timestamp\" yTitle=\"Estimated Charges\" legend={lens_xy_legendConfig isVisible=true position=\"right\"} fittingFunction=\"None\" \n  layers={lens_xy_layer layerId=\"dc597043-d867-4f94-ae90-f31ffc0c2674\" hide=false xAccessor=\"faa5dba4-1fab-4f88-b67f-28bafa26a32d\" yScaleType=\"linear\" xScaleType=\"time\" isHistogram=true splitAccessor=\"ea87bf3d-0a35-424b-b00b-3614c431b135\"  seriesType=\"line\" accessors=\"d54f4e58-d8dd-4404-8da9-12b667dd7910\" columnToLabel=\"{\\\"d54f4e58-d8dd-4404-8da9-12b667dd7910\\\":\\\"Estimated Charges\\\",\\\"ea87bf3d-0a35-424b-b00b-3614c431b135\\\":\\\"Service Names\\\"}\"}",
                "state": {
                    "datasourceMetaData": {
                        "filterableIndexPatterns": [
                            {
                                "id": "metricbeat-*",
                                "title": "metricbeat-*"
                            }
                        ]
                    },
                    "datasourceStates": {
                        "indexpattern": {
                            "currentIndexPatternId": "metricbeat-*",
                            "layers": {
                                "dc597043-d867-4f94-ae90-f31ffc0c2674": {
                                    "columnOrder": [
                                        "ea87bf3d-0a35-424b-b00b-3614c431b135",
                                        "faa5dba4-1fab-4f88-b67f-28bafa26a32d",
                                        "d54f4e58-d8dd-4404-8da9-12b667dd7910"
                                    ],
                                    "columns": {
                                        "d54f4e58-d8dd-4404-8da9-12b667dd7910": {
                                            "customLabel": true,
                                            "dataType": "number",
                                            "isBucketed": false,
                                            "label": "Estimated Charges",
                                            "operationType": "avg",
                                            "scale": "ratio",
                                            "sourceField": "aws.billing.EstimatedCharges"
                                        },
                                        "ea87bf3d-0a35-424b-b00b-3614c431b135": {
                                            "customLabel": true,
                                            "dataType": "string",
                                            "isBucketed": true,
                                            "label": "Service Names",
                                            "operationType": "terms",
                                            "params": {
                                                "orderBy": {
                                                    "columnId": "d54f4e58-d8dd-4404-8da9-12b667dd7910",
                                                    "type": "column"
                                                },
                                                "orderDirection": "desc",
                                                "size": 10
                                            },
                                            "scale": "ordinal",
                                            "sourceField": "aws.billing.ServiceName",
                                            "suggestedPriority": 0
                                        },
                                        "faa5dba4-1fab-4f88-b67f-28bafa26a32d": {
                                            "dataType": "date",
                                            "isBucketed": true,
                                            "label": "@timestamp",
                                            "operationType": "date_histogram",
                                            "params": {
                                                "interval": "1d"
                                            },
                                            "scale": "interval",
                                            "sourceField": "@timestamp"
                                        }
                                    },
                                    "indexPatternId": "metricbeat-*"
                                }
                            }
                        }
                    },
                    "filters": [],
                    "query": {
                        "language": "kuery",
                        "query": ""
                    },
                    "visualization": {
                        "fittingFunction": "None",
                        "layers": [
                            {
                                "accessors": [
                                    "d54f4e58-d8dd-4404-8da9-12b667dd7910"
                                ],
                                "layerId": "dc597043-d867-4f94-ae90-f31ffc0c2674",
                                "position": "top",
                                "seriesType": "line",
                                "showGridlines": false,
                                "splitAccessor": "ea87bf3d-0a35-424b-b00b-3614c431b135",
                                "xAccessor": "faa5dba4-1fab-4f88-b67f-28bafa26a32d"
                            }
                        ],
                        "legend": {
                            "isVisible": true,
                            "position": "right"
                        },
                        "preferredSeriesType": "line"
                    }
                },
                "title": "Top 10 Estimated Charges per Service Name [Metricbeat AWS]",
                "visualizationType": "lnsXY"
            },
            "id": "cde34840-e6f2-11ea-a5b5-d5a0accaec95",
            "migrationVersion": {
                "lens": "7.8.0"
            },
            "namespaces": [
                "default"
            ],
            "references": [],
            "type": "lens",
            "updated_at": "2020-09-14T04:03:51.696Z",
            "version": "WzY0NzQsOF0="
        },
        {
            "attributes": {
                "description": "",
                "kibanaSavedObjectMeta": {
                    "searchSourceJSON": "{\"filter\": [], \"query\": {\"language\": \"kuery\", \"query\": \"\"}}"
                },
                "title": "Daily Unblended Cost [Metricbeat AWS]",
                "uiStateJSON": "{}",
                "version": 1,
                "visState": "{\"aggs\": [], \"params\": {\"axis_formatter\": \"number\", \"axis_position\": \"left\", \"axis_scale\": \"normal\", \"default_index_pattern\": \"metricbeat-*\", \"default_timefield\": \"@timestamp\", \"drop_last_bucket\": 0, \"filter\": {\"language\": \"kuery\", \"query\": \"aws.billing.group_definition.key : \\\"AZ\\\"\"}, \"id\": \"61ca57f0-469d-11e7-af02-69e470af7417\", \"index_pattern\": \"metricbeat-*\", \"interval\": \">=1d\", \"isModelInvalid\": false, \"series\": [{\"axis_position\": \"right\", \"chart_type\": \"bar\", \"color\": \"rgba(118,208,7,1)\", \"fill\": \"1\", \"filter\": {\"language\": \"kuery\", \"query\": \"aws.billing.group_definition.key : \\\"AZ\\\"\"}, \"formatter\": \"number\", \"hide_in_legend\": 1, \"id\": \"61ca57f1-469d-11e7-af02-69e470af7417\", \"label\": \"Total Unblended Cost\", \"line_width\": 1, \"metrics\": [{\"field\": \"aws.billing.UnblendedCost.amount\", \"id\": \"61ca57f2-469d-11e7-af02-69e470af7417\", \"type\": \"sum\"}], \"point_size\": 1, \"separate_axis\": 0, \"split_color_mode\": \"kibana\", \"split_mode\": \"filter\", \"stacked\": \"none\", \"type\": \"timeseries\"}], \"show_grid\": 0, \"show_legend\": 1, \"time_field\": \"@timestamp\", \"tooltip_mode\": \"show_all\", \"type\": \"timeseries\"}, \"title\": \"Daily Unblended Cost [Metricbeat AWS]\", \"type\": \"metrics\"}"
            },
            "id": "3e091620-e64b-11ea-a838-3f4a45f85600",
            "migrationVersion": {
                "visualization": "7.8.0"
            },
            "namespaces": [
                "default"
            ],
            "references": [],
            "type": "visualization",
            "updated_at": "2020-09-14T04:03:51.696Z",
            "version": "WzY0NzUsOF0="
        }
    ],
    "version": "7.9.0"
}