{
    "objects": [
        {
            "attributes": {
                "description": "",
                "kibanaSavedObjectMeta": {
                    "searchSourceJSON": "{\"filter\": [], \"index\": \"metricbeat-*\", \"query\": {\"language\": \"kuery\", \"query\": \"\"}}"
                },
                "title": "Container CPU usage [Metricbeat System] ECS",
                "uiStateJSON": "{\"vis\": {\"params\": {\"sort\": {\"columnIndex\": null, \"direction\": null}}}}",
                "version": 1,
                "visState": "{\"aggs\": [{\"enabled\": true, \"id\": \"1\", \"params\": {\"customLabel\": \"CPU user\", \"field\": \"system.process.cgroup.cpuacct.stats.user.ns\"}, \"schema\": \"metric\", \"type\": \"max\"}, {\"enabled\": true, \"id\": \"2\", \"params\": {\"customLabel\": \"CPU quota\", \"field\": \"system.process.cgroup.cpu.cfs.quota.us\"}, \"schema\": \"metric\", \"type\": \"max\"}, {\"enabled\": true, \"id\": \"3\", \"params\": {\"customLabel\": \"Container ID\", \"field\": \"system.process.cgroup.id\", \"order\": \"desc\", \"orderBy\": \"1\", \"size\": 5}, \"schema\": \"bucket\", \"type\": \"terms\"}, {\"enabled\": true, \"id\": \"4\", \"params\": {\"customLabel\": \"CPU throttling\", \"field\": \"system.process.cgroup.cpu.stats.throttled.ns\"}, \"schema\": \"metric\", \"type\": \"max\"}, {\"enabled\": true, \"id\": \"5\", \"params\": {\"customLabel\": \"CPU kernel\", \"field\": \"system.process.cgroup.cpuacct.stats.system.ns\"}, \"schema\": \"metric\", \"type\": \"max\"}, {\"enabled\": true, \"id\": \"6\", \"params\": {\"customLabel\": \"Process name\", \"field\": \"process.name\", \"order\": \"desc\", \"orderBy\": \"1\", \"size\": 5}, \"schema\": \"bucket\", \"type\": \"terms\"}], \"params\": {\"perPage\": 10, \"showMeticsAtAllLevels\": false, \"showPartialRows\": false, \"showTotal\": false, \"sort\": {\"columnIndex\": null, \"direction\": null}, \"totalFunc\": \"sum\"}, \"title\": \"Container CPU usage [Metricbeat System] ECS\", \"type\": \"table\"}"
            },
            "id": "Container-CPU-usage-ecs",
            "type": "visualization",
            "version": 1
        },
        {
            "attributes": {
                "description": "",
                "kibanaSavedObjectMeta": {
                    "searchSourceJSON": "{\"filter\": [], \"query\": {\"language\": \"kuery\", \"query\": \"\"}}"
                },
                "title": "System Navigation [Metricbeat System] ECS",
                "uiStateJSON": "{}",
                "version": 1,
                "visState": "{\"aggs\": [], \"params\": {\"fontSize\": 12, \"markdown\": \"[System Overview](#/dashboard/Metricbeat-system-overview-ecs)  | [Host Overview](#/dashboard/79ffd6e0-faa0-11e6-947f-177f697178b8-ecs) |\\n[Containers overview](#/dashboard/CPU-slash-Memory-per-container-ecs)\"}, \"title\": \"System Navigation [Metricbeat System] ECS\", \"type\": \"markdown\"}"
            },
            "id": "System-Navigation-ecs",
            "type": "visualization",
            "version": 3
        },
        {
            "attributes": {
                "description": "",
                "kibanaSavedObjectMeta": {
                    "searchSourceJSON": "{\"filter\": [], \"index\": \"metricbeat-*\", \"query\": {\"language\": \"kuery\", \"query\": \"\"}}"
                },
                "title": "Container Memory stats [Metricbeat System] ECS",
                "uiStateJSON": "{\"vis\": {\"params\": {\"sort\": {\"columnIndex\": null, \"direction\": null}}}}",
                "version": 1,
                "visState": "{\"aggs\": [{\"enabled\": true, \"id\": \"13\", \"params\": {\"customLabel\": \"Usage\", \"field\": \"system.process.cgroup.memory.mem.usage.bytes\"}, \"schema\": \"metric\", \"type\": \"avg\"}, {\"enabled\": true, \"id\": \"14\", \"params\": {\"customLabel\": \"Max usage\", \"field\": \"system.process.cgroup.memory.mem.usage.max.bytes\"}, \"schema\": \"metric\", \"type\": \"avg\"}, {\"enabled\": true, \"id\": \"1\", \"params\": {\"customLabel\": \"Page faults\", \"field\": \"system.process.cgroup.memory.stats.page_faults\"}, \"schema\": \"metric\", \"type\": \"avg\"}, {\"enabled\": true, \"id\": \"2\", \"params\": {\"customLabel\": \"Pages in memory\", \"field\": \"system.process.cgroup.memory.stats.pages_in\"}, \"schema\": \"metric\", \"type\": \"avg\"}, {\"enabled\": true, \"id\": \"3\", \"params\": {\"customLabel\": \"Pages out of memory\", \"field\": \"system.process.cgroup.memory.stats.pages_out\"}, \"schema\": \"metric\", \"type\": \"avg\"}, {\"enabled\": true, \"id\": \"4\", \"params\": {\"customLabel\": \"Container ID\", \"field\": \"system.process.cgroup.id\", \"order\": \"desc\", \"orderBy\": \"1\", \"size\": 50}, \"schema\": \"bucket\", \"type\": \"terms\"}, {\"enabled\": true, \"id\": \"5\", \"params\": {\"customLabel\": \"Inactive files\", \"field\": \"system.process.cgroup.memory.stats.inactive_file.bytes\"}, \"schema\": \"metric\", \"type\": \"avg\"}, {\"enabled\": true, \"id\": \"6\", \"params\": {\"customLabel\": \"# Major page faults\", \"field\": \"system.process.cgroup.memory.stats.major_page_faults\"}, \"schema\": \"metric\", \"type\": \"avg\"}, {\"enabled\": true, \"id\": \"8\", \"params\": {\"customLabel\": \"Process name\", \"field\": \"process.name\", \"order\": \"desc\", \"orderBy\": \"1\", \"size\": 5}, \"schema\": \"bucket\", \"type\": \"terms\"}, {\"enabled\": true, \"id\": \"12\", \"params\": {\"customLabel\": \"Failures\", \"field\": \"system.process.cgroup.memory.mem.failures\"}, \"schema\": \"metric\", \"type\": \"avg\"}, {\"enabled\": true, \"id\": \"10\", \"params\": {\"customLabel\": \"TCP buffers\", \"field\": \"system.process.cgroup.memory.kmem_tcp.usage.bytes\"}, \"schema\": \"metric\", \"type\": \"avg\"}, {\"enabled\": true, \"id\": \"11\", \"params\": {\"customLabel\": \"Huge pages\", \"field\": \"system.process.cgroup.memory.stats.rss_huge.bytes\"}, \"schema\": \"metric\", \"type\": \"avg\"}, {\"enabled\": true, \"id\": \"7\", \"params\": {\"customLabel\": \"Swap caches\", \"field\": \"system.process.cgroup.memory.stats.rss.bytes\"}, \"schema\": \"metric\", \"type\": \"avg\"}, {\"enabled\": true, \"id\": \"15\", \"params\": {\"customLabel\": \"Swap usage\", \"field\": \"system.process.cgroup.memory.stats.swap.bytes\"}, \"schema\": \"metric\", \"type\": \"avg\"}, {\"enabled\": true, \"id\": \"16\", \"params\": {\"customLabel\": \"Block I/O\", \"field\": \"system.process.cgroup.blkio.total.ios\"}, \"schema\": \"metric\", \"type\": \"avg\"}], \"params\": {\"perPage\": 10, \"showMeticsAtAllLevels\": false, \"showPartialRows\": false, \"showTotal\": false, \"sort\": {\"columnIndex\": null, \"direction\": null}, \"totalFunc\": \"sum\"}, \"title\": \"Container Memory stats [Metricbeat System] ECS\", \"type\": \"table\"}"
            },
            "id": "Container-Memory-stats-ecs",
            "type": "visualization",
            "version": 1
        },
        {
            "attributes": {
                "description": "",
                "kibanaSavedObjectMeta": {
                    "searchSourceJSON": "{\"filter\": [], \"index\": \"metricbeat-*\", \"query\": {\"language\": \"kuery\", \"query\": \"\"}}"
                },
                "title": "Container Block IO [Metricbeat System] ECS",
                "uiStateJSON": "{\"vis\": {\"params\": {\"sort\": {\"columnIndex\": null, \"direction\": null}}}}",
                "version": 1,
                "visState": "{\"aggs\": [{\"enabled\": true, \"id\": \"1\", \"params\": {\"customLabel\": \"Total\", \"field\": \"system.process.cgroup.blkio.total.bytes\"}, \"schema\": \"metric\", \"type\": \"avg\"}, {\"enabled\": true, \"id\": \"2\", \"params\": {\"customLabel\": \"I/O\", \"field\": \"system.process.cgroup.blkio.total.ios\"}, \"schema\": \"metric\", \"type\": \"avg\"}, {\"enabled\": true, \"id\": \"3\", \"params\": {\"customLabel\": \"Container ID\", \"field\": \"system.process.cgroup.id\", \"order\": \"desc\", \"orderBy\": \"1\", \"size\": 5}, \"schema\": \"bucket\", \"type\": \"terms\"}, {\"enabled\": true, \"id\": \"4\", \"params\": {\"customLabel\": \"Process name\", \"field\": \"process.name\", \"order\": \"desc\", \"orderBy\": \"1\", \"size\": 5}, \"schema\": \"bucket\", \"type\": \"terms\"}], \"params\": {\"perPage\": 10, \"showMeticsAtAllLevels\": false, \"showPartialRows\": false, \"showTotal\": false, \"sort\": {\"columnIndex\": null, \"direction\": null}, \"totalFunc\": \"sum\"}, \"title\": \"Container Block IO [Metricbeat System] ECS\", \"type\": \"table\"}"
            },
            "id": "Container-Block-IO-ecs",
            "type": "visualization",
            "version": 1
        },
        {
            "attributes": {
                "description": "Overview of container metrics",
                "hits": 0,
                "kibanaSavedObjectMeta": {
                    "searchSourceJSON": "{\"filter\": [], \"highlightAll\": true, \"query\": {\"language\": \"kuery\", \"query\": \"\"}, \"version\": true}"
                },
                "optionsJSON": "{\"darkTheme\": false}",
                "panelsJSON": "[{\"col\": 1, \"id\": \"Container-CPU-usage-ecs\", \"panelIndex\": 2, \"row\": 2, \"size_x\": 12, \"size_y\": 3, \"type\": \"visualization\"}, {\"col\": 1, \"id\": \"System-Navigation-ecs\", \"panelIndex\": 3, \"row\": 1, \"size_x\": 12, \"size_y\": 1, \"type\": \"visualization\"}, {\"col\": 1, \"id\": \"Container-Memory-stats-ecs\", \"panelIndex\": 4, \"row\": 5, \"size_x\": 12, \"size_y\": 3, \"type\": \"visualization\"}, {\"col\": 1, \"id\": \"Container-Block-IO-ecs\", \"panelIndex\": 5, \"row\": 8, \"size_x\": 12, \"size_y\": 4, \"type\": \"visualization\"}]",
                "timeRestore": false,
                "title": "[Metricbeat System] Containers overview ECS",
                "uiStateJSON": "{\"P-2\": {\"vis\": {\"params\": {\"sort\": {\"columnIndex\": null, \"direction\": null}}}}, \"P-4\": {\"vis\": {\"params\": {\"sort\": {\"columnIndex\": null, \"direction\": null}}}}, \"P-5\": {\"vis\": {\"params\": {\"sort\": {\"columnIndex\": null, \"direction\": null}}}}}",
                "version": 1
            },
            "id": "CPU-slash-Memory-per-container-ecs",
            "type": "dashboard",
            "version": 1
        }
    ],
    "version": "6.0.0-rc1-SNAPSHOT"
}