{
    "objects": [
        {
            "attributes": {
                "description": "The dashboard presents metric data describing ActiveMQ broker. Metrics show statistics of enqueued and dequeued messages, consumers, producers and memory usage (broker, store, temp).",
                "hits": 0,
                "kibanaSavedObjectMeta": {
                    "searchSourceJSON": "{\"filter\": [], \"query\": {\"language\": \"kuery\", \"query\": \"\"}}"
                },
                "optionsJSON": "{\"hidePanelTitles\": false, \"useMargins\": true}",
                "panelsJSON": "[{\"embeddableConfig\": {}, \"gridData\": {\"h\": 15, \"i\": \"cd2b33a6-3c4c-4d97-9cfb-7c6e47f248dc\", \"w\": 24, \"x\": 0, \"y\": 0}, \"panelIndex\": \"cd2b33a6-3c4c-4d97-9cfb-7c6e47f248dc\", \"panelRefName\": \"panel_0\", \"version\": \"7.4.0\"}, {\"embeddableConfig\": {}, \"gridData\": {\"h\": 15, \"i\": \"dc086d82-511a-45e3-b20e-6eef48e22ee1\", \"w\": 24, \"x\": 24, \"y\": 0}, \"panelIndex\": \"dc086d82-511a-45e3-b20e-6eef48e22ee1\", \"panelRefName\": \"panel_1\", \"version\": \"7.4.0\"}, {\"embeddableConfig\": {}, \"gridData\": {\"h\": 15, \"i\": \"84a09081-449a-44f8-bc43-7119730dc74b\", \"w\": 24, \"x\": 0, \"y\": 15}, \"panelIndex\": \"84a09081-449a-44f8-bc43-7119730dc74b\", \"panelRefName\": \"panel_2\", \"version\": \"7.4.0\"}, {\"embeddableConfig\": {}, \"gridData\": {\"h\": 5, \"i\": \"e5e43ead-2ed5-4290-86f3-5dd623500f87\", \"w\": 24, \"x\": 24, \"y\": 15}, \"panelIndex\": \"e5e43ead-2ed5-4290-86f3-5dd623500f87\", \"panelRefName\": \"panel_3\", \"version\": \"7.4.0\"}, {\"embeddableConfig\": {}, \"gridData\": {\"h\": 5, \"i\": \"f891ea87-7718-4820-a0dc-21b160c1e684\", \"w\": 24, \"x\": 24, \"y\": 20}, \"panelIndex\": \"f891ea87-7718-4820-a0dc-21b160c1e684\", \"panelRefName\": \"panel_4\", \"version\": \"7.4.0\"}, {\"embeddableConfig\": {}, \"gridData\": {\"h\": 5, \"i\": \"54a788b6-5ede-4217-a975-ba6bc57f5274\", \"w\": 24, \"x\": 24, \"y\": 25}, \"panelIndex\": \"54a788b6-5ede-4217-a975-ba6bc57f5274\", \"panelRefName\": \"panel_5\", \"version\": \"7.4.0\"}]",
                "timeRestore": false,
                "title": "[Metricbeat ActiveMQ] Broker Overview",
                "version": 1
            },
            "id": "fc27a270-0b95-11ea-81bb-cf244189d349",
            "migrationVersion": {
                "dashboard": "7.3.0"
            },
            "references": [
                {
                    "id": "55cacee0-0ba7-11ea-81bb-cf244189d349",
                    "name": "panel_0",
                    "type": "visualization"
                },
                {
                    "id": "ce456e60-0b99-11ea-81bb-cf244189d349",
                    "name": "panel_1",
                    "type": "visualization"
                },
                {
                    "id": "33cbfa60-0b95-11ea-81bb-cf244189d349",
                    "name": "panel_2",
                    "type": "visualization"
                },
                {
                    "id": "594db510-0b9c-11ea-81bb-cf244189d349",
                    "name": "panel_3",
                    "type": "visualization"
                },
                {
                    "id": "bfad8290-0d22-11ea-ba76-7fb26815d86c",
                    "name": "panel_4",
                    "type": "visualization"
                },
                {
                    "id": "cb475400-0d22-11ea-ba76-7fb26815d86c",
                    "name": "panel_5",
                    "type": "visualization"
                }
            ],
            "type": "dashboard",
            "updated_at": "2019-11-22T12:26:00.404Z",
            "version": "WzUxOSwyXQ=="
        },
        {
            "attributes": {
                "description": "",
                "kibanaSavedObjectMeta": {
                    "searchSourceJSON": "{\"filter\": [], \"query\": {\"language\": \"kuery\", \"query\": \"\"}}"
                },
                "title": "Broker Messages [Metricbeat ActiveMQ]",
                "uiStateJSON": "{}",
                "version": 1,
                "visState": "{\"aggs\": [], \"params\": {\"axis_formatter\": \"number\", \"axis_min\": \"0\", \"axis_position\": \"left\", \"axis_scale\": \"normal\", \"bar_color_rules\": [{\"id\": \"aa435ec0-0ba6-11ea-b0d5-191f327f6941\"}], \"default_index_pattern\": \"metricbeat-*\", \"default_timefield\": \"@timestamp\", \"id\": \"61ca57f0-469d-11e7-af02-69e470af7417\", \"index_pattern\": \"metricbeat-*\", \"interval\": \"\", \"isModelInvalid\": false, \"legend_position\": \"bottom\", \"series\": [{\"axis_position\": \"right\", \"chart_type\": \"line\", \"color\": \"#68BC00\", \"fill\": 0.5, \"formatter\": \"number\", \"id\": \"61ca57f1-469d-11e7-af02-69e470af7417\", \"label\": \"Dequeue\", \"line_width\": 1, \"metrics\": [{\"field\": \"activemq.broker.messages.dequeue.count\", \"id\": \"61ca57f2-469d-11e7-af02-69e470af7417\", \"type\": \"max\"}, {\"field\": \"61ca57f2-469d-11e7-af02-69e470af7417\", \"id\": \"03adf430-0ba6-11ea-b0d5-191f327f6941\", \"type\": \"derivative\", \"unit\": \"\"}], \"point_size\": 1, \"separate_axis\": 0, \"split_mode\": \"everything\", \"stacked\": \"none\", \"type\": \"timeseries\"}, {\"axis_position\": \"right\", \"chart_type\": \"line\", \"color\": \"rgba(115,216,255,1)\", \"fill\": 0.5, \"formatter\": \"number\", \"id\": \"149ece90-0ba6-11ea-b0d5-191f327f6941\", \"label\": \"Enqueue\", \"line_width\": 1, \"metrics\": [{\"field\": \"activemq.broker.messages.enqueue.count\", \"id\": \"149ef5a0-0ba6-11ea-b0d5-191f327f6941\", \"type\": \"max\"}, {\"field\": \"149ef5a0-0ba6-11ea-b0d5-191f327f6941\", \"id\": \"149ef5a1-0ba6-11ea-b0d5-191f327f6941\", \"type\": \"derivative\", \"unit\": \"\"}], \"point_size\": 1, \"separate_axis\": 0, \"split_mode\": \"everything\", \"stacked\": \"none\", \"type\": \"timeseries\"}, {\"axis_position\": \"right\", \"chart_type\": \"line\", \"color\": \"rgba(252,196,0,1)\", \"fill\": 0.5, \"formatter\": \"number\", \"id\": \"39964ed0-0ba6-11ea-b0d5-191f327f6941\", \"label\": \"Count\", \"line_width\": 1, \"metrics\": [{\"field\": \"activemq.broker.messages.enqueue.count\", \"id\": \"39964ed1-0ba6-11ea-b0d5-191f327f6941\", \"type\": \"max\"}, {\"field\": \"39964ed1-0ba6-11ea-b0d5-191f327f6941\", \"id\": \"8920b440-0ba6-11ea-b0d5-191f327f6941\", \"type\": \"derivative\", \"unit\": \"\"}], \"point_size\": 1, \"separate_axis\": 0, \"split_mode\": \"everything\", \"stacked\": \"none\", \"type\": \"timeseries\"}], \"show_grid\": 1, \"show_legend\": 1, \"time_field\": \"\", \"type\": \"timeseries\"}, \"title\": \"Broker Messages [Metricbeat ActiveMQ]\", \"type\": \"metrics\"}"
            },
            "id": "55cacee0-0ba7-11ea-81bb-cf244189d349",
            "migrationVersion": {
                "visualization": "7.3.1"
            },
            "references": [],
            "type": "visualization",
            "updated_at": "2019-11-21T13:34:08.894Z",
            "version": "WzQzOCwxXQ=="
        },
        {
            "attributes": {
                "description": "",
                "kibanaSavedObjectMeta": {
                    "searchSourceJSON": "{\"filter\": [], \"query\": {\"language\": \"kuery\", \"query\": \"\"}}"
                },
                "title": "Broker Consumers/Producers [Metricbeat ActiveMQ]",
                "uiStateJSON": "{}",
                "version": 1,
                "visState": "{\"aggs\": [], \"params\": {\"annotations\": [], \"axis_formatter\": \"number\", \"axis_min\": \"0\", \"axis_position\": \"left\", \"axis_scale\": \"normal\", \"background_color_rules\": [{\"id\": \"60dba290-0b99-11ea-8e0f-4970006b3ce7\"}], \"default_index_pattern\": \"metricbeat-*\", \"default_timefield\": \"@timestamp\", \"id\": \"61ca57f0-469d-11e7-af02-69e470af7417\", \"index_pattern\": \"metricbeat-*\", \"interval\": \"\", \"isModelInvalid\": false, \"legend_position\": \"bottom\", \"series\": [{\"axis_position\": \"right\", \"chart_type\": \"line\", \"color\": \"#68BC00\", \"fill\": 0.5, \"filter\": {\"language\": \"kuery\", \"query\": \"\"}, \"formatter\": \"number\", \"id\": \"61ca57f1-469d-11e7-af02-69e470af7417\", \"label\": \"Consumers\", \"line_width\": 1, \"metrics\": [{\"field\": \"activemq.broker.consumers.count\", \"id\": \"50a86850-0b98-11ea-8e0f-4970006b3ce7\", \"type\": \"max\"}], \"point_size\": 1, \"separate_axis\": 0, \"split_mode\": \"everything\", \"stacked\": \"none\", \"terms_field\": \"activemq.broker.name\", \"type\": \"timeseries\"}, {\"axis_position\": \"right\", \"chart_type\": \"line\", \"color\": \"rgba(65,157,247,1)\", \"fill\": 0.5, \"formatter\": \"number\", \"id\": \"9a1e6840-0b98-11ea-8e0f-4970006b3ce7\", \"label\": \"Producers\", \"line_width\": 1, \"metrics\": [{\"field\": \"activemq.broker.producers.count\", \"id\": \"9a1e6841-0b98-11ea-8e0f-4970006b3ce7\", \"type\": \"max\"}], \"point_size\": 1, \"separate_axis\": 0, \"split_mode\": \"everything\", \"stacked\": \"none\", \"terms_field\": \"activemq.broker.name\", \"type\": \"timeseries\"}], \"show_grid\": 1, \"show_legend\": 1, \"time_field\": \"\", \"type\": \"timeseries\"}, \"title\": \"Broker Consumers/Producers [Metricbeat ActiveMQ]\", \"type\": \"metrics\"}"
            },
            "id": "ce456e60-0b99-11ea-81bb-cf244189d349",
            "migrationVersion": {
                "visualization": "7.3.1"
            },
            "references": [],
            "type": "visualization",
            "updated_at": "2019-11-21T13:34:08.894Z",
            "version": "WzQzOSwxXQ=="
        },
        {
            "attributes": {
                "description": "",
                "kibanaSavedObjectMeta": {
                    "searchSourceJSON": "{\"filter\": [], \"query\": {\"language\": \"kuery\", \"query\": \"\"}}"
                },
                "title": "Broker Connections [Metricbeat ActiveMQ]",
                "uiStateJSON": "{}",
                "version": 1,
                "visState": "{\"aggs\": [], \"params\": {\"axis_formatter\": \"number\", \"axis_min\": \"0\", \"axis_position\": \"left\", \"axis_scale\": \"normal\", \"background_color_rules\": [{\"id\": \"178caf70-0b95-11ea-81df-8dc66a02be3a\"}], \"bar_color_rules\": [{\"id\": \"1996d750-0b95-11ea-81df-8dc66a02be3a\"}], \"default_index_pattern\": \"metricbeat-*\", \"default_timefield\": \"@timestamp\", \"gauge_color_rules\": [{\"id\": \"1a5bd500-0b95-11ea-81df-8dc66a02be3a\"}], \"gauge_inner_width\": 10, \"gauge_style\": \"half\", \"gauge_width\": 10, \"id\": \"61ca57f0-469d-11e7-af02-69e470af7417\", \"index_pattern\": \"metricbeat-*\", \"interval\": \"\", \"isModelInvalid\": false, \"legend_position\": \"bottom\", \"series\": [{\"axis_position\": \"right\", \"chart_type\": \"line\", \"color\": \"#68BC00\", \"fill\": 0.5, \"filter\": {\"language\": \"kuery\", \"query\": \"\"}, \"formatter\": \"number\", \"id\": \"61ca57f1-469d-11e7-af02-69e470af7417\", \"label\": \"Connections\", \"line_width\": 1, \"metrics\": [{\"field\": \"activemq.broker.connections.count\", \"id\": \"61ca57f2-469d-11e7-af02-69e470af7417\", \"type\": \"max\"}, {\"field\": \"61ca57f2-469d-11e7-af02-69e470af7417\", \"id\": \"90525b80-0ba4-11ea-8c5c-257c67a7a008\", \"type\": \"derivative\", \"unit\": \"\"}], \"point_size\": 1, \"separate_axis\": 0, \"split_filters\": [{\"color\": \"#68BC00\", \"filter\": {\"language\": \"kuery\", \"query\": \"\"}, \"id\": \"b1b376f0-0b96-11ea-81df-8dc66a02be3a\", \"label\": \"\"}], \"split_mode\": \"everything\", \"stacked\": \"none\", \"terms_field\": \"activemq.broker.name\", \"type\": \"timeseries\"}], \"show_grid\": 1, \"show_legend\": 1, \"time_field\": \"\", \"type\": \"timeseries\"}, \"title\": \"Broker Connections [Metricbeat ActiveMQ]\", \"type\": \"metrics\"}"
            },
            "id": "33cbfa60-0b95-11ea-81bb-cf244189d349",
            "migrationVersion": {
                "visualization": "7.3.1"
            },
            "references": [],
            "type": "visualization",
            "updated_at": "2019-11-21T13:34:08.894Z",
            "version": "WzQ0MCwxXQ=="
        },
        {
            "attributes": {
                "description": "",
                "kibanaSavedObjectMeta": {
                    "searchSourceJSON": "{\"filter\": [], \"query\": {\"language\": \"kuery\", \"query\": \"\"}}"
                },
                "title": "Broker Memory Usage [Metricbeat ActiveMQ]",
                "uiStateJSON": "{}",
                "version": 1,
                "visState": "{\"aggs\": [], \"params\": {\"axis_formatter\": \"number\", \"axis_position\": \"left\", \"axis_scale\": \"normal\", \"background_color_rules\": [{\"id\": \"a19e8b60-0b9b-11ea-8e0f-4970006b3ce7\"}], \"bar_color_rules\": [{\"id\": \"f6955680-0b9b-11ea-8e0f-4970006b3ce7\"}], \"default_index_pattern\": \"metricbeat-*\", \"default_timefield\": \"@timestamp\", \"gauge_color_rules\": [{\"id\": \"9acca240-0b9b-11ea-8e0f-4970006b3ce7\"}], \"gauge_inner_width\": 10, \"gauge_max\": \"1\", \"gauge_style\": \"half\", \"gauge_width\": 10, \"id\": \"61ca57f0-469d-11e7-af02-69e470af7417\", \"index_pattern\": \"metricbeat-*\", \"interval\": \"\", \"isModelInvalid\": false, \"series\": [{\"axis_position\": \"right\", \"chart_type\": \"line\", \"color\": \"rgba(252,220,0,1)\", \"fill\": 0.5, \"filter\": {\"language\": \"kuery\", \"query\": \"\"}, \"formatter\": \"percent\", \"id\": \"61ca57f1-469d-11e7-af02-69e470af7417\", \"label\": \"Broker Memory\", \"line_width\": 1, \"metrics\": [{\"field\": \"activemq.broker.memory.broker.pct\", \"id\": \"61ca57f2-469d-11e7-af02-69e470af7417\", \"type\": \"max\"}], \"point_size\": 1, \"separate_axis\": 0, \"split_mode\": \"everything\", \"stacked\": \"none\", \"type\": \"timeseries\", \"value_template\": \"\"}, {\"axis_position\": \"right\", \"chart_type\": \"line\", \"color\": \"rgba(104,204,202,1)\", \"fill\": 0.5, \"formatter\": \"number\", \"id\": \"7716c9c0-0b9b-11ea-8e0f-4970006b3ce7\", \"label\": \"Store Memory\", \"line_width\": 1, \"metrics\": [{\"field\": \"activemq.broker.memory.store.pct\", \"id\": \"7716c9c1-0b9b-11ea-8e0f-4970006b3ce7\", \"type\": \"max\"}], \"point_size\": 1, \"separate_axis\": 0, \"split_mode\": \"everything\", \"stacked\": \"none\", \"type\": \"timeseries\"}, {\"axis_position\": \"right\", \"chart_type\": \"line\", \"color\": \"rgba(174,161,255,1)\", \"fill\": 0.5, \"formatter\": \"number\", \"id\": \"13799400-0b9c-11ea-8e0f-4970006b3ce7\", \"label\": \"Temp Memory\", \"line_width\": 1, \"metrics\": [{\"field\": \"activemq.broker.memory.temp.pct\", \"id\": \"13799401-0b9c-11ea-8e0f-4970006b3ce7\", \"type\": \"max\"}], \"point_size\": 1, \"separate_axis\": 0, \"split_mode\": \"everything\", \"stacked\": \"none\"}], \"show_grid\": 1, \"show_legend\": 1, \"time_field\": \"\", \"type\": \"gauge\"}, \"title\": \"Broker Memory Usage [Metricbeat ActiveMQ]\", \"type\": \"metrics\"}"
            },
            "id": "594db510-0b9c-11ea-81bb-cf244189d349",
            "migrationVersion": {
                "visualization": "7.3.1"
            },
            "references": [],
            "type": "visualization",
            "updated_at": "2019-11-22T15:29:57.883Z",
            "version": "WzUzOSwyXQ=="
        },
        {
            "attributes": {
                "description": "",
                "kibanaSavedObjectMeta": {
                    "searchSourceJSON": "{\"filter\": [], \"query\": {\"language\": \"kuery\", \"query\": \"\"}}"
                },
                "title": "Broker Temp Memory Usage [Metricbeat ActiveMQ]",
                "uiStateJSON": "{}",
                "version": 1,
                "visState": "{\"aggs\": [], \"params\": {\"axis_formatter\": \"number\", \"axis_position\": \"left\", \"axis_scale\": \"normal\", \"background_color_rules\": [{\"id\": \"a19e8b60-0b9b-11ea-8e0f-4970006b3ce7\"}], \"bar_color_rules\": [{\"id\": \"f6955680-0b9b-11ea-8e0f-4970006b3ce7\"}], \"default_index_pattern\": \"metricbeat-*\", \"default_timefield\": \"@timestamp\", \"gauge_color_rules\": [{\"id\": \"9acca240-0b9b-11ea-8e0f-4970006b3ce7\"}], \"gauge_inner_width\": 10, \"gauge_max\": \"1\", \"gauge_style\": \"half\", \"gauge_width\": 10, \"id\": \"61ca57f0-469d-11e7-af02-69e470af7417\", \"index_pattern\": \"metricbeat-*\", \"interval\": \"\", \"isModelInvalid\": false, \"series\": [{\"axis_position\": \"right\", \"chart_type\": \"line\", \"color\": \"rgba(252,220,0,1)\", \"fill\": 0.5, \"filter\": {\"language\": \"kuery\", \"query\": \"\"}, \"formatter\": \"percent\", \"id\": \"61ca57f1-469d-11e7-af02-69e470af7417\", \"label\": \"Temp Memory\", \"line_width\": 1, \"metrics\": [{\"field\": \"activemq.broker.memory.temp.pct\", \"id\": \"61ca57f2-469d-11e7-af02-69e470af7417\", \"type\": \"max\"}], \"point_size\": 1, \"separate_axis\": 0, \"split_mode\": \"everything\", \"stacked\": \"none\", \"type\": \"timeseries\", \"value_template\": \"\"}, {\"axis_position\": \"right\", \"chart_type\": \"line\", \"color\": \"rgba(104,204,202,1)\", \"fill\": 0.5, \"formatter\": \"number\", \"id\": \"7716c9c0-0b9b-11ea-8e0f-4970006b3ce7\", \"label\": \"Store Memory\", \"line_width\": 1, \"metrics\": [{\"field\": \"activemq.broker.memory.store.pct\", \"id\": \"7716c9c1-0b9b-11ea-8e0f-4970006b3ce7\", \"type\": \"max\"}], \"point_size\": 1, \"separate_axis\": 0, \"split_mode\": \"everything\", \"stacked\": \"none\", \"type\": \"timeseries\"}, {\"axis_position\": \"right\", \"chart_type\": \"line\", \"color\": \"rgba(174,161,255,1)\", \"fill\": 0.5, \"formatter\": \"number\", \"id\": \"13799400-0b9c-11ea-8e0f-4970006b3ce7\", \"label\": \"Temp Memory\", \"line_width\": 1, \"metrics\": [{\"field\": \"activemq.broker.memory.temp.pct\", \"id\": \"13799401-0b9c-11ea-8e0f-4970006b3ce7\", \"type\": \"max\"}], \"point_size\": 1, \"separate_axis\": 0, \"split_mode\": \"everything\", \"stacked\": \"none\"}], \"show_grid\": 1, \"show_legend\": 1, \"time_field\": \"\", \"type\": \"gauge\"}, \"title\": \"Broker Temp Memory Usage [Metricbeat ActiveMQ]\", \"type\": \"metrics\"}"
            },
            "id": "bfad8290-0d22-11ea-ba76-7fb26815d86c",
            "migrationVersion": {
                "visualization": "7.3.1"
            },
            "references": [],
            "type": "visualization",
            "updated_at": "2019-11-22T15:30:29.667Z",
            "version": "WzU0MSwyXQ=="
        },
        {
            "attributes": {
                "description": "",
                "kibanaSavedObjectMeta": {
                    "searchSourceJSON": "{\"filter\": [], \"query\": {\"language\": \"kuery\", \"query\": \"\"}}"
                },
                "title": "Broker Store Memory Usage [Metricbeat ActiveMQ]",
                "uiStateJSON": "{}",
                "version": 1,
                "visState": "{\"aggs\": [], \"params\": {\"axis_formatter\": \"number\", \"axis_position\": \"left\", \"axis_scale\": \"normal\", \"background_color_rules\": [{\"id\": \"a19e8b60-0b9b-11ea-8e0f-4970006b3ce7\"}], \"bar_color_rules\": [{\"id\": \"f6955680-0b9b-11ea-8e0f-4970006b3ce7\"}], \"default_index_pattern\": \"metricbeat-*\", \"default_timefield\": \"@timestamp\", \"gauge_color_rules\": [{\"id\": \"9acca240-0b9b-11ea-8e0f-4970006b3ce7\"}], \"gauge_inner_width\": 10, \"gauge_max\": \"1\", \"gauge_style\": \"half\", \"gauge_width\": 10, \"id\": \"61ca57f0-469d-11e7-af02-69e470af7417\", \"index_pattern\": \"metricbeat-*\", \"interval\": \"\", \"isModelInvalid\": false, \"series\": [{\"axis_position\": \"right\", \"chart_type\": \"line\", \"color\": \"rgba(252,220,0,1)\", \"fill\": 0.5, \"filter\": {\"language\": \"kuery\", \"query\": \"\"}, \"formatter\": \"percent\", \"id\": \"61ca57f1-469d-11e7-af02-69e470af7417\", \"label\": \"Store Memory\", \"line_width\": 1, \"metrics\": [{\"field\": \"activemq.broker.memory.store.pct\", \"id\": \"61ca57f2-469d-11e7-af02-69e470af7417\", \"type\": \"max\"}], \"point_size\": 1, \"separate_axis\": 0, \"split_mode\": \"everything\", \"stacked\": \"none\", \"type\": \"timeseries\", \"value_template\": \"\"}, {\"axis_position\": \"right\", \"chart_type\": \"line\", \"color\": \"rgba(104,204,202,1)\", \"fill\": 0.5, \"formatter\": \"number\", \"id\": \"7716c9c0-0b9b-11ea-8e0f-4970006b3ce7\", \"label\": \"Store Memory\", \"line_width\": 1, \"metrics\": [{\"field\": \"activemq.broker.memory.store.pct\", \"id\": \"7716c9c1-0b9b-11ea-8e0f-4970006b3ce7\", \"type\": \"max\"}], \"point_size\": 1, \"separate_axis\": 0, \"split_mode\": \"everything\", \"stacked\": \"none\", \"type\": \"timeseries\"}, {\"axis_position\": \"right\", \"chart_type\": \"line\", \"color\": \"rgba(174,161,255,1)\", \"fill\": 0.5, \"formatter\": \"number\", \"id\": \"13799400-0b9c-11ea-8e0f-4970006b3ce7\", \"label\": \"Temp Memory\", \"line_width\": 1, \"metrics\": [{\"field\": \"activemq.broker.memory.temp.pct\", \"id\": \"13799401-0b9c-11ea-8e0f-4970006b3ce7\", \"type\": \"max\"}], \"point_size\": 1, \"separate_axis\": 0, \"split_mode\": \"everything\", \"stacked\": \"none\"}], \"show_grid\": 1, \"show_legend\": 1, \"time_field\": \"\", \"type\": \"gauge\"}, \"title\": \"Broker Store Memory Usage [Metricbeat ActiveMQ]\", \"type\": \"metrics\"}"
            },
            "id": "cb475400-0d22-11ea-ba76-7fb26815d86c",
            "migrationVersion": {
                "visualization": "7.3.1"
            },
            "references": [],
            "type": "visualization",
            "updated_at": "2019-11-22T15:30:59.820Z",
            "version": "WzU0MywyXQ=="
        }
    ],
    "version": "7.4.0"
}