{
    "objects": [
        {
            "attributes": {
                "description": "Overview of AWS RDS Metrics",
                "hits": 0,
                "kibanaSavedObjectMeta": {
                    "searchSourceJSON": "{\"filter\": [], \"query\": {\"language\": \"kuery\", \"query\": \"\"}}"
                },
                "optionsJSON": "{\"hidePanelTitles\": false, \"useMargins\": true}",
                "panelsJSON": "[{\"embeddableConfig\": {\"title\": \"Database Connections\"}, \"gridData\": {\"h\": 6, \"i\": \"1\", \"w\": 19, \"x\": 10, \"y\": 0}, \"panelIndex\": \"1\", \"panelRefName\": \"panel_0\", \"title\": \"Database Connections\", \"version\": \"7.3.0\"}, {\"embeddableConfig\": {\"title\": \"Insert Latency in Milliseconds\"}, \"gridData\": {\"h\": 10, \"i\": \"3\", \"w\": 24, \"x\": 0, \"y\": 6}, \"panelIndex\": \"3\", \"panelRefName\": \"panel_1\", \"title\": \"Insert Latency in Milliseconds\", \"version\": \"7.3.0\"}, {\"embeddableConfig\": {\"title\": \"Select Latency in Milliseconds\"}, \"gridData\": {\"h\": 10, \"i\": \"4\", \"w\": 24, \"x\": 24, \"y\": 6}, \"panelIndex\": \"4\", \"panelRefName\": \"panel_2\", \"title\": \"Select Latency in Milliseconds\", \"version\": \"7.3.0\"}, {\"embeddableConfig\": {\"title\": \"Transaction Blocked\"}, \"gridData\": {\"h\": 6, \"i\": \"5\", \"w\": 19, \"x\": 29, \"y\": 0}, \"panelIndex\": \"5\", \"panelRefName\": \"panel_3\", \"title\": \"Transaction Blocked\", \"version\": \"7.3.0\"}, {\"embeddableConfig\": {}, \"gridData\": {\"h\": 6, \"i\": \"6\", \"w\": 10, \"x\": 0, \"y\": 0}, \"panelIndex\": \"6\", \"panelRefName\": \"panel_4\", \"version\": \"7.3.0\"}, {\"embeddableConfig\": {\"title\": \"Insert Throughput in Count/Second\"}, \"gridData\": {\"h\": 11, \"i\": \"7\", \"w\": 24, \"x\": 0, \"y\": 16}, \"panelIndex\": \"7\", \"panelRefName\": \"panel_5\", \"title\": \"Insert Throughput in Count/Second\", \"version\": \"7.3.0\"}, {\"embeddableConfig\": {\"title\": \"Select Throughput in Count/Second\"}, \"gridData\": {\"h\": 11, \"i\": \"8\", \"w\": 24, \"x\": 24, \"y\": 16}, \"panelIndex\": \"8\", \"panelRefName\": \"panel_6\", \"title\": \"Select Throughput in Count/Second\", \"version\": \"7.3.0\"}, {\"embeddableConfig\": {\"title\": \"Disk Queue Depth\"}, \"gridData\": {\"h\": 12, \"i\": \"132653bc-2669-4e8c-b536-06c680e9acf0\", \"w\": 48, \"x\": 0, \"y\": 27}, \"panelIndex\": \"132653bc-2669-4e8c-b536-06c680e9acf0\", \"panelRefName\": \"panel_7\", \"title\": \"Disk Queue Depth\", \"version\": \"7.3.0\"}]",
                "timeRestore": false,
                "title": "[Metricbeat AWS] RDS Overview",
                "version": 1
            },
            "id": "3367c170-921f-11e9-aa19-159bf182e06f",
            "migrationVersion": {
                "dashboard": "7.3.0"
            },
            "references": [
                {
                    "id": "17fcda50-921b-11e9-aa19-159bf182e06f",
                    "name": "panel_0",
                    "type": "visualization"
                },
                {
                    "id": "8b8a7f80-921c-11e9-aa19-159bf182e06f",
                    "name": "panel_1",
                    "type": "visualization"
                },
                {
                    "id": "cc3a1950-921c-11e9-aa19-159bf182e06f",
                    "name": "panel_2",
                    "type": "visualization"
                },
                {
                    "id": "00b29040-921d-11e9-aa19-159bf182e06f",
                    "name": "panel_3",
                    "type": "visualization"
                },
                {
                    "id": "b5308940-7347-11e9-816b-07687310a99a",
                    "name": "panel_4",
                    "type": "visualization"
                },
                {
                    "id": "c1afd130-921e-11e9-aa19-159bf182e06f",
                    "name": "panel_5",
                    "type": "visualization"
                },
                {
                    "id": "e06e4cf0-921e-11e9-aa19-159bf182e06f",
                    "name": "panel_6",
                    "type": "visualization"
                },
                {
                    "id": "966ae990-d979-11e9-9458-bbef63ad717b",
                    "name": "panel_7",
                    "type": "visualization"
                }
            ],
            "type": "dashboard",
            "updated_at": "2019-09-17T18:35:03.575Z",
            "version": "WzExNTk3LDhd"
        },
        {
            "attributes": {
                "description": "",
                "kibanaSavedObjectMeta": {
                    "searchSourceJSON": "{\"filter\": [], \"query\": {\"language\": \"kuery\", \"query\": \"\"}}"
                },
                "title": "RDS Database Connections [Metricbeat AWS]",
                "uiStateJSON": "{}",
                "version": 1,
                "visState": "{\"aggs\": [], \"params\": {\"axis_formatter\": \"number\", \"axis_position\": \"left\", \"axis_scale\": \"normal\", \"background_color_rules\": [{\"id\": \"10bc2760-d978-11e9-aff2-99c15d8b7da1\"}], \"bar_color_rules\": [{\"id\": \"f8196690-921a-11e9-badf-4b42bd1ef543\"}], \"default_index_pattern\": \"metricbeat-*\", \"default_timefield\": \"@timestamp\", \"id\": \"61ca57f0-469d-11e7-af02-69e470af7417\", \"index_pattern\": \"metricbeat-*\", \"interval\": \"1m\", \"isModelInvalid\": false, \"series\": [{\"axis_position\": \"right\", \"chart_type\": \"bar\", \"color\": \"#68BC00\", \"fill\": 0.5, \"formatter\": \"number\", \"hide_in_legend\": 0, \"id\": \"61ca57f1-469d-11e7-af02-69e470af7417\", \"label\": \"Database Connections\", \"line_width\": 1, \"metrics\": [{\"field\": \"aws.rds.database_connections\", \"id\": \"61ca57f2-469d-11e7-af02-69e470af7417\", \"type\": \"sum\"}], \"point_size\": 1, \"separate_axis\": 0, \"split_mode\": \"everything\", \"stacked\": \"none\", \"terms_field\": \"aws.rds.db_instance.identifier\", \"terms_order_by\": \"61ca57f2-469d-11e7-af02-69e470af7417\"}], \"show_grid\": 1, \"show_legend\": 1, \"time_field\": \"\", \"type\": \"metric\"}, \"title\": \"RDS Database Connections [Metricbeat AWS]\", \"type\": \"metrics\"}"
            },
            "id": "17fcda50-921b-11e9-aa19-159bf182e06f",
            "migrationVersion": {
                "visualization": "7.2.0"
            },
            "references": [],
            "type": "visualization",
            "updated_at": "2019-09-17T18:22:36.018Z",
            "version": "WzExNTc3LDhd"
        },
        {
            "attributes": {
                "description": "",
                "kibanaSavedObjectMeta": {
                    "searchSourceJSON": "{\"filter\": [], \"query\": {\"language\": \"kuery\", \"query\": \"\"}}"
                },
                "title": "RDS Insert Latency in Milliseconds [Metricbeat AWS]",
                "uiStateJSON": "{}",
                "version": 1,
                "visState": "{\"aggs\": [], \"params\": {\"axis_formatter\": \"number\", \"axis_min\": \"0\", \"axis_position\": \"left\", \"axis_scale\": \"normal\", \"background_color_rules\": [{\"id\": \"28cacdf0-921c-11e9-badf-4b42bd1ef543\"}], \"bar_color_rules\": [{\"id\": \"f8196690-921a-11e9-badf-4b42bd1ef543\"}], \"default_index_pattern\": \"metricbeat-*\", \"default_timefield\": \"@timestamp\", \"id\": \"61ca57f0-469d-11e7-af02-69e470af7417\", \"index_pattern\": \"metricbeat-*\", \"interval\": \"1m\", \"isModelInvalid\": false, \"series\": [{\"axis_position\": \"right\", \"chart_type\": \"line\", \"color\": \"#68BC00\", \"fill\": \"0\", \"formatter\": \"ms,ms,\", \"id\": \"61ca57f1-469d-11e7-af02-69e470af7417\", \"label\": \"Insert Latency in Milliseconds\", \"line_width\": \"2\", \"metrics\": [{\"field\": \"aws.rds.latency.insert\", \"id\": \"61ca57f2-469d-11e7-af02-69e470af7417\", \"type\": \"avg\"}], \"point_size\": \"5\", \"separate_axis\": 0, \"split_color_mode\": \"rainbow\", \"split_mode\": \"terms\", \"stacked\": \"none\", \"terms_field\": \"aws.rds.db_instance.identifier\", \"terms_order_by\": \"61ca57f2-469d-11e7-af02-69e470af7417\"}], \"show_grid\": 1, \"show_legend\": 1, \"time_field\": \"\", \"type\": \"timeseries\"}, \"title\": \"RDS Insert Latency in Milliseconds [Metricbeat AWS]\", \"type\": \"metrics\"}"
            },
            "id": "8b8a7f80-921c-11e9-aa19-159bf182e06f",
            "migrationVersion": {
                "visualization": "7.2.0"
            },
            "references": [],
            "type": "visualization",
            "updated_at": "2019-09-17T18:27:15.143Z",
            "version": "WzExNTg1LDhd"
        },
        {
            "attributes": {
                "description": "",
                "kibanaSavedObjectMeta": {
                    "searchSourceJSON": "{\"filter\": [], \"query\": {\"language\": \"kuery\", \"query\": \"\"}}"
                },
                "title": "RDS Select Latency in Milliseconds [Metricbeat AWS]",
                "uiStateJSON": "{}",
                "version": 1,
                "visState": "{\"aggs\": [], \"params\": {\"axis_formatter\": \"number\", \"axis_position\": \"left\", \"axis_scale\": \"normal\", \"background_color_rules\": [{\"id\": \"28cacdf0-921c-11e9-badf-4b42bd1ef543\"}], \"bar_color_rules\": [{\"id\": \"f8196690-921a-11e9-badf-4b42bd1ef543\"}], \"default_index_pattern\": \"metricbeat-*\", \"default_timefield\": \"@timestamp\", \"id\": \"61ca57f0-469d-11e7-af02-69e470af7417\", \"index_pattern\": \"metricbeat-*\", \"interval\": \"1m\", \"isModelInvalid\": false, \"series\": [{\"axis_position\": \"right\", \"chart_type\": \"line\", \"color\": \"#68BC00\", \"fill\": \"0\", \"formatter\": \"ms,ms,\", \"id\": \"61ca57f1-469d-11e7-af02-69e470af7417\", \"label\": \"Select Latency in Milliseconds\", \"line_width\": \"2\", \"metrics\": [{\"field\": \"aws.rds.latency.select\", \"id\": \"61ca57f2-469d-11e7-af02-69e470af7417\", \"type\": \"avg\"}], \"point_size\": \"5\", \"separate_axis\": 0, \"split_color_mode\": \"rainbow\", \"split_mode\": \"terms\", \"stacked\": \"none\", \"terms_field\": \"aws.rds.db_instance.identifier\", \"terms_order_by\": \"61ca57f2-469d-11e7-af02-69e470af7417\"}], \"show_grid\": 1, \"show_legend\": 1, \"time_field\": \"\", \"type\": \"timeseries\"}, \"title\": \"RDS Select Latency in Milliseconds [Metricbeat AWS]\", \"type\": \"metrics\"}"
            },
            "id": "cc3a1950-921c-11e9-aa19-159bf182e06f",
            "migrationVersion": {
                "visualization": "7.2.0"
            },
            "references": [],
            "type": "visualization",
            "updated_at": "2019-09-17T18:26:36.223Z",
            "version": "WzExNTgzLDhd"
        },
        {
            "attributes": {
                "description": "",
                "kibanaSavedObjectMeta": {
                    "searchSourceJSON": "{\"filter\": [], \"query\": {\"language\": \"kuery\", \"query\": \"\"}}"
                },
                "title": "RDS Transaction Blocked [Metricbeat AWS]",
                "uiStateJSON": "{}",
                "version": 1,
                "visState": "{\"aggs\": [], \"params\": {\"axis_formatter\": \"number\", \"axis_position\": \"left\", \"axis_scale\": \"normal\", \"background_color_rules\": [{\"background_color\": \"rgba(164,221,0,1)\", \"id\": \"27aaf910-d978-11e9-aff2-99c15d8b7da1\", \"operator\": \"lte\", \"value\": 0}, {\"color\": \"rgba(244,78,59,1)\", \"id\": \"3526a9e0-d978-11e9-aff2-99c15d8b7da1\", \"operator\": \"gt\", \"value\": 0}], \"bar_color_rules\": [{\"bar_color\": \"rgba(211,49,21,1)\", \"id\": \"f8196690-921a-11e9-badf-4b42bd1ef543\", \"operator\": \"gt\", \"value\": 0}], \"default_index_pattern\": \"metricbeat-*\", \"default_timefield\": \"@timestamp\", \"drilldown_url\": \"\", \"filter\": \"\", \"id\": \"61ca57f0-469d-11e7-af02-69e470af7417\", \"index_pattern\": \"metricbeat-*\", \"interval\": \"1m\", \"isModelInvalid\": false, \"series\": [{\"axis_position\": \"right\", \"chart_type\": \"bar\", \"color\": \"#68BC00\", \"fill\": 0.5, \"formatter\": \"number\", \"hide_in_legend\": 0, \"id\": \"61ca57f1-469d-11e7-af02-69e470af7417\", \"label\": \"Transaction Blocked\", \"line_width\": 1, \"metrics\": [{\"field\": \"aws.rds.transactions.blocked\", \"id\": \"61ca57f2-469d-11e7-af02-69e470af7417\", \"type\": \"sum\"}], \"point_size\": 1, \"separate_axis\": 0, \"split_mode\": \"everything\", \"stacked\": \"none\", \"terms_field\": \"aws.rds.db_instance.identifier\", \"terms_order_by\": \"61ca57f2-469d-11e7-af02-69e470af7417\"}], \"show_grid\": 1, \"show_legend\": 1, \"time_field\": \"\", \"type\": \"metric\"}, \"title\": \"RDS Transaction Blocked [Metricbeat AWS]\", \"type\": \"metrics\"}"
            },
            "id": "00b29040-921d-11e9-aa19-159bf182e06f",
            "migrationVersion": {
                "visualization": "7.2.0"
            },
            "references": [],
            "type": "visualization",
            "updated_at": "2019-09-17T18:23:33.361Z",
            "version": "WzExNTc5LDhd"
        },
        {
            "attributes": {
                "description": "",
                "kibanaSavedObjectMeta": {
                    "searchSourceJSON": "{\"filter\": [], \"query\": {\"language\": \"kuery\", \"query\": \"\"}}"
                },
                "title": "Region Filter [Metricbeat AWS]",
                "uiStateJSON": "{}",
                "version": 1,
                "visState": "{\"aggs\": [], \"params\": {\"controls\": [{\"fieldName\": \"cloud.region\", \"id\": \"1549397251041\", \"indexPatternRefName\": \"control_0_index_pattern\", \"label\": \"region\", \"options\": {\"dynamicOptions\": true, \"multiselect\": true, \"order\": \"desc\", \"size\": 5, \"type\": \"terms\"}, \"parent\": \"\", \"type\": \"list\"}], \"pinFilters\": false, \"updateFiltersOnChange\": true, \"useTimeFilter\": false}, \"title\": \"AWS Region Filter\", \"type\": \"input_control_vis\"}"
            },
            "id": "b5308940-7347-11e9-816b-07687310a99a",
            "migrationVersion": {
                "visualization": "7.2.0"
            },
            "references": [
                {
                    "id": "metricbeat-*",
                    "name": "control_0_index_pattern",
                    "type": "index-pattern"
                }
            ],
            "type": "visualization",
            "updated_at": "2019-09-17T18:20:56.488Z",
            "version": "WzExMjUzLDhd"
        },
        {
            "attributes": {
                "description": "",
                "kibanaSavedObjectMeta": {
                    "searchSourceJSON": "{\"filter\": [], \"query\": {\"language\": \"kuery\", \"query\": \"\"}}"
                },
                "title": "RDS Insert Throughput in Count/Second [Metricbeat AWS]",
                "uiStateJSON": "{}",
                "version": 1,
                "visState": "{\"aggs\": [], \"params\": {\"axis_formatter\": \"number\", \"axis_min\": \"0\", \"axis_position\": \"left\", \"axis_scale\": \"normal\", \"background_color_rules\": [{\"id\": \"28cacdf0-921c-11e9-badf-4b42bd1ef543\"}], \"bar_color_rules\": [{\"id\": \"f8196690-921a-11e9-badf-4b42bd1ef543\"}], \"default_index_pattern\": \"metricbeat-*\", \"default_timefield\": \"@timestamp\", \"id\": \"61ca57f0-469d-11e7-af02-69e470af7417\", \"index_pattern\": \"metricbeat-*\", \"interval\": \"1m\", \"isModelInvalid\": false, \"series\": [{\"axis_position\": \"right\", \"chart_type\": \"line\", \"color\": \"#68BC00\", \"fill\": \"0\", \"formatter\": \"'0.0'\", \"id\": \"61ca57f1-469d-11e7-af02-69e470af7417\", \"label\": \"Insert Throughput Count/Second\", \"line_width\": \"2\", \"metrics\": [{\"field\": \"aws.rds.throughput.insert\", \"id\": \"61ca57f2-469d-11e7-af02-69e470af7417\", \"type\": \"avg\"}], \"point_size\": \"5\", \"separate_axis\": 0, \"split_color_mode\": \"rainbow\", \"split_mode\": \"terms\", \"stacked\": \"none\", \"terms_field\": \"aws.rds.db_instance.identifier\", \"terms_order_by\": \"61ca57f2-469d-11e7-af02-69e470af7417\"}], \"show_grid\": 1, \"show_legend\": 1, \"time_field\": \"\", \"type\": \"timeseries\"}, \"title\": \"RDS Insert Throughput in Count/Second [Metricbeat AWS]\", \"type\": \"metrics\"}"
            },
            "id": "c1afd130-921e-11e9-aa19-159bf182e06f",
            "migrationVersion": {
                "visualization": "7.2.0"
            },
            "references": [],
            "type": "visualization",
            "updated_at": "2019-09-17T18:31:36.123Z",
            "version": "WzExNTkzLDhd"
        },
        {
            "attributes": {
                "description": "",
                "kibanaSavedObjectMeta": {
                    "searchSourceJSON": "{\"filter\": [], \"query\": {\"language\": \"kuery\", \"query\": \"\"}}"
                },
                "title": "RDS Select Throughput in Count/Second [Metricbeat AWS]",
                "uiStateJSON": "{}",
                "version": 1,
                "visState": "{\"aggs\": [], \"params\": {\"axis_formatter\": \"number\", \"axis_min\": \"\", \"axis_position\": \"left\", \"axis_scale\": \"normal\", \"background_color_rules\": [{\"id\": \"28cacdf0-921c-11e9-badf-4b42bd1ef543\"}], \"bar_color_rules\": [{\"id\": \"f8196690-921a-11e9-badf-4b42bd1ef543\"}], \"default_index_pattern\": \"metricbeat-*\", \"default_timefield\": \"@timestamp\", \"id\": \"61ca57f0-469d-11e7-af02-69e470af7417\", \"index_pattern\": \"metricbeat-*\", \"interval\": \"1m\", \"isModelInvalid\": false, \"series\": [{\"axis_position\": \"right\", \"chart_type\": \"line\", \"color\": \"#68BC00\", \"fill\": \"0\", \"formatter\": \"'0.0'\", \"id\": \"61ca57f1-469d-11e7-af02-69e470af7417\", \"label\": \"Select Throughput Count/Second\", \"line_width\": \"2\", \"metrics\": [{\"field\": \"aws.rds.throughput.select\", \"id\": \"61ca57f2-469d-11e7-af02-69e470af7417\", \"type\": \"avg\"}], \"point_size\": \"5\", \"separate_axis\": 0, \"split_color_mode\": \"rainbow\", \"split_mode\": \"terms\", \"stacked\": \"none\", \"terms_field\": \"aws.rds.db_instance.identifier\", \"terms_order_by\": \"61ca57f2-469d-11e7-af02-69e470af7417\"}], \"show_grid\": 1, \"show_legend\": 1, \"time_field\": \"\", \"type\": \"timeseries\"}, \"title\": \"RDS Select Throughput in Count/Second [Metricbeat AWS]\", \"type\": \"metrics\"}"
            },
            "id": "e06e4cf0-921e-11e9-aa19-159bf182e06f",
            "migrationVersion": {
                "visualization": "7.2.0"
            },
            "references": [],
            "type": "visualization",
            "updated_at": "2019-09-17T18:31:01.587Z",
            "version": "WzExNTkyLDhd"
        },
        {
            "attributes": {
                "description": "",
                "kibanaSavedObjectMeta": {
                    "searchSourceJSON": "{\"filter\": [], \"query\": {\"language\": \"kuery\", \"query\": \"\"}}"
                },
                "title": "RDS Disk Queue Depth [Metricbeat AWS]",
                "uiStateJSON": "{}",
                "version": 1,
                "visState": "{\"aggs\": [], \"params\": {\"axis_formatter\": \"number\", \"axis_min\": \"0\", \"axis_position\": \"left\", \"axis_scale\": \"normal\", \"background_color_rules\": [{\"id\": \"28cacdf0-921c-11e9-badf-4b42bd1ef543\"}], \"bar_color_rules\": [{\"id\": \"f8196690-921a-11e9-badf-4b42bd1ef543\"}], \"default_index_pattern\": \"metricbeat-*\", \"default_timefield\": \"@timestamp\", \"id\": \"61ca57f0-469d-11e7-af02-69e470af7417\", \"index_pattern\": \"metricbeat-*\", \"interval\": \"1m\", \"isModelInvalid\": false, \"series\": [{\"axis_position\": \"right\", \"chart_type\": \"line\", \"color\": \"#68BC00\", \"fill\": \"0\", \"formatter\": \"'0.000'\", \"id\": \"61ca57f1-469d-11e7-af02-69e470af7417\", \"label\": \"Select Throughput Count/Second\", \"line_width\": \"2\", \"metrics\": [{\"field\": \"aws.rds.disk_queue_depth\", \"id\": \"61ca57f2-469d-11e7-af02-69e470af7417\", \"type\": \"avg\"}], \"point_size\": \"5\", \"separate_axis\": 0, \"split_color_mode\": \"rainbow\", \"split_mode\": \"terms\", \"stacked\": \"none\", \"terms_field\": \"aws.rds.db_instance.identifier\", \"terms_order_by\": \"61ca57f2-469d-11e7-af02-69e470af7417\", \"type\": \"timeseries\"}], \"show_grid\": 1, \"show_legend\": 1, \"time_field\": \"\", \"type\": \"timeseries\"}, \"title\": \"RDS Disk Queue Depth [Metricbeat AWS]\", \"type\": \"metrics\"}"
            },
            "id": "966ae990-d979-11e9-9458-bbef63ad717b",
            "migrationVersion": {
                "visualization": "7.2.0"
            },
            "references": [],
            "type": "visualization",
            "updated_at": "2019-09-17T18:33:04.936Z",
            "version": "WzExNTk1LDhd"
        }
    ],
    "version": "7.3.0"
}