{
    "objects": [
        {
            "attributes": {
                "description": "Overview of the CockroachDB server status",
                "hits": 0,
                "kibanaSavedObjectMeta": {
                    "searchSourceJSON": "{\"filter\": [], \"query\": {\"language\": \"kuery\", \"query\": \"\"}}"
                },
                "optionsJSON": "{\"hidePanelTitles\": false, \"useMargins\": true}",
                "panelsJSON": "[{\"embeddableConfig\": {}, \"gridData\": {\"h\": 11, \"i\": \"1\", \"w\": 24, \"x\": 0, \"y\": 0}, \"panelIndex\": \"1\", \"panelRefName\": \"panel_0\", \"title\": \"Number of SQL connections\", \"version\": \"7.1.0\"}, {\"embeddableConfig\": {}, \"gridData\": {\"h\": 11, \"i\": \"2\", \"w\": 24, \"x\": 24, \"y\": 0}, \"panelIndex\": \"2\", \"panelRefName\": \"panel_1\", \"title\": \"SQL queries\", \"version\": \"7.1.0\"}, {\"embeddableConfig\": {}, \"gridData\": {\"h\": 9, \"i\": \"3\", \"w\": 16, \"x\": 16, \"y\": 11}, \"panelIndex\": \"3\", \"panelRefName\": \"panel_2\", \"title\": \"Replicas per Store\", \"version\": \"7.1.0\"}, {\"embeddableConfig\": {}, \"gridData\": {\"h\": 9, \"i\": \"4\", \"w\": 16, \"x\": 32, \"y\": 11}, \"panelIndex\": \"4\", \"panelRefName\": \"panel_3\", \"title\": \"Replica leaseholders\", \"version\": \"7.1.0\"}, {\"embeddableConfig\": {}, \"gridData\": {\"h\": 9, \"i\": \"5\", \"w\": 16, \"x\": 0, \"y\": 11}, \"panelIndex\": \"5\", \"panelRefName\": \"panel_4\", \"title\": \"Ranges\", \"version\": \"7.1.0\"}, {\"embeddableConfig\": {}, \"gridData\": {\"h\": 10, \"i\": \"6\", \"w\": 24, \"x\": 0, \"y\": 20}, \"panelIndex\": \"6\", \"panelRefName\": \"panel_5\", \"title\": \"Average log commit latency\", \"version\": \"7.1.0\"}, {\"embeddableConfig\": {}, \"gridData\": {\"h\": 10, \"i\": \"7\", \"w\": 24, \"x\": 24, \"y\": 20}, \"panelIndex\": \"7\", \"panelRefName\": \"panel_6\", \"title\": \"Average command commit latency\", \"version\": \"7.1.0\"}]",
                "timeRestore": false,
                "title": "[Metricbeat CockroachDB] Overview",
                "version": 1
            },
            "id": "e3ba0c30-9766-11e9-9eea-6f554992ec1f",
            "migrationVersion": {
                "dashboard": "7.0.0"
            },
            "references": [
                {
                    "id": "79691920-9766-11e9-9eea-6f554992ec1f",
                    "name": "panel_0",
                    "type": "visualization"
                },
                {
                    "id": "5073ed20-9760-11e9-9eea-6f554992ec1f",
                    "name": "panel_1",
                    "type": "visualization"
                },
                {
                    "id": "bad285b0-9769-11e9-9eea-6f554992ec1f",
                    "name": "panel_2",
                    "type": "visualization"
                },
                {
                    "id": "8add0960-976a-11e9-9eea-6f554992ec1f",
                    "name": "panel_3",
                    "type": "visualization"
                },
                {
                    "id": "2af19b90-976c-11e9-9eea-6f554992ec1f",
                    "name": "panel_4",
                    "type": "visualization"
                },
                {
                    "id": "74cf44b0-9771-11e9-9eea-6f554992ec1f",
                    "name": "panel_5",
                    "type": "visualization"
                },
                {
                    "id": "b5ab45b0-9771-11e9-9eea-6f554992ec1f",
                    "name": "panel_6",
                    "type": "visualization"
                }
            ],
            "type": "dashboard",
            "updated_at": "2019-06-25T19:17:43.667Z",
            "version": "WzU0LDFd"
        },
        {
            "attributes": {
                "description": "",
                "kibanaSavedObjectMeta": {
                    "searchSourceJSON": "{\"filter\": [], \"query\": {\"language\": \"kuery\", \"query\": \"\"}}"
                },
                "title": "Number of SQL connections [Metricbeat CockroachDB]",
                "uiStateJSON": "{}",
                "version": 1,
                "visState": "{\"aggs\": [], \"params\": {\"axis_formatter\": \"number\", \"axis_position\": \"left\", \"axis_scale\": \"normal\", \"default_index_pattern\": \"metricbeat-*\", \"id\": \"61ca57f0-469d-11e7-af02-69e470af7417\", \"index_pattern\": \"metricbeat-*\", \"interval\": \"auto\", \"series\": [{\"axis_position\": \"right\", \"chart_type\": \"line\", \"color\": \"#68BC00\", \"fill\": 0.5, \"formatter\": \"number\", \"id\": \"61ca57f1-469d-11e7-af02-69e470af7417\", \"label\": \"Number of connections\", \"line_width\": 1, \"metrics\": [{\"field\": \"prometheus.metrics.sql_conns\", \"id\": \"61ca57f2-469d-11e7-af02-69e470af7417\", \"type\": \"max\"}], \"point_size\": 1, \"separate_axis\": 0, \"split_color_mode\": \"rainbow\", \"split_mode\": \"terms\", \"stacked\": \"stacked\", \"terms_direction\": \"desc\", \"terms_field\": \"service.address\", \"terms_order_by\": \"_count\"}], \"show_grid\": 1, \"show_legend\": 1, \"time_field\": \"@timestamp\", \"type\": \"timeseries\"}, \"title\": \"Number of SQL connections [Metricbeat CockroachDB]\", \"type\": \"metrics\"}"
            },
            "id": "79691920-9766-11e9-9eea-6f554992ec1f",
            "migrationVersion": {
                "visualization": "7.0.1"
            },
            "references": [],
            "type": "visualization",
            "updated_at": "2019-06-25T19:10:30.316Z",
            "version": "WzUxLDFd"
        },
        {
            "attributes": {
                "description": "",
                "kibanaSavedObjectMeta": {
                    "searchSourceJSON": "{\"filter\": [], \"query\": {\"language\": \"kuery\", \"query\": \"\"}}"
                },
                "title": "SQL queries [Metricbeat CockroachDB]",
                "uiStateJSON": "{}",
                "version": 1,
                "visState": "{\"aggs\": [], \"params\": {\"annotations\": [], \"axis_formatter\": \"number\", \"axis_position\": \"left\", \"axis_scale\": \"normal\", \"default_index_pattern\": \"metricbeat-*\", \"id\": \"61ca57f0-469d-11e7-af02-69e470af7417\", \"index_pattern\": \"metricbeat-*\", \"interval\": \"auto\", \"series\": [{\"axis_position\": \"right\", \"chart_type\": \"line\", \"color\": \"#68BC00\", \"fill\": 0.5, \"formatter\": \"number\", \"id\": \"88d6bda0-9760-11e9-b3d5-07b0ab7d6354\", \"label\": \"Selects\", \"line_width\": 1, \"metrics\": [{\"field\": \"prometheus.metrics.sql_select_count\", \"id\": \"88d70bc0-9760-11e9-b3d5-07b0ab7d6354\", \"type\": \"sum\"}, {\"field\": \"88d70bc0-9760-11e9-b3d5-07b0ab7d6354\", \"id\": \"658d2990-9762-11e9-b3d5-07b0ab7d6354\", \"type\": \"derivative\", \"unit\": \"\"}, {\"field\": \"658d2990-9762-11e9-b3d5-07b0ab7d6354\", \"function\": \"sum\", \"id\": \"ec698bc0-9762-11e9-b3d5-07b0ab7d6354\", \"sigma\": \"\", \"type\": \"positive_only\"}], \"point_size\": 1, \"separate_axis\": 0, \"split_mode\": \"everything\", \"stacked\": \"stacked\", \"terms_field\": \"service.address\", \"terms_order_by\": \"88d70bc0-9760-11e9-b3d5-07b0ab7d6354\"}, {\"axis_position\": \"right\", \"chart_type\": \"line\", \"color\": \"rgba(244,78,59,1)\", \"fill\": 0.5, \"formatter\": \"number\", \"hidden\": false, \"id\": \"02d89100-9761-11e9-b3d5-07b0ab7d6354\", \"label\": \"Inserts\", \"line_width\": 1, \"metrics\": [{\"field\": \"prometheus.metrics.sql_insert_count\", \"id\": \"02d89101-9761-11e9-b3d5-07b0ab7d6354\", \"type\": \"sum\"}, {\"field\": \"02d89101-9761-11e9-b3d5-07b0ab7d6354\", \"id\": \"74eba420-9762-11e9-b3d5-07b0ab7d6354\", \"type\": \"derivative\", \"unit\": \"\"}, {\"field\": \"74eba420-9762-11e9-b3d5-07b0ab7d6354\", \"id\": \"54cb8aa0-9764-11e9-b3d5-07b0ab7d6354\", \"type\": \"positive_only\", \"unit\": \"\"}], \"point_size\": 1, \"separate_axis\": 0, \"split_mode\": \"everything\", \"stacked\": \"stacked\"}, {\"axis_position\": \"right\", \"chart_type\": \"line\", \"color\": \"rgba(252,220,0,1)\", \"fill\": 0.5, \"formatter\": \"number\", \"hidden\": false, \"id\": \"61ca57f1-469d-11e7-af02-69e470af7417\", \"label\": \"Updates\", \"line_width\": 1, \"metrics\": [{\"field\": \"prometheus.metrics.sql_update_count\", \"id\": \"61ca57f2-469d-11e7-af02-69e470af7417\", \"type\": \"sum\"}, {\"field\": \"61ca57f2-469d-11e7-af02-69e470af7417\", \"id\": \"9aa7ace0-9762-11e9-b3d5-07b0ab7d6354\", \"type\": \"derivative\", \"unit\": \"\"}, {\"field\": \"9aa7ace0-9762-11e9-b3d5-07b0ab7d6354\", \"id\": \"939af2c0-9764-11e9-b3d5-07b0ab7d6354\", \"type\": \"positive_only\", \"unit\": \"\"}], \"point_size\": 1, \"separate_axis\": 0, \"split_mode\": \"everything\", \"stacked\": \"stacked\", \"terms_field\": \"service.address\"}, {\"axis_position\": \"right\", \"chart_type\": \"line\", \"color\": \"rgba(115,216,255,1)\", \"fill\": 0.5, \"formatter\": \"number\", \"hidden\": false, \"id\": \"03f6d240-9761-11e9-b3d5-07b0ab7d6354\", \"label\": \"Deletes\", \"line_width\": 1, \"metrics\": [{\"field\": \"prometheus.metrics.sql_delete_count\", \"id\": \"03f6d241-9761-11e9-b3d5-07b0ab7d6354\", \"type\": \"sum\"}, {\"field\": \"03f6d241-9761-11e9-b3d5-07b0ab7d6354\", \"id\": \"a3ed7c30-9762-11e9-b3d5-07b0ab7d6354\", \"type\": \"derivative\", \"unit\": \"\"}, {\"field\": \"a3ed7c30-9762-11e9-b3d5-07b0ab7d6354\", \"id\": \"a13994e0-9764-11e9-b3d5-07b0ab7d6354\", \"type\": \"positive_only\", \"unit\": \"\"}], \"point_size\": 1, \"separate_axis\": 0, \"split_mode\": \"everything\", \"stacked\": \"stacked\"}], \"show_grid\": 1, \"show_legend\": 1, \"time_field\": \"@timestamp\", \"type\": \"timeseries\"}, \"title\": \"SQL queries [Metricbeat CockroachDB]\", \"type\": \"metrics\"}"
            },
            "id": "5073ed20-9760-11e9-9eea-6f554992ec1f",
            "migrationVersion": {
                "visualization": "7.0.1"
            },
            "references": [],
            "type": "visualization",
            "updated_at": "2019-06-25T18:41:34.934Z",
            "version": "WzQ0LDFd"
        },
        {
            "attributes": {
                "description": "",
                "kibanaSavedObjectMeta": {
                    "searchSourceJSON": "{\"filter\": [], \"query\": {\"language\": \"kuery\", \"query\": \"\"}}"
                },
                "title": "Replicas per Store [Metricbeat CockroachDB]",
                "uiStateJSON": "{}",
                "version": 1,
                "visState": "{\"aggs\": [], \"params\": {\"axis_formatter\": \"number\", \"axis_position\": \"left\", \"axis_scale\": \"normal\", \"default_index_pattern\": \"metricbeat-*\", \"id\": \"61ca57f0-469d-11e7-af02-69e470af7417\", \"index_pattern\": \"metricbeat-*\", \"interval\": \"auto\", \"series\": [{\"axis_position\": \"right\", \"chart_type\": \"line\", \"color\": \"#68BC00\", \"fill\": 0.5, \"formatter\": \"number\", \"id\": \"61ca57f1-469d-11e7-af02-69e470af7417\", \"label\": \"Replicas per store\", \"line_width\": 1, \"metrics\": [{\"field\": \"prometheus.metrics.replicas\", \"id\": \"61ca57f2-469d-11e7-af02-69e470af7417\", \"type\": \"max\"}], \"point_size\": 1, \"separate_axis\": 0, \"split_color_mode\": \"rainbow\", \"split_mode\": \"terms\", \"stacked\": \"stacked\", \"terms_direction\": \"desc\", \"terms_field\": \"service.address\", \"terms_order_by\": \"_count\"}], \"show_grid\": 1, \"show_legend\": 1, \"time_field\": \"@timestamp\", \"type\": \"timeseries\"}, \"title\": \"Replicas per Store [Metricbeat CockroachDB]\", \"type\": \"metrics\"}"
            },
            "id": "bad285b0-9769-11e9-9eea-6f554992ec1f",
            "migrationVersion": {
                "visualization": "7.0.1"
            },
            "references": [],
            "type": "visualization",
            "updated_at": "2019-06-25T19:06:30.737Z",
            "version": "WzQ4LDFd"
        },
        {
            "attributes": {
                "description": "",
                "kibanaSavedObjectMeta": {
                    "searchSourceJSON": "{\"filter\": [], \"query\": {\"language\": \"kuery\", \"query\": \"\"}}"
                },
                "title": "Replica leaseholders [Metricbeat CockroachDB]",
                "uiStateJSON": "{}",
                "version": 1,
                "visState": "{\"aggs\": [], \"params\": {\"axis_formatter\": \"number\", \"axis_position\": \"left\", \"axis_scale\": \"normal\", \"default_index_pattern\": \"metricbeat-*\", \"id\": \"61ca57f0-469d-11e7-af02-69e470af7417\", \"index_pattern\": \"metricbeat-*\", \"interval\": \"auto\", \"series\": [{\"axis_position\": \"right\", \"chart_type\": \"line\", \"color\": \"#68BC00\", \"fill\": 0.5, \"formatter\": \"number\", \"id\": \"61ca57f1-469d-11e7-af02-69e470af7417\", \"label\": \"Replica leaseholders per store\", \"line_width\": 1, \"metrics\": [{\"field\": \"prometheus.metrics.replicas_leaseholders\", \"id\": \"61ca57f2-469d-11e7-af02-69e470af7417\", \"type\": \"max\"}], \"point_size\": 1, \"separate_axis\": 0, \"split_color_mode\": \"rainbow\", \"split_mode\": \"terms\", \"stacked\": \"stacked\", \"terms_field\": \"service.address\"}], \"show_grid\": 1, \"show_legend\": 1, \"time_field\": \"@timestamp\", \"type\": \"timeseries\"}, \"title\": \"Replica leaseholders [Metricbeat CockroachDB]\", \"type\": \"metrics\"}"
            },
            "id": "8add0960-976a-11e9-9eea-6f554992ec1f",
            "migrationVersion": {
                "visualization": "7.0.1"
            },
            "references": [],
            "type": "visualization",
            "updated_at": "2019-06-25T18:34:03.281Z",
            "version": "WzQwLDFd"
        },
        {
            "attributes": {
                "description": "",
                "kibanaSavedObjectMeta": {
                    "searchSourceJSON": "{\"filter\": [], \"query\": {\"language\": \"kuery\", \"query\": \"\"}}"
                },
                "title": "Ranges [Metricbeat CockroachDB]",
                "uiStateJSON": "{}",
                "version": 1,
                "visState": "{\"aggs\": [], \"params\": {\"axis_formatter\": \"number\", \"axis_position\": \"left\", \"axis_scale\": \"normal\", \"default_index_pattern\": \"metricbeat-*\", \"id\": \"61ca57f0-469d-11e7-af02-69e470af7417\", \"index_pattern\": \"metricbeat-*\", \"interval\": \"auto\", \"series\": [{\"axis_position\": \"right\", \"chart_type\": \"line\", \"color\": \"rgba(254,146,0,1)\", \"fill\": \"0\", \"formatter\": \"number\", \"id\": \"e4489e50-976b-11e9-b3d5-07b0ab7d6354\", \"label\": \"Underreplicated\", \"line_width\": \"2\", \"metrics\": [{\"field\": \"prometheus.metrics.ranges_underreplicated\", \"id\": \"e4489e51-976b-11e9-b3d5-07b0ab7d6354\", \"type\": \"max\"}], \"point_size\": \"2\", \"separate_axis\": 0, \"split_mode\": \"everything\", \"stacked\": \"none\", \"terms_field\": null}, {\"axis_position\": \"right\", \"chart_type\": \"line\", \"color\": \"rgba(252,220,0,1)\", \"fill\": \"0\", \"formatter\": \"number\", \"id\": \"c938f9c0-976b-11e9-b3d5-07b0ab7d6354\", \"label\": \"Overreplicated\", \"line_width\": \"2\", \"metrics\": [{\"field\": \"prometheus.metrics.ranges_overreplicated\", \"id\": \"c938f9c1-976b-11e9-b3d5-07b0ab7d6354\", \"type\": \"max\"}], \"point_size\": \"2\", \"separate_axis\": 0, \"split_mode\": \"everything\", \"stacked\": \"none\", \"terms_field\": null}, {\"axis_position\": \"right\", \"chart_type\": \"line\", \"color\": \"rgba(244,78,59,1)\", \"fill\": \"0\", \"formatter\": \"number\", \"id\": \"0ed1bf80-976c-11e9-b3d5-07b0ab7d6354\", \"label\": \"Unavailable\", \"line_width\": \"2\", \"metrics\": [{\"field\": \"prometheus.metrics.ranges_unavailable\", \"id\": \"0ed1bf81-976c-11e9-b3d5-07b0ab7d6354\", \"type\": \"max\"}], \"point_size\": \"2\", \"separate_axis\": 0, \"split_mode\": \"everything\", \"stacked\": \"none\", \"terms_field\": null}, {\"axis_position\": \"right\", \"chart_type\": \"line\", \"color\": \"rgba(204,204,204,1)\", \"fill\": 0.5, \"formatter\": \"number\", \"id\": \"61ca57f1-469d-11e7-af02-69e470af7417\", \"label\": \"Total\", \"line_width\": 1, \"metrics\": [{\"field\": \"prometheus.metrics.ranges\", \"id\": \"61ca57f2-469d-11e7-af02-69e470af7417\", \"type\": \"max\"}], \"point_size\": 1, \"separate_axis\": 0, \"split_mode\": \"everything\", \"stacked\": \"none\", \"terms_field\": null}], \"show_grid\": 1, \"show_legend\": 1, \"time_field\": \"@timestamp\", \"type\": \"timeseries\"}, \"title\": \"Ranges [Metricbeat CockroachDB]\", \"type\": \"metrics\"}"
            },
            "id": "2af19b90-976c-11e9-9eea-6f554992ec1f",
            "migrationVersion": {
                "visualization": "7.0.1"
            },
            "references": [],
            "type": "visualization",
            "updated_at": "2019-06-25T18:38:28.645Z",
            "version": "WzQyLDFd"
        },
        {
            "attributes": {
                "description": "",
                "kibanaSavedObjectMeta": {
                    "searchSourceJSON": "{\"filter\": [], \"query\": {\"language\": \"kuery\", \"query\": \"\"}}"
                },
                "title": "Log commit latency [Metricbeat CockroachDB]",
                "uiStateJSON": "{}",
                "version": 1,
                "visState": "{\"aggs\": [], \"params\": {\"axis_formatter\": \"number\", \"axis_position\": \"left\", \"axis_scale\": \"normal\", \"default_index_pattern\": \"metricbeat-*\", \"id\": \"61ca57f0-469d-11e7-af02-69e470af7417\", \"index_pattern\": \"metricbeat-*\", \"interval\": \"auto\", \"series\": [{\"axis_position\": \"right\", \"chart_type\": \"line\", \"color\": \"rgba(104,188,0,1)\", \"fill\": 0.5, \"filter\": \"\", \"formatter\": \"ns,ms,2\", \"id\": \"61ca57f1-469d-11e7-af02-69e470af7417\", \"label\": \"Average log commit latency\", \"line_width\": 1, \"metrics\": [{\"agg_with\": \"avg\", \"field\": \"prometheus.metrics.raft_process_logcommit_latency_count\", \"id\": \"61ca57f2-469d-11e7-af02-69e470af7417\", \"order\": \"desc\", \"size\": 1, \"type\": \"max\"}, {\"field\": \"61ca57f2-469d-11e7-af02-69e470af7417\", \"id\": \"4346d3b0-976f-11e9-b3d5-07b0ab7d6354\", \"type\": \"derivative\", \"unit\": \"\"}, {\"field\": \"prometheus.metrics.raft_process_logcommit_latency_sum\", \"id\": \"4a430120-976f-11e9-b3d5-07b0ab7d6354\", \"type\": \"max\", \"unit\": \"\"}, {\"field\": \"4a430120-976f-11e9-b3d5-07b0ab7d6354\", \"id\": \"581519e0-9770-11e9-b3d5-07b0ab7d6354\", \"type\": \"derivative\", \"unit\": \"\"}, {\"id\": \"6574b730-9770-11e9-b3d5-07b0ab7d6354\", \"script\": \"params.sum / params.count\", \"type\": \"calculation\", \"variables\": [{\"field\": \"581519e0-9770-11e9-b3d5-07b0ab7d6354\", \"id\": \"6fbb54b0-9770-11e9-b3d5-07b0ab7d6354\", \"name\": \"sum\"}, {\"field\": \"4346d3b0-976f-11e9-b3d5-07b0ab7d6354\", \"id\": \"76cc90c0-9770-11e9-b3d5-07b0ab7d6354\", \"name\": \"count\"}]}], \"point_size\": 1, \"separate_axis\": 0, \"split_color_mode\": \"rainbow\", \"split_mode\": \"terms\", \"stacked\": \"none\", \"terms_field\": \"service.address\", \"value_template\": \"{{value}}ms\"}], \"show_grid\": 1, \"show_legend\": 1, \"time_field\": \"@timestamp\", \"type\": \"timeseries\"}, \"title\": \"Log commit latency [Metricbeat CockroachDB]\", \"type\": \"metrics\"}"
            },
            "id": "74cf44b0-9771-11e9-9eea-6f554992ec1f",
            "migrationVersion": {
                "visualization": "7.0.1"
            },
            "references": [],
            "type": "visualization",
            "updated_at": "2019-06-25T19:08:05.279Z",
            "version": "WzQ5LDFd"
        },
        {
            "attributes": {
                "description": "",
                "kibanaSavedObjectMeta": {
                    "searchSourceJSON": "{\"filter\": [], \"query\": {\"language\": \"kuery\", \"query\": \"\"}}"
                },
                "title": "Command commit latency [Metricbeat CockroachDB]",
                "uiStateJSON": "{}",
                "version": 1,
                "visState": "{\"aggs\": [], \"params\": {\"axis_formatter\": \"number\", \"axis_position\": \"left\", \"axis_scale\": \"normal\", \"default_index_pattern\": \"metricbeat-*\", \"id\": \"61ca57f0-469d-11e7-af02-69e470af7417\", \"index_pattern\": \"metricbeat-*\", \"interval\": \"auto\", \"series\": [{\"axis_position\": \"right\", \"chart_type\": \"line\", \"color\": \"rgba(104,188,0,1)\", \"fill\": 0.5, \"filter\": \"\", \"formatter\": \"ns,ms,2\", \"id\": \"61ca57f1-469d-11e7-af02-69e470af7417\", \"label\": \"Average command commit latency\", \"line_width\": 1, \"metrics\": [{\"agg_with\": \"avg\", \"field\": \"prometheus.metrics.raft_process_commandcommit_latency_count\", \"id\": \"61ca57f2-469d-11e7-af02-69e470af7417\", \"order\": \"desc\", \"size\": 1, \"type\": \"max\"}, {\"field\": \"61ca57f2-469d-11e7-af02-69e470af7417\", \"id\": \"4346d3b0-976f-11e9-b3d5-07b0ab7d6354\", \"type\": \"derivative\", \"unit\": \"\"}, {\"field\": \"prometheus.metrics.raft_process_commandcommit_latency_sum\", \"id\": \"4a430120-976f-11e9-b3d5-07b0ab7d6354\", \"type\": \"max\", \"unit\": \"\"}, {\"field\": \"4a430120-976f-11e9-b3d5-07b0ab7d6354\", \"id\": \"581519e0-9770-11e9-b3d5-07b0ab7d6354\", \"type\": \"derivative\", \"unit\": \"\"}, {\"id\": \"6574b730-9770-11e9-b3d5-07b0ab7d6354\", \"script\": \"params.sum / params.count\", \"type\": \"calculation\", \"variables\": [{\"field\": \"581519e0-9770-11e9-b3d5-07b0ab7d6354\", \"id\": \"6fbb54b0-9770-11e9-b3d5-07b0ab7d6354\", \"name\": \"sum\"}, {\"field\": \"4346d3b0-976f-11e9-b3d5-07b0ab7d6354\", \"id\": \"76cc90c0-9770-11e9-b3d5-07b0ab7d6354\", \"name\": \"count\"}]}], \"point_size\": 1, \"separate_axis\": 0, \"split_color_mode\": \"rainbow\", \"split_mode\": \"terms\", \"stacked\": \"none\", \"terms_field\": \"service.address\", \"value_template\": \"{{value}}ms\"}], \"show_grid\": 1, \"show_legend\": 1, \"time_field\": \"@timestamp\", \"type\": \"timeseries\"}, \"title\": \"Command commit latency [Metricbeat CockroachDB]\", \"type\": \"metrics\"}"
            },
            "id": "b5ab45b0-9771-11e9-9eea-6f554992ec1f",
            "migrationVersion": {
                "visualization": "7.0.1"
            },
            "references": [],
            "type": "visualization",
            "updated_at": "2019-06-25T19:08:47.407Z",
            "version": "WzUwLDFd"
        }
    ],
    "version": "7.1.0"
}