{
    "objects": [
        {
            "attributes": {
                "description": "This dashboard shows process and cache metrics for the IIS server.",
                "hits": 0,
                "kibanaSavedObjectMeta": {
                    "searchSourceJSON": "{\"filter\": [], \"query\": {\"language\": \"kuery\", \"query\": \"\"}}"
                },
                "optionsJSON": "{\"hidePanelTitles\": false, \"useMargins\": true}",
                "panelsJSON": "[{\"embeddableConfig\": {\"title\": \"\"}, \"gridData\": {\"h\": 5, \"i\": \"8c503a52-2cfb-4922-97db-b91bf343285d\", \"w\": 10, \"x\": 0, \"y\": 0}, \"panelIndex\": \"8c503a52-2cfb-4922-97db-b91bf343285d\", \"panelRefName\": \"panel_0\", \"version\": \"7.6.2\"}, {\"embeddableConfig\": {\"title\": \"\"}, \"gridData\": {\"h\": 11, \"i\": \"1bfd458d-84ff-4b0c-b091-9bfd7ac15de1\", \"w\": 8, \"x\": 10, \"y\": 0}, \"panelIndex\": \"1bfd458d-84ff-4b0c-b091-9bfd7ac15de1\", \"panelRefName\": \"panel_1\", \"version\": \"7.6.2\"}, {\"embeddableConfig\": {\"title\": \"\"}, \"gridData\": {\"h\": 11, \"i\": \"c0111c35-69be-41b9-a6be-b83f83721aeb\", \"w\": 10, \"x\": 18, \"y\": 0}, \"panelIndex\": \"c0111c35-69be-41b9-a6be-b83f83721aeb\", \"panelRefName\": \"panel_2\", \"version\": \"7.6.2\"}, {\"embeddableConfig\": {\"title\": \"\"}, \"gridData\": {\"h\": 11, \"i\": \"b857a52c-865a-4f99-9acb-cc6b64b4508b\", \"w\": 10, \"x\": 28, \"y\": 0}, \"panelIndex\": \"b857a52c-865a-4f99-9acb-cc6b64b4508b\", \"panelRefName\": \"panel_3\", \"version\": \"7.6.2\"}, {\"embeddableConfig\": {\"title\": \"\"}, \"gridData\": {\"h\": 11, \"i\": \"dfbef78c-4636-4c5f-ad52-45f931b6a101\", \"w\": 10, \"x\": 38, \"y\": 0}, \"panelIndex\": \"dfbef78c-4636-4c5f-ad52-45f931b6a101\", \"panelRefName\": \"panel_4\", \"version\": \"7.6.2\"}, {\"embeddableConfig\": {\"title\": \"\"}, \"gridData\": {\"h\": 9, \"i\": \"552a8182-6705-4faa-95e5-2cde2a3e77c0\", \"w\": 5, \"x\": 0, \"y\": 5}, \"panelIndex\": \"552a8182-6705-4faa-95e5-2cde2a3e77c0\", \"panelRefName\": \"panel_5\", \"version\": \"7.6.2\"}, {\"embeddableConfig\": {\"title\": \"\"}, \"gridData\": {\"h\": 9, \"i\": \"1f8299eb-beef-4851-ac58-4416891629c2\", \"w\": 5, \"x\": 5, \"y\": 5}, \"panelIndex\": \"1f8299eb-beef-4851-ac58-4416891629c2\", \"panelRefName\": \"panel_6\", \"version\": \"7.6.2\"}, {\"embeddableConfig\": {\"title\": \"IO Operations\"}, \"gridData\": {\"h\": 12, \"i\": \"5b29dd93-bdc2-4539-a08f-023638a8ccdb\", \"w\": 38, \"x\": 10, \"y\": 11}, \"panelIndex\": \"5b29dd93-bdc2-4539-a08f-023638a8ccdb\", \"panelRefName\": \"panel_7\", \"title\": \"IO Operations\", \"version\": \"7.6.2\"}, {\"embeddableConfig\": {\"title\": \"\"}, \"gridData\": {\"h\": 9, \"i\": \"c0d58d03-1af7-46d0-a01d-6d9c2d05d703\", \"w\": 5, \"x\": 0, \"y\": 14}, \"panelIndex\": \"c0d58d03-1af7-46d0-a01d-6d9c2d05d703\", \"panelRefName\": \"panel_8\", \"version\": \"7.6.2\"}, {\"embeddableConfig\": {\"title\": \"\"}, \"gridData\": {\"h\": 9, \"i\": \"ddc9edcc-d8ee-4953-9f8e-0c24328a90e3\", \"w\": 5, \"x\": 5, \"y\": 14}, \"panelIndex\": \"ddc9edcc-d8ee-4953-9f8e-0c24328a90e3\", \"panelRefName\": \"panel_9\", \"version\": \"7.6.2\"}, {\"embeddableConfig\": {\"title\": \"Memory Usage\"}, \"gridData\": {\"h\": 15, \"i\": \"12a8098a-9dfa-464b-b4b7-c08a02829aa1\", \"w\": 24, \"x\": 24, \"y\": 23}, \"panelIndex\": \"12a8098a-9dfa-464b-b4b7-c08a02829aa1\", \"panelRefName\": \"panel_10\", \"title\": \"Memory Usage\", \"version\": \"7.6.2\"}, {\"embeddableConfig\": {\"title\": \"CPU Usage\"}, \"gridData\": {\"h\": 15, \"i\": \"4b54bddb-c2e7-47a1-ab7c-71c51e91a931\", \"w\": 24, \"x\": 0, \"y\": 23}, \"panelIndex\": \"4b54bddb-c2e7-47a1-ab7c-71c51e91a931\", \"panelRefName\": \"panel_11\", \"title\": \"CPU Usage\", \"version\": \"7.6.2\"}]",
                "timeRestore": false,
                "title": "[Metricbeat IIS] Webserver Process Overview",
                "version": 1
            },
            "id": "2c171500-858b-11ea-91bc-ab084c7ec0e7",
            "migrationVersion": {
                "dashboard": "7.3.0"
            },
            "references": [
                {
                    "id": "e6fab5c0-858b-11ea-91bc-ab084c7ec0e7",
                    "name": "panel_0",
                    "type": "visualization"
                },
                {
                    "id": "1084a0e0-8d57-11ea-817c-a9b6d42fd8a0",
                    "name": "panel_1",
                    "type": "visualization"
                },
                {
                    "id": "55755550-858c-11ea-91bc-ab084c7ec0e7",
                    "name": "panel_2",
                    "type": "visualization"
                },
                {
                    "id": "6c1272a0-858e-11ea-91bc-ab084c7ec0e7",
                    "name": "panel_3",
                    "type": "visualization"
                },
                {
                    "id": "92dcde20-858e-11ea-91bc-ab084c7ec0e7",
                    "name": "panel_4",
                    "type": "visualization"
                },
                {
                    "id": "d9dc78b0-8d56-11ea-817c-a9b6d42fd8a0",
                    "name": "panel_5",
                    "type": "visualization"
                },
                {
                    "id": "b5c6f400-8d56-11ea-817c-a9b6d42fd8a0",
                    "name": "panel_6",
                    "type": "visualization"
                },
                {
                    "id": "e26479e0-858d-11ea-91bc-ab084c7ec0e7",
                    "name": "panel_7",
                    "type": "visualization"
                },
                {
                    "id": "7d9e1f40-8d56-11ea-817c-a9b6d42fd8a0",
                    "name": "panel_8",
                    "type": "visualization"
                },
                {
                    "id": "945f7850-8d56-11ea-817c-a9b6d42fd8a0",
                    "name": "panel_9",
                    "type": "visualization"
                },
                {
                    "id": "e4d91170-858f-11ea-91bc-ab084c7ec0e7",
                    "name": "panel_10",
                    "type": "visualization"
                },
                {
                    "id": "2dd099f0-858d-11ea-91bc-ab084c7ec0e7",
                    "name": "panel_11",
                    "type": "visualization"
                }
            ],
            "type": "dashboard",
            "updated_at": "2020-05-03T16:16:09.608Z",
            "version": "WzEyMTcsMV0="
        },
        {
            "attributes": {
                "description": "",
                "kibanaSavedObjectMeta": {
                    "searchSourceJSON": "{\"filter\": [], \"query\": {\"language\": \"kuery\", \"query\": \"\"}}"
                },
                "title": "Navigation Webserver Process Overview [Metricbeat IIS]",
                "uiStateJSON": "{}",
                "version": 1,
                "visState": "{\"aggs\": [], \"params\": {\"fontSize\": 10, \"markdown\": \"### IIS\\n\\n[Webserver](#/dashboard/ebc23240-8572-11ea-91bc-ab084c7ec0e7)| [**Webserver processes**](#/dashboard/2c171500-858b-11ea-91bc-ab084c7ec0e7) | [Websites](#/dashboard/4b975820-85a1-11ea-91bc-ab084c7ec0e7) | [Application Pools](#/dashboard/b4108810-861c-11ea-91bc-ab084c7ec0e7) \", \"openLinksInNewTab\": false}, \"title\": \"Navigation Webserver Process Overview [Metricbeat IIS]\", \"type\": \"markdown\"}"
            },
            "id": "e6fab5c0-858b-11ea-91bc-ab084c7ec0e7",
            "migrationVersion": {
                "visualization": "7.4.2"
            },
            "references": [],
            "type": "visualization",
            "updated_at": "2020-04-24T13:07:25.601Z",
            "version": "WzUxOSwxXQ=="
        },
        {
            "attributes": {
                "description": "",
                "kibanaSavedObjectMeta": {
                    "searchSourceJSON": "{\"filter\": [], \"query\": {\"language\": \"kuery\", \"query\": \"\"}}"
                },
                "title": "Webserver Process Output Cache Current Memory Usage [Metricbeat IIS]",
                "uiStateJSON": "{}",
                "version": 1,
                "visState": "{\"aggs\": [], \"params\": {\"axis_formatter\": \"number\", \"axis_min\": 0, \"axis_position\": \"left\", \"axis_scale\": \"normal\", \"background_color\": null, \"background_color_rules\": [{\"id\": \"71978870-32e4-11ea-af9e-d70582a45bda\"}], \"bar_color_rules\": [{\"id\": \"f11cfd90-32e5-11ea-af9e-d70582a45bda\"}], \"default_index_pattern\": \"metricbeat-*\", \"default_timefield\": \"@timestamp\", \"drilldown_url\": \"\", \"filter\": {\"language\": \"kuery\", \"query\": \"\"}, \"gauge_color_rules\": [{\"id\": \"9c09ed50-32e4-11ea-af9e-d70582a45bda\"}], \"gauge_inner_color\": null, \"gauge_inner_width\": \"6\", \"gauge_style\": \"circle\", \"gauge_width\": \"10\", \"id\": \"61fb4190-32e4-11ea-b9f8-4d0b340ad993\", \"index_pattern\": \"metricbeat-*\", \"interval\": \"60m\", \"isModelInvalid\": false, \"pivot_id\": \"cloud.instance.name\", \"pivot_label\": \"Resource Name\", \"pivot_rows\": \"30\", \"pivot_type\": \"string\", \"series\": [{\"axis_position\": \"right\", \"chart_type\": \"line\", \"color\": \"rgba(211,181,21,1)\", \"fill\": \"1.2\", \"filter\": {\"language\": \"kuery\", \"query\": \"\"}, \"formatter\": \"bytes\", \"id\": \"61fb4191-32e4-11ea-b9f8-4d0b340ad993\", \"label\": \"Output Cache Current Memory Usage\", \"line_width\": 2, \"metrics\": [{\"agg_with\": \"avg\", \"field\": \"iis.webserver.cache.output_cache_current_memory_usage\", \"id\": \"61fb4192-32e4-11ea-b9f8-4d0b340ad993\", \"order\": \"desc\", \"order_by\": \"@timestamp\", \"size\": 1, \"type\": \"top_hit\"}], \"point_size\": 0, \"separate_axis\": 0, \"split_color_mode\": \"gradient\", \"split_mode\": \"everything\", \"stacked\": \"none\", \"terms_field\": \"cloud.instance.name\", \"terms_order_by\": \"61fb4192-32e4-11ea-b9f8-4d0b340ad993\", \"type\": \"timeseries\", \"value_template\": \"{{value}} \"}], \"show_grid\": 1, \"show_legend\": 1, \"time_field\": \"@timestamp\", \"time_range_mode\": \"entire_time_range\", \"type\": \"gauge\"}, \"title\": \"Webserver Process Output Cache Current Memory Usage [Metricbeat IIS]\", \"type\": \"metrics\"}"
            },
            "id": "1084a0e0-8d57-11ea-817c-a9b6d42fd8a0",
            "migrationVersion": {
                "visualization": "7.4.2"
            },
            "references": [],
            "type": "visualization",
            "updated_at": "2020-05-03T16:10:45.498Z",
            "version": "WzExOTEsMV0="
        },
        {
            "attributes": {
                "description": "",
                "kibanaSavedObjectMeta": {
                    "searchSourceJSON": "{\"filter\": [], \"query\": {\"language\": \"kuery\", \"query\": \"\"}}"
                },
                "title": "Webserver Process Worker Process Count [Metricbeat IIS]",
                "uiStateJSON": "{}",
                "version": 1,
                "visState": "{\"aggs\": [], \"params\": {\"axis_formatter\": \"number\", \"axis_min\": 0, \"axis_position\": \"left\", \"axis_scale\": \"normal\", \"background_color\": null, \"background_color_rules\": [{\"id\": \"71978870-32e4-11ea-af9e-d70582a45bda\"}], \"bar_color_rules\": [{\"id\": \"f11cfd90-32e5-11ea-af9e-d70582a45bda\"}], \"default_index_pattern\": \"metricbeat-*\", \"default_timefield\": \"@timestamp\", \"drilldown_url\": \"\", \"filter\": {\"language\": \"kuery\", \"query\": \"\"}, \"gauge_color_rules\": [{\"id\": \"9c09ed50-32e4-11ea-af9e-d70582a45bda\"}], \"gauge_inner_color\": null, \"gauge_inner_width\": \"6\", \"gauge_style\": \"circle\", \"gauge_width\": \"10\", \"id\": \"61fb4190-32e4-11ea-b9f8-4d0b340ad993\", \"index_pattern\": \"metricbeat-*\", \"interval\": \"60m\", \"isModelInvalid\": false, \"pivot_id\": \"cloud.instance.name\", \"pivot_label\": \"Resource Name\", \"pivot_rows\": \"30\", \"pivot_type\": \"string\", \"series\": [{\"axis_position\": \"right\", \"chart_type\": \"line\", \"color\": \"rgba(211,49,21,1)\", \"fill\": \"1.2\", \"filter\": {\"language\": \"kuery\", \"query\": \"\"}, \"formatter\": \"number\", \"id\": \"61fb4191-32e4-11ea-b9f8-4d0b340ad993\", \"label\": \"Worker Processes\", \"line_width\": 2, \"metrics\": [{\"agg_with\": \"avg\", \"field\": \"iis.webserver.process.worker_process_count\", \"id\": \"61fb4192-32e4-11ea-b9f8-4d0b340ad993\", \"order\": \"desc\", \"order_by\": \"@timestamp\", \"size\": 1, \"type\": \"top_hit\"}], \"point_size\": 0, \"separate_axis\": 0, \"split_color_mode\": \"gradient\", \"split_mode\": \"everything\", \"stacked\": \"none\", \"terms_field\": \"cloud.instance.name\", \"terms_order_by\": \"61fb4192-32e4-11ea-b9f8-4d0b340ad993\", \"type\": \"timeseries\", \"value_template\": \"{{value}} \"}], \"show_grid\": 1, \"show_legend\": 1, \"time_field\": \"@timestamp\", \"time_range_mode\": \"entire_time_range\", \"type\": \"gauge\"}, \"title\": \"Webserver Process Worker Process Count [Metricbeat IIS]\", \"type\": \"metrics\"}"
            },
            "id": "55755550-858c-11ea-91bc-ab084c7ec0e7",
            "migrationVersion": {
                "visualization": "7.4.2"
            },
            "references": [],
            "type": "visualization",
            "updated_at": "2020-04-24T13:07:25.601Z",
            "version": "WzUyMCwxXQ=="
        },
        {
            "attributes": {
                "description": "",
                "kibanaSavedObjectMeta": {
                    "searchSourceJSON": "{\"filter\": [], \"query\": {\"language\": \"kuery\", \"query\": \"\"}}"
                },
                "title": "Webserver Process Thread Count [Metricbeat IIS]",
                "uiStateJSON": "{}",
                "version": 1,
                "visState": "{\"aggs\": [], \"params\": {\"axis_formatter\": \"number\", \"axis_min\": 0, \"axis_position\": \"left\", \"axis_scale\": \"normal\", \"background_color\": null, \"background_color_rules\": [{\"id\": \"71978870-32e4-11ea-af9e-d70582a45bda\"}], \"bar_color_rules\": [{\"id\": \"f11cfd90-32e5-11ea-af9e-d70582a45bda\"}], \"default_index_pattern\": \"metricbeat-*\", \"default_timefield\": \"@timestamp\", \"drilldown_url\": \"\", \"filter\": {\"language\": \"kuery\", \"query\": \"\"}, \"gauge_color_rules\": [{\"id\": \"9c09ed50-32e4-11ea-af9e-d70582a45bda\"}], \"gauge_inner_color\": null, \"gauge_inner_width\": \"6\", \"gauge_style\": \"circle\", \"gauge_width\": \"10\", \"id\": \"61fb4190-32e4-11ea-b9f8-4d0b340ad993\", \"index_pattern\": \"metricbeat-*\", \"interval\": \"60m\", \"isModelInvalid\": false, \"pivot_id\": \"cloud.instance.name\", \"pivot_label\": \"Resource Name\", \"pivot_rows\": \"30\", \"pivot_type\": \"string\", \"series\": [{\"axis_position\": \"right\", \"chart_type\": \"line\", \"color\": \"rgba(22,165,165,1)\", \"fill\": \"1.2\", \"filter\": {\"language\": \"kuery\", \"query\": \"\"}, \"formatter\": \"number\", \"id\": \"61fb4191-32e4-11ea-b9f8-4d0b340ad993\", \"label\": \"Thread Count\", \"line_width\": 2, \"metrics\": [{\"agg_with\": \"avg\", \"field\": \"iis.webserver.process.thread_count\", \"id\": \"61fb4192-32e4-11ea-b9f8-4d0b340ad993\", \"order\": \"desc\", \"order_by\": \"@timestamp\", \"size\": 1, \"type\": \"top_hit\"}], \"point_size\": 0, \"separate_axis\": 0, \"split_color_mode\": \"gradient\", \"split_mode\": \"everything\", \"stacked\": \"none\", \"terms_field\": \"cloud.instance.name\", \"terms_order_by\": \"61fb4192-32e4-11ea-b9f8-4d0b340ad993\", \"type\": \"timeseries\", \"value_template\": \"{{value}} \"}], \"show_grid\": 1, \"show_legend\": 1, \"time_field\": \"@timestamp\", \"time_range_mode\": \"entire_time_range\", \"type\": \"gauge\"}, \"title\": \"Webserver Process Thread Count [Metricbeat IIS]\", \"type\": \"metrics\"}"
            },
            "id": "6c1272a0-858e-11ea-91bc-ab084c7ec0e7",
            "migrationVersion": {
                "visualization": "7.4.2"
            },
            "references": [],
            "type": "visualization",
            "updated_at": "2020-04-24T13:07:25.601Z",
            "version": "WzUyMSwxXQ=="
        },
        {
            "attributes": {
                "description": "",
                "kibanaSavedObjectMeta": {
                    "searchSourceJSON": "{\"filter\": [], \"query\": {\"language\": \"kuery\", \"query\": \"\"}}"
                },
                "title": "Webserver Process Handle Count [Metricbeat IIS]",
                "uiStateJSON": "{}",
                "version": 1,
                "visState": "{\"aggs\": [], \"params\": {\"axis_formatter\": \"number\", \"axis_min\": 0, \"axis_position\": \"left\", \"axis_scale\": \"normal\", \"background_color\": null, \"background_color_rules\": [{\"id\": \"71978870-32e4-11ea-af9e-d70582a45bda\"}], \"bar_color_rules\": [{\"id\": \"f11cfd90-32e5-11ea-af9e-d70582a45bda\"}], \"default_index_pattern\": \"metricbeat-*\", \"default_timefield\": \"@timestamp\", \"drilldown_url\": \"\", \"filter\": {\"language\": \"kuery\", \"query\": \"\"}, \"gauge_color_rules\": [{\"id\": \"9c09ed50-32e4-11ea-af9e-d70582a45bda\"}], \"gauge_inner_color\": null, \"gauge_inner_width\": \"6\", \"gauge_style\": \"circle\", \"gauge_width\": \"10\", \"id\": \"61fb4190-32e4-11ea-b9f8-4d0b340ad993\", \"index_pattern\": \"metricbeat-*\", \"interval\": \"60m\", \"isModelInvalid\": false, \"pivot_id\": \"cloud.instance.name\", \"pivot_label\": \"Resource Name\", \"pivot_rows\": \"30\", \"pivot_type\": \"string\", \"series\": [{\"axis_position\": \"right\", \"chart_type\": \"line\", \"color\": \"rgba(101,50,148,1)\", \"fill\": \"1.2\", \"filter\": {\"language\": \"kuery\", \"query\": \"\"}, \"formatter\": \"number\", \"id\": \"61fb4191-32e4-11ea-b9f8-4d0b340ad993\", \"label\": \"Handle Count\", \"line_width\": 2, \"metrics\": [{\"agg_with\": \"avg\", \"field\": \"iis.webserver.process.handle_count\", \"id\": \"61fb4192-32e4-11ea-b9f8-4d0b340ad993\", \"order\": \"desc\", \"order_by\": \"@timestamp\", \"size\": 1, \"type\": \"top_hit\"}], \"point_size\": 0, \"separate_axis\": 0, \"split_color_mode\": \"gradient\", \"split_mode\": \"everything\", \"stacked\": \"none\", \"terms_field\": \"cloud.instance.name\", \"terms_order_by\": \"61fb4192-32e4-11ea-b9f8-4d0b340ad993\", \"type\": \"timeseries\", \"value_template\": \"{{value}} \"}], \"show_grid\": 1, \"show_legend\": 1, \"time_field\": \"@timestamp\", \"time_range_mode\": \"entire_time_range\", \"type\": \"gauge\"}, \"title\": \"Webserver Process Handle Count [Metricbeat IIS]\", \"type\": \"metrics\"}"
            },
            "id": "92dcde20-858e-11ea-91bc-ab084c7ec0e7",
            "migrationVersion": {
                "visualization": "7.4.2"
            },
            "references": [],
            "type": "visualization",
            "updated_at": "2020-04-24T13:07:25.601Z",
            "version": "WzUyMiwxXQ=="
        },
        {
            "attributes": {
                "description": "",
                "kibanaSavedObjectMeta": {
                    "searchSourceJSON": "{\"filter\": [], \"query\": {\"language\": \"kuery\", \"query\": \"\"}}"
                },
                "title": "Webserver Process Current Files Cached [Metricbeat IIS]",
                "uiStateJSON": "{}",
                "version": 1,
                "visState": "{\"aggs\": [], \"params\": {\"axis_formatter\": \"number\", \"axis_min\": 0, \"axis_position\": \"left\", \"axis_scale\": \"normal\", \"background_color\": null, \"background_color_rules\": [{\"id\": \"71978870-32e4-11ea-af9e-d70582a45bda\"}], \"bar_color_rules\": [{\"id\": \"f11cfd90-32e5-11ea-af9e-d70582a45bda\"}], \"default_index_pattern\": \"metricbeat-*\", \"default_timefield\": \"@timestamp\", \"drilldown_url\": \"\", \"filter\": {\"language\": \"kuery\", \"query\": \"\"}, \"gauge_color_rules\": [{\"id\": \"9c09ed50-32e4-11ea-af9e-d70582a45bda\"}], \"gauge_inner_color\": null, \"gauge_inner_width\": \"6\", \"gauge_style\": \"circle\", \"gauge_width\": \"10\", \"id\": \"61fb4190-32e4-11ea-b9f8-4d0b340ad993\", \"index_pattern\": \"metricbeat-*\", \"interval\": \"60m\", \"isModelInvalid\": false, \"pivot_id\": \"cloud.instance.name\", \"pivot_label\": \"Resource Name\", \"pivot_rows\": \"30\", \"pivot_type\": \"string\", \"series\": [{\"axis_position\": \"right\", \"chart_type\": \"line\", \"color\": \"rgba(21,211,162,1)\", \"fill\": \"1.2\", \"filter\": {\"language\": \"kuery\", \"query\": \"\"}, \"formatter\": \"number\", \"id\": \"61fb4191-32e4-11ea-b9f8-4d0b340ad993\", \"label\": \"Current Files Cached\", \"line_width\": 2, \"metrics\": [{\"agg_with\": \"avg\", \"field\": \"iis.webserver.cache.current_files_cached\", \"id\": \"61fb4192-32e4-11ea-b9f8-4d0b340ad993\", \"order\": \"desc\", \"order_by\": \"@timestamp\", \"size\": 1, \"type\": \"top_hit\"}], \"point_size\": 0, \"separate_axis\": 0, \"split_color_mode\": \"gradient\", \"split_mode\": \"everything\", \"stacked\": \"none\", \"terms_field\": \"cloud.instance.name\", \"terms_order_by\": \"61fb4192-32e4-11ea-b9f8-4d0b340ad993\", \"type\": \"timeseries\", \"value_template\": \"{{value}} \"}], \"show_grid\": 1, \"show_legend\": 1, \"time_field\": \"@timestamp\", \"time_range_mode\": \"entire_time_range\", \"type\": \"gauge\"}, \"title\": \"Webserver Process Current Files Cached [Metricbeat IIS]\", \"type\": \"metrics\"}"
            },
            "id": "d9dc78b0-8d56-11ea-817c-a9b6d42fd8a0",
            "migrationVersion": {
                "visualization": "7.4.2"
            },
            "references": [],
            "type": "visualization",
            "updated_at": "2020-05-03T15:57:55.003Z",
            "version": "WzExMzMsMV0="
        },
        {
            "attributes": {
                "description": "",
                "kibanaSavedObjectMeta": {
                    "searchSourceJSON": "{\"filter\": [], \"query\": {\"language\": \"kuery\", \"query\": \"\"}}"
                },
                "title": "Webserver Process Total Files Cached [Metricbeat IIS]",
                "uiStateJSON": "{}",
                "version": 1,
                "visState": "{\"aggs\": [], \"params\": {\"axis_formatter\": \"number\", \"axis_min\": 0, \"axis_position\": \"left\", \"axis_scale\": \"normal\", \"background_color\": null, \"background_color_rules\": [{\"id\": \"71978870-32e4-11ea-af9e-d70582a45bda\"}], \"bar_color_rules\": [{\"id\": \"f11cfd90-32e5-11ea-af9e-d70582a45bda\"}], \"default_index_pattern\": \"metricbeat-*\", \"default_timefield\": \"@timestamp\", \"drilldown_url\": \"\", \"filter\": {\"language\": \"kuery\", \"query\": \"\"}, \"gauge_color_rules\": [{\"id\": \"9c09ed50-32e4-11ea-af9e-d70582a45bda\"}], \"gauge_inner_color\": null, \"gauge_inner_width\": \"6\", \"gauge_style\": \"circle\", \"gauge_width\": \"10\", \"id\": \"61fb4190-32e4-11ea-b9f8-4d0b340ad993\", \"index_pattern\": \"metricbeat-*\", \"interval\": \"60m\", \"isModelInvalid\": false, \"pivot_id\": \"cloud.instance.name\", \"pivot_label\": \"Resource Name\", \"pivot_rows\": \"30\", \"pivot_type\": \"string\", \"series\": [{\"axis_position\": \"right\", \"chart_type\": \"line\", \"color\": \"rgba(21,162,211,1)\", \"fill\": \"1.2\", \"filter\": {\"language\": \"kuery\", \"query\": \"\"}, \"formatter\": \"number\", \"id\": \"61fb4191-32e4-11ea-b9f8-4d0b340ad993\", \"label\": \"Total Files Cached\", \"line_width\": 2, \"metrics\": [{\"agg_with\": \"avg\", \"field\": \"iis.webserver.cache.total_files_cached\", \"id\": \"61fb4192-32e4-11ea-b9f8-4d0b340ad993\", \"order\": \"desc\", \"order_by\": \"@timestamp\", \"size\": 1, \"type\": \"top_hit\"}], \"point_size\": 0, \"separate_axis\": 0, \"split_color_mode\": \"gradient\", \"split_mode\": \"everything\", \"stacked\": \"none\", \"terms_field\": \"cloud.instance.name\", \"terms_order_by\": \"61fb4192-32e4-11ea-b9f8-4d0b340ad993\", \"type\": \"timeseries\", \"value_template\": \"{{value}} \"}], \"show_grid\": 1, \"show_legend\": 1, \"time_field\": \"@timestamp\", \"time_range_mode\": \"entire_time_range\", \"type\": \"gauge\"}, \"title\": \"Webserver Process Total Files Cached [Metricbeat IIS]\", \"type\": \"metrics\"}"
            },
            "id": "b5c6f400-8d56-11ea-817c-a9b6d42fd8a0",
            "migrationVersion": {
                "visualization": "7.4.2"
            },
            "references": [],
            "type": "visualization",
            "updated_at": "2020-05-03T15:57:12.722Z",
            "version": "WzExMjgsMV0="
        },
        {
            "attributes": {
                "description": "",
                "kibanaSavedObjectMeta": {
                    "searchSourceJSON": "{\"filter\": [], \"query\": {\"language\": \"kuery\", \"query\": \"\"}}"
                },
                "title": "Webserver Process IO Operations [Metricbeat IIS]",
                "uiStateJSON": "{}",
                "version": 1,
                "visState": "{\"aggs\": [], \"params\": {\"axis_formatter\": \"number\", \"axis_min\": 0, \"axis_position\": \"left\", \"axis_scale\": \"normal\", \"default_index_pattern\": \"metricbeat-*\", \"default_timefield\": \"@timestamp\", \"filter\": {\"language\": \"kuery\", \"query\": \"\"}, \"id\": \"c9fd65d0-32e8-11ea-84f4-e9593f8ba8f6\", \"index_pattern\": \"metricbeat-*\", \"interval\": \"\", \"isModelInvalid\": false, \"series\": [{\"axis_position\": \"right\", \"chart_type\": \"line\", \"color\": \"rgba(252,196,0,1)\", \"fill\": \"0\", \"formatter\": \"number\", \"id\": \"c9fd8ce0-32e8-11ea-84f4-e9593f8ba8f6\", \"label\": \"IO Read Operations/s\", \"line_width\": \"2\", \"metrics\": [{\"field\": \"iis.webserver.process.io_read_operations_per_sec\", \"id\": \"c9fd8ce1-32e8-11ea-84f4-e9593f8ba8f6\", \"type\": \"avg\"}], \"point_size\": 0, \"separate_axis\": 0, \"split_color_mode\": \"rainbow\", \"split_mode\": \"everything\", \"stacked\": \"none\", \"terms_field\": null, \"type\": \"timeseries\", \"value_template\": \"{{value}}/s\"}, {\"axis_position\": \"right\", \"chart_type\": \"line\", \"color\": \"#68BC00\", \"fill\": \"0\", \"formatter\": \"number\", \"id\": \"55ef6fb0-857e-11ea-87b6-db4d36ae5839\", \"label\": \"IO Write Operations/s\", \"line_width\": \"2\", \"metrics\": [{\"field\": \"iis.webserver.process.io_write_operations_per_sec\", \"id\": \"55ef6fb1-857e-11ea-87b6-db4d36ae5839\", \"type\": \"avg\"}], \"point_size\": \"0\", \"separate_axis\": 0, \"split_mode\": \"everything\", \"stacked\": \"none\", \"type\": \"timeseries\", \"value_template\": \"{{value}}/s\"}], \"show_grid\": 1, \"show_legend\": 1, \"time_field\": \"@timestamp\", \"type\": \"timeseries\"}, \"title\": \"Webserver Process IO Operations [Metricbeat IIS]\", \"type\": \"metrics\"}"
            },
            "id": "e26479e0-858d-11ea-91bc-ab084c7ec0e7",
            "migrationVersion": {
                "visualization": "7.4.2"
            },
            "references": [],
            "type": "visualization",
            "updated_at": "2020-04-24T13:07:25.601Z",
            "version": "WzUyNCwxXQ=="
        },
        {
            "attributes": {
                "description": "",
                "kibanaSavedObjectMeta": {
                    "searchSourceJSON": "{\"filter\": [], \"query\": {\"language\": \"kuery\", \"query\": \"\"}}"
                },
                "title": "Webserver Current Uris Cached [Metricbeat IIS]",
                "uiStateJSON": "{}",
                "version": 1,
                "visState": "{\"aggs\": [], \"params\": {\"axis_formatter\": \"number\", \"axis_min\": 0, \"axis_position\": \"left\", \"axis_scale\": \"normal\", \"background_color\": null, \"background_color_rules\": [{\"id\": \"71978870-32e4-11ea-af9e-d70582a45bda\"}], \"bar_color_rules\": [{\"id\": \"f11cfd90-32e5-11ea-af9e-d70582a45bda\"}], \"default_index_pattern\": \"metricbeat-*\", \"default_timefield\": \"@timestamp\", \"drilldown_url\": \"\", \"filter\": {\"language\": \"kuery\", \"query\": \"\"}, \"gauge_color_rules\": [{\"id\": \"9c09ed50-32e4-11ea-af9e-d70582a45bda\"}], \"gauge_inner_color\": null, \"gauge_inner_width\": \"6\", \"gauge_style\": \"circle\", \"gauge_width\": \"10\", \"id\": \"61fb4190-32e4-11ea-b9f8-4d0b340ad993\", \"index_pattern\": \"metricbeat-*\", \"interval\": \"60m\", \"isModelInvalid\": false, \"pivot_id\": \"cloud.instance.name\", \"pivot_label\": \"Resource Name\", \"pivot_rows\": \"30\", \"pivot_type\": \"string\", \"series\": [{\"axis_position\": \"right\", \"chart_type\": \"line\", \"color\": \"rgba(211,21,105,1)\", \"fill\": \"1.2\", \"filter\": {\"language\": \"kuery\", \"query\": \"\"}, \"formatter\": \"number\", \"id\": \"61fb4191-32e4-11ea-b9f8-4d0b340ad993\", \"label\": \"Current Uris Cached\", \"line_width\": 2, \"metrics\": [{\"agg_with\": \"avg\", \"field\": \"iis.webserver.cache.current_uris_cached\", \"id\": \"61fb4192-32e4-11ea-b9f8-4d0b340ad993\", \"order\": \"desc\", \"order_by\": \"@timestamp\", \"size\": 1, \"type\": \"top_hit\"}], \"point_size\": 0, \"separate_axis\": 0, \"split_color_mode\": \"gradient\", \"split_mode\": \"everything\", \"stacked\": \"none\", \"terms_field\": \"cloud.instance.name\", \"terms_order_by\": \"61fb4192-32e4-11ea-b9f8-4d0b340ad993\", \"type\": \"timeseries\", \"value_template\": \"{{value}} \"}], \"show_grid\": 1, \"show_legend\": 1, \"time_field\": \"@timestamp\", \"time_range_mode\": \"entire_time_range\", \"type\": \"gauge\"}, \"title\": \"Webserver Current Uris Cached [Metricbeat IIS]\", \"type\": \"metrics\"}"
            },
            "id": "7d9e1f40-8d56-11ea-817c-a9b6d42fd8a0",
            "migrationVersion": {
                "visualization": "7.4.2"
            },
            "references": [],
            "type": "visualization",
            "updated_at": "2020-05-03T15:55:20.244Z",
            "version": "WzExMTQsMV0="
        },
        {
            "attributes": {
                "description": "",
                "kibanaSavedObjectMeta": {
                    "searchSourceJSON": "{\"filter\": [], \"query\": {\"language\": \"kuery\", \"query\": \"\"}}"
                },
                "title": "Webserver Total Uris Cached [Metricbeat IIS]",
                "uiStateJSON": "{}",
                "version": 1,
                "visState": "{\"aggs\": [], \"params\": {\"axis_formatter\": \"number\", \"axis_min\": 0, \"axis_position\": \"left\", \"axis_scale\": \"normal\", \"background_color\": null, \"background_color_rules\": [{\"id\": \"71978870-32e4-11ea-af9e-d70582a45bda\"}], \"bar_color_rules\": [{\"id\": \"f11cfd90-32e5-11ea-af9e-d70582a45bda\"}], \"default_index_pattern\": \"metricbeat-*\", \"default_timefield\": \"@timestamp\", \"drilldown_url\": \"\", \"filter\": {\"language\": \"kuery\", \"query\": \"\"}, \"gauge_color_rules\": [{\"id\": \"9c09ed50-32e4-11ea-af9e-d70582a45bda\"}], \"gauge_inner_color\": null, \"gauge_inner_width\": \"6\", \"gauge_style\": \"circle\", \"gauge_width\": \"10\", \"id\": \"61fb4190-32e4-11ea-b9f8-4d0b340ad993\", \"index_pattern\": \"metricbeat-*\", \"interval\": \"60m\", \"isModelInvalid\": false, \"pivot_id\": \"cloud.instance.name\", \"pivot_label\": \"Resource Name\", \"pivot_rows\": \"30\", \"pivot_type\": \"string\", \"series\": [{\"axis_position\": \"right\", \"chart_type\": \"line\", \"color\": \"rgba(92,21,211,1)\", \"fill\": \"1.2\", \"filter\": {\"language\": \"kuery\", \"query\": \"\"}, \"formatter\": \"number\", \"id\": \"61fb4191-32e4-11ea-b9f8-4d0b340ad993\", \"label\": \"Total Uris Cached\", \"line_width\": 2, \"metrics\": [{\"agg_with\": \"avg\", \"field\": \"iis.webserver.cache.total_uris_cached\", \"id\": \"61fb4192-32e4-11ea-b9f8-4d0b340ad993\", \"order\": \"desc\", \"order_by\": \"@timestamp\", \"size\": 1, \"type\": \"top_hit\"}], \"point_size\": 0, \"separate_axis\": 0, \"split_color_mode\": \"gradient\", \"split_mode\": \"everything\", \"stacked\": \"none\", \"terms_field\": \"cloud.instance.name\", \"terms_order_by\": \"61fb4192-32e4-11ea-b9f8-4d0b340ad993\", \"type\": \"timeseries\", \"value_template\": \"{{value}} \"}], \"show_grid\": 1, \"show_legend\": 1, \"time_field\": \"@timestamp\", \"time_range_mode\": \"entire_time_range\", \"type\": \"gauge\"}, \"title\": \"Webserver Total Uris Cached [Metricbeat IIS]\", \"type\": \"metrics\"}"
            },
            "id": "945f7850-8d56-11ea-817c-a9b6d42fd8a0",
            "migrationVersion": {
                "visualization": "7.4.2"
            },
            "references": [],
            "type": "visualization",
            "updated_at": "2020-05-03T15:55:58.421Z",
            "version": "WzExMjAsMV0="
        },
        {
            "attributes": {
                "description": "",
                "kibanaSavedObjectMeta": {
                    "searchSourceJSON": "{\"filter\": [], \"query\": {\"language\": \"kuery\", \"query\": \"\"}}"
                },
                "title": "Webserver Process Memory Usage [Metricbeat IIS]",
                "uiStateJSON": "{}",
                "version": 1,
                "visState": "{\"aggs\": [], \"params\": {\"axis_formatter\": \"number\", \"axis_min\": 0, \"axis_position\": \"left\", \"axis_scale\": \"normal\", \"default_index_pattern\": \"metricbeat-*\", \"default_timefield\": \"@timestamp\", \"filter\": {\"language\": \"kuery\", \"query\": \"\"}, \"id\": \"c9fd65d0-32e8-11ea-84f4-e9593f8ba8f6\", \"index_pattern\": \"metricbeat-*\", \"interval\": \"\", \"isModelInvalid\": false, \"series\": [{\"axis_position\": \"right\", \"chart_type\": \"line\", \"color\": \"#3185FC\", \"fill\": \"0\", \"formatter\": \"bytes\", \"id\": \"c9fd8ce0-32e8-11ea-84f4-e9593f8ba8f6\", \"label\": \"Private Bytes\", \"line_width\": \"2\", \"metrics\": [{\"field\": \"iis.webserver.process.private_bytes\", \"id\": \"c9fd8ce1-32e8-11ea-84f4-e9593f8ba8f6\", \"type\": \"avg\"}], \"point_size\": 0, \"separate_axis\": 0, \"split_color_mode\": \"rainbow\", \"split_mode\": \"everything\", \"stacked\": \"none\", \"terms_field\": null, \"type\": \"timeseries\", \"value_template\": \"{{value}}\"}, {\"axis_position\": \"right\", \"chart_type\": \"line\", \"color\": \"#68BC00\", \"fill\": \"0\", \"formatter\": \"bytes\", \"id\": \"55ef6fb0-857e-11ea-87b6-db4d36ae5839\", \"label\": \"Virtual Bytes\", \"line_width\": \"2\", \"metrics\": [{\"field\": \"iis.webserver.process.virtual_bytes\", \"id\": \"55ef6fb1-857e-11ea-87b6-db4d36ae5839\", \"type\": \"avg\"}], \"point_size\": \"0\", \"separate_axis\": 0, \"split_mode\": \"everything\", \"stacked\": \"none\", \"type\": \"timeseries\"}, {\"axis_position\": \"right\", \"chart_type\": \"line\", \"color\": \"rgba(149,0,188,1)\", \"fill\": \"0\", \"formatter\": \"bytes\", \"id\": \"7501b0c0-857e-11ea-87b6-db4d36ae5839\", \"label\": \"Working Set\", \"line_width\": \"2\", \"metrics\": [{\"field\": \"iis.webserver.process.working_set\", \"id\": \"7501b0c1-857e-11ea-87b6-db4d36ae5839\", \"type\": \"avg\"}], \"point_size\": \"\", \"separate_axis\": 0, \"split_mode\": \"everything\", \"stacked\": \"none\", \"type\": \"timeseries\"}], \"show_grid\": 1, \"show_legend\": 1, \"time_field\": \"@timestamp\", \"type\": \"timeseries\"}, \"title\": \"Webserver Process Memory Usage [Metricbeat IIS]\", \"type\": \"metrics\"}"
            },
            "id": "e4d91170-858f-11ea-91bc-ab084c7ec0e7",
            "migrationVersion": {
                "visualization": "7.4.2"
            },
            "references": [],
            "type": "visualization",
            "updated_at": "2020-04-24T13:07:25.601Z",
            "version": "WzUyNiwxXQ=="
        },
        {
            "attributes": {
                "description": "",
                "kibanaSavedObjectMeta": {
                    "searchSourceJSON": "{\"filter\": [], \"query\": {\"language\": \"kuery\", \"query\": \"\"}}"
                },
                "title": "Webserver Process CPU Usage [Metricbeat IIS]",
                "uiStateJSON": "{}",
                "version": 1,
                "visState": "{\"aggs\": [], \"params\": {\"axis_formatter\": \"number\", \"axis_min\": 0, \"axis_position\": \"left\", \"axis_scale\": \"normal\", \"default_index_pattern\": \"metricbeat-*\", \"default_timefield\": \"@timestamp\", \"filter\": {\"language\": \"kuery\", \"query\": \"\"}, \"id\": \"c9fd65d0-32e8-11ea-84f4-e9593f8ba8f6\", \"index_pattern\": \"metricbeat-*\", \"interval\": \"\", \"isModelInvalid\": false, \"series\": [{\"axis_position\": \"right\", \"chart_type\": \"line\", \"color\": \"#3185FC\", \"fill\": \"0\", \"formatter\": \"percent\", \"id\": \"c9fd8ce0-32e8-11ea-84f4-e9593f8ba8f6\", \"label\": \"CPU Usage\", \"line_width\": \"2\", \"metrics\": [{\"field\": \"iis.webserver.process.cpu_usage_perc\", \"id\": \"c9fd8ce1-32e8-11ea-84f4-e9593f8ba8f6\", \"type\": \"avg\"}], \"point_size\": 0, \"separate_axis\": 0, \"split_color_mode\": \"rainbow\", \"split_mode\": \"everything\", \"stacked\": \"none\", \"terms_field\": null, \"type\": \"timeseries\", \"value_template\": \"{{value}}\"}], \"show_grid\": 1, \"show_legend\": 1, \"time_field\": \"@timestamp\", \"type\": \"timeseries\"}, \"title\": \"Webserver Process CPU Usage [Metricbeat IIS]\", \"type\": \"metrics\"}"
            },
            "id": "2dd099f0-858d-11ea-91bc-ab084c7ec0e7",
            "migrationVersion": {
                "visualization": "7.4.2"
            },
            "references": [],
            "type": "visualization",
            "updated_at": "2020-04-24T13:07:25.601Z",
            "version": "WzUyNSwxXQ=="
        }
    ],
    "version": "7.6.2"
}