{
    "objects": [
        {
            "attributes": {
                "description": "An overview dashboards of all key metrics included in the Tomcat Metricbeat module",
                "hits": 0,
                "kibanaSavedObjectMeta": {
                    "searchSourceJSON": "{\"filter\": [], \"query\": {\"language\": \"kuery\", \"query\": \"\"}}"
                },
                "optionsJSON": "{\"hidePanelTitles\": false, \"useMargins\": true}",
                "panelsJSON": "[{\"embeddableConfig\": {}, \"gridData\": {\"h\": 9, \"i\": \"1\", \"w\": 18, \"x\": 16, \"y\": 18}, \"panelIndex\": \"1\", \"panelRefName\": \"panel_0\", \"title\": \"Other Memory usage\", \"version\": \"8.0.0-SNAPSHOT\"}, {\"embeddableConfig\": {}, \"gridData\": {\"h\": 9, \"i\": \"2\", \"w\": 25, \"x\": 0, \"y\": 0}, \"panelIndex\": \"2\", \"panelRefName\": \"panel_1\", \"title\": \"Heap memory usage\", \"version\": \"8.0.0-SNAPSHOT\"}, {\"embeddableConfig\": {}, \"gridData\": {\"h\": 9, \"i\": \"3\", \"w\": 16, \"x\": 0, \"y\": 18}, \"panelIndex\": \"3\", \"panelRefName\": \"panel_2\", \"title\": \"Total Threads\", \"version\": \"8.0.0-SNAPSHOT\"}, {\"embeddableConfig\": {}, \"gridData\": {\"h\": 9, \"i\": \"5\", \"w\": 14, \"x\": 34, \"y\": 18}, \"panelIndex\": \"5\", \"panelRefName\": \"panel_3\", \"title\": \"Cache Size\", \"version\": \"8.0.0-SNAPSHOT\"}, {\"embeddableConfig\": {}, \"gridData\": {\"h\": 9, \"i\": \"6\", \"w\": 23, \"x\": 25, \"y\": 0}, \"panelIndex\": \"6\", \"panelRefName\": \"panel_4\", \"title\": \"Total requests\", \"version\": \"8.0.0-SNAPSHOT\"}, {\"embeddableConfig\": {}, \"gridData\": {\"h\": 9, \"i\": \"7\", \"w\": 16, \"x\": 0, \"y\": 9}, \"panelIndex\": \"7\", \"panelRefName\": \"panel_5\", \"title\": \"Bytes sent/received\", \"version\": \"8.0.0-SNAPSHOT\"}, {\"embeddableConfig\": {}, \"gridData\": {\"h\": 9, \"i\": \"8\", \"w\": 18, \"x\": 16, \"y\": 9}, \"panelIndex\": \"8\", \"panelRefName\": \"panel_6\", \"title\": \"Processing time ms\", \"version\": \"8.0.0-SNAPSHOT\"}, {\"embeddableConfig\": {}, \"gridData\": {\"h\": 9, \"i\": \"9\", \"w\": 14, \"x\": 34, \"y\": 9}, \"panelIndex\": \"9\", \"panelRefName\": \"panel_7\", \"title\": \"Cache Hit Total\", \"version\": \"8.0.0-SNAPSHOT\"}]",
                "timeRestore": false,
                "title": "[Metricbeat Tomcat] Overview",
                "version": 1
            },
            "id": "b7675d90-ec34-11e9-a4bb-7b5324058fcc",
            "migrationVersion": {
                "dashboard": "7.3.0"
            },
            "references": [
                {
                    "id": "618130c0-ec31-11e9-a4bb-7b5324058fcc",
                    "name": "panel_0",
                    "type": "visualization"
                },
                {
                    "id": "e037f620-ec30-11e9-a4bb-7b5324058fcc",
                    "name": "panel_1",
                    "type": "visualization"
                },
                {
                    "id": "17ec8fd0-ec32-11e9-a4bb-7b5324058fcc",
                    "name": "panel_2",
                    "type": "visualization"
                },
                {
                    "id": "b3e833d0-ec32-11e9-a4bb-7b5324058fcc",
                    "name": "panel_3",
                    "type": "visualization"
                },
                {
                    "id": "9d0616e0-ec33-11e9-a4bb-7b5324058fcc",
                    "name": "panel_4",
                    "type": "visualization"
                },
                {
                    "id": "7bcc3ae0-ec33-11e9-a4bb-7b5324058fcc",
                    "name": "panel_5",
                    "type": "visualization"
                },
                {
                    "id": "9343a810-ec34-11e9-a4bb-7b5324058fcc",
                    "name": "panel_6",
                    "type": "visualization"
                },
                {
                    "id": "38f55440-ec33-11e9-a4bb-7b5324058fcc",
                    "name": "panel_7",
                    "type": "visualization"
                }
            ],
            "type": "dashboard",
            "updated_at": "2020-02-06T17:15:24.232Z",
            "version": "WzEzMDUsNV0="
        },
        {
            "attributes": {
                "description": "",
                "kibanaSavedObjectMeta": {
                    "searchSourceJSON": "{\"filter\": [], \"query\": {\"language\": \"kuery\", \"query\": \"\"}}"
                },
                "title": "Other Memory usage [Metricbeat Tomcat]",
                "uiStateJSON": "{}",
                "version": 1,
                "visState": "{\"aggs\": [], \"params\": {\"axis_formatter\": \"number\", \"axis_position\": \"left\", \"axis_scale\": \"normal\", \"default_index_pattern\": \"metricbeat-*\", \"default_timefield\": \"@timestamp\", \"id\": \"61ca57f0-469d-11e7-af02-69e470af7417\", \"index_pattern\": \"metricbeat-*\", \"interval\": \"\", \"legend_position\": \"right\", \"series\": [{\"axis_position\": \"right\", \"chart_type\": \"line\", \"color\": \"rgba(159,5,0,1)\", \"fill\": 0.5, \"formatter\": \"bytes\", \"id\": \"61ca57f1-469d-11e7-af02-69e470af7417\", \"label\": \"Used\", \"line_width\": 1, \"metrics\": [{\"field\": \"tomcat.memory.other.usage.used\", \"id\": \"61ca57f2-469d-11e7-af02-69e470af7417\", \"type\": \"avg\"}], \"point_size\": 1, \"separate_axis\": 0, \"split_mode\": \"everything\", \"stacked\": \"none\", \"value_template\": \"{{value/1024}}\"}, {\"axis_position\": \"right\", \"chart_type\": \"line\", \"color\": \"#68BC00\", \"fill\": 0.5, \"formatter\": \"bytes\", \"id\": \"f34791d0-ec30-11e9-a38d-abb22848ef7c\", \"label\": \"Committed\", \"line_width\": 1, \"metrics\": [{\"field\": \"tomcat.memory.other.usage.committed\", \"id\": \"f34791d1-ec30-11e9-a38d-abb22848ef7c\", \"type\": \"avg\"}], \"point_size\": 1, \"separate_axis\": 0, \"split_mode\": \"everything\", \"stacked\": \"none\", \"value_template\": \"{{value/1024}}\"}, {\"axis_position\": \"right\", \"chart_type\": \"line\", \"color\": \"rgba(115,216,255,1)\", \"fill\": 0.5, \"formatter\": \"bytes\", \"hidden\": false, \"id\": \"2acecf60-ec31-11e9-a38d-abb22848ef7c\", \"label\": \"Init\", \"line_width\": 1, \"metrics\": [{\"field\": \"tomcat.memory.other.usage.init\", \"id\": \"2acecf61-ec31-11e9-a38d-abb22848ef7c\", \"type\": \"avg\"}], \"point_size\": 1, \"separate_axis\": 0, \"split_mode\": \"everything\", \"stacked\": \"none\", \"value_template\": \"{{value/1024}}\"}, {\"axis_position\": \"right\", \"chart_type\": \"line\", \"color\": \"rgba(226,115,0,1)\", \"fill\": 0.5, \"formatter\": \"bytes\", \"id\": \"36d48200-ec31-11e9-a38d-abb22848ef7c\", \"label\": \"Max\", \"line_width\": 1, \"metrics\": [{\"field\": \"tomcat.memory.other.usage.max\", \"id\": \"36d48201-ec31-11e9-a38d-abb22848ef7c\", \"type\": \"avg\"}], \"point_size\": 1, \"separate_axis\": 0, \"split_mode\": \"everything\", \"stacked\": \"none\", \"value_template\": \"{{value/1024}}\"}], \"show_grid\": 1, \"show_legend\": 1, \"time_field\": \"\", \"type\": \"timeseries\"}, \"title\": \"Other Memory usage [Metricbeat Tomcat]\", \"type\": \"metrics\"}"
            },
            "id": "618130c0-ec31-11e9-a4bb-7b5324058fcc",
            "migrationVersion": {
                "visualization": "7.4.2"
            },
            "references": [],
            "type": "visualization",
            "updated_at": "2020-02-06T17:15:24.232Z",
            "version": "WzEzMDYsNV0="
        },
        {
            "attributes": {
                "description": "",
                "kibanaSavedObjectMeta": {
                    "searchSourceJSON": "{\"filter\": [], \"query\": {\"language\": \"kuery\", \"query\": \"\"}}"
                },
                "title": "Heap memory usage [Metricbeat Tomcat]",
                "uiStateJSON": "{}",
                "version": 1,
                "visState": "{\"aggs\": [], \"params\": {\"axis_formatter\": \"number\", \"axis_position\": \"left\", \"axis_scale\": \"normal\", \"default_index_pattern\": \"metricbeat-*\", \"default_timefield\": \"@timestamp\", \"id\": \"61ca57f0-469d-11e7-af02-69e470af7417\", \"index_pattern\": \"metricbeat-*\", \"interval\": \"\", \"series\": [{\"axis_position\": \"right\", \"chart_type\": \"line\", \"color\": \"rgba(159,5,0,1)\", \"fill\": 0.5, \"formatter\": \"bytes\", \"id\": \"9057a880-ec30-11e9-a38d-abb22848ef7c\", \"label\": \"Used\", \"line_width\": 1, \"metrics\": [{\"field\": \"tomcat.memory.heap.usage.used\", \"id\": \"9057a881-ec30-11e9-a38d-abb22848ef7c\", \"type\": \"avg\"}], \"point_size\": 1, \"separate_axis\": 0, \"split_mode\": \"everything\", \"stacked\": \"none\", \"value_template\": \"{{value/1024}}\"}, {\"axis_position\": \"right\", \"chart_type\": \"line\", \"color\": \"#68BC00\", \"fill\": 0.5, \"formatter\": \"bytes\", \"id\": \"61ca57f1-469d-11e7-af02-69e470af7417\", \"label\": \"Committed\", \"line_width\": 1, \"metrics\": [{\"field\": \"tomcat.memory.heap.usage.committed\", \"id\": \"61ca57f2-469d-11e7-af02-69e470af7417\", \"type\": \"avg\"}], \"point_size\": 1, \"separate_axis\": 0, \"split_mode\": \"everything\", \"stacked\": \"none\", \"value_template\": \"{{value/1024}}\"}, {\"axis_position\": \"right\", \"chart_type\": \"line\", \"color\": \"rgba(115,216,255,1)\", \"fill\": 0.5, \"formatter\": \"bytes\", \"id\": \"78d8a4c0-ec30-11e9-a38d-abb22848ef7c\", \"label\": \"Init\", \"line_width\": 1, \"metrics\": [{\"field\": \"tomcat.memory.heap.usage.init\", \"id\": \"78d8cbd0-ec30-11e9-a38d-abb22848ef7c\", \"type\": \"avg\"}], \"point_size\": 1, \"separate_axis\": 0, \"split_mode\": \"everything\", \"stacked\": \"none\", \"value_template\": \"{{value/1024}}\"}, {\"axis_position\": \"right\", \"chart_type\": \"line\", \"color\": \"rgba(254,146,0,1)\", \"fill\": 0.5, \"formatter\": \"bytes\", \"id\": \"855cd630-ec30-11e9-a38d-abb22848ef7c\", \"label\": \"Max\", \"line_width\": 1, \"metrics\": [{\"field\": \"tomcat.memory.heap.usage.max\", \"id\": \"855cd631-ec30-11e9-a38d-abb22848ef7c\", \"type\": \"avg\"}], \"point_size\": 1, \"separate_axis\": 0, \"split_mode\": \"everything\", \"stacked\": \"none\", \"value_template\": \"{{value/1024}}\"}], \"show_grid\": 1, \"show_legend\": 1, \"time_field\": \"\", \"type\": \"timeseries\"}, \"title\": \"Heap memory usage [Metricbeat Tomcat]\", \"type\": \"metrics\"}"
            },
            "id": "e037f620-ec30-11e9-a4bb-7b5324058fcc",
            "migrationVersion": {
                "visualization": "7.4.2"
            },
            "references": [],
            "type": "visualization",
            "updated_at": "2020-02-06T17:15:24.232Z",
            "version": "WzEzMDcsNV0="
        },
        {
            "attributes": {
                "description": "",
                "kibanaSavedObjectMeta": {
                    "searchSourceJSON": "{\"filter\": [], \"query\": {\"language\": \"kuery\", \"query\": \"\"}}"
                },
                "title": "Total Threads [Metricbeat Tomcat]",
                "uiStateJSON": "{}",
                "version": 1,
                "visState": "{\"aggs\": [], \"params\": {\"axis_formatter\": \"number\", \"axis_position\": \"left\", \"axis_scale\": \"normal\", \"default_index_pattern\": \"metricbeat-*\", \"default_timefield\": \"@timestamp\", \"id\": \"61ca57f0-469d-11e7-af02-69e470af7417\", \"index_pattern\": \"metricbeat-*\", \"interval\": \"\", \"legend_position\": \"bottom\", \"series\": [{\"axis_position\": \"right\", \"chart_type\": \"line\", \"color\": \"#68BC00\", \"fill\": 0.5, \"formatter\": \"number\", \"hide_in_legend\": 0, \"id\": \"61ca57f1-469d-11e7-af02-69e470af7417\", \"label\": \"Total\", \"line_width\": 1, \"metrics\": [{\"field\": \"tomcat.threading.total\", \"id\": \"61ca57f2-469d-11e7-af02-69e470af7417\", \"type\": \"avg\"}], \"point_size\": 1, \"separate_axis\": 0, \"split_mode\": \"everything\", \"stacked\": \"none\", \"steps\": 0, \"terms_field\": \"tomcat.threading.mbean\"}, {\"axis_position\": \"right\", \"chart_type\": \"line\", \"color\": \"rgba(244,78,59,1)\", \"fill\": 0.5, \"formatter\": \"number\", \"id\": \"2e15eea0-ec32-11e9-a38d-abb22848ef7c\", \"label\": \"Peak\", \"line_width\": 1, \"metrics\": [{\"field\": \"tomcat.threading.peak\", \"id\": \"2e15eea1-ec32-11e9-a38d-abb22848ef7c\", \"type\": \"avg\"}], \"point_size\": 1, \"separate_axis\": 0, \"split_mode\": \"everything\", \"stacked\": \"none\"}], \"show_grid\": 1, \"show_legend\": 1, \"time_field\": \"\", \"type\": \"timeseries\"}, \"title\": \"Total Threads [Metricbeat Tomcat]\", \"type\": \"metrics\"}"
            },
            "id": "17ec8fd0-ec32-11e9-a4bb-7b5324058fcc",
            "migrationVersion": {
                "visualization": "7.4.2"
            },
            "references": [],
            "type": "visualization",
            "updated_at": "2020-02-06T17:15:24.232Z",
            "version": "WzEzMDgsNV0="
        },
        {
            "attributes": {
                "description": "",
                "kibanaSavedObjectMeta": {
                    "searchSourceJSON": "{\"filter\": [], \"query\": {\"language\": \"kuery\", \"query\": \"\"}}"
                },
                "title": "Cache Size [Metricbeat Tomcat]",
                "uiStateJSON": "{}",
                "version": 1,
                "visState": "{\"aggs\": [], \"params\": {\"axis_formatter\": \"number\", \"axis_position\": \"left\", \"axis_scale\": \"normal\", \"default_index_pattern\": \"metricbeat-*\", \"default_timefield\": \"@timestamp\", \"id\": \"61ca57f0-469d-11e7-af02-69e470af7417\", \"index_pattern\": \"metricbeat-*\", \"interval\": \"\", \"legend_position\": \"bottom\", \"series\": [{\"axis_position\": \"right\", \"chart_type\": \"line\", \"color\": \"#68BC00\", \"fill\": 0.5, \"formatter\": \"bytes\", \"id\": \"814df2c0-ec32-11e9-a38d-abb22848ef7c\", \"label\": \"Total\", \"line_width\": 1, \"metrics\": [{\"field\": \"tomcat.cache.size.total.kb\", \"id\": \"814df2c1-ec32-11e9-a38d-abb22848ef7c\", \"type\": \"avg\"}], \"point_size\": 1, \"separate_axis\": 0, \"split_mode\": \"everything\", \"stacked\": \"none\", \"value_template\": \"{{value/1024}}\"}, {\"axis_position\": \"right\", \"chart_type\": \"line\", \"color\": \"rgba(254,146,0,1)\", \"fill\": 0.5, \"formatter\": \"bytes\", \"id\": \"61ca57f1-469d-11e7-af02-69e470af7417\", \"label\": \"Max\", \"line_width\": 1, \"metrics\": [{\"field\": \"tomcat.cache.size.max.kb\", \"id\": \"61ca57f2-469d-11e7-af02-69e470af7417\", \"type\": \"avg\"}], \"point_size\": 1, \"separate_axis\": 0, \"split_mode\": \"everything\", \"stacked\": \"none\", \"value_template\": \"{{value/1024}}\"}], \"show_grid\": 1, \"show_legend\": 1, \"time_field\": \"\", \"type\": \"timeseries\"}, \"title\": \"Cache Size [Metricbeat Tomcat]\", \"type\": \"metrics\"}"
            },
            "id": "b3e833d0-ec32-11e9-a4bb-7b5324058fcc",
            "migrationVersion": {
                "visualization": "7.4.2"
            },
            "references": [],
            "type": "visualization",
            "updated_at": "2020-02-06T17:15:24.232Z",
            "version": "WzEzMDksNV0="
        },
        {
            "attributes": {
                "description": "",
                "kibanaSavedObjectMeta": {
                    "searchSourceJSON": "{\"filter\": [], \"query\": {\"language\": \"kuery\", \"query\": \"\"}}"
                },
                "title": "Total requests [Metricbeat Tomcat]",
                "uiStateJSON": "{}",
                "version": 1,
                "visState": "{\"aggs\": [], \"params\": {\"axis_formatter\": \"number\", \"axis_position\": \"left\", \"axis_scale\": \"normal\", \"default_index_pattern\": \"metricbeat-*\", \"default_timefield\": \"@timestamp\", \"id\": \"61ca57f0-469d-11e7-af02-69e470af7417\", \"index_pattern\": \"metricbeat-*\", \"interval\": \"\", \"isModelInvalid\": false, \"legend_position\": \"bottom\", \"series\": [{\"axis_position\": \"right\", \"chart_type\": \"line\", \"color\": \"#68BC00\", \"fill\": 0.5, \"formatter\": \"number\", \"hidden\": false, \"id\": \"a2ae7420-ec33-11e9-a38d-abb22848ef7c\", \"label\": \"Total\", \"line_width\": 1, \"metrics\": [{\"field\": \"tomcat.requests.total\", \"id\": \"a2ae7421-ec33-11e9-a38d-abb22848ef7c\", \"mode\": \"raw\", \"sigma\": \"1\", \"type\": \"avg\"}, {\"field\": \"a2ae7421-ec33-11e9-a38d-abb22848ef7c\", \"id\": \"40d82510-ee8c-11e9-a452-e36b1c5ca82b\", \"type\": \"derivative\", \"unit\": \"\"}, {\"field\": \"40d82510-ee8c-11e9-a452-e36b1c5ca82b\", \"id\": \"a3934920-ee94-11e9-a452-e36b1c5ca82b\", \"type\": \"positive_only\", \"unit\": \"\"}], \"point_size\": 1, \"separate_axis\": 0, \"split_mode\": \"everything\", \"stacked\": \"none\", \"type\": \"timeseries\"}, {\"axis_position\": \"right\", \"chart_type\": \"line\", \"color\": \"rgba(244,78,59,1)\", \"fill\": 0.5, \"formatter\": \"number\", \"id\": \"61ca57f1-469d-11e7-af02-69e470af7417\", \"label\": \"Errors\", \"line_width\": 1, \"metrics\": [{\"field\": \"tomcat.requests.errors.total\", \"id\": \"61ca57f2-469d-11e7-af02-69e470af7417\", \"type\": \"avg\"}, {\"field\": \"61ca57f2-469d-11e7-af02-69e470af7417\", \"id\": \"be872850-ee94-11e9-a452-e36b1c5ca82b\", \"type\": \"derivative\", \"unit\": \"\"}, {\"field\": \"be872850-ee94-11e9-a452-e36b1c5ca82b\", \"id\": \"c2290730-ee94-11e9-a452-e36b1c5ca82b\", \"type\": \"positive_only\", \"unit\": \"\"}], \"point_size\": 1, \"separate_axis\": 0, \"split_mode\": \"everything\", \"stacked\": \"none\", \"type\": \"timeseries\"}], \"show_grid\": 1, \"show_legend\": 1, \"time_field\": \"\", \"type\": \"timeseries\"}, \"title\": \"Total requests [Metricbeat Tomcat]\", \"type\": \"metrics\"}"
            },
            "id": "9d0616e0-ec33-11e9-a4bb-7b5324058fcc",
            "migrationVersion": {
                "visualization": "7.4.2"
            },
            "references": [],
            "type": "visualization",
            "updated_at": "2020-02-06T17:46:49.245Z",
            "version": "WzE4MzAsNV0="
        },
        {
            "attributes": {
                "description": "",
                "kibanaSavedObjectMeta": {
                    "searchSourceJSON": "{\"filter\": [], \"query\": {\"language\": \"kuery\", \"query\": \"\"}}"
                },
                "title": "Bytes sent/received [Metricbeat Tomcat]",
                "uiStateJSON": "{}",
                "version": 1,
                "visState": "{\"aggs\": [], \"params\": {\"axis_formatter\": \"number\", \"axis_position\": \"left\", \"axis_scale\": \"normal\", \"default_index_pattern\": \"metricbeat-*\", \"default_timefield\": \"@timestamp\", \"id\": \"61ca57f0-469d-11e7-af02-69e470af7417\", \"index_pattern\": \"metricbeat-*\", \"interval\": \"\", \"isModelInvalid\": false, \"legend_position\": \"bottom\", \"series\": [{\"axis_position\": \"right\", \"chart_type\": \"line\", \"color\": \"#68BC00\", \"fill\": 0.5, \"formatter\": \"number\", \"id\": \"61ca57f1-469d-11e7-af02-69e470af7417\", \"label\": \"Received\", \"line_width\": 1, \"metrics\": [{\"field\": \"tomcat.requests.bytes.sent\", \"id\": \"61ca57f2-469d-11e7-af02-69e470af7417\", \"type\": \"avg\"}, {\"field\": \"61ca57f2-469d-11e7-af02-69e470af7417\", \"id\": \"a0d8b6a0-ee8c-11e9-a452-e36b1c5ca82b\", \"type\": \"derivative\", \"unit\": \"\"}, {\"field\": \"a0d8b6a0-ee8c-11e9-a452-e36b1c5ca82b\", \"id\": \"e3099fa0-ee94-11e9-a452-e36b1c5ca82b\", \"type\": \"positive_only\", \"unit\": \"\"}], \"point_size\": 1, \"separate_axis\": 0, \"split_mode\": \"everything\", \"stacked\": \"none\", \"type\": \"timeseries\"}, {\"axis_position\": \"right\", \"chart_type\": \"line\", \"color\": \"rgba(115,216,255,1)\", \"fill\": 0.5, \"formatter\": \"number\", \"id\": \"5310fbe0-ec33-11e9-a38d-abb22848ef7c\", \"label\": \"Sent\", \"line_width\": 1, \"metrics\": [{\"field\": \"tomcat.requests.bytes.received\", \"id\": \"5310fbe1-ec33-11e9-a38d-abb22848ef7c\", \"type\": \"avg\"}, {\"field\": \"5310fbe1-ec33-11e9-a38d-abb22848ef7c\", \"id\": \"bbfe0610-ee8c-11e9-a452-e36b1c5ca82b\", \"type\": \"derivative\", \"unit\": \"\"}, {\"field\": \"bbfe0610-ee8c-11e9-a452-e36b1c5ca82b\", \"id\": \"e6da0890-ee94-11e9-a452-e36b1c5ca82b\", \"type\": \"positive_only\", \"unit\": \"\"}], \"point_size\": 1, \"separate_axis\": 0, \"split_mode\": \"everything\", \"stacked\": \"none\", \"type\": \"timeseries\"}], \"show_grid\": 1, \"show_legend\": 1, \"time_field\": \"\", \"type\": \"timeseries\"}, \"title\": \"Bytes sent/received [Metricbeat Tomcat]\", \"type\": \"metrics\"}"
            },
            "id": "7bcc3ae0-ec33-11e9-a4bb-7b5324058fcc",
            "migrationVersion": {
                "visualization": "7.4.2"
            },
            "references": [],
            "type": "visualization",
            "updated_at": "2020-02-06T17:46:17.902Z",
            "version": "WzE4MjEsNV0="
        },
        {
            "attributes": {
                "description": "",
                "kibanaSavedObjectMeta": {
                    "searchSourceJSON": "{\"filter\": [], \"query\": {\"language\": \"kuery\", \"query\": \"\"}}"
                },
                "title": "Processing time ms [Metricbeat Tomcat]",
                "uiStateJSON": "{}",
                "version": 1,
                "visState": "{\"aggs\": [], \"params\": {\"axis_formatter\": \"number\", \"axis_position\": \"left\", \"axis_scale\": \"normal\", \"default_index_pattern\": \"metricbeat-*\", \"default_timefield\": \"@timestamp\", \"id\": \"61ca57f0-469d-11e7-af02-69e470af7417\", \"index_pattern\": \"metricbeat-*\", \"interval\": \"\", \"isModelInvalid\": false, \"series\": [{\"axis_position\": \"right\", \"chart_type\": \"line\", \"color\": \"#68BC00\", \"fill\": 0.5, \"formatter\": \"ms,ms,3\", \"id\": \"61ca57f1-469d-11e7-af02-69e470af7417\", \"label\": \"\", \"line_width\": 1, \"metrics\": [{\"field\": \"tomcat.requests.processing.ms\", \"id\": \"61ca57f2-469d-11e7-af02-69e470af7417\", \"type\": \"avg\"}, {\"field\": \"61ca57f2-469d-11e7-af02-69e470af7417\", \"id\": \"cbb9e2e0-ee8c-11e9-a452-e36b1c5ca82b\", \"type\": \"derivative\", \"unit\": \"\"}, {\"field\": \"cbb9e2e0-ee8c-11e9-a452-e36b1c5ca82b\", \"id\": \"d0327910-ee94-11e9-a452-e36b1c5ca82b\", \"type\": \"positive_only\", \"unit\": \"\"}], \"point_size\": 1, \"separate_axis\": 0, \"split_mode\": \"everything\", \"stacked\": \"none\", \"type\": \"timeseries\"}], \"show_grid\": 1, \"show_legend\": 0, \"time_field\": \"\", \"type\": \"timeseries\"}, \"title\": \"Processing time ms [Metricbeat Tomcat]\", \"type\": \"metrics\"}"
            },
            "id": "9343a810-ec34-11e9-a4bb-7b5324058fcc",
            "migrationVersion": {
                "visualization": "7.4.2"
            },
            "references": [],
            "type": "visualization",
            "updated_at": "2020-02-06T17:45:36.872Z",
            "version": "WzE4MTQsNV0="
        },
        {
            "attributes": {
                "description": "",
                "kibanaSavedObjectMeta": {
                    "searchSourceJSON": "{\"filter\": [], \"query\": {\"language\": \"kuery\", \"query\": \"\"}}"
                },
                "title": "Cache Hit Total [Metricbeat Tomcat]",
                "uiStateJSON": "{}",
                "version": 1,
                "visState": "{\"aggs\": [], \"params\": {\"axis_formatter\": \"number\", \"axis_position\": \"left\", \"axis_scale\": \"normal\", \"default_index_pattern\": \"metricbeat-*\", \"default_timefield\": \"@timestamp\", \"id\": \"61ca57f0-469d-11e7-af02-69e470af7417\", \"index_pattern\": \"metricbeat-*\", \"interval\": \"\", \"series\": [{\"axis_position\": \"right\", \"chart_type\": \"line\", \"color\": \"#68BC00\", \"fill\": 0.5, \"formatter\": \"number\", \"id\": \"61ca57f1-469d-11e7-af02-69e470af7417\", \"label\": \"Total\", \"line_width\": 1, \"metrics\": [{\"field\": \"tomcat.cache.hit.total\", \"id\": \"61ca57f2-469d-11e7-af02-69e470af7417\", \"type\": \"avg\"}], \"point_size\": 1, \"separate_axis\": 0, \"split_mode\": \"everything\", \"stacked\": \"none\"}], \"show_grid\": 1, \"show_legend\": 0, \"time_field\": \"\", \"type\": \"timeseries\"}, \"title\": \"Cache Hit Total [Metricbeat Tomcat]\", \"type\": \"metrics\"}"
            },
            "id": "38f55440-ec33-11e9-a4bb-7b5324058fcc",
            "migrationVersion": {
                "visualization": "7.4.2"
            },
            "references": [],
            "type": "visualization",
            "updated_at": "2020-02-06T17:15:24.232Z",
            "version": "WzEzMTMsNV0="
        }
    ],
    "version": "8.0.0-SNAPSHOT"
}