{
    "objects": [
        {
            "attributes": {
                "description": "Overview of Consul",
                "hits": 0,
                "kibanaSavedObjectMeta": {
                    "searchSourceJSON": "{\"filter\": [], \"query\": {\"language\": \"lucene\", \"query\": \"\"}}"
                },
                "optionsJSON": "{\"hidePanelTitles\": false, \"useMargins\": true}",
                "panelsJSON": "[{\"embeddableConfig\": {}, \"gridData\": {\"h\": 15, \"i\": \"1\", \"w\": 24, \"x\": 0, \"y\": 0}, \"panelIndex\": \"1\", \"panelRefName\": \"panel_0\", \"title\": \"Garbage Collector stats\", \"version\": \"7.0.0-SNAPSHOT\"}, {\"embeddableConfig\": {}, \"gridData\": {\"h\": 15, \"i\": \"2\", \"w\": 16, \"x\": 15, \"y\": 15}, \"panelIndex\": \"2\", \"panelRefName\": \"panel_1\", \"title\": \"Goroutines\", \"version\": \"7.0.0-SNAPSHOT\"}, {\"embeddableConfig\": {}, \"gridData\": {\"h\": 15, \"i\": \"3\", \"w\": 24, \"x\": 24, \"y\": 0}, \"panelIndex\": \"3\", \"panelRefName\": \"panel_2\", \"title\": \"Bytes Allocated\", \"version\": \"7.0.0-SNAPSHOT\"}, {\"embeddableConfig\": {}, \"gridData\": {\"h\": 15, \"i\": \"4\", \"w\": 17, \"x\": 31, \"y\": 15}, \"panelIndex\": \"4\", \"panelRefName\": \"panel_3\", \"title\": \"Heap Objects\", \"version\": \"7.0.0-SNAPSHOT\"}, {\"embeddableConfig\": {}, \"gridData\": {\"h\": 15, \"i\": \"5\", \"w\": 15, \"x\": 0, \"y\": 15}, \"panelIndex\": \"5\", \"panelRefName\": \"panel_4\", \"title\": \"Bytes of memory obtained from the OS\", \"version\": \"7.0.0-SNAPSHOT\"}, {\"embeddableConfig\": {}, \"gridData\": {\"h\": 15, \"i\": \"6\", \"w\": 16, \"x\": 31, \"y\": 30}, \"panelIndex\": \"6\", \"panelRefName\": \"panel_5\", \"title\": \"Malloc count\", \"version\": \"7.0.0-SNAPSHOT\"}, {\"embeddableConfig\": {}, \"gridData\": {\"h\": 15, \"i\": \"7\", \"w\": 14, \"x\": 0, \"y\": 30}, \"panelIndex\": \"7\", \"panelRefName\": \"panel_6\", \"title\": \"Garbage Collector pause ms\", \"version\": \"7.0.0-SNAPSHOT\"}, {\"embeddableConfig\": {}, \"gridData\": {\"h\": 15, \"i\": \"8\", \"w\": 17, \"x\": 14, \"y\": 30}, \"panelIndex\": \"8\", \"panelRefName\": \"panel_7\", \"title\": \"Garbage Collector Runs\", \"version\": \"7.0.0-SNAPSHOT\"}]",
                "timeRestore": false,
                "title": "[Metricbeat Consul] Overview",
                "version": 1
            },
            "id": "6d0cf140-2deb-11e9-bf7e-f35bf5d2e71b",
            "migrationVersion": {
                "dashboard": "7.0.0"
            },
            "references": [
                {
                    "id": "dda0c950-2dea-11e9-bf7e-f35bf5d2e71b",
                    "name": "panel_0",
                    "type": "visualization"
                },
                {
                    "id": "ea842730-2de9-11e9-bf7e-f35bf5d2e71b",
                    "name": "panel_1",
                    "type": "visualization"
                },
                {
                    "id": "6c39d4b0-2de9-11e9-bf7e-f35bf5d2e71b",
                    "name": "panel_2",
                    "type": "visualization"
                },
                {
                    "id": "37c75bc0-2dea-11e9-bf7e-f35bf5d2e71b",
                    "name": "panel_3",
                    "type": "visualization"
                },
                {
                    "id": "69b29820-2dea-11e9-bf7e-f35bf5d2e71b",
                    "name": "panel_4",
                    "type": "visualization"
                },
                {
                    "id": "8ab67000-2dea-11e9-bf7e-f35bf5d2e71b",
                    "name": "panel_5",
                    "type": "visualization"
                },
                {
                    "id": "d275dbc0-2de9-11e9-bf7e-f35bf5d2e71b",
                    "name": "panel_6",
                    "type": "visualization"
                },
                {
                    "id": "1e97c1d0-2dea-11e9-bf7e-f35bf5d2e71b",
                    "name": "panel_7",
                    "type": "visualization"
                }
            ],
            "type": "dashboard",
            "updated_at": "2019-02-11T10:55:39.323Z",
            "version": "WzU5NywzXQ=="
        },
        {
            "attributes": {
                "description": "",
                "kibanaSavedObjectMeta": {
                    "searchSourceJSON": "{\"filter\": [], \"query\": {\"language\": \"lucene\", \"query\": \"\"}}"
                },
                "title": "Garbage Collector stats [Metricbeat Consul]",
                "uiStateJSON": "{}",
                "version": 1,
                "visState": "{\"aggs\": [], \"params\": {\"axis_formatter\": \"number\", \"axis_position\": \"left\", \"axis_scale\": \"normal\", \"id\": \"61ca57f0-469d-11e7-af02-69e470af7417\", \"index_pattern\": \"metricbeat-*\", \"interval\": \"auto\", \"series\": [{\"axis_position\": \"right\", \"chart_type\": \"line\", \"color\": \"#68BC00\", \"fill\": \"0\", \"formatter\": \"ns,ms,2\", \"id\": \"61ca57f1-469d-11e7-af02-69e470af7417\", \"label\": \"Pause time\", \"line_width\": \"1\", \"metrics\": [{\"field\": \"consul.agent.runtime.garbage_collector.pause.current.ns\", \"id\": \"61ca57f2-469d-11e7-af02-69e470af7417\", \"type\": \"avg\"}], \"point_size\": 1, \"separate_axis\": 0, \"split_mode\": \"everything\", \"stacked\": \"none\", \"value_template\": \"{{value}} ms\"}, {\"axis_position\": \"right\", \"chart_type\": \"bar\", \"color\": \"rgba(115,216,255,1)\", \"fill\": \"0.5\", \"formatter\": \"number\", \"id\": \"9728a010-2dea-11e9-83ed-b7c793d35de5\", \"label\": \"Runs\", \"line_width\": 1, \"metrics\": [{\"field\": \"consul.agent.runtime.garbage_collector.runs\", \"id\": \"9728a011-2dea-11e9-83ed-b7c793d35de5\", \"type\": \"sum\"}, {\"field\": \"9728a011-2dea-11e9-83ed-b7c793d35de5\", \"id\": \"9ed22480-2dea-11e9-83ed-b7c793d35de5\", \"type\": \"derivative\", \"unit\": \"\"}], \"point_size\": 1, \"separate_axis\": 1, \"split_mode\": \"everything\", \"stacked\": \"none\", \"steps\": 1}], \"show_grid\": 1, \"show_legend\": 1, \"time_field\": \"@timestamp\", \"type\": \"timeseries\"}, \"title\": \"Garbage Collector stats [Metricbeat Consul]\", \"type\": \"metrics\"}"
            },
            "id": "dda0c950-2dea-11e9-bf7e-f35bf5d2e71b",
            "migrationVersion": {
                "visualization": "7.0.0"
            },
            "references": [],
            "type": "visualization",
            "updated_at": "2019-02-11T10:55:03.187Z",
            "version": "WzU5NSwzXQ=="
        },
        {
            "attributes": {
                "description": "",
                "kibanaSavedObjectMeta": {
                    "searchSourceJSON": "{\"filter\": [], \"query\": {\"language\": \"lucene\", \"query\": \"\"}}"
                },
                "title": "Goroutines [Metricbeat Consul]",
                "uiStateJSON": "{}",
                "version": 1,
                "visState": "{\"aggs\": [], \"params\": {\"axis_formatter\": \"number\", \"axis_min\": \"0\", \"axis_position\": \"left\", \"axis_scale\": \"normal\", \"id\": \"61ca57f0-469d-11e7-af02-69e470af7417\", \"index_pattern\": \"metricbeat-*\", \"interval\": \"auto\", \"series\": [{\"axis_position\": \"right\", \"chart_type\": \"line\", \"color\": \"#68BC00\", \"fill\": 0.5, \"formatter\": \"number\", \"id\": \"61ca57f1-469d-11e7-af02-69e470af7417\", \"label\": \"Goroutines\", \"line_width\": 1, \"metrics\": [{\"field\": \"consul.agent.runtime.goroutines\", \"id\": \"61ca57f2-469d-11e7-af02-69e470af7417\", \"type\": \"avg\"}], \"point_size\": 1, \"separate_axis\": 0, \"split_mode\": \"everything\", \"stacked\": \"none\"}], \"show_grid\": 1, \"show_legend\": 1, \"time_field\": \"@timestamp\", \"type\": \"timeseries\"}, \"title\": \"Goroutines [Metricbeat Consul]\", \"type\": \"metrics\"}"
            },
            "id": "ea842730-2de9-11e9-bf7e-f35bf5d2e71b",
            "migrationVersion": {
                "visualization": "7.0.0"
            },
            "references": [],
            "type": "visualization",
            "updated_at": "2019-02-11T10:43:49.667Z",
            "version": "WzU4NywzXQ=="
        },
        {
            "attributes": {
                "description": "",
                "kibanaSavedObjectMeta": {
                    "searchSourceJSON": "{\"filter\": [], \"query\": {\"language\": \"lucene\", \"query\": \"\"}}"
                },
                "title": "Bytes Allocated [Metricbeat Consul]",
                "uiStateJSON": "{}",
                "version": 1,
                "visState": "{\"aggs\": [], \"params\": {\"axis_formatter\": \"number\", \"axis_min\": \"0\", \"axis_position\": \"left\", \"axis_scale\": \"normal\", \"id\": \"61ca57f0-469d-11e7-af02-69e470af7417\", \"index_pattern\": \"metricbeat-*\", \"interval\": \"auto\", \"series\": [{\"axis_position\": \"right\", \"chart_type\": \"line\", \"color\": \"#68BC00\", \"fill\": 0.5, \"formatter\": \"bytes\", \"id\": \"61ca57f1-469d-11e7-af02-69e470af7417\", \"label\": \"Bytes allocated\", \"line_width\": 1, \"metrics\": [{\"field\": \"consul.agent.runtime.alloc.bytes\", \"id\": \"61ca57f2-469d-11e7-af02-69e470af7417\", \"type\": \"avg\"}], \"point_size\": 1, \"separate_axis\": 0, \"split_mode\": \"everything\", \"stacked\": \"none\"}], \"show_grid\": 1, \"show_legend\": 1, \"time_field\": \"@timestamp\", \"type\": \"timeseries\"}, \"title\": \"Bytes Allocated [Metricbeat Consul]\", \"type\": \"metrics\"}"
            },
            "id": "6c39d4b0-2de9-11e9-bf7e-f35bf5d2e71b",
            "migrationVersion": {
                "visualization": "7.0.0"
            },
            "references": [],
            "type": "visualization",
            "updated_at": "2019-02-11T10:40:41.790Z",
            "version": "WzU4NSwzXQ=="
        },
        {
            "attributes": {
                "description": "",
                "kibanaSavedObjectMeta": {
                    "searchSourceJSON": "{\"filter\": [], \"query\": {\"language\": \"lucene\", \"query\": \"\"}}"
                },
                "title": "Heap Objects [Metricbeat Consul]",
                "uiStateJSON": "{}",
                "version": 1,
                "visState": "{\"aggs\": [], \"params\": {\"axis_formatter\": \"number\", \"axis_min\": \"0\", \"axis_position\": \"left\", \"axis_scale\": \"normal\", \"id\": \"61ca57f0-469d-11e7-af02-69e470af7417\", \"index_pattern\": \"metricbeat-*\", \"interval\": \"auto\", \"series\": [{\"axis_position\": \"right\", \"chart_type\": \"line\", \"color\": \"#68BC00\", \"fill\": 0.5, \"formatter\": \"number\", \"id\": \"61ca57f1-469d-11e7-af02-69e470af7417\", \"label\": \"Heap Objects\", \"line_width\": 1, \"metrics\": [{\"field\": \"consul.agent.runtime.heap_objects\", \"id\": \"61ca57f2-469d-11e7-af02-69e470af7417\", \"type\": \"avg\"}], \"point_size\": 1, \"separate_axis\": 0, \"split_mode\": \"everything\", \"stacked\": \"none\"}], \"show_grid\": 1, \"show_legend\": 1, \"time_field\": \"@timestamp\", \"type\": \"timeseries\"}, \"title\": \"Heap Objects [Metricbeat Consul]\", \"type\": \"metrics\"}"
            },
            "id": "37c75bc0-2dea-11e9-bf7e-f35bf5d2e71b",
            "migrationVersion": {
                "visualization": "7.0.0"
            },
            "references": [],
            "type": "visualization",
            "updated_at": "2019-02-11T10:45:59.292Z",
            "version": "WzU4OSwzXQ=="
        },
        {
            "attributes": {
                "description": "",
                "kibanaSavedObjectMeta": {
                    "searchSourceJSON": "{\"filter\": [], \"query\": {\"language\": \"lucene\", \"query\": \"\"}}"
                },
                "title": "Bytes of memory obtained from the OS [Metricbeat Consul]",
                "uiStateJSON": "{}",
                "version": 1,
                "visState": "{\"aggs\": [], \"params\": {\"axis_formatter\": \"number\", \"axis_min\": \"0\", \"axis_position\": \"left\", \"axis_scale\": \"normal\", \"id\": \"61ca57f0-469d-11e7-af02-69e470af7417\", \"index_pattern\": \"metricbeat-*\", \"interval\": \"auto\", \"series\": [{\"axis_position\": \"right\", \"chart_type\": \"line\", \"color\": \"#68BC00\", \"fill\": 0.5, \"formatter\": \"bytes\", \"id\": \"61ca57f1-469d-11e7-af02-69e470af7417\", \"label\": \"Bytes of memory obtained from the OS\", \"line_width\": 1, \"metrics\": [{\"field\": \"consul.agent.runtime.sys.bytes\", \"id\": \"61ca57f2-469d-11e7-af02-69e470af7417\", \"type\": \"avg\"}], \"point_size\": 1, \"separate_axis\": 0, \"split_mode\": \"everything\", \"stacked\": \"none\"}], \"show_grid\": 1, \"show_legend\": 1, \"time_field\": \"@timestamp\", \"type\": \"timeseries\"}, \"title\": \"Bytes of memory obtained from the OS [Metricbeat Consul]\", \"type\": \"metrics\"}"
            },
            "id": "69b29820-2dea-11e9-bf7e-f35bf5d2e71b",
            "migrationVersion": {
                "visualization": "7.0.0"
            },
            "references": [],
            "type": "visualization",
            "updated_at": "2019-02-11T10:47:23.042Z",
            "version": "WzU5MCwzXQ=="
        },
        {
            "attributes": {
                "description": "",
                "kibanaSavedObjectMeta": {
                    "searchSourceJSON": "{\"filter\": [], \"query\": {\"language\": \"lucene\", \"query\": \"\"}}"
                },
                "title": "Malloc count [Metricbeat Consul]",
                "uiStateJSON": "{}",
                "version": 1,
                "visState": "{\"aggs\": [], \"params\": {\"axis_formatter\": \"number\", \"axis_min\": \"0\", \"axis_position\": \"left\", \"axis_scale\": \"normal\", \"id\": \"61ca57f0-469d-11e7-af02-69e470af7417\", \"index_pattern\": \"metricbeat-*\", \"interval\": \"auto\", \"series\": [{\"axis_position\": \"right\", \"chart_type\": \"line\", \"color\": \"#68BC00\", \"fill\": 0.5, \"formatter\": \"number\", \"id\": \"61ca57f1-469d-11e7-af02-69e470af7417\", \"label\": \"Malloc Count\", \"line_width\": 1, \"metrics\": [{\"field\": \"consul.agent.runtime.malloc_count\", \"id\": \"61ca57f2-469d-11e7-af02-69e470af7417\", \"type\": \"sum\"}, {\"field\": \"61ca57f2-469d-11e7-af02-69e470af7417\", \"id\": \"7a6e0aa0-2dea-11e9-83ed-b7c793d35de5\", \"type\": \"derivative\", \"unit\": \"\"}], \"point_size\": 1, \"separate_axis\": 0, \"split_mode\": \"everything\", \"stacked\": \"none\"}], \"show_grid\": 1, \"show_legend\": 1, \"time_field\": \"@timestamp\", \"type\": \"timeseries\"}, \"title\": \"Malloc count [Metricbeat Consul]\", \"type\": \"metrics\"}"
            },
            "id": "8ab67000-2dea-11e9-bf7e-f35bf5d2e71b",
            "migrationVersion": {
                "visualization": "7.0.0"
            },
            "references": [],
            "type": "visualization",
            "updated_at": "2019-02-11T10:48:18.432Z",
            "version": "WzU5MSwzXQ=="
        },
        {
            "attributes": {
                "description": "",
                "kibanaSavedObjectMeta": {
                    "searchSourceJSON": "{\"filter\": [], \"query\": {\"language\": \"lucene\", \"query\": \"\"}}"
                },
                "title": "Garbage Collector pause ms [Metricbeat Consul]",
                "uiStateJSON": "{}",
                "version": 1,
                "visState": "{\"aggs\": [], \"params\": {\"axis_formatter\": \"number\", \"axis_min\": \"0\", \"axis_position\": \"left\", \"axis_scale\": \"normal\", \"id\": \"61ca57f0-469d-11e7-af02-69e470af7417\", \"index_pattern\": \"metricbeat-*\", \"interval\": \"auto\", \"series\": [{\"axis_position\": \"right\", \"chart_type\": \"line\", \"color\": \"#68BC00\", \"fill\": 0.5, \"formatter\": \"ns,ms,4\", \"id\": \"61ca57f1-469d-11e7-af02-69e470af7417\", \"label\": \"Garbage Collector pause\", \"line_width\": 1, \"metrics\": [{\"field\": \"consul.agent.runtime.garbage_collector.pause.current.ns\", \"id\": \"61ca57f2-469d-11e7-af02-69e470af7417\", \"type\": \"avg\"}], \"point_size\": 1, \"separate_axis\": 0, \"split_mode\": \"everything\", \"stacked\": \"none\", \"value_template\": \"{{value}} ms\"}], \"show_grid\": 1, \"show_legend\": 1, \"time_field\": \"@timestamp\", \"type\": \"timeseries\"}, \"title\": \"Garbage Collector pause ms [Metricbeat Consul]\", \"type\": \"metrics\"}"
            },
            "id": "d275dbc0-2de9-11e9-bf7e-f35bf5d2e71b",
            "migrationVersion": {
                "visualization": "7.0.0"
            },
            "references": [],
            "type": "visualization",
            "updated_at": "2019-02-11T10:43:09.308Z",
            "version": "WzU4NiwzXQ=="
        },
        {
            "attributes": {
                "description": "",
                "kibanaSavedObjectMeta": {
                    "searchSourceJSON": "{\"filter\": [], \"query\": {\"language\": \"lucene\", \"query\": \"\"}}"
                },
                "title": "Garbage Collector Runs [Metricbeat Consul]",
                "uiStateJSON": "{}",
                "version": 1,
                "visState": "{\"aggs\": [], \"params\": {\"axis_formatter\": \"number\", \"axis_min\": \"0\", \"axis_position\": \"left\", \"axis_scale\": \"normal\", \"id\": \"61ca57f0-469d-11e7-af02-69e470af7417\", \"index_pattern\": \"metricbeat-*\", \"interval\": \"auto\", \"series\": [{\"axis_position\": \"right\", \"chart_type\": \"line\", \"color\": \"#68BC00\", \"fill\": 0.5, \"formatter\": \"number\", \"id\": \"61ca57f1-469d-11e7-af02-69e470af7417\", \"label\": \"Garbage Collector Runs\", \"line_width\": 1, \"metrics\": [{\"field\": \"consul.agent.runtime.garbage_collector.runs\", \"id\": \"61ca57f2-469d-11e7-af02-69e470af7417\", \"type\": \"sum\"}, {\"field\": \"61ca57f2-469d-11e7-af02-69e470af7417\", \"id\": \"ffaa1fc0-2de9-11e9-83ed-b7c793d35de5\", \"type\": \"derivative\", \"unit\": \"\"}], \"point_size\": 1, \"separate_axis\": 0, \"split_mode\": \"everything\", \"stacked\": \"none\", \"steps\": 1}], \"show_grid\": 1, \"show_legend\": 1, \"time_field\": \"@timestamp\", \"type\": \"timeseries\"}, \"title\": \"Garbage Collector Runs [Metricbeat Consul]\", \"type\": \"metrics\"}"
            },
            "id": "1e97c1d0-2dea-11e9-bf7e-f35bf5d2e71b",
            "migrationVersion": {
                "visualization": "7.0.0"
            },
            "references": [],
            "type": "visualization",
            "updated_at": "2019-02-11T10:51:44.187Z",
            "version": "WzU5MywzXQ=="
        }
    ],
    "version": "7.0.0-SNAPSHOT"
}