{
    "objects": [
        {
            "attributes": {
                "description": "Provides relevant app insights metrics for web applications",
                "hits": 0,
                "kibanaSavedObjectMeta": {
                    "searchSourceJSON": "{\"filter\": [{\"$state\": {\"store\": \"appState\"}, \"meta\": {\"alias\": null, \"controlledBy\": \"1532342651170\", \"disabled\": false, \"indexRefName\": \"kibanaSavedObjectMeta.searchSourceJSON.filter[0].meta.index\", \"key\": \"azure.app_state.application_id\", \"negate\": false, \"params\": {\"query\": \"42cb59a9-d5be-400b-a5c4-69b0a0026ac6\"}, \"type\": \"phrase\"}, \"query\": {\"match_phrase\": {\"azure.app_state.application_id\": \"42cb59a9-d5be-400b-a5c4-69b0a0026ac6\"}}}], \"query\": {\"language\": \"kuery\", \"query\": \"\"}}"
                },
                "optionsJSON": "{\"hidePanelTitles\": false, \"useMargins\": true}",
                "panelsJSON": "[{\"embeddableConfig\": {\"title\": \"\"}, \"gridData\": {\"h\": 15, \"i\": \"307a1ecd-284c-4f35-9a3c-d5b77c9a9c82\", \"w\": 7, \"x\": 0, \"y\": 0}, \"panelIndex\": \"307a1ecd-284c-4f35-9a3c-d5b77c9a9c82\", \"panelRefName\": \"panel_0\", \"version\": \"7.9.2\"}, {\"embeddableConfig\": {\"title\": \"Exceptions\"}, \"gridData\": {\"h\": 15, \"i\": \"654e745f-360d-4898-89b6-57f788c5f540\", \"w\": 20, \"x\": 7, \"y\": 0}, \"panelIndex\": \"654e745f-360d-4898-89b6-57f788c5f540\", \"panelRefName\": \"panel_1\", \"title\": \"Exceptions\", \"version\": \"7.9.2\"}, {\"embeddableConfig\": {\"title\": \"Available Memory\"}, \"gridData\": {\"h\": 15, \"i\": \"5adca737-559d-4b4f-9fa7-58841daa99c5\", \"w\": 21, \"x\": 27, \"y\": 0}, \"panelIndex\": \"5adca737-559d-4b4f-9fa7-58841daa99c5\", \"panelRefName\": \"panel_2\", \"title\": \"Available Memory\", \"version\": \"7.9.2\"}, {\"embeddableConfig\": {\"title\": \"\"}, \"gridData\": {\"h\": 15, \"i\": \"531cf244-45e0-43c3-9920-8f32397bd973\", \"w\": 8, \"x\": 0, \"y\": 15}, \"panelIndex\": \"531cf244-45e0-43c3-9920-8f32397bd973\", \"panelRefName\": \"panel_3\", \"version\": \"7.9.2\"}, {\"embeddableConfig\": {\"title\": \"\"}, \"gridData\": {\"h\": 15, \"i\": \"b9242495-babc-48a7-9ad7-56c62b1dc117\", \"w\": 8, \"x\": 8, \"y\": 15}, \"panelIndex\": \"b9242495-babc-48a7-9ad7-56c62b1dc117\", \"panelRefName\": \"panel_4\", \"version\": \"7.9.2\"}, {\"embeddableConfig\": {\"title\": \"\"}, \"gridData\": {\"h\": 15, \"i\": \"d311025a-f5c5-4e48-9f1c-710f59264c43\", \"w\": 8, \"x\": 16, \"y\": 15}, \"panelIndex\": \"d311025a-f5c5-4e48-9f1c-710f59264c43\", \"panelRefName\": \"panel_5\", \"version\": \"7.9.2\"}, {\"embeddableConfig\": {\"title\": \"Requests\"}, \"gridData\": {\"h\": 15, \"i\": \"48974418-b1f7-4050-921e-a83771e125ae\", \"w\": 24, \"x\": 24, \"y\": 15}, \"panelIndex\": \"48974418-b1f7-4050-921e-a83771e125ae\", \"panelRefName\": \"panel_6\", \"title\": \"Requests\", \"version\": \"7.9.2\"}, {\"embeddableConfig\": {\"title\": \"Browser Send/Receive Duration\"}, \"gridData\": {\"h\": 15, \"i\": \"39d20db1-316a-4ff3-811a-5571cb4497c3\", \"w\": 24, \"x\": 0, \"y\": 30}, \"panelIndex\": \"39d20db1-316a-4ff3-811a-5571cb4497c3\", \"panelRefName\": \"panel_7\", \"title\": \"Browser Send/Receive Duration\", \"version\": \"7.9.2\"}, {\"embeddableConfig\": {\"title\": \"Browser Networking/Processing Duration\"}, \"gridData\": {\"h\": 15, \"i\": \"bc810208-0395-4c70-9057-d7307e064e43\", \"w\": 24, \"x\": 24, \"y\": 30}, \"panelIndex\": \"bc810208-0395-4c70-9057-d7307e064e43\", \"panelRefName\": \"panel_8\", \"title\": \"Browser Networking/Processing Duration\", \"version\": \"7.9.2\"}, {\"embeddableConfig\": {\"title\": \"Process CPU Usage\"}, \"gridData\": {\"h\": 15, \"i\": \"ecf6fbfa-ba65-481e-af85-07fd9d5feb5f\", \"w\": 24, \"x\": 0, \"y\": 45}, \"panelIndex\": \"ecf6fbfa-ba65-481e-af85-07fd9d5feb5f\", \"panelRefName\": \"panel_9\", \"title\": \"Process CPU Usage\", \"version\": \"7.9.2\"}, {\"embeddableConfig\": {\"title\": \"Process Private Bytes\"}, \"gridData\": {\"h\": 15, \"i\": \"40a1b80b-cd62-446d-91aa-a971bb3769e7\", \"w\": 24, \"x\": 24, \"y\": 45}, \"panelIndex\": \"40a1b80b-cd62-446d-91aa-a971bb3769e7\", \"panelRefName\": \"panel_10\", \"title\": \"Process Private Bytes\", \"version\": \"7.9.2\"}]",
                "timeRestore": false,
                "title": "[Metricbeat Azure] App State Overview",
                "version": 1
            },
            "id": "d5fbd610-03d9-11eb-8034-63f2039e9d3f",
            "migrationVersion": {
                "dashboard": "7.3.0"
            },
            "namespaces": [
                "default"
            ],
            "references": [
                {
                    "id": "metricbeat-*",
                    "name": "kibanaSavedObjectMeta.searchSourceJSON.filter[0].meta.index",
                    "type": "index-pattern"
                },
                {
                    "id": "2e5183a0-03da-11eb-8034-63f2039e9d3f",
                    "name": "panel_0",
                    "type": "visualization"
                },
                {
                    "id": "1064f9a0-04a5-11eb-8034-63f2039e9d3f",
                    "name": "panel_1",
                    "type": "lens"
                },
                {
                    "id": "76cc1d70-04a7-11eb-8034-63f2039e9d3f",
                    "name": "panel_2",
                    "type": "lens"
                },
                {
                    "id": "a89c8fd0-03ec-11eb-8034-63f2039e9d3f",
                    "name": "panel_3",
                    "type": "lens"
                },
                {
                    "id": "cb5ec410-03ed-11eb-8034-63f2039e9d3f",
                    "name": "panel_4",
                    "type": "lens"
                },
                {
                    "id": "0df175c0-03ee-11eb-8034-63f2039e9d3f",
                    "name": "panel_5",
                    "type": "lens"
                },
                {
                    "id": "f0678020-04a2-11eb-8034-63f2039e9d3f",
                    "name": "panel_6",
                    "type": "lens"
                },
                {
                    "id": "e2704140-04a3-11eb-8034-63f2039e9d3f",
                    "name": "panel_7",
                    "type": "lens"
                },
                {
                    "id": "0e74dee0-04a4-11eb-8034-63f2039e9d3f",
                    "name": "panel_8",
                    "type": "lens"
                },
                {
                    "id": "cfa361a0-04a8-11eb-8034-63f2039e9d3f",
                    "name": "panel_9",
                    "type": "lens"
                },
                {
                    "id": "2b54b2c0-04a8-11eb-8034-63f2039e9d3f",
                    "name": "panel_10",
                    "type": "lens"
                }
            ],
            "type": "dashboard",
            "updated_at": "2020-10-02T12:22:06.090Z",
            "version": "WzMzMDEsMl0="
        },
        {
            "attributes": {
                "description": "",
                "kibanaSavedObjectMeta": {
                    "searchSourceJSON": "{\"filter\": [{\"$state\": {\"store\": \"appState\"}, \"meta\": {\"alias\": null, \"controlledBy\": \"1532342651170\", \"disabled\": false, \"indexRefName\": \"kibanaSavedObjectMeta.searchSourceJSON.filter[0].meta.index\", \"key\": \"azure.application_id\", \"negate\": false, \"params\": {\"query\": \"42cb59a9-d5be-400b-a5c4-69b0a0026ac6\"}, \"type\": \"phrase\"}, \"query\": {\"match_phrase\": {\"azure.application_id\": \"42cb59a9-d5be-400b-a5c4-69b0a0026ac6\"}}}], \"query\": {\"language\": \"kuery\", \"query\": \"\"}}"
                },
                "title": "App State Filters [Metricbeat Azure]",
                "uiStateJSON": "{}",
                "version": 1,
                "visState": "{\"aggs\": [], \"params\": {\"controls\": [{\"fieldName\": \"azure.application_id\", \"id\": \"1532342651170\", \"indexPatternRefName\": \"control_0_index_pattern\", \"label\": \"Application ID\", \"options\": {\"multiselect\": true, \"order\": \"desc\", \"size\": 10, \"type\": \"terms\"}, \"parent\": \"\", \"type\": \"list\"}, {\"fieldName\": \"azure.dimensions.request_url_host\", \"id\": \"1601559750853\", \"indexPatternRefName\": \"control_1_index_pattern\", \"label\": \"Host URL\", \"options\": {\"dynamicOptions\": true, \"multiselect\": true, \"order\": \"desc\", \"size\": 5, \"type\": \"terms\"}, \"parent\": \"1532342651170\", \"type\": \"list\"}, {\"fieldName\": \"azure.dimensions.cloud_role_name\", \"id\": \"1601640368472\", \"indexPatternRefName\": \"control_2_index_pattern\", \"label\": \"Name\", \"options\": {\"dynamicOptions\": true, \"multiselect\": true, \"order\": \"desc\", \"size\": 5, \"type\": \"terms\"}, \"parent\": \"1532342651170\", \"type\": \"list\"}, {\"fieldName\": \"azure.dimensions.browser_timing_url_host\", \"id\": \"1601640439434\", \"indexPatternRefName\": \"control_3_index_pattern\", \"label\": \"Browser URL Host\", \"options\": {\"dynamicOptions\": true, \"multiselect\": true, \"order\": \"desc\", \"size\": 5, \"type\": \"terms\"}, \"parent\": \"1532342651170\", \"type\": \"list\"}], \"pinFilters\": false, \"updateFiltersOnChange\": true, \"useTimeFilter\": false}, \"title\": \"App State Filters [Metricbeat Azure]\", \"type\": \"input_control_vis\"}"
            },
            "id": "2e5183a0-03da-11eb-8034-63f2039e9d3f",
            "migrationVersion": {
                "visualization": "7.8.0"
            },
            "namespaces": [
                "default"
            ],
            "references": [
                {
                    "id": "metricbeat-*",
                    "name": "kibanaSavedObjectMeta.searchSourceJSON.filter[0].meta.index",
                    "type": "index-pattern"
                },
                {
                    "id": "metricbeat-*",
                    "name": "control_0_index_pattern",
                    "type": "index-pattern"
                },
                {
                    "id": "metricbeat-*",
                    "name": "control_1_index_pattern",
                    "type": "index-pattern"
                },
                {
                    "id": "metricbeat-*",
                    "name": "control_2_index_pattern",
                    "type": "index-pattern"
                },
                {
                    "id": "metricbeat-*",
                    "name": "control_3_index_pattern",
                    "type": "index-pattern"
                }
            ],
            "type": "visualization",
            "updated_at": "2020-10-02T12:22:51.232Z",
            "version": "WzMzMTIsMl0="
        },
        {
            "attributes": {
                "description": "",
                "expression": "kibana\n| kibana_context  query=\"{\\\"query\\\":\\\"\\\",\\\"language\\\":\\\"kuery\\\"}\" filters=\"[]\"\n| lens_merge_tables layerIds=\"85644d0a-8011-45af-a751-7961b8bdd071\" \n  tables={esaggs index=\"metricbeat-*\" metricsAtAllLevels=true partialRows=true includeFormatHints=true timeFields=\"@timestamp\" aggConfigs=\"[{\\\"id\\\":\\\"bcbccc16-d042-40fa-a9b2-0f09268281ff\\\",\\\"enabled\\\":true,\\\"type\\\":\\\"date_histogram\\\",\\\"schema\\\":\\\"segment\\\",\\\"params\\\":{\\\"field\\\":\\\"@timestamp\\\",\\\"useNormalizedEsInterval\\\":true,\\\"interval\\\":\\\"auto\\\",\\\"drop_partials\\\":false,\\\"min_doc_count\\\":0,\\\"extended_bounds\\\":{}}},{\\\"id\\\":\\\"5788331a-267d-426a-a68e-94a5310af644\\\",\\\"enabled\\\":true,\\\"type\\\":\\\"terms\\\",\\\"schema\\\":\\\"segment\\\",\\\"params\\\":{\\\"field\\\":\\\"azure.dimensions.exception_type\\\",\\\"orderBy\\\":\\\"b0d8f2d4-91f3-469c-8bcb-962a9fb48fba\\\",\\\"order\\\":\\\"desc\\\",\\\"size\\\":3,\\\"otherBucket\\\":false,\\\"otherBucketLabel\\\":\\\"Other\\\",\\\"missingBucket\\\":false,\\\"missingBucketLabel\\\":\\\"Missing\\\"}},{\\\"id\\\":\\\"b0d8f2d4-91f3-469c-8bcb-962a9fb48fba\\\",\\\"enabled\\\":true,\\\"type\\\":\\\"avg\\\",\\\"schema\\\":\\\"metric\\\",\\\"params\\\":{\\\"field\\\":\\\"azure.app_state.exceptions_count.sum\\\",\\\"missing\\\":0}},{\\\"id\\\":\\\"e5c93c50-bb0a-4609-a7ce-7003f2f9a20e\\\",\\\"enabled\\\":true,\\\"type\\\":\\\"avg\\\",\\\"schema\\\":\\\"metric\\\",\\\"params\\\":{\\\"field\\\":\\\"azure.app_state.exceptions_server.sum\\\",\\\"missing\\\":0}},{\\\"id\\\":\\\"9e183a5e-3dba-4929-b07e-2a3321f7926b\\\",\\\"enabled\\\":true,\\\"type\\\":\\\"avg\\\",\\\"schema\\\":\\\"metric\\\",\\\"params\\\":{\\\"field\\\":\\\"azure.app_state.exceptions_browser.sum\\\",\\\"missing\\\":0}}]\" | lens_rename_columns idMap=\"{\\\"col-0-bcbccc16-d042-40fa-a9b2-0f09268281ff\\\":{\\\"label\\\":\\\"@timestamp\\\",\\\"dataType\\\":\\\"date\\\",\\\"operationType\\\":\\\"date_histogram\\\",\\\"suggestedPriority\\\":1,\\\"sourceField\\\":\\\"@timestamp\\\",\\\"isBucketed\\\":true,\\\"scale\\\":\\\"interval\\\",\\\"params\\\":{\\\"interval\\\":\\\"auto\\\"},\\\"id\\\":\\\"bcbccc16-d042-40fa-a9b2-0f09268281ff\\\"},\\\"col-4-5788331a-267d-426a-a68e-94a5310af644\\\":{\\\"label\\\":\\\"Type\\\",\\\"dataType\\\":\\\"string\\\",\\\"operationType\\\":\\\"terms\\\",\\\"scale\\\":\\\"ordinal\\\",\\\"sourceField\\\":\\\"azure.dimensions.exception_type\\\",\\\"isBucketed\\\":true,\\\"params\\\":{\\\"size\\\":3,\\\"orderBy\\\":{\\\"type\\\":\\\"column\\\",\\\"columnId\\\":\\\"b0d8f2d4-91f3-469c-8bcb-962a9fb48fba\\\"},\\\"orderDirection\\\":\\\"desc\\\"},\\\"customLabel\\\":true,\\\"id\\\":\\\"5788331a-267d-426a-a68e-94a5310af644\\\"},\\\"col-5-b0d8f2d4-91f3-469c-8bcb-962a9fb48fba\\\":{\\\"label\\\":\\\"Total\\\",\\\"dataType\\\":\\\"number\\\",\\\"operationType\\\":\\\"avg\\\",\\\"sourceField\\\":\\\"azure.app_state.exceptions_count.sum\\\",\\\"isBucketed\\\":false,\\\"scale\\\":\\\"ratio\\\",\\\"customLabel\\\":true,\\\"id\\\":\\\"b0d8f2d4-91f3-469c-8bcb-962a9fb48fba\\\"},\\\"col-6-e5c93c50-bb0a-4609-a7ce-7003f2f9a20e\\\":{\\\"label\\\":\\\"Server \\\",\\\"dataType\\\":\\\"number\\\",\\\"operationType\\\":\\\"avg\\\",\\\"sourceField\\\":\\\"azure.app_state.exceptions_server.sum\\\",\\\"isBucketed\\\":false,\\\"scale\\\":\\\"ratio\\\",\\\"customLabel\\\":true,\\\"id\\\":\\\"e5c93c50-bb0a-4609-a7ce-7003f2f9a20e\\\"},\\\"col-7-9e183a5e-3dba-4929-b07e-2a3321f7926b\\\":{\\\"label\\\":\\\"Browser\\\",\\\"dataType\\\":\\\"number\\\",\\\"operationType\\\":\\\"avg\\\",\\\"sourceField\\\":\\\"azure.app_state.exceptions_browser.sum\\\",\\\"isBucketed\\\":false,\\\"scale\\\":\\\"ratio\\\",\\\"customLabel\\\":true,\\\"id\\\":\\\"9e183a5e-3dba-4929-b07e-2a3321f7926b\\\"}}\"}\n| lens_xy_chart xTitle=\"@timestamp\" yTitle=\"Total\" legend={lens_xy_legendConfig isVisible=true position=\"right\"} fittingFunction=\"None\" \n  layers={lens_xy_layer layerId=\"85644d0a-8011-45af-a751-7961b8bdd071\" hide=false xAccessor=\"bcbccc16-d042-40fa-a9b2-0f09268281ff\" yScaleType=\"linear\" xScaleType=\"time\" isHistogram=true splitAccessor=\"5788331a-267d-426a-a68e-94a5310af644\"  seriesType=\"area_stacked\" accessors=\"b0d8f2d4-91f3-469c-8bcb-962a9fb48fba\" accessors=\"e5c93c50-bb0a-4609-a7ce-7003f2f9a20e\" accessors=\"9e183a5e-3dba-4929-b07e-2a3321f7926b\" columnToLabel=\"{\\\"b0d8f2d4-91f3-469c-8bcb-962a9fb48fba\\\":\\\"Total\\\",\\\"e5c93c50-bb0a-4609-a7ce-7003f2f9a20e\\\":\\\"Server \\\",\\\"9e183a5e-3dba-4929-b07e-2a3321f7926b\\\":\\\"Browser\\\",\\\"5788331a-267d-426a-a68e-94a5310af644\\\":\\\"Type\\\"}\"}",
                "state": {
                    "datasourceMetaData": {
                        "filterableIndexPatterns": [
                            {
                                "id": "metricbeat-*",
                                "title": "metricbeat-*"
                            }
                        ]
                    },
                    "datasourceStates": {
                        "indexpattern": {
                            "currentIndexPatternId": "metricbeat-*",
                            "layers": {
                                "85644d0a-8011-45af-a751-7961b8bdd071": {
                                    "columnOrder": [
                                        "bcbccc16-d042-40fa-a9b2-0f09268281ff",
                                        "5788331a-267d-426a-a68e-94a5310af644",
                                        "b0d8f2d4-91f3-469c-8bcb-962a9fb48fba",
                                        "e5c93c50-bb0a-4609-a7ce-7003f2f9a20e",
                                        "9e183a5e-3dba-4929-b07e-2a3321f7926b"
                                    ],
                                    "columns": {
                                        "5788331a-267d-426a-a68e-94a5310af644": {
                                            "customLabel": true,
                                            "dataType": "string",
                                            "isBucketed": true,
                                            "label": "Type",
                                            "operationType": "terms",
                                            "params": {
                                                "orderBy": {
                                                    "columnId": "b0d8f2d4-91f3-469c-8bcb-962a9fb48fba",
                                                    "type": "column"
                                                },
                                                "orderDirection": "desc",
                                                "size": 3
                                            },
                                            "scale": "ordinal",
                                            "sourceField": "azure.dimensions.exception_type"
                                        },
                                        "9e183a5e-3dba-4929-b07e-2a3321f7926b": {
                                            "customLabel": true,
                                            "dataType": "number",
                                            "isBucketed": false,
                                            "label": "Browser",
                                            "operationType": "avg",
                                            "scale": "ratio",
                                            "sourceField": "azure.app_state.exceptions_browser.sum"
                                        },
                                        "b0d8f2d4-91f3-469c-8bcb-962a9fb48fba": {
                                            "customLabel": true,
                                            "dataType": "number",
                                            "isBucketed": false,
                                            "label": "Total",
                                            "operationType": "avg",
                                            "scale": "ratio",
                                            "sourceField": "azure.app_state.exceptions_count.sum"
                                        },
                                        "bcbccc16-d042-40fa-a9b2-0f09268281ff": {
                                            "dataType": "date",
                                            "isBucketed": true,
                                            "label": "@timestamp",
                                            "operationType": "date_histogram",
                                            "params": {
                                                "interval": "auto"
                                            },
                                            "scale": "interval",
                                            "sourceField": "@timestamp",
                                            "suggestedPriority": 1
                                        },
                                        "e5c93c50-bb0a-4609-a7ce-7003f2f9a20e": {
                                            "customLabel": true,
                                            "dataType": "number",
                                            "isBucketed": false,
                                            "label": "Server ",
                                            "operationType": "avg",
                                            "scale": "ratio",
                                            "sourceField": "azure.app_state.exceptions_server.sum"
                                        }
                                    },
                                    "indexPatternId": "metricbeat-*"
                                }
                            }
                        }
                    },
                    "filters": [],
                    "query": {
                        "language": "kuery",
                        "query": ""
                    },
                    "visualization": {
                        "fittingFunction": "None",
                        "layers": [
                            {
                                "accessors": [
                                    "b0d8f2d4-91f3-469c-8bcb-962a9fb48fba",
                                    "e5c93c50-bb0a-4609-a7ce-7003f2f9a20e",
                                    "9e183a5e-3dba-4929-b07e-2a3321f7926b"
                                ],
                                "layerId": "85644d0a-8011-45af-a751-7961b8bdd071",
                                "position": "top",
                                "seriesType": "area_stacked",
                                "showGridlines": false,
                                "splitAccessor": "5788331a-267d-426a-a68e-94a5310af644",
                                "xAccessor": "bcbccc16-d042-40fa-a9b2-0f09268281ff"
                            }
                        ],
                        "legend": {
                            "isVisible": true,
                            "position": "right"
                        },
                        "preferredSeriesType": "area_stacked"
                    }
                },
                "title": "App state Exceptions [Metricbeat Azure]",
                "visualizationType": "lnsXY"
            },
            "id": "1064f9a0-04a5-11eb-8034-63f2039e9d3f",
            "migrationVersion": {
                "lens": "7.8.0"
            },
            "namespaces": [
                "default"
            ],
            "references": [],
            "type": "lens",
            "updated_at": "2020-10-02T11:53:16.483Z",
            "version": "WzI5NjMsMl0="
        },
        {
            "attributes": {
                "description": "",
                "expression": "kibana\n| kibana_context  query=\"{\\\"query\\\":\\\"\\\",\\\"language\\\":\\\"kuery\\\"}\" filters=\"[]\"\n| lens_merge_tables layerIds=\"85644d0a-8011-45af-a751-7961b8bdd071\" \n  tables={esaggs index=\"metricbeat-*\" metricsAtAllLevels=true partialRows=true includeFormatHints=true timeFields=\"@timestamp\" aggConfigs=\"[{\\\"id\\\":\\\"bcbccc16-d042-40fa-a9b2-0f09268281ff\\\",\\\"enabled\\\":true,\\\"type\\\":\\\"date_histogram\\\",\\\"schema\\\":\\\"segment\\\",\\\"params\\\":{\\\"field\\\":\\\"@timestamp\\\",\\\"useNormalizedEsInterval\\\":true,\\\"interval\\\":\\\"auto\\\",\\\"drop_partials\\\":false,\\\"min_doc_count\\\":0,\\\"extended_bounds\\\":{}}},{\\\"id\\\":\\\"a1f669d0-c9f2-4bc5-9bdd-e40badd261b9\\\",\\\"enabled\\\":true,\\\"type\\\":\\\"terms\\\",\\\"schema\\\":\\\"segment\\\",\\\"params\\\":{\\\"field\\\":\\\"azure.dimensions.cloud_role_instance\\\",\\\"orderBy\\\":\\\"b0d8f2d4-91f3-469c-8bcb-962a9fb48fba\\\",\\\"order\\\":\\\"desc\\\",\\\"size\\\":3,\\\"otherBucket\\\":false,\\\"otherBucketLabel\\\":\\\"Other\\\",\\\"missingBucket\\\":false,\\\"missingBucketLabel\\\":\\\"Missing\\\"}},{\\\"id\\\":\\\"b0d8f2d4-91f3-469c-8bcb-962a9fb48fba\\\",\\\"enabled\\\":true,\\\"type\\\":\\\"avg\\\",\\\"schema\\\":\\\"metric\\\",\\\"params\\\":{\\\"field\\\":\\\"azure.app_state.performance_counters_memory_available_bytes.avg\\\",\\\"missing\\\":0}}]\" | lens_rename_columns idMap=\"{\\\"col-0-bcbccc16-d042-40fa-a9b2-0f09268281ff\\\":{\\\"label\\\":\\\"@timestamp\\\",\\\"dataType\\\":\\\"date\\\",\\\"operationType\\\":\\\"date_histogram\\\",\\\"suggestedPriority\\\":1,\\\"sourceField\\\":\\\"@timestamp\\\",\\\"isBucketed\\\":true,\\\"scale\\\":\\\"interval\\\",\\\"params\\\":{\\\"interval\\\":\\\"auto\\\"},\\\"id\\\":\\\"bcbccc16-d042-40fa-a9b2-0f09268281ff\\\"},\\\"col-2-a1f669d0-c9f2-4bc5-9bdd-e40badd261b9\\\":{\\\"label\\\":\\\"Instance\\\",\\\"dataType\\\":\\\"string\\\",\\\"operationType\\\":\\\"terms\\\",\\\"scale\\\":\\\"ordinal\\\",\\\"sourceField\\\":\\\"azure.dimensions.cloud_role_instance\\\",\\\"isBucketed\\\":true,\\\"params\\\":{\\\"size\\\":3,\\\"orderBy\\\":{\\\"type\\\":\\\"column\\\",\\\"columnId\\\":\\\"b0d8f2d4-91f3-469c-8bcb-962a9fb48fba\\\"},\\\"orderDirection\\\":\\\"desc\\\"},\\\"customLabel\\\":true,\\\"id\\\":\\\"a1f669d0-c9f2-4bc5-9bdd-e40badd261b9\\\"},\\\"col-3-b0d8f2d4-91f3-469c-8bcb-962a9fb48fba\\\":{\\\"label\\\":\\\"Available memory\\\",\\\"dataType\\\":\\\"number\\\",\\\"operationType\\\":\\\"avg\\\",\\\"sourceField\\\":\\\"azure.app_state.performance_counters_memory_available_bytes.avg\\\",\\\"isBucketed\\\":false,\\\"scale\\\":\\\"ratio\\\",\\\"customLabel\\\":true,\\\"params\\\":{\\\"format\\\":{\\\"id\\\":\\\"bytes\\\",\\\"params\\\":{\\\"decimals\\\":2}}},\\\"id\\\":\\\"b0d8f2d4-91f3-469c-8bcb-962a9fb48fba\\\"}}\" | lens_format_column format=\"bytes\" columnId=\"b0d8f2d4-91f3-469c-8bcb-962a9fb48fba\" decimals=2}\n| lens_xy_chart xTitle=\"@timestamp\" yTitle=\"Available memory\" legend={lens_xy_legendConfig isVisible=true position=\"right\"} fittingFunction=\"None\" \n  layers={lens_xy_layer layerId=\"85644d0a-8011-45af-a751-7961b8bdd071\" hide=false xAccessor=\"bcbccc16-d042-40fa-a9b2-0f09268281ff\" yScaleType=\"linear\" xScaleType=\"time\" isHistogram=true splitAccessor=\"a1f669d0-c9f2-4bc5-9bdd-e40badd261b9\"  seriesType=\"area\" accessors=\"b0d8f2d4-91f3-469c-8bcb-962a9fb48fba\" columnToLabel=\"{\\\"b0d8f2d4-91f3-469c-8bcb-962a9fb48fba\\\":\\\"Available memory\\\",\\\"a1f669d0-c9f2-4bc5-9bdd-e40badd261b9\\\":\\\"Instance\\\"}\"}",
                "state": {
                    "datasourceMetaData": {
                        "filterableIndexPatterns": [
                            {
                                "id": "metricbeat-*",
                                "title": "metricbeat-*"
                            }
                        ]
                    },
                    "datasourceStates": {
                        "indexpattern": {
                            "currentIndexPatternId": "metricbeat-*",
                            "layers": {
                                "85644d0a-8011-45af-a751-7961b8bdd071": {
                                    "columnOrder": [
                                        "bcbccc16-d042-40fa-a9b2-0f09268281ff",
                                        "a1f669d0-c9f2-4bc5-9bdd-e40badd261b9",
                                        "b0d8f2d4-91f3-469c-8bcb-962a9fb48fba"
                                    ],
                                    "columns": {
                                        "a1f669d0-c9f2-4bc5-9bdd-e40badd261b9": {
                                            "customLabel": true,
                                            "dataType": "string",
                                            "isBucketed": true,
                                            "label": "Instance",
                                            "operationType": "terms",
                                            "params": {
                                                "orderBy": {
                                                    "columnId": "b0d8f2d4-91f3-469c-8bcb-962a9fb48fba",
                                                    "type": "column"
                                                },
                                                "orderDirection": "desc",
                                                "size": 3
                                            },
                                            "scale": "ordinal",
                                            "sourceField": "azure.dimensions.cloud_role_instance"
                                        },
                                        "b0d8f2d4-91f3-469c-8bcb-962a9fb48fba": {
                                            "customLabel": true,
                                            "dataType": "number",
                                            "isBucketed": false,
                                            "label": "Available memory",
                                            "operationType": "avg",
                                            "params": {
                                                "format": {
                                                    "id": "bytes",
                                                    "params": {
                                                        "decimals": 2
                                                    }
                                                }
                                            },
                                            "scale": "ratio",
                                            "sourceField": "azure.app_state.performance_counters_memory_available_bytes.avg"
                                        },
                                        "bcbccc16-d042-40fa-a9b2-0f09268281ff": {
                                            "dataType": "date",
                                            "isBucketed": true,
                                            "label": "@timestamp",
                                            "operationType": "date_histogram",
                                            "params": {
                                                "interval": "auto"
                                            },
                                            "scale": "interval",
                                            "sourceField": "@timestamp",
                                            "suggestedPriority": 1
                                        }
                                    },
                                    "indexPatternId": "metricbeat-*"
                                }
                            }
                        }
                    },
                    "filters": [],
                    "query": {
                        "language": "kuery",
                        "query": ""
                    },
                    "visualization": {
                        "fittingFunction": "None",
                        "layers": [
                            {
                                "accessors": [
                                    "b0d8f2d4-91f3-469c-8bcb-962a9fb48fba"
                                ],
                                "layerId": "85644d0a-8011-45af-a751-7961b8bdd071",
                                "position": "top",
                                "seriesType": "area",
                                "showGridlines": false,
                                "splitAccessor": "a1f669d0-c9f2-4bc5-9bdd-e40badd261b9",
                                "xAccessor": "bcbccc16-d042-40fa-a9b2-0f09268281ff"
                            }
                        ],
                        "legend": {
                            "isVisible": true,
                            "position": "right"
                        },
                        "preferredSeriesType": "area"
                    }
                },
                "title": "App state Memory [Metricbeat Azure]",
                "visualizationType": "lnsXY"
            },
            "id": "76cc1d70-04a7-11eb-8034-63f2039e9d3f",
            "migrationVersion": {
                "lens": "7.8.0"
            },
            "namespaces": [
                "default"
            ],
            "references": [],
            "type": "lens",
            "updated_at": "2020-10-02T12:04:46.406Z",
            "version": "WzMwNTcsMl0="
        },
        {
            "attributes": {
                "description": "",
                "expression": "kibana\n| kibana_context  query=\"{\\\"query\\\":\\\"\\\",\\\"language\\\":\\\"kuery\\\"}\" filters=\"[]\"\n| lens_merge_tables layerIds=\"82e648a8-6d9a-4ae0-9449-b802ce1ac723\" \n  tables={esaggs index=\"metricbeat-*\" metricsAtAllLevels=true partialRows=true includeFormatHints=true  aggConfigs=\"[{\\\"id\\\":\\\"d62f1bf0-71b4-41ba-9d9c-dc9f4e478ac1\\\",\\\"enabled\\\":true,\\\"type\\\":\\\"avg\\\",\\\"schema\\\":\\\"metric\\\",\\\"params\\\":{\\\"field\\\":\\\"azure.app_state.users_count.unique\\\",\\\"missing\\\":0}}]\" | lens_rename_columns idMap=\"{\\\"col-0-d62f1bf0-71b4-41ba-9d9c-dc9f4e478ac1\\\":{\\\"label\\\":\\\"Unique users\\\",\\\"dataType\\\":\\\"number\\\",\\\"operationType\\\":\\\"avg\\\",\\\"sourceField\\\":\\\"azure.app_state.users_count.unique\\\",\\\"isBucketed\\\":false,\\\"scale\\\":\\\"ratio\\\",\\\"customLabel\\\":true,\\\"id\\\":\\\"d62f1bf0-71b4-41ba-9d9c-dc9f4e478ac1\\\"}}\"}\n| lens_metric_chart title=\"Unique users\" accessor=\"d62f1bf0-71b4-41ba-9d9c-dc9f4e478ac1\" mode=\"full\"",
                "state": {
                    "datasourceMetaData": {
                        "filterableIndexPatterns": [
                            {
                                "id": "metricbeat-*",
                                "title": "metricbeat-*"
                            }
                        ]
                    },
                    "datasourceStates": {
                        "indexpattern": {
                            "currentIndexPatternId": "metricbeat-*",
                            "layers": {
                                "82e648a8-6d9a-4ae0-9449-b802ce1ac723": {
                                    "columnOrder": [
                                        "d62f1bf0-71b4-41ba-9d9c-dc9f4e478ac1"
                                    ],
                                    "columns": {
                                        "d62f1bf0-71b4-41ba-9d9c-dc9f4e478ac1": {
                                            "customLabel": true,
                                            "dataType": "number",
                                            "isBucketed": false,
                                            "label": "Unique users",
                                            "operationType": "avg",
                                            "scale": "ratio",
                                            "sourceField": "azure.app_state.users_count.unique"
                                        }
                                    },
                                    "indexPatternId": "metricbeat-*"
                                }
                            }
                        }
                    },
                    "filters": [],
                    "query": {
                        "language": "kuery",
                        "query": ""
                    },
                    "visualization": {
                        "accessor": "d62f1bf0-71b4-41ba-9d9c-dc9f4e478ac1",
                        "layerId": "82e648a8-6d9a-4ae0-9449-b802ce1ac723"
                    }
                },
                "title": "App state Unique users [Metricbeat Azure]",
                "visualizationType": "lnsMetric"
            },
            "id": "a89c8fd0-03ec-11eb-8034-63f2039e9d3f",
            "migrationVersion": {
                "lens": "7.8.0"
            },
            "namespaces": [
                "default"
            ],
            "references": [],
            "type": "lens",
            "updated_at": "2020-10-01T13:47:34.093Z",
            "version": "WzEzMzAsMl0="
        },
        {
            "attributes": {
                "description": "",
                "expression": "kibana\n| kibana_context  query=\"{\\\"query\\\":\\\"\\\",\\\"language\\\":\\\"kuery\\\"}\" filters=\"[]\"\n| lens_merge_tables layerIds=\"82e648a8-6d9a-4ae0-9449-b802ce1ac723\" \n  tables={esaggs index=\"metricbeat-*\" metricsAtAllLevels=true partialRows=true includeFormatHints=true  aggConfigs=\"[{\\\"id\\\":\\\"d62f1bf0-71b4-41ba-9d9c-dc9f4e478ac1\\\",\\\"enabled\\\":true,\\\"type\\\":\\\"avg\\\",\\\"schema\\\":\\\"metric\\\",\\\"params\\\":{\\\"field\\\":\\\"azure.app_state.users_authenticated.unique\\\",\\\"missing\\\":0}}]\" | lens_rename_columns idMap=\"{\\\"col-0-d62f1bf0-71b4-41ba-9d9c-dc9f4e478ac1\\\":{\\\"label\\\":\\\"Unique authenticated users\\\",\\\"dataType\\\":\\\"number\\\",\\\"operationType\\\":\\\"avg\\\",\\\"sourceField\\\":\\\"azure.app_state.users_authenticated.unique\\\",\\\"isBucketed\\\":false,\\\"scale\\\":\\\"ratio\\\",\\\"customLabel\\\":true,\\\"id\\\":\\\"d62f1bf0-71b4-41ba-9d9c-dc9f4e478ac1\\\"}}\"}\n| lens_metric_chart title=\"Unique authenticated users\" accessor=\"d62f1bf0-71b4-41ba-9d9c-dc9f4e478ac1\" mode=\"full\"",
                "state": {
                    "datasourceMetaData": {
                        "filterableIndexPatterns": [
                            {
                                "id": "metricbeat-*",
                                "title": "metricbeat-*"
                            }
                        ]
                    },
                    "datasourceStates": {
                        "indexpattern": {
                            "currentIndexPatternId": "metricbeat-*",
                            "layers": {
                                "82e648a8-6d9a-4ae0-9449-b802ce1ac723": {
                                    "columnOrder": [
                                        "d62f1bf0-71b4-41ba-9d9c-dc9f4e478ac1"
                                    ],
                                    "columns": {
                                        "d62f1bf0-71b4-41ba-9d9c-dc9f4e478ac1": {
                                            "customLabel": true,
                                            "dataType": "number",
                                            "isBucketed": false,
                                            "label": "Unique authenticated users",
                                            "operationType": "avg",
                                            "scale": "ratio",
                                            "sourceField": "azure.app_state.users_authenticated.unique"
                                        }
                                    },
                                    "indexPatternId": "metricbeat-*"
                                }
                            }
                        }
                    },
                    "filters": [],
                    "query": {
                        "language": "kuery",
                        "query": ""
                    },
                    "visualization": {
                        "accessor": "d62f1bf0-71b4-41ba-9d9c-dc9f4e478ac1",
                        "layerId": "82e648a8-6d9a-4ae0-9449-b802ce1ac723"
                    }
                },
                "title": "App state Unique authenticated users [Metricbeat Azure]",
                "visualizationType": "lnsMetric"
            },
            "id": "cb5ec410-03ed-11eb-8034-63f2039e9d3f",
            "migrationVersion": {
                "lens": "7.8.0"
            },
            "namespaces": [
                "default"
            ],
            "references": [],
            "type": "lens",
            "updated_at": "2020-10-01T13:55:41.904Z",
            "version": "WzE0MjAsMl0="
        },
        {
            "attributes": {
                "description": "",
                "expression": "kibana\n| kibana_context  query=\"{\\\"query\\\":\\\"\\\",\\\"language\\\":\\\"kuery\\\"}\" filters=\"[]\"\n| lens_merge_tables layerIds=\"82e648a8-6d9a-4ae0-9449-b802ce1ac723\" \n  tables={esaggs index=\"metricbeat-*\" metricsAtAllLevels=true partialRows=true includeFormatHints=true  aggConfigs=\"[{\\\"id\\\":\\\"d62f1bf0-71b4-41ba-9d9c-dc9f4e478ac1\\\",\\\"enabled\\\":true,\\\"type\\\":\\\"avg\\\",\\\"schema\\\":\\\"metric\\\",\\\"params\\\":{\\\"field\\\":\\\"azure.app_state.sessions_count.unique\\\",\\\"missing\\\":0}}]\" | lens_rename_columns idMap=\"{\\\"col-0-d62f1bf0-71b4-41ba-9d9c-dc9f4e478ac1\\\":{\\\"label\\\":\\\"Unique sessions\\\",\\\"dataType\\\":\\\"number\\\",\\\"operationType\\\":\\\"avg\\\",\\\"sourceField\\\":\\\"azure.app_state.sessions_count.unique\\\",\\\"isBucketed\\\":false,\\\"scale\\\":\\\"ratio\\\",\\\"customLabel\\\":true,\\\"id\\\":\\\"d62f1bf0-71b4-41ba-9d9c-dc9f4e478ac1\\\"}}\"}\n| lens_metric_chart title=\"Unique sessions\" accessor=\"d62f1bf0-71b4-41ba-9d9c-dc9f4e478ac1\" mode=\"full\"",
                "state": {
                    "datasourceMetaData": {
                        "filterableIndexPatterns": [
                            {
                                "id": "metricbeat-*",
                                "title": "metricbeat-*"
                            }
                        ]
                    },
                    "datasourceStates": {
                        "indexpattern": {
                            "currentIndexPatternId": "metricbeat-*",
                            "layers": {
                                "82e648a8-6d9a-4ae0-9449-b802ce1ac723": {
                                    "columnOrder": [
                                        "d62f1bf0-71b4-41ba-9d9c-dc9f4e478ac1"
                                    ],
                                    "columns": {
                                        "d62f1bf0-71b4-41ba-9d9c-dc9f4e478ac1": {
                                            "customLabel": true,
                                            "dataType": "number",
                                            "isBucketed": false,
                                            "label": "Unique sessions",
                                            "operationType": "avg",
                                            "scale": "ratio",
                                            "sourceField": "azure.app_state.sessions_count.unique"
                                        }
                                    },
                                    "indexPatternId": "metricbeat-*"
                                }
                            }
                        }
                    },
                    "filters": [],
                    "query": {
                        "language": "kuery",
                        "query": ""
                    },
                    "visualization": {
                        "accessor": "d62f1bf0-71b4-41ba-9d9c-dc9f4e478ac1",
                        "layerId": "82e648a8-6d9a-4ae0-9449-b802ce1ac723"
                    }
                },
                "title": "App state Unique sessions [Metricbeat Azure]",
                "visualizationType": "lnsMetric"
            },
            "id": "0df175c0-03ee-11eb-8034-63f2039e9d3f",
            "migrationVersion": {
                "lens": "7.8.0"
            },
            "namespaces": [
                "default"
            ],
            "references": [],
            "type": "lens",
            "updated_at": "2020-10-01T13:57:33.596Z",
            "version": "WzE0NjAsMl0="
        },
        {
            "attributes": {
                "description": "",
                "expression": "kibana\n| kibana_context  query=\"{\\\"query\\\":\\\"\\\",\\\"language\\\":\\\"kuery\\\"}\" filters=\"[]\"\n| lens_merge_tables layerIds=\"85644d0a-8011-45af-a751-7961b8bdd071\" \n  tables={esaggs index=\"metricbeat-*\" metricsAtAllLevels=true partialRows=true includeFormatHints=true timeFields=\"@timestamp\" aggConfigs=\"[{\\\"id\\\":\\\"bcbccc16-d042-40fa-a9b2-0f09268281ff\\\",\\\"enabled\\\":true,\\\"type\\\":\\\"date_histogram\\\",\\\"schema\\\":\\\"segment\\\",\\\"params\\\":{\\\"field\\\":\\\"@timestamp\\\",\\\"useNormalizedEsInterval\\\":true,\\\"interval\\\":\\\"auto\\\",\\\"drop_partials\\\":false,\\\"min_doc_count\\\":0,\\\"extended_bounds\\\":{}}},{\\\"id\\\":\\\"8864c98b-413a-484f-a61d-336a63ef3f13\\\",\\\"enabled\\\":true,\\\"type\\\":\\\"terms\\\",\\\"schema\\\":\\\"segment\\\",\\\"params\\\":{\\\"field\\\":\\\"azure.dimensions.request_url_host\\\",\\\"orderBy\\\":\\\"9ec4d260-e302-46c4-ac09-50ef54627894\\\",\\\"order\\\":\\\"desc\\\",\\\"size\\\":3,\\\"otherBucket\\\":false,\\\"otherBucketLabel\\\":\\\"Other\\\",\\\"missingBucket\\\":false,\\\"missingBucketLabel\\\":\\\"Missing\\\"}},{\\\"id\\\":\\\"9ec4d260-e302-46c4-ac09-50ef54627894\\\",\\\"enabled\\\":true,\\\"type\\\":\\\"avg\\\",\\\"schema\\\":\\\"metric\\\",\\\"params\\\":{\\\"field\\\":\\\"azure.app_state.requests_count.sum\\\",\\\"missing\\\":0}},{\\\"id\\\":\\\"a47e59dc-fb62-42f8-90e1-236c7c5a073d\\\",\\\"enabled\\\":true,\\\"type\\\":\\\"avg\\\",\\\"schema\\\":\\\"metric\\\",\\\"params\\\":{\\\"field\\\":\\\"azure.app_state.requests_failed.sum\\\",\\\"missing\\\":0}}]\" | lens_rename_columns idMap=\"{\\\"col-0-bcbccc16-d042-40fa-a9b2-0f09268281ff\\\":{\\\"label\\\":\\\"@timestamp\\\",\\\"dataType\\\":\\\"date\\\",\\\"operationType\\\":\\\"date_histogram\\\",\\\"suggestedPriority\\\":1,\\\"sourceField\\\":\\\"@timestamp\\\",\\\"isBucketed\\\":true,\\\"scale\\\":\\\"interval\\\",\\\"params\\\":{\\\"interval\\\":\\\"auto\\\"},\\\"id\\\":\\\"bcbccc16-d042-40fa-a9b2-0f09268281ff\\\"},\\\"col-3-8864c98b-413a-484f-a61d-336a63ef3f13\\\":{\\\"label\\\":\\\"Host URL\\\",\\\"dataType\\\":\\\"string\\\",\\\"operationType\\\":\\\"terms\\\",\\\"scale\\\":\\\"ordinal\\\",\\\"sourceField\\\":\\\"azure.dimensions.request_url_host\\\",\\\"isBucketed\\\":true,\\\"params\\\":{\\\"size\\\":3,\\\"orderBy\\\":{\\\"type\\\":\\\"column\\\",\\\"columnId\\\":\\\"9ec4d260-e302-46c4-ac09-50ef54627894\\\"},\\\"orderDirection\\\":\\\"desc\\\"},\\\"customLabel\\\":true,\\\"id\\\":\\\"8864c98b-413a-484f-a61d-336a63ef3f13\\\"},\\\"col-4-9ec4d260-e302-46c4-ac09-50ef54627894\\\":{\\\"label\\\":\\\"Total requests\\\",\\\"dataType\\\":\\\"number\\\",\\\"operationType\\\":\\\"avg\\\",\\\"sourceField\\\":\\\"azure.app_state.requests_count.sum\\\",\\\"isBucketed\\\":false,\\\"scale\\\":\\\"ratio\\\",\\\"customLabel\\\":true,\\\"id\\\":\\\"9ec4d260-e302-46c4-ac09-50ef54627894\\\"},\\\"col-5-a47e59dc-fb62-42f8-90e1-236c7c5a073d\\\":{\\\"label\\\":\\\"Failed requests\\\",\\\"dataType\\\":\\\"number\\\",\\\"operationType\\\":\\\"avg\\\",\\\"sourceField\\\":\\\"azure.app_state.requests_failed.sum\\\",\\\"isBucketed\\\":false,\\\"scale\\\":\\\"ratio\\\",\\\"customLabel\\\":true,\\\"id\\\":\\\"a47e59dc-fb62-42f8-90e1-236c7c5a073d\\\"}}\"}\n| lens_xy_chart xTitle=\"@timestamp\" yTitle=\"Total requests\" legend={lens_xy_legendConfig isVisible=true position=\"right\"} fittingFunction=\"None\" \n  layers={lens_xy_layer layerId=\"85644d0a-8011-45af-a751-7961b8bdd071\" hide=false xAccessor=\"bcbccc16-d042-40fa-a9b2-0f09268281ff\" yScaleType=\"linear\" xScaleType=\"time\" isHistogram=true splitAccessor=\"8864c98b-413a-484f-a61d-336a63ef3f13\"  seriesType=\"area\" accessors=\"9ec4d260-e302-46c4-ac09-50ef54627894\" accessors=\"a47e59dc-fb62-42f8-90e1-236c7c5a073d\" columnToLabel=\"{\\\"9ec4d260-e302-46c4-ac09-50ef54627894\\\":\\\"Total requests\\\",\\\"a47e59dc-fb62-42f8-90e1-236c7c5a073d\\\":\\\"Failed requests\\\",\\\"8864c98b-413a-484f-a61d-336a63ef3f13\\\":\\\"Host URL\\\"}\"}",
                "state": {
                    "datasourceMetaData": {
                        "filterableIndexPatterns": [
                            {
                                "id": "metricbeat-*",
                                "title": "metricbeat-*"
                            }
                        ]
                    },
                    "datasourceStates": {
                        "indexpattern": {
                            "currentIndexPatternId": "metricbeat-*",
                            "layers": {
                                "85644d0a-8011-45af-a751-7961b8bdd071": {
                                    "columnOrder": [
                                        "bcbccc16-d042-40fa-a9b2-0f09268281ff",
                                        "8864c98b-413a-484f-a61d-336a63ef3f13",
                                        "9ec4d260-e302-46c4-ac09-50ef54627894",
                                        "a47e59dc-fb62-42f8-90e1-236c7c5a073d"
                                    ],
                                    "columns": {
                                        "8864c98b-413a-484f-a61d-336a63ef3f13": {
                                            "customLabel": true,
                                            "dataType": "string",
                                            "isBucketed": true,
                                            "label": "Host URL",
                                            "operationType": "terms",
                                            "params": {
                                                "orderBy": {
                                                    "columnId": "9ec4d260-e302-46c4-ac09-50ef54627894",
                                                    "type": "column"
                                                },
                                                "orderDirection": "desc",
                                                "size": 3
                                            },
                                            "scale": "ordinal",
                                            "sourceField": "azure.dimensions.request_url_host"
                                        },
                                        "9ec4d260-e302-46c4-ac09-50ef54627894": {
                                            "customLabel": true,
                                            "dataType": "number",
                                            "isBucketed": false,
                                            "label": "Total requests",
                                            "operationType": "avg",
                                            "scale": "ratio",
                                            "sourceField": "azure.app_state.requests_count.sum"
                                        },
                                        "a47e59dc-fb62-42f8-90e1-236c7c5a073d": {
                                            "customLabel": true,
                                            "dataType": "number",
                                            "isBucketed": false,
                                            "label": "Failed requests",
                                            "operationType": "avg",
                                            "scale": "ratio",
                                            "sourceField": "azure.app_state.requests_failed.sum"
                                        },
                                        "bcbccc16-d042-40fa-a9b2-0f09268281ff": {
                                            "dataType": "date",
                                            "isBucketed": true,
                                            "label": "@timestamp",
                                            "operationType": "date_histogram",
                                            "params": {
                                                "interval": "auto"
                                            },
                                            "scale": "interval",
                                            "sourceField": "@timestamp",
                                            "suggestedPriority": 1
                                        }
                                    },
                                    "indexPatternId": "metricbeat-*"
                                }
                            }
                        }
                    },
                    "filters": [],
                    "query": {
                        "language": "kuery",
                        "query": ""
                    },
                    "visualization": {
                        "fittingFunction": "None",
                        "layers": [
                            {
                                "accessors": [
                                    "9ec4d260-e302-46c4-ac09-50ef54627894",
                                    "a47e59dc-fb62-42f8-90e1-236c7c5a073d"
                                ],
                                "layerId": "85644d0a-8011-45af-a751-7961b8bdd071",
                                "position": "top",
                                "seriesType": "area",
                                "showGridlines": false,
                                "splitAccessor": "8864c98b-413a-484f-a61d-336a63ef3f13",
                                "xAccessor": "bcbccc16-d042-40fa-a9b2-0f09268281ff"
                            }
                        ],
                        "legend": {
                            "isVisible": true,
                            "position": "right"
                        },
                        "preferredSeriesType": "area"
                    }
                },
                "title": "App state Requests [Metricbeat Azure]",
                "visualizationType": "lnsXY"
            },
            "id": "f0678020-04a2-11eb-8034-63f2039e9d3f",
            "migrationVersion": {
                "lens": "7.8.0"
            },
            "namespaces": [
                "default"
            ],
            "references": [],
            "type": "lens",
            "updated_at": "2020-10-02T11:32:22.946Z",
            "version": "WzI0MzUsMl0="
        },
        {
            "attributes": {
                "description": "",
                "expression": "kibana\n| kibana_context  query=\"{\\\"query\\\":\\\"\\\",\\\"language\\\":\\\"kuery\\\"}\" filters=\"[]\"\n| lens_merge_tables layerIds=\"85644d0a-8011-45af-a751-7961b8bdd071\" \n  tables={esaggs index=\"metricbeat-*\" metricsAtAllLevels=true partialRows=true includeFormatHints=true timeFields=\"@timestamp\" aggConfigs=\"[{\\\"id\\\":\\\"bcbccc16-d042-40fa-a9b2-0f09268281ff\\\",\\\"enabled\\\":true,\\\"type\\\":\\\"date_histogram\\\",\\\"schema\\\":\\\"segment\\\",\\\"params\\\":{\\\"field\\\":\\\"@timestamp\\\",\\\"useNormalizedEsInterval\\\":true,\\\"interval\\\":\\\"auto\\\",\\\"drop_partials\\\":false,\\\"min_doc_count\\\":0,\\\"extended_bounds\\\":{}}},{\\\"id\\\":\\\"4d4c068a-0194-4d54-a1fa-3863c3df9331\\\",\\\"enabled\\\":true,\\\"type\\\":\\\"terms\\\",\\\"schema\\\":\\\"segment\\\",\\\"params\\\":{\\\"field\\\":\\\"azure.dimensions.browser_timing_url_path\\\",\\\"orderBy\\\":\\\"be6a3d8b-9428-480b-a7b3-071127726093\\\",\\\"order\\\":\\\"desc\\\",\\\"size\\\":3,\\\"otherBucket\\\":false,\\\"otherBucketLabel\\\":\\\"Other\\\",\\\"missingBucket\\\":false,\\\"missingBucketLabel\\\":\\\"Missing\\\"}},{\\\"id\\\":\\\"be6a3d8b-9428-480b-a7b3-071127726093\\\",\\\"enabled\\\":true,\\\"type\\\":\\\"avg\\\",\\\"schema\\\":\\\"metric\\\",\\\"params\\\":{\\\"field\\\":\\\"azure.app_state.browser_timings_send_duration.avg\\\",\\\"missing\\\":0}},{\\\"id\\\":\\\"6bc1fd35-168d-42d5-b9c8-7078896d8ce4\\\",\\\"enabled\\\":true,\\\"type\\\":\\\"avg\\\",\\\"schema\\\":\\\"metric\\\",\\\"params\\\":{\\\"field\\\":\\\"azure.app_state.browser_timings_total_duration.avg\\\",\\\"missing\\\":0}},{\\\"id\\\":\\\"988e9976-3471-478c-89f6-11fd46458d7f\\\",\\\"enabled\\\":true,\\\"type\\\":\\\"avg\\\",\\\"schema\\\":\\\"metric\\\",\\\"params\\\":{\\\"field\\\":\\\"azure.app_state.browser_timings_receive_duration.avg\\\",\\\"missing\\\":0}}]\" | lens_rename_columns idMap=\"{\\\"col-0-bcbccc16-d042-40fa-a9b2-0f09268281ff\\\":{\\\"label\\\":\\\"@timestamp\\\",\\\"dataType\\\":\\\"date\\\",\\\"operationType\\\":\\\"date_histogram\\\",\\\"suggestedPriority\\\":1,\\\"sourceField\\\":\\\"@timestamp\\\",\\\"isBucketed\\\":true,\\\"scale\\\":\\\"interval\\\",\\\"params\\\":{\\\"interval\\\":\\\"auto\\\"},\\\"id\\\":\\\"bcbccc16-d042-40fa-a9b2-0f09268281ff\\\"},\\\"col-4-4d4c068a-0194-4d54-a1fa-3863c3df9331\\\":{\\\"label\\\":\\\"Url Path\\\",\\\"dataType\\\":\\\"string\\\",\\\"operationType\\\":\\\"terms\\\",\\\"scale\\\":\\\"ordinal\\\",\\\"sourceField\\\":\\\"azure.dimensions.browser_timing_url_path\\\",\\\"isBucketed\\\":true,\\\"params\\\":{\\\"size\\\":3,\\\"orderBy\\\":{\\\"type\\\":\\\"column\\\",\\\"columnId\\\":\\\"be6a3d8b-9428-480b-a7b3-071127726093\\\"},\\\"orderDirection\\\":\\\"desc\\\"},\\\"customLabel\\\":true,\\\"id\\\":\\\"4d4c068a-0194-4d54-a1fa-3863c3df9331\\\"},\\\"col-5-be6a3d8b-9428-480b-a7b3-071127726093\\\":{\\\"label\\\":\\\"Send duration\\\",\\\"dataType\\\":\\\"number\\\",\\\"operationType\\\":\\\"avg\\\",\\\"sourceField\\\":\\\"azure.app_state.browser_timings_send_duration.avg\\\",\\\"isBucketed\\\":false,\\\"scale\\\":\\\"ratio\\\",\\\"params\\\":{},\\\"customLabel\\\":true,\\\"id\\\":\\\"be6a3d8b-9428-480b-a7b3-071127726093\\\"},\\\"col-6-6bc1fd35-168d-42d5-b9c8-7078896d8ce4\\\":{\\\"label\\\":\\\"Total duration\\\",\\\"dataType\\\":\\\"number\\\",\\\"operationType\\\":\\\"avg\\\",\\\"sourceField\\\":\\\"azure.app_state.browser_timings_total_duration.avg\\\",\\\"isBucketed\\\":false,\\\"scale\\\":\\\"ratio\\\",\\\"customLabel\\\":true,\\\"id\\\":\\\"6bc1fd35-168d-42d5-b9c8-7078896d8ce4\\\"},\\\"col-7-988e9976-3471-478c-89f6-11fd46458d7f\\\":{\\\"label\\\":\\\"Receive duration\\\",\\\"dataType\\\":\\\"number\\\",\\\"operationType\\\":\\\"avg\\\",\\\"sourceField\\\":\\\"azure.app_state.browser_timings_receive_duration.avg\\\",\\\"isBucketed\\\":false,\\\"scale\\\":\\\"ratio\\\",\\\"customLabel\\\":true,\\\"id\\\":\\\"988e9976-3471-478c-89f6-11fd46458d7f\\\"}}\"}\n| lens_xy_chart xTitle=\"@timestamp\" yTitle=\"Send duration\" legend={lens_xy_legendConfig isVisible=true position=\"right\"} fittingFunction=\"None\" \n  layers={lens_xy_layer layerId=\"85644d0a-8011-45af-a751-7961b8bdd071\" hide=false xAccessor=\"bcbccc16-d042-40fa-a9b2-0f09268281ff\" yScaleType=\"linear\" xScaleType=\"time\" isHistogram=true splitAccessor=\"4d4c068a-0194-4d54-a1fa-3863c3df9331\"  seriesType=\"bar\" accessors=\"be6a3d8b-9428-480b-a7b3-071127726093\" accessors=\"6bc1fd35-168d-42d5-b9c8-7078896d8ce4\" accessors=\"988e9976-3471-478c-89f6-11fd46458d7f\" columnToLabel=\"{\\\"be6a3d8b-9428-480b-a7b3-071127726093\\\":\\\"Send duration\\\",\\\"6bc1fd35-168d-42d5-b9c8-7078896d8ce4\\\":\\\"Total duration\\\",\\\"988e9976-3471-478c-89f6-11fd46458d7f\\\":\\\"Receive duration\\\",\\\"4d4c068a-0194-4d54-a1fa-3863c3df9331\\\":\\\"Url Path\\\"}\"}",
                "state": {
                    "datasourceMetaData": {
                        "filterableIndexPatterns": [
                            {
                                "id": "metricbeat-*",
                                "title": "metricbeat-*"
                            }
                        ]
                    },
                    "datasourceStates": {
                        "indexpattern": {
                            "currentIndexPatternId": "metricbeat-*",
                            "layers": {
                                "85644d0a-8011-45af-a751-7961b8bdd071": {
                                    "columnOrder": [
                                        "bcbccc16-d042-40fa-a9b2-0f09268281ff",
                                        "4d4c068a-0194-4d54-a1fa-3863c3df9331",
                                        "be6a3d8b-9428-480b-a7b3-071127726093",
                                        "6bc1fd35-168d-42d5-b9c8-7078896d8ce4",
                                        "988e9976-3471-478c-89f6-11fd46458d7f"
                                    ],
                                    "columns": {
                                        "4d4c068a-0194-4d54-a1fa-3863c3df9331": {
                                            "customLabel": true,
                                            "dataType": "string",
                                            "isBucketed": true,
                                            "label": "Url Path",
                                            "operationType": "terms",
                                            "params": {
                                                "orderBy": {
                                                    "columnId": "be6a3d8b-9428-480b-a7b3-071127726093",
                                                    "type": "column"
                                                },
                                                "orderDirection": "desc",
                                                "size": 3
                                            },
                                            "scale": "ordinal",
                                            "sourceField": "azure.dimensions.browser_timing_url_path"
                                        },
                                        "6bc1fd35-168d-42d5-b9c8-7078896d8ce4": {
                                            "customLabel": true,
                                            "dataType": "number",
                                            "isBucketed": false,
                                            "label": "Total duration",
                                            "operationType": "avg",
                                            "scale": "ratio",
                                            "sourceField": "azure.app_state.browser_timings_total_duration.avg"
                                        },
                                        "988e9976-3471-478c-89f6-11fd46458d7f": {
                                            "customLabel": true,
                                            "dataType": "number",
                                            "isBucketed": false,
                                            "label": "Receive duration",
                                            "operationType": "avg",
                                            "scale": "ratio",
                                            "sourceField": "azure.app_state.browser_timings_receive_duration.avg"
                                        },
                                        "bcbccc16-d042-40fa-a9b2-0f09268281ff": {
                                            "dataType": "date",
                                            "isBucketed": true,
                                            "label": "@timestamp",
                                            "operationType": "date_histogram",
                                            "params": {
                                                "interval": "auto"
                                            },
                                            "scale": "interval",
                                            "sourceField": "@timestamp",
                                            "suggestedPriority": 1
                                        },
                                        "be6a3d8b-9428-480b-a7b3-071127726093": {
                                            "customLabel": true,
                                            "dataType": "number",
                                            "isBucketed": false,
                                            "label": "Send duration",
                                            "operationType": "avg",
                                            "params": {},
                                            "scale": "ratio",
                                            "sourceField": "azure.app_state.browser_timings_send_duration.avg"
                                        }
                                    },
                                    "indexPatternId": "metricbeat-*"
                                }
                            }
                        }
                    },
                    "filters": [],
                    "query": {
                        "language": "kuery",
                        "query": ""
                    },
                    "visualization": {
                        "fittingFunction": "None",
                        "layers": [
                            {
                                "accessors": [
                                    "be6a3d8b-9428-480b-a7b3-071127726093",
                                    "6bc1fd35-168d-42d5-b9c8-7078896d8ce4",
                                    "988e9976-3471-478c-89f6-11fd46458d7f"
                                ],
                                "layerId": "85644d0a-8011-45af-a751-7961b8bdd071",
                                "position": "top",
                                "seriesType": "bar",
                                "showGridlines": false,
                                "splitAccessor": "4d4c068a-0194-4d54-a1fa-3863c3df9331",
                                "xAccessor": "bcbccc16-d042-40fa-a9b2-0f09268281ff"
                            }
                        ],
                        "legend": {
                            "isVisible": true,
                            "position": "right"
                        },
                        "preferredSeriesType": "bar"
                    }
                },
                "title": "App state Browser Send/Receive Duration [Metricbeat Azure]",
                "visualizationType": "lnsXY"
            },
            "id": "e2704140-04a3-11eb-8034-63f2039e9d3f",
            "migrationVersion": {
                "lens": "7.8.0"
            },
            "namespaces": [
                "default"
            ],
            "references": [],
            "type": "lens",
            "updated_at": "2020-10-02T11:39:09.012Z",
            "version": "WzI2MzQsMl0="
        },
        {
            "attributes": {
                "description": "",
                "expression": "kibana\n| kibana_context  query=\"{\\\"query\\\":\\\"\\\",\\\"language\\\":\\\"kuery\\\"}\" filters=\"[]\"\n| lens_merge_tables layerIds=\"85644d0a-8011-45af-a751-7961b8bdd071\" \n  tables={esaggs index=\"metricbeat-*\" metricsAtAllLevels=true partialRows=true includeFormatHints=true timeFields=\"@timestamp\" aggConfigs=\"[{\\\"id\\\":\\\"bcbccc16-d042-40fa-a9b2-0f09268281ff\\\",\\\"enabled\\\":true,\\\"type\\\":\\\"date_histogram\\\",\\\"schema\\\":\\\"segment\\\",\\\"params\\\":{\\\"field\\\":\\\"@timestamp\\\",\\\"useNormalizedEsInterval\\\":true,\\\"interval\\\":\\\"auto\\\",\\\"drop_partials\\\":false,\\\"min_doc_count\\\":0,\\\"extended_bounds\\\":{}}},{\\\"id\\\":\\\"4d4c068a-0194-4d54-a1fa-3863c3df9331\\\",\\\"enabled\\\":true,\\\"type\\\":\\\"terms\\\",\\\"schema\\\":\\\"segment\\\",\\\"params\\\":{\\\"field\\\":\\\"azure.dimensions.browser_timing_url_path\\\",\\\"orderBy\\\":\\\"_key\\\",\\\"order\\\":\\\"asc\\\",\\\"size\\\":3,\\\"otherBucket\\\":false,\\\"otherBucketLabel\\\":\\\"Other\\\",\\\"missingBucket\\\":false,\\\"missingBucketLabel\\\":\\\"Missing\\\"}},{\\\"id\\\":\\\"b5a75764-e98b-434b-a0f0-5658a4aa1cf6\\\",\\\"enabled\\\":true,\\\"type\\\":\\\"avg\\\",\\\"schema\\\":\\\"metric\\\",\\\"params\\\":{\\\"field\\\":\\\"azure.app_state.browser_timings_network_duration.avg\\\",\\\"missing\\\":0}},{\\\"id\\\":\\\"ab158cba-532f-47f8-8450-db883504dc0f\\\",\\\"enabled\\\":true,\\\"type\\\":\\\"avg\\\",\\\"schema\\\":\\\"metric\\\",\\\"params\\\":{\\\"field\\\":\\\"azure.app_state.browser_timings_processing_duration.avg\\\",\\\"missing\\\":0}}]\" | lens_rename_columns idMap=\"{\\\"col-0-bcbccc16-d042-40fa-a9b2-0f09268281ff\\\":{\\\"label\\\":\\\"@timestamp\\\",\\\"dataType\\\":\\\"date\\\",\\\"operationType\\\":\\\"date_histogram\\\",\\\"suggestedPriority\\\":1,\\\"sourceField\\\":\\\"@timestamp\\\",\\\"isBucketed\\\":true,\\\"scale\\\":\\\"interval\\\",\\\"params\\\":{\\\"interval\\\":\\\"auto\\\"},\\\"id\\\":\\\"bcbccc16-d042-40fa-a9b2-0f09268281ff\\\"},\\\"col-3-4d4c068a-0194-4d54-a1fa-3863c3df9331\\\":{\\\"label\\\":\\\"Url Path\\\",\\\"dataType\\\":\\\"string\\\",\\\"operationType\\\":\\\"terms\\\",\\\"scale\\\":\\\"ordinal\\\",\\\"sourceField\\\":\\\"azure.dimensions.browser_timing_url_path\\\",\\\"isBucketed\\\":true,\\\"params\\\":{\\\"size\\\":3,\\\"orderBy\\\":{\\\"type\\\":\\\"alphabetical\\\"},\\\"orderDirection\\\":\\\"asc\\\"},\\\"customLabel\\\":true,\\\"id\\\":\\\"4d4c068a-0194-4d54-a1fa-3863c3df9331\\\"},\\\"col-4-b5a75764-e98b-434b-a0f0-5658a4aa1cf6\\\":{\\\"label\\\":\\\"Networking duration\\\",\\\"dataType\\\":\\\"number\\\",\\\"operationType\\\":\\\"avg\\\",\\\"sourceField\\\":\\\"azure.app_state.browser_timings_network_duration.avg\\\",\\\"isBucketed\\\":false,\\\"scale\\\":\\\"ratio\\\",\\\"customLabel\\\":true,\\\"id\\\":\\\"b5a75764-e98b-434b-a0f0-5658a4aa1cf6\\\"},\\\"col-5-ab158cba-532f-47f8-8450-db883504dc0f\\\":{\\\"label\\\":\\\"Processing duration\\\",\\\"dataType\\\":\\\"number\\\",\\\"operationType\\\":\\\"avg\\\",\\\"sourceField\\\":\\\"azure.app_state.browser_timings_processing_duration.avg\\\",\\\"isBucketed\\\":false,\\\"scale\\\":\\\"ratio\\\",\\\"customLabel\\\":true,\\\"id\\\":\\\"ab158cba-532f-47f8-8450-db883504dc0f\\\"}}\"}\n| lens_xy_chart xTitle=\"@timestamp\" yTitle=\"Networking duration\" legend={lens_xy_legendConfig isVisible=true position=\"right\"} fittingFunction=\"None\" \n  layers={lens_xy_layer layerId=\"85644d0a-8011-45af-a751-7961b8bdd071\" hide=false xAccessor=\"bcbccc16-d042-40fa-a9b2-0f09268281ff\" yScaleType=\"linear\" xScaleType=\"time\" isHistogram=true splitAccessor=\"4d4c068a-0194-4d54-a1fa-3863c3df9331\"  seriesType=\"bar\" accessors=\"b5a75764-e98b-434b-a0f0-5658a4aa1cf6\" accessors=\"ab158cba-532f-47f8-8450-db883504dc0f\" columnToLabel=\"{\\\"b5a75764-e98b-434b-a0f0-5658a4aa1cf6\\\":\\\"Networking duration\\\",\\\"ab158cba-532f-47f8-8450-db883504dc0f\\\":\\\"Processing duration\\\",\\\"4d4c068a-0194-4d54-a1fa-3863c3df9331\\\":\\\"Url Path\\\"}\"}",
                "state": {
                    "datasourceMetaData": {
                        "filterableIndexPatterns": [
                            {
                                "id": "metricbeat-*",
                                "title": "metricbeat-*"
                            }
                        ]
                    },
                    "datasourceStates": {
                        "indexpattern": {
                            "currentIndexPatternId": "metricbeat-*",
                            "layers": {
                                "85644d0a-8011-45af-a751-7961b8bdd071": {
                                    "columnOrder": [
                                        "bcbccc16-d042-40fa-a9b2-0f09268281ff",
                                        "4d4c068a-0194-4d54-a1fa-3863c3df9331",
                                        "b5a75764-e98b-434b-a0f0-5658a4aa1cf6",
                                        "ab158cba-532f-47f8-8450-db883504dc0f"
                                    ],
                                    "columns": {
                                        "4d4c068a-0194-4d54-a1fa-3863c3df9331": {
                                            "customLabel": true,
                                            "dataType": "string",
                                            "isBucketed": true,
                                            "label": "Url Path",
                                            "operationType": "terms",
                                            "params": {
                                                "orderBy": {
                                                    "type": "alphabetical"
                                                },
                                                "orderDirection": "asc",
                                                "size": 3
                                            },
                                            "scale": "ordinal",
                                            "sourceField": "azure.dimensions.browser_timing_url_path"
                                        },
                                        "ab158cba-532f-47f8-8450-db883504dc0f": {
                                            "customLabel": true,
                                            "dataType": "number",
                                            "isBucketed": false,
                                            "label": "Processing duration",
                                            "operationType": "avg",
                                            "scale": "ratio",
                                            "sourceField": "azure.app_state.browser_timings_processing_duration.avg"
                                        },
                                        "b5a75764-e98b-434b-a0f0-5658a4aa1cf6": {
                                            "customLabel": true,
                                            "dataType": "number",
                                            "isBucketed": false,
                                            "label": "Networking duration",
                                            "operationType": "avg",
                                            "scale": "ratio",
                                            "sourceField": "azure.app_state.browser_timings_network_duration.avg"
                                        },
                                        "bcbccc16-d042-40fa-a9b2-0f09268281ff": {
                                            "dataType": "date",
                                            "isBucketed": true,
                                            "label": "@timestamp",
                                            "operationType": "date_histogram",
                                            "params": {
                                                "interval": "auto"
                                            },
                                            "scale": "interval",
                                            "sourceField": "@timestamp",
                                            "suggestedPriority": 1
                                        }
                                    },
                                    "indexPatternId": "metricbeat-*"
                                }
                            }
                        }
                    },
                    "filters": [],
                    "query": {
                        "language": "kuery",
                        "query": ""
                    },
                    "visualization": {
                        "fittingFunction": "None",
                        "layers": [
                            {
                                "accessors": [
                                    "b5a75764-e98b-434b-a0f0-5658a4aa1cf6",
                                    "ab158cba-532f-47f8-8450-db883504dc0f"
                                ],
                                "layerId": "85644d0a-8011-45af-a751-7961b8bdd071",
                                "position": "top",
                                "seriesType": "bar",
                                "showGridlines": false,
                                "splitAccessor": "4d4c068a-0194-4d54-a1fa-3863c3df9331",
                                "xAccessor": "bcbccc16-d042-40fa-a9b2-0f09268281ff"
                            }
                        ],
                        "legend": {
                            "isVisible": true,
                            "position": "right"
                        },
                        "preferredSeriesType": "bar"
                    }
                },
                "title": "App state Browser Networking/Processing Duration [Metricbeat Azure]",
                "visualizationType": "lnsXY"
            },
            "id": "0e74dee0-04a4-11eb-8034-63f2039e9d3f",
            "migrationVersion": {
                "lens": "7.8.0"
            },
            "namespaces": [
                "default"
            ],
            "references": [],
            "type": "lens",
            "updated_at": "2020-10-02T11:40:22.862Z",
            "version": "WzI2ODQsMl0="
        },
        {
            "attributes": {
                "description": "",
                "expression": "kibana\n| kibana_context  query=\"{\\\"query\\\":\\\"\\\",\\\"language\\\":\\\"kuery\\\"}\" filters=\"[]\"\n| lens_merge_tables layerIds=\"85644d0a-8011-45af-a751-7961b8bdd071\" \n  tables={esaggs index=\"metricbeat-*\" metricsAtAllLevels=true partialRows=true includeFormatHints=true timeFields=\"@timestamp\" aggConfigs=\"[{\\\"id\\\":\\\"bcbccc16-d042-40fa-a9b2-0f09268281ff\\\",\\\"enabled\\\":true,\\\"type\\\":\\\"date_histogram\\\",\\\"schema\\\":\\\"segment\\\",\\\"params\\\":{\\\"field\\\":\\\"@timestamp\\\",\\\"useNormalizedEsInterval\\\":true,\\\"interval\\\":\\\"auto\\\",\\\"drop_partials\\\":false,\\\"min_doc_count\\\":0,\\\"extended_bounds\\\":{}}},{\\\"id\\\":\\\"a1f669d0-c9f2-4bc5-9bdd-e40badd261b9\\\",\\\"enabled\\\":true,\\\"type\\\":\\\"terms\\\",\\\"schema\\\":\\\"segment\\\",\\\"params\\\":{\\\"field\\\":\\\"azure.dimensions.cloud_role_instance\\\",\\\"orderBy\\\":\\\"b0d8f2d4-91f3-469c-8bcb-962a9fb48fba\\\",\\\"order\\\":\\\"desc\\\",\\\"size\\\":3,\\\"otherBucket\\\":false,\\\"otherBucketLabel\\\":\\\"Other\\\",\\\"missingBucket\\\":false,\\\"missingBucketLabel\\\":\\\"Missing\\\"}},{\\\"id\\\":\\\"b0d8f2d4-91f3-469c-8bcb-962a9fb48fba\\\",\\\"enabled\\\":true,\\\"type\\\":\\\"avg\\\",\\\"schema\\\":\\\"metric\\\",\\\"params\\\":{\\\"field\\\":\\\"azure.app_state.performance_counters_process_cpu_percentage_total.avg\\\",\\\"missing\\\":0}},{\\\"id\\\":\\\"252dfd5f-26bd-4861-bb01-4b3530cadd95\\\",\\\"enabled\\\":true,\\\"type\\\":\\\"avg\\\",\\\"schema\\\":\\\"metric\\\",\\\"params\\\":{\\\"field\\\":\\\"azure.app_state.performance_counters_process_cpu_percentage.avg\\\",\\\"missing\\\":0}}]\" | lens_rename_columns idMap=\"{\\\"col-0-bcbccc16-d042-40fa-a9b2-0f09268281ff\\\":{\\\"label\\\":\\\"@timestamp\\\",\\\"dataType\\\":\\\"date\\\",\\\"operationType\\\":\\\"date_histogram\\\",\\\"suggestedPriority\\\":1,\\\"sourceField\\\":\\\"@timestamp\\\",\\\"isBucketed\\\":true,\\\"scale\\\":\\\"interval\\\",\\\"params\\\":{\\\"interval\\\":\\\"auto\\\"},\\\"id\\\":\\\"bcbccc16-d042-40fa-a9b2-0f09268281ff\\\"},\\\"col-3-a1f669d0-c9f2-4bc5-9bdd-e40badd261b9\\\":{\\\"label\\\":\\\"Instance\\\",\\\"dataType\\\":\\\"string\\\",\\\"operationType\\\":\\\"terms\\\",\\\"scale\\\":\\\"ordinal\\\",\\\"sourceField\\\":\\\"azure.dimensions.cloud_role_instance\\\",\\\"isBucketed\\\":true,\\\"params\\\":{\\\"size\\\":3,\\\"orderBy\\\":{\\\"type\\\":\\\"column\\\",\\\"columnId\\\":\\\"b0d8f2d4-91f3-469c-8bcb-962a9fb48fba\\\"},\\\"orderDirection\\\":\\\"desc\\\"},\\\"customLabel\\\":true,\\\"id\\\":\\\"a1f669d0-c9f2-4bc5-9bdd-e40badd261b9\\\"},\\\"col-4-b0d8f2d4-91f3-469c-8bcb-962a9fb48fba\\\":{\\\"label\\\":\\\"Total CPU percentage \\\",\\\"dataType\\\":\\\"number\\\",\\\"operationType\\\":\\\"avg\\\",\\\"sourceField\\\":\\\"azure.app_state.performance_counters_process_cpu_percentage_total.avg\\\",\\\"isBucketed\\\":false,\\\"scale\\\":\\\"ratio\\\",\\\"customLabel\\\":true,\\\"params\\\":{\\\"format\\\":{\\\"id\\\":\\\"percent\\\",\\\"params\\\":{\\\"decimals\\\":2}}},\\\"id\\\":\\\"b0d8f2d4-91f3-469c-8bcb-962a9fb48fba\\\"},\\\"col-5-252dfd5f-26bd-4861-bb01-4b3530cadd95\\\":{\\\"label\\\":\\\"CPU percentage\\\",\\\"dataType\\\":\\\"number\\\",\\\"operationType\\\":\\\"avg\\\",\\\"sourceField\\\":\\\"azure.app_state.performance_counters_process_cpu_percentage.avg\\\",\\\"isBucketed\\\":false,\\\"scale\\\":\\\"ratio\\\",\\\"params\\\":{\\\"format\\\":{\\\"id\\\":\\\"percent\\\",\\\"params\\\":{\\\"decimals\\\":2}}},\\\"customLabel\\\":true,\\\"id\\\":\\\"252dfd5f-26bd-4861-bb01-4b3530cadd95\\\"}}\" | lens_format_column format=\"percent\" columnId=\"b0d8f2d4-91f3-469c-8bcb-962a9fb48fba\" decimals=2 | lens_format_column format=\"percent\" columnId=\"252dfd5f-26bd-4861-bb01-4b3530cadd95\" decimals=2}\n| lens_xy_chart xTitle=\"@timestamp\" yTitle=\"Total CPU percentage \" legend={lens_xy_legendConfig isVisible=true position=\"right\"} fittingFunction=\"None\" \n  layers={lens_xy_layer layerId=\"85644d0a-8011-45af-a751-7961b8bdd071\" hide=false xAccessor=\"bcbccc16-d042-40fa-a9b2-0f09268281ff\" yScaleType=\"linear\" xScaleType=\"time\" isHistogram=true splitAccessor=\"a1f669d0-c9f2-4bc5-9bdd-e40badd261b9\"  seriesType=\"area\" accessors=\"b0d8f2d4-91f3-469c-8bcb-962a9fb48fba\" accessors=\"252dfd5f-26bd-4861-bb01-4b3530cadd95\" columnToLabel=\"{\\\"b0d8f2d4-91f3-469c-8bcb-962a9fb48fba\\\":\\\"Total CPU percentage \\\",\\\"252dfd5f-26bd-4861-bb01-4b3530cadd95\\\":\\\"CPU percentage\\\",\\\"a1f669d0-c9f2-4bc5-9bdd-e40badd261b9\\\":\\\"Instance\\\"}\"}",
                "state": {
                    "datasourceMetaData": {
                        "filterableIndexPatterns": [
                            {
                                "id": "metricbeat-*",
                                "title": "metricbeat-*"
                            }
                        ]
                    },
                    "datasourceStates": {
                        "indexpattern": {
                            "currentIndexPatternId": "metricbeat-*",
                            "layers": {
                                "85644d0a-8011-45af-a751-7961b8bdd071": {
                                    "columnOrder": [
                                        "bcbccc16-d042-40fa-a9b2-0f09268281ff",
                                        "a1f669d0-c9f2-4bc5-9bdd-e40badd261b9",
                                        "b0d8f2d4-91f3-469c-8bcb-962a9fb48fba",
                                        "252dfd5f-26bd-4861-bb01-4b3530cadd95"
                                    ],
                                    "columns": {
                                        "252dfd5f-26bd-4861-bb01-4b3530cadd95": {
                                            "customLabel": true,
                                            "dataType": "number",
                                            "isBucketed": false,
                                            "label": "CPU percentage",
                                            "operationType": "avg",
                                            "params": {
                                                "format": {
                                                    "id": "percent",
                                                    "params": {
                                                        "decimals": 2
                                                    }
                                                }
                                            },
                                            "scale": "ratio",
                                            "sourceField": "azure.app_state.performance_counters_process_cpu_percentage.avg"
                                        },
                                        "a1f669d0-c9f2-4bc5-9bdd-e40badd261b9": {
                                            "customLabel": true,
                                            "dataType": "string",
                                            "isBucketed": true,
                                            "label": "Instance",
                                            "operationType": "terms",
                                            "params": {
                                                "orderBy": {
                                                    "columnId": "b0d8f2d4-91f3-469c-8bcb-962a9fb48fba",
                                                    "type": "column"
                                                },
                                                "orderDirection": "desc",
                                                "size": 3
                                            },
                                            "scale": "ordinal",
                                            "sourceField": "azure.dimensions.cloud_role_instance"
                                        },
                                        "b0d8f2d4-91f3-469c-8bcb-962a9fb48fba": {
                                            "customLabel": true,
                                            "dataType": "number",
                                            "isBucketed": false,
                                            "label": "Total CPU percentage ",
                                            "operationType": "avg",
                                            "params": {
                                                "format": {
                                                    "id": "percent",
                                                    "params": {
                                                        "decimals": 2
                                                    }
                                                }
                                            },
                                            "scale": "ratio",
                                            "sourceField": "azure.app_state.performance_counters_process_cpu_percentage_total.avg"
                                        },
                                        "bcbccc16-d042-40fa-a9b2-0f09268281ff": {
                                            "dataType": "date",
                                            "isBucketed": true,
                                            "label": "@timestamp",
                                            "operationType": "date_histogram",
                                            "params": {
                                                "interval": "auto"
                                            },
                                            "scale": "interval",
                                            "sourceField": "@timestamp",
                                            "suggestedPriority": 1
                                        }
                                    },
                                    "indexPatternId": "metricbeat-*"
                                }
                            }
                        }
                    },
                    "filters": [],
                    "query": {
                        "language": "kuery",
                        "query": ""
                    },
                    "visualization": {
                        "fittingFunction": "None",
                        "layers": [
                            {
                                "accessors": [
                                    "b0d8f2d4-91f3-469c-8bcb-962a9fb48fba",
                                    "252dfd5f-26bd-4861-bb01-4b3530cadd95"
                                ],
                                "layerId": "85644d0a-8011-45af-a751-7961b8bdd071",
                                "position": "top",
                                "seriesType": "area",
                                "showGridlines": false,
                                "splitAccessor": "a1f669d0-c9f2-4bc5-9bdd-e40badd261b9",
                                "xAccessor": "bcbccc16-d042-40fa-a9b2-0f09268281ff"
                            }
                        ],
                        "legend": {
                            "isVisible": true,
                            "position": "right"
                        },
                        "preferredSeriesType": "area"
                    }
                },
                "title": "App state Process CPU usage [Metricbeat Azure]",
                "visualizationType": "lnsXY"
            },
            "id": "cfa361a0-04a8-11eb-8034-63f2039e9d3f",
            "migrationVersion": {
                "lens": "7.8.0"
            },
            "namespaces": [
                "default"
            ],
            "references": [],
            "type": "lens",
            "updated_at": "2020-10-02T12:14:24.954Z",
            "version": "WzMyNTMsMl0="
        },
        {
            "attributes": {
                "description": "",
                "expression": "kibana\n| kibana_context  query=\"{\\\"query\\\":\\\"\\\",\\\"language\\\":\\\"kuery\\\"}\" filters=\"[]\"\n| lens_merge_tables layerIds=\"85644d0a-8011-45af-a751-7961b8bdd071\" \n  tables={esaggs index=\"metricbeat-*\" metricsAtAllLevels=true partialRows=true includeFormatHints=true timeFields=\"@timestamp\" aggConfigs=\"[{\\\"id\\\":\\\"bcbccc16-d042-40fa-a9b2-0f09268281ff\\\",\\\"enabled\\\":true,\\\"type\\\":\\\"date_histogram\\\",\\\"schema\\\":\\\"segment\\\",\\\"params\\\":{\\\"field\\\":\\\"@timestamp\\\",\\\"useNormalizedEsInterval\\\":true,\\\"interval\\\":\\\"auto\\\",\\\"drop_partials\\\":false,\\\"min_doc_count\\\":0,\\\"extended_bounds\\\":{}}},{\\\"id\\\":\\\"a1f669d0-c9f2-4bc5-9bdd-e40badd261b9\\\",\\\"enabled\\\":true,\\\"type\\\":\\\"terms\\\",\\\"schema\\\":\\\"segment\\\",\\\"params\\\":{\\\"field\\\":\\\"azure.dimensions.cloud_role_instance\\\",\\\"orderBy\\\":\\\"b0d8f2d4-91f3-469c-8bcb-962a9fb48fba\\\",\\\"order\\\":\\\"desc\\\",\\\"size\\\":3,\\\"otherBucket\\\":false,\\\"otherBucketLabel\\\":\\\"Other\\\",\\\"missingBucket\\\":false,\\\"missingBucketLabel\\\":\\\"Missing\\\"}},{\\\"id\\\":\\\"b0d8f2d4-91f3-469c-8bcb-962a9fb48fba\\\",\\\"enabled\\\":true,\\\"type\\\":\\\"avg\\\",\\\"schema\\\":\\\"metric\\\",\\\"params\\\":{\\\"field\\\":\\\"azure.app_state.performance_counters_process_private_bytes.avg\\\",\\\"missing\\\":0}}]\" | lens_rename_columns idMap=\"{\\\"col-0-bcbccc16-d042-40fa-a9b2-0f09268281ff\\\":{\\\"label\\\":\\\"@timestamp\\\",\\\"dataType\\\":\\\"date\\\",\\\"operationType\\\":\\\"date_histogram\\\",\\\"suggestedPriority\\\":1,\\\"sourceField\\\":\\\"@timestamp\\\",\\\"isBucketed\\\":true,\\\"scale\\\":\\\"interval\\\",\\\"params\\\":{\\\"interval\\\":\\\"auto\\\"},\\\"id\\\":\\\"bcbccc16-d042-40fa-a9b2-0f09268281ff\\\"},\\\"col-2-a1f669d0-c9f2-4bc5-9bdd-e40badd261b9\\\":{\\\"label\\\":\\\"Instance\\\",\\\"dataType\\\":\\\"string\\\",\\\"operationType\\\":\\\"terms\\\",\\\"scale\\\":\\\"ordinal\\\",\\\"sourceField\\\":\\\"azure.dimensions.cloud_role_instance\\\",\\\"isBucketed\\\":true,\\\"params\\\":{\\\"size\\\":3,\\\"orderBy\\\":{\\\"type\\\":\\\"column\\\",\\\"columnId\\\":\\\"b0d8f2d4-91f3-469c-8bcb-962a9fb48fba\\\"},\\\"orderDirection\\\":\\\"desc\\\"},\\\"customLabel\\\":true,\\\"id\\\":\\\"a1f669d0-c9f2-4bc5-9bdd-e40badd261b9\\\"},\\\"col-3-b0d8f2d4-91f3-469c-8bcb-962a9fb48fba\\\":{\\\"label\\\":\\\"Process private bytes\\\",\\\"dataType\\\":\\\"number\\\",\\\"operationType\\\":\\\"avg\\\",\\\"sourceField\\\":\\\"azure.app_state.performance_counters_process_private_bytes.avg\\\",\\\"isBucketed\\\":false,\\\"scale\\\":\\\"ratio\\\",\\\"customLabel\\\":true,\\\"params\\\":{\\\"format\\\":{\\\"id\\\":\\\"bytes\\\",\\\"params\\\":{\\\"decimals\\\":2}}},\\\"id\\\":\\\"b0d8f2d4-91f3-469c-8bcb-962a9fb48fba\\\"}}\" | lens_format_column format=\"bytes\" columnId=\"b0d8f2d4-91f3-469c-8bcb-962a9fb48fba\" decimals=2}\n| lens_xy_chart xTitle=\"@timestamp\" yTitle=\"Process private bytes\" legend={lens_xy_legendConfig isVisible=true position=\"right\"} fittingFunction=\"None\" \n  layers={lens_xy_layer layerId=\"85644d0a-8011-45af-a751-7961b8bdd071\" hide=false xAccessor=\"bcbccc16-d042-40fa-a9b2-0f09268281ff\" yScaleType=\"linear\" xScaleType=\"time\" isHistogram=true splitAccessor=\"a1f669d0-c9f2-4bc5-9bdd-e40badd261b9\"  seriesType=\"area\" accessors=\"b0d8f2d4-91f3-469c-8bcb-962a9fb48fba\" columnToLabel=\"{\\\"b0d8f2d4-91f3-469c-8bcb-962a9fb48fba\\\":\\\"Process private bytes\\\",\\\"a1f669d0-c9f2-4bc5-9bdd-e40badd261b9\\\":\\\"Instance\\\"}\"}",
                "state": {
                    "datasourceMetaData": {
                        "filterableIndexPatterns": [
                            {
                                "id": "metricbeat-*",
                                "title": "metricbeat-*"
                            }
                        ]
                    },
                    "datasourceStates": {
                        "indexpattern": {
                            "currentIndexPatternId": "metricbeat-*",
                            "layers": {
                                "85644d0a-8011-45af-a751-7961b8bdd071": {
                                    "columnOrder": [
                                        "bcbccc16-d042-40fa-a9b2-0f09268281ff",
                                        "a1f669d0-c9f2-4bc5-9bdd-e40badd261b9",
                                        "b0d8f2d4-91f3-469c-8bcb-962a9fb48fba"
                                    ],
                                    "columns": {
                                        "a1f669d0-c9f2-4bc5-9bdd-e40badd261b9": {
                                            "customLabel": true,
                                            "dataType": "string",
                                            "isBucketed": true,
                                            "label": "Instance",
                                            "operationType": "terms",
                                            "params": {
                                                "orderBy": {
                                                    "columnId": "b0d8f2d4-91f3-469c-8bcb-962a9fb48fba",
                                                    "type": "column"
                                                },
                                                "orderDirection": "desc",
                                                "size": 3
                                            },
                                            "scale": "ordinal",
                                            "sourceField": "azure.dimensions.cloud_role_instance"
                                        },
                                        "b0d8f2d4-91f3-469c-8bcb-962a9fb48fba": {
                                            "customLabel": true,
                                            "dataType": "number",
                                            "isBucketed": false,
                                            "label": "Process private bytes",
                                            "operationType": "avg",
                                            "params": {
                                                "format": {
                                                    "id": "bytes",
                                                    "params": {
                                                        "decimals": 2
                                                    }
                                                }
                                            },
                                            "scale": "ratio",
                                            "sourceField": "azure.app_state.performance_counters_process_private_bytes.avg"
                                        },
                                        "bcbccc16-d042-40fa-a9b2-0f09268281ff": {
                                            "dataType": "date",
                                            "isBucketed": true,
                                            "label": "@timestamp",
                                            "operationType": "date_histogram",
                                            "params": {
                                                "interval": "auto"
                                            },
                                            "scale": "interval",
                                            "sourceField": "@timestamp",
                                            "suggestedPriority": 1
                                        }
                                    },
                                    "indexPatternId": "metricbeat-*"
                                }
                            }
                        }
                    },
                    "filters": [],
                    "query": {
                        "language": "kuery",
                        "query": ""
                    },
                    "visualization": {
                        "fittingFunction": "None",
                        "layers": [
                            {
                                "accessors": [
                                    "b0d8f2d4-91f3-469c-8bcb-962a9fb48fba"
                                ],
                                "layerId": "85644d0a-8011-45af-a751-7961b8bdd071",
                                "position": "top",
                                "seriesType": "area",
                                "showGridlines": false,
                                "splitAccessor": "a1f669d0-c9f2-4bc5-9bdd-e40badd261b9",
                                "xAccessor": "bcbccc16-d042-40fa-a9b2-0f09268281ff"
                            }
                        ],
                        "legend": {
                            "isVisible": true,
                            "position": "right"
                        },
                        "preferredSeriesType": "area"
                    }
                },
                "title": "App state Process Private Bytes [Metricbeat Azure]",
                "visualizationType": "lnsXY"
            },
            "id": "2b54b2c0-04a8-11eb-8034-63f2039e9d3f",
            "migrationVersion": {
                "lens": "7.8.0"
            },
            "namespaces": [
                "default"
            ],
            "references": [],
            "type": "lens",
            "updated_at": "2020-10-02T12:09:49.291Z",
            "version": "WzMxMjMsMl0="
        }
    ],
    "version": "7.9.2"
}