{
    "objects": [
        {
            "attributes": {
                "description": "Overview of AWS Fargate Metrics",
                "hits": 0,
                "kibanaSavedObjectMeta": {
                    "searchSourceJSON": "{\"filter\": [], \"query\": {\"language\": \"kuery\", \"query\": \"\"}}"
                },
                "optionsJSON": "{\"hidePanelTitles\": false, \"useMargins\": true}",
                "panelsJSON": "[{\"embeddableConfig\": {\"hidePanelTitles\": false, \"title\": \"ECS Task Filter\"}, \"gridData\": {\"h\": 14, \"i\": \"2429ae11-ccb3-4016-b18d-c88140e29f67\", \"w\": 9, \"x\": 0, \"y\": 0}, \"panelIndex\": \"2429ae11-ccb3-4016-b18d-c88140e29f67\", \"panelRefName\": \"panel_0\", \"title\": \"ECS Task Filter\", \"version\": \"7.10.0\"}, {\"embeddableConfig\": {\"hidePanelTitles\": false, \"title\": \"Containers\"}, \"gridData\": {\"h\": 14, \"i\": \"735a25cb-f781-4a8b-99e6-2adf582f8a37\", \"w\": 39, \"x\": 9, \"y\": 0}, \"panelIndex\": \"735a25cb-f781-4a8b-99e6-2adf582f8a37\", \"panelRefName\": \"panel_1\", \"title\": \"Containers\", \"version\": \"7.10.0\"}, {\"embeddableConfig\": {\"hidePanelTitles\": false, \"title\": \"Total Number of Containers\"}, \"gridData\": {\"h\": 15, \"i\": \"5d4537e8-9aee-47e6-8580-1961d8a3a38e\", \"w\": 24, \"x\": 0, \"y\": 14}, \"panelIndex\": \"5d4537e8-9aee-47e6-8580-1961d8a3a38e\", \"panelRefName\": \"panel_2\", \"title\": \"Total Number of Containers\", \"version\": \"7.10.0\"}, {\"embeddableConfig\": {\"hidePanelTitles\": false, \"title\": \"CPU Utilization Per Cluster\"}, \"gridData\": {\"h\": 15, \"i\": \"d3c9208e-c699-4514-a091-a731d28ab9af\", \"w\": 24, \"x\": 24, \"y\": 14}, \"panelIndex\": \"d3c9208e-c699-4514-a091-a731d28ab9af\", \"panelRefName\": \"panel_3\", \"title\": \"CPU Utilization Per Cluster\", \"version\": \"7.10.0\"}, {\"embeddableConfig\": {\"hidePanelTitles\": false, \"title\": \"Container Memory Usage Pct\"}, \"gridData\": {\"h\": 15, \"i\": \"9dd2b002-5170-49ea-afc2-30b0b46b0fd7\", \"w\": 24, \"x\": 0, \"y\": 29}, \"panelIndex\": \"9dd2b002-5170-49ea-afc2-30b0b46b0fd7\", \"panelRefName\": \"panel_4\", \"title\": \"Container Memory Usage Pct\", \"version\": \"7.10.0\"}, {\"embeddableConfig\": {\"hidePanelTitles\": false, \"title\": \"DiskIO Write\"}, \"gridData\": {\"h\": 15, \"i\": \"89b0cd8b-13d9-4a43-8f93-3410aff125c3\", \"w\": 24, \"x\": 24, \"y\": 44}, \"panelIndex\": \"89b0cd8b-13d9-4a43-8f93-3410aff125c3\", \"panelRefName\": \"panel_5\", \"title\": \"DiskIO Write\", \"version\": \"7.10.0\"}, {\"embeddableConfig\": {\"hidePanelTitles\": false, \"title\": \"DiskIO Read\"}, \"gridData\": {\"h\": 15, \"i\": \"d7a6623a-14cf-411c-ab73-ded3734a359b\", \"w\": 24, \"x\": 0, \"y\": 44}, \"panelIndex\": \"d7a6623a-14cf-411c-ab73-ded3734a359b\", \"panelRefName\": \"panel_6\", \"title\": \"DiskIO Read\", \"version\": \"7.10.0\"}, {\"embeddableConfig\": {\"hidePanelTitles\": false, \"title\": \"Container CPU Total Norm Pct\"}, \"gridData\": {\"h\": 15, \"i\": \"a7a6e425-98fd-4210-b3d5-005268be6274\", \"w\": 24, \"x\": 24, \"y\": 29}, \"panelIndex\": \"a7a6e425-98fd-4210-b3d5-005268be6274\", \"panelRefName\": \"panel_7\", \"title\": \"Container CPU Total Norm Pct\", \"version\": \"7.10.0\"}]",
                "timeRestore": false,
                "title": "[Metricbeat AWSFargate] Fargate Overview",
                "version": 1
            },
            "id": "20dc7c50-2e89-11eb-991c-c5fd3b7f5a63",
            "migrationVersion": {
                "dashboard": "7.9.3"
            },
            "namespaces": [
                "default"
            ],
            "references": [
                {
                    "id": "38eee240-2e90-11eb-a417-f961313c14f6",
                    "name": "panel_0",
                    "type": "visualization"
                },
                {
                    "id": "8cf592f0-2e8e-11eb-a417-f961313c14f6",
                    "name": "panel_1",
                    "type": "lens"
                },
                {
                    "id": "86720980-3966-11eb-a417-f961313c14f6",
                    "name": "panel_2",
                    "type": "lens"
                },
                {
                    "id": "b1837e70-396f-11eb-a417-f961313c14f6",
                    "name": "panel_3",
                    "type": "lens"
                },
                {
                    "id": "d3f3aa80-2e8d-11eb-a417-f961313c14f6",
                    "name": "panel_4",
                    "type": "lens"
                },
                {
                    "id": "c3952840-2e91-11eb-a417-f961313c14f6",
                    "name": "panel_5",
                    "type": "lens"
                },
                {
                    "id": "a7970500-2e91-11eb-a417-f961313c14f6",
                    "name": "panel_6",
                    "type": "lens"
                },
                {
                    "id": "60941700-2e88-11eb-991c-c5fd3b7f5a63",
                    "name": "panel_7",
                    "type": "lens"
                }
            ],
            "type": "dashboard",
            "updated_at": "2020-12-08T16:33:09.074Z",
            "version": "WzEzNzIwNywxXQ=="
        },
        {
            "attributes": {
                "description": "",
                "kibanaSavedObjectMeta": {
                    "searchSourceJSON": "{\"filter\": [], \"query\": {\"language\": \"kuery\", \"query\": \"\"}}"
                },
                "title": "ECS Task Filter [Metricbeat AWSFargate]",
                "uiStateJSON": "{}",
                "version": 1,
                "visState": "{\"aggs\": [], \"params\": {\"controls\": [{\"fieldName\": \"cloud.region\", \"id\": \"1607442436907\", \"indexPatternRefName\": \"control_0_index_pattern\", \"label\": \"Region Name\", \"options\": {\"dynamicOptions\": true, \"multiselect\": true, \"order\": \"desc\", \"size\": 5, \"type\": \"terms\"}, \"parent\": \"\", \"type\": \"list\"}, {\"fieldName\": \"awsfargate.task_stats.cluster_name\", \"id\": \"1607442399749\", \"indexPatternRefName\": \"control_1_index_pattern\", \"label\": \"Cluster Name\", \"options\": {\"dynamicOptions\": true, \"multiselect\": true, \"order\": \"desc\", \"size\": 5, \"type\": \"terms\"}, \"parent\": \"\", \"type\": \"list\"}, {\"fieldName\": \"container.labels.com_amazonaws_ecs_task-definition-family\", \"id\": \"1606248025028\", \"indexPatternRefName\": \"control_2_index_pattern\", \"label\": \"Task Name\", \"options\": {\"dynamicOptions\": true, \"multiselect\": true, \"order\": \"desc\", \"size\": 5, \"type\": \"terms\"}, \"parent\": \"\", \"type\": \"list\"}], \"pinFilters\": false, \"updateFiltersOnChange\": false, \"useTimeFilter\": false}, \"title\": \"ECS Task Filter [Metricbeat AWSFargate]\", \"type\": \"input_control_vis\"}"
            },
            "id": "38eee240-2e90-11eb-a417-f961313c14f6",
            "migrationVersion": {
                "visualization": "7.10.0"
            },
            "namespaces": [
                "default"
            ],
            "references": [
                {
                    "id": "metricbeat-*",
                    "name": "control_0_index_pattern",
                    "type": "index-pattern"
                },
                {
                    "id": "metricbeat-*",
                    "name": "control_1_index_pattern",
                    "type": "index-pattern"
                },
                {
                    "id": "metricbeat-*",
                    "name": "control_2_index_pattern",
                    "type": "index-pattern"
                }
            ],
            "type": "visualization",
            "updated_at": "2020-12-08T15:47:56.120Z",
            "version": "WzEzNjYzOCwxXQ=="
        },
        {
            "attributes": {
                "description": "",
                "state": {
                    "datasourceStates": {
                        "indexpattern": {
                            "layers": {
                                "e350c9e6-e6b7-40f1-83ed-94a38ed9467a": {
                                    "columnOrder": [
                                        "040803fd-23f9-4f4f-95da-e8be99becbc1",
                                        "eb452b61-bf12-46c0-afae-c0f1c776156c",
                                        "b1e08425-6a1e-4db6-bb47-a65167b7e14f",
                                        "09de0d9e-c174-46cf-bdc8-50158475b4a7",
                                        "e0782143-0636-43b4-8fac-b857ea5282b2",
                                        "7626706b-6efa-4fe7-b45c-6e9afa07f982",
                                        "441ceb32-53e7-4408-9638-6dfd38202144"
                                    ],
                                    "columns": {
                                        "040803fd-23f9-4f4f-95da-e8be99becbc1": {
                                            "customLabel": true,
                                            "dataType": "string",
                                            "isBucketed": true,
                                            "label": "Task Name",
                                            "operationType": "terms",
                                            "params": {
                                                "orderBy": {
                                                    "type": "alphabetical"
                                                },
                                                "orderDirection": "asc",
                                                "size": 20
                                            },
                                            "scale": "ordinal",
                                            "sourceField": "container.labels.com_amazonaws_ecs_task-definition-family"
                                        },
                                        "09de0d9e-c174-46cf-bdc8-50158475b4a7": {
                                            "customLabel": true,
                                            "dataType": "number",
                                            "isBucketed": false,
                                            "label": "CPU",
                                            "operationType": "avg",
                                            "params": {
                                                "format": {
                                                    "id": "percent",
                                                    "params": {
                                                        "decimals": 3
                                                    }
                                                }
                                            },
                                            "scale": "ratio",
                                            "sourceField": "awsfargate.task_stats.cpu.total.norm.pct"
                                        },
                                        "441ceb32-53e7-4408-9638-6dfd38202144": {
                                            "customLabel": true,
                                            "dataType": "number",
                                            "isBucketed": false,
                                            "label": "Memory",
                                            "operationType": "avg",
                                            "params": {
                                                "format": {
                                                    "id": "percent",
                                                    "params": {
                                                        "decimals": 3
                                                    }
                                                }
                                            },
                                            "scale": "ratio",
                                            "sourceField": "awsfargate.task_stats.memory.usage.pct"
                                        },
                                        "7626706b-6efa-4fe7-b45c-6e9afa07f982": {
                                            "customLabel": true,
                                            "dataType": "number",
                                            "isBucketed": false,
                                            "label": "Memory Usage",
                                            "operationType": "avg",
                                            "params": {
                                                "format": {
                                                    "id": "bytes",
                                                    "params": {
                                                        "decimals": 2
                                                    }
                                                }
                                            },
                                            "scale": "ratio",
                                            "sourceField": "awsfargate.task_stats.memory.usage.total"
                                        },
                                        "b1e08425-6a1e-4db6-bb47-a65167b7e14f": {
                                            "customLabel": true,
                                            "dataType": "string",
                                            "isBucketed": true,
                                            "label": "ECS Cluster ARN",
                                            "operationType": "terms",
                                            "params": {
                                                "orderBy": {
                                                    "type": "alphabetical"
                                                },
                                                "orderDirection": "asc",
                                                "size": 20
                                            },
                                            "scale": "ordinal",
                                            "sourceField": "container.labels.com_amazonaws_ecs_cluster"
                                        },
                                        "e0782143-0636-43b4-8fac-b857ea5282b2": {
                                            "customLabel": true,
                                            "dataType": "number",
                                            "isBucketed": false,
                                            "label": "DiskIO",
                                            "operationType": "avg",
                                            "scale": "ratio",
                                            "sourceField": "awsfargate.task_stats.diskio.total"
                                        },
                                        "eb452b61-bf12-46c0-afae-c0f1c776156c": {
                                            "customLabel": true,
                                            "dataType": "string",
                                            "isBucketed": true,
                                            "label": "Container Name",
                                            "operationType": "terms",
                                            "params": {
                                                "orderBy": {
                                                    "type": "alphabetical"
                                                },
                                                "orderDirection": "asc",
                                                "size": 20
                                            },
                                            "scale": "ordinal",
                                            "sourceField": "container.name"
                                        }
                                    }
                                }
                            }
                        }
                    },
                    "filters": [],
                    "query": {
                        "language": "kuery",
                        "query": ""
                    },
                    "visualization": {
                        "layers": [
                            {
                                "columns": [
                                    "eb452b61-bf12-46c0-afae-c0f1c776156c",
                                    "040803fd-23f9-4f4f-95da-e8be99becbc1",
                                    "b1e08425-6a1e-4db6-bb47-a65167b7e14f",
                                    "09de0d9e-c174-46cf-bdc8-50158475b4a7",
                                    "e0782143-0636-43b4-8fac-b857ea5282b2",
                                    "7626706b-6efa-4fe7-b45c-6e9afa07f982",
                                    "441ceb32-53e7-4408-9638-6dfd38202144"
                                ],
                                "layerId": "e350c9e6-e6b7-40f1-83ed-94a38ed9467a"
                            }
                        ]
                    }
                },
                "title": "Container Table [Metricbeat AWSFargate]",
                "visualizationType": "lnsDatatable"
            },
            "id": "8cf592f0-2e8e-11eb-a417-f961313c14f6",
            "migrationVersion": {
                "lens": "7.10.0"
            },
            "namespaces": [
                "default"
            ],
            "references": [
                {
                    "id": "metricbeat-*",
                    "name": "indexpattern-datasource-current-indexpattern",
                    "type": "index-pattern"
                },
                {
                    "id": "metricbeat-*",
                    "name": "indexpattern-datasource-layer-e350c9e6-e6b7-40f1-83ed-94a38ed9467a",
                    "type": "index-pattern"
                }
            ],
            "type": "lens",
            "updated_at": "2020-12-04T21:19:50.812Z",
            "version": "WzM4ODc5LDFd"
        },
        {
            "attributes": {
                "description": "",
                "state": {
                    "datasourceStates": {
                        "indexpattern": {
                            "layers": {
                                "450490b7-c7f9-42bf-8e7d-227cbf960e94": {
                                    "columnOrder": [
                                        "b20aebaf-7126-4b1c-acca-79cfa113b44d",
                                        "915eda3d-00ce-40d0-ada8-4eb372202b42"
                                    ],
                                    "columns": {
                                        "915eda3d-00ce-40d0-ada8-4eb372202b42": {
                                            "dataType": "number",
                                            "isBucketed": false,
                                            "label": "Unique count of container.id",
                                            "operationType": "cardinality",
                                            "scale": "ratio",
                                            "sourceField": "container.id"
                                        },
                                        "b20aebaf-7126-4b1c-acca-79cfa113b44d": {
                                            "dataType": "date",
                                            "isBucketed": true,
                                            "label": "@timestamp",
                                            "operationType": "date_histogram",
                                            "params": {
                                                "interval": "auto"
                                            },
                                            "scale": "interval",
                                            "sourceField": "@timestamp",
                                            "suggestedPriority": 1
                                        }
                                    }
                                }
                            }
                        }
                    },
                    "filters": [],
                    "query": {
                        "language": "kuery",
                        "query": ""
                    },
                    "visualization": {
                        "axisTitlesVisibilitySettings": {
                            "x": true,
                            "yLeft": true,
                            "yRight": true
                        },
                        "fittingFunction": "None",
                        "gridlinesVisibilitySettings": {
                            "x": true,
                            "yLeft": true,
                            "yRight": true
                        },
                        "layers": [
                            {
                                "accessors": [
                                    "915eda3d-00ce-40d0-ada8-4eb372202b42"
                                ],
                                "layerId": "450490b7-c7f9-42bf-8e7d-227cbf960e94",
                                "position": "top",
                                "seriesType": "bar_stacked",
                                "showGridlines": false,
                                "xAccessor": "b20aebaf-7126-4b1c-acca-79cfa113b44d"
                            }
                        ],
                        "legend": {
                            "isVisible": true,
                            "position": "right"
                        },
                        "preferredSeriesType": "bar_stacked",
                        "tickLabelsVisibilitySettings": {
                            "x": true,
                            "yLeft": true,
                            "yRight": true
                        }
                    }
                },
                "title": "Total Number of Containers [Metricbeat AWSFargate]",
                "visualizationType": "lnsXY"
            },
            "id": "86720980-3966-11eb-a417-f961313c14f6",
            "migrationVersion": {
                "lens": "7.10.0"
            },
            "namespaces": [
                "default"
            ],
            "references": [
                {
                    "id": "metricbeat-*",
                    "name": "indexpattern-datasource-current-indexpattern",
                    "type": "index-pattern"
                },
                {
                    "id": "metricbeat-*",
                    "name": "indexpattern-datasource-layer-450490b7-c7f9-42bf-8e7d-227cbf960e94",
                    "type": "index-pattern"
                }
            ],
            "type": "lens",
            "updated_at": "2020-12-08T15:03:26.999Z",
            "version": "WzEzNjU3MywxXQ=="
        },
        {
            "attributes": {
                "description": "",
                "state": {
                    "datasourceStates": {
                        "indexpattern": {
                            "layers": {
                                "82f43ff6-6ac1-4f73-b532-61b6b9fe15b0": {
                                    "columnOrder": [
                                        "e139ccbc-54ff-4921-b345-e3c3ff6a9efc",
                                        "d7b9836e-d606-4aab-b2d8-44cbc726a950"
                                    ],
                                    "columns": {
                                        "d7b9836e-d606-4aab-b2d8-44cbc726a950": {
                                            "customLabel": true,
                                            "dataType": "number",
                                            "isBucketed": false,
                                            "label": "CPU Utilization",
                                            "operationType": "avg",
                                            "params": {
                                                "format": {
                                                    "id": "percent",
                                                    "params": {
                                                        "decimals": 2
                                                    }
                                                }
                                            },
                                            "scale": "ratio",
                                            "sourceField": "awsfargate.task_stats.cpu.total.norm.pct",
                                            "suggestedPriority": 0
                                        },
                                        "e139ccbc-54ff-4921-b345-e3c3ff6a9efc": {
                                            "customLabel": true,
                                            "dataType": "string",
                                            "isBucketed": true,
                                            "label": "Cluster Name",
                                            "operationType": "terms",
                                            "params": {
                                                "orderBy": {
                                                    "columnId": "d7b9836e-d606-4aab-b2d8-44cbc726a950",
                                                    "type": "column"
                                                },
                                                "orderDirection": "desc",
                                                "size": 20
                                            },
                                            "scale": "ordinal",
                                            "sourceField": "awsfargate.task_stats.cluster_name"
                                        }
                                    }
                                }
                            }
                        }
                    },
                    "filters": [],
                    "query": {
                        "language": "kuery",
                        "query": ""
                    },
                    "visualization": {
                        "axisTitlesVisibilitySettings": {
                            "x": true,
                            "yLeft": true,
                            "yRight": true
                        },
                        "fittingFunction": "None",
                        "gridlinesVisibilitySettings": {
                            "x": true,
                            "yLeft": true,
                            "yRight": true
                        },
                        "layers": [
                            {
                                "accessors": [
                                    "d7b9836e-d606-4aab-b2d8-44cbc726a950"
                                ],
                                "layerId": "82f43ff6-6ac1-4f73-b532-61b6b9fe15b0",
                                "seriesType": "bar_horizontal",
                                "xAccessor": "e139ccbc-54ff-4921-b345-e3c3ff6a9efc"
                            }
                        ],
                        "legend": {
                            "isVisible": true,
                            "position": "right"
                        },
                        "preferredSeriesType": "bar_horizontal",
                        "tickLabelsVisibilitySettings": {
                            "x": true,
                            "yLeft": true,
                            "yRight": true
                        }
                    }
                },
                "title": "CPU Utilization Per Cluster [Metricbeat AWSFargate]",
                "visualizationType": "lnsXY"
            },
            "id": "b1837e70-396f-11eb-a417-f961313c14f6",
            "migrationVersion": {
                "lens": "7.10.0"
            },
            "namespaces": [
                "default"
            ],
            "references": [
                {
                    "id": "metricbeat-*",
                    "name": "indexpattern-datasource-current-indexpattern",
                    "type": "index-pattern"
                },
                {
                    "id": "metricbeat-*",
                    "name": "indexpattern-datasource-layer-82f43ff6-6ac1-4f73-b532-61b6b9fe15b0",
                    "type": "index-pattern"
                }
            ],
            "type": "lens",
            "updated_at": "2020-12-08T16:09:04.727Z",
            "version": "WzEzNjkxNiwxXQ=="
        },
        {
            "attributes": {
                "description": "",
                "state": {
                    "datasourceStates": {
                        "indexpattern": {
                            "layers": {
                                "e350c9e6-e6b7-40f1-83ed-94a38ed9467a": {
                                    "columnOrder": [
                                        "55121be2-80f6-407c-9352-3e13705ac860",
                                        "eb452b61-bf12-46c0-afae-c0f1c776156c",
                                        "5b846eff-5ca7-45b0-b4c2-0346e9986302"
                                    ],
                                    "columns": {
                                        "55121be2-80f6-407c-9352-3e13705ac860": {
                                            "dataType": "date",
                                            "isBucketed": true,
                                            "label": "@timestamp",
                                            "operationType": "date_histogram",
                                            "params": {
                                                "interval": "10s"
                                            },
                                            "scale": "interval",
                                            "sourceField": "@timestamp"
                                        },
                                        "5b846eff-5ca7-45b0-b4c2-0346e9986302": {
                                            "customLabel": true,
                                            "dataType": "number",
                                            "isBucketed": false,
                                            "label": "Container Memory Usage Pct",
                                            "operationType": "avg",
                                            "params": {
                                                "format": {
                                                    "id": "percent",
                                                    "params": {
                                                        "decimals": 2
                                                    }
                                                }
                                            },
                                            "scale": "ratio",
                                            "sourceField": "awsfargate.task_stats.memory.usage.pct",
                                            "suggestedPriority": 0
                                        },
                                        "eb452b61-bf12-46c0-afae-c0f1c776156c": {
                                            "customLabel": true,
                                            "dataType": "string",
                                            "isBucketed": true,
                                            "label": "container identifier",
                                            "operationType": "terms",
                                            "params": {
                                                "orderBy": {
                                                    "columnId": "5b846eff-5ca7-45b0-b4c2-0346e9986302",
                                                    "type": "column"
                                                },
                                                "orderDirection": "desc",
                                                "size": 20
                                            },
                                            "scale": "ordinal",
                                            "sourceField": "awsfargate.task_stats.identifier"
                                        }
                                    }
                                }
                            }
                        }
                    },
                    "filters": [],
                    "query": {
                        "language": "kuery",
                        "query": ""
                    },
                    "visualization": {
                        "axisTitlesVisibilitySettings": {
                            "x": true,
                            "yLeft": true,
                            "yRight": true
                        },
                        "fittingFunction": "None",
                        "gridlinesVisibilitySettings": {
                            "x": true,
                            "yLeft": true,
                            "yRight": true
                        },
                        "layers": [
                            {
                                "accessors": [
                                    "5b846eff-5ca7-45b0-b4c2-0346e9986302"
                                ],
                                "layerId": "e350c9e6-e6b7-40f1-83ed-94a38ed9467a",
                                "position": "top",
                                "seriesType": "line",
                                "showGridlines": false,
                                "splitAccessor": "eb452b61-bf12-46c0-afae-c0f1c776156c",
                                "xAccessor": "55121be2-80f6-407c-9352-3e13705ac860"
                            }
                        ],
                        "legend": {
                            "isVisible": true,
                            "position": "right"
                        },
                        "preferredSeriesType": "line",
                        "tickLabelsVisibilitySettings": {
                            "x": true,
                            "yLeft": true,
                            "yRight": true
                        }
                    }
                },
                "title": "Container Memory Usage Pct [Metricbeat AWSFargate]",
                "visualizationType": "lnsXY"
            },
            "id": "d3f3aa80-2e8d-11eb-a417-f961313c14f6",
            "migrationVersion": {
                "lens": "7.10.0"
            },
            "namespaces": [
                "default"
            ],
            "references": [
                {
                    "id": "metricbeat-*",
                    "name": "indexpattern-datasource-current-indexpattern",
                    "type": "index-pattern"
                },
                {
                    "id": "metricbeat-*",
                    "name": "indexpattern-datasource-layer-e350c9e6-e6b7-40f1-83ed-94a38ed9467a",
                    "type": "index-pattern"
                }
            ],
            "type": "lens",
            "updated_at": "2020-12-08T16:19:29.265Z",
            "version": "WzEzNzExMSwxXQ=="
        },
        {
            "attributes": {
                "description": "",
                "state": {
                    "datasourceStates": {
                        "indexpattern": {
                            "layers": {
                                "c8d70f88-6554-41ca-ac1e-a3cf8b992972": {
                                    "columnOrder": [
                                        "0505d890-632e-4434-a68f-f019e7893eaf",
                                        "989ce63a-7fcd-4c83-980b-d595a1dd2469",
                                        "ab00dce2-6c01-4a0d-8d7c-71330afbaa3b"
                                    ],
                                    "columns": {
                                        "0505d890-632e-4434-a68f-f019e7893eaf": {
                                            "dataType": "string",
                                            "isBucketed": true,
                                            "label": "Top values of awsfargate.task_stats.identifier",
                                            "operationType": "terms",
                                            "params": {
                                                "orderBy": {
                                                    "columnId": "ab00dce2-6c01-4a0d-8d7c-71330afbaa3b",
                                                    "type": "column"
                                                },
                                                "orderDirection": "desc",
                                                "size": 20
                                            },
                                            "scale": "ordinal",
                                            "sourceField": "awsfargate.task_stats.identifier"
                                        },
                                        "989ce63a-7fcd-4c83-980b-d595a1dd2469": {
                                            "dataType": "date",
                                            "isBucketed": true,
                                            "label": "@timestamp",
                                            "operationType": "date_histogram",
                                            "params": {
                                                "interval": "auto"
                                            },
                                            "scale": "interval",
                                            "sourceField": "@timestamp"
                                        },
                                        "ab00dce2-6c01-4a0d-8d7c-71330afbaa3b": {
                                            "customLabel": true,
                                            "dataType": "number",
                                            "isBucketed": false,
                                            "label": "DiskIO Write",
                                            "operationType": "avg",
                                            "params": {
                                                "format": {
                                                    "id": "bytes",
                                                    "params": {
                                                        "decimals": 2
                                                    }
                                                }
                                            },
                                            "scale": "ratio",
                                            "sourceField": "awsfargate.task_stats.diskio.write.bytes",
                                            "suggestedPriority": 0
                                        }
                                    }
                                }
                            }
                        }
                    },
                    "filters": [],
                    "query": {
                        "language": "kuery",
                        "query": ""
                    },
                    "visualization": {
                        "axisTitlesVisibilitySettings": {
                            "x": true,
                            "yLeft": true,
                            "yRight": true
                        },
                        "fittingFunction": "None",
                        "gridlinesVisibilitySettings": {
                            "x": true,
                            "yLeft": true,
                            "yRight": true
                        },
                        "layers": [
                            {
                                "accessors": [
                                    "ab00dce2-6c01-4a0d-8d7c-71330afbaa3b"
                                ],
                                "layerId": "c8d70f88-6554-41ca-ac1e-a3cf8b992972",
                                "position": "top",
                                "seriesType": "line",
                                "showGridlines": false,
                                "splitAccessor": "0505d890-632e-4434-a68f-f019e7893eaf",
                                "xAccessor": "989ce63a-7fcd-4c83-980b-d595a1dd2469"
                            }
                        ],
                        "legend": {
                            "isVisible": true,
                            "position": "right"
                        },
                        "preferredSeriesType": "line",
                        "tickLabelsVisibilitySettings": {
                            "x": true,
                            "yLeft": true,
                            "yRight": true
                        }
                    }
                },
                "title": "DiskIO Write [Metricbeat AWSFargate]",
                "visualizationType": "lnsXY"
            },
            "id": "c3952840-2e91-11eb-a417-f961313c14f6",
            "migrationVersion": {
                "lens": "7.10.0"
            },
            "namespaces": [
                "default"
            ],
            "references": [
                {
                    "id": "metricbeat-*",
                    "name": "indexpattern-datasource-current-indexpattern",
                    "type": "index-pattern"
                },
                {
                    "id": "metricbeat-*",
                    "name": "indexpattern-datasource-layer-c8d70f88-6554-41ca-ac1e-a3cf8b992972",
                    "type": "index-pattern"
                }
            ],
            "type": "lens",
            "updated_at": "2020-12-08T16:13:22.119Z",
            "version": "WzEzNzAxMSwxXQ=="
        },
        {
            "attributes": {
                "description": "",
                "state": {
                    "datasourceStates": {
                        "indexpattern": {
                            "layers": {
                                "c8d70f88-6554-41ca-ac1e-a3cf8b992972": {
                                    "columnOrder": [
                                        "0505d890-632e-4434-a68f-f019e7893eaf",
                                        "989ce63a-7fcd-4c83-980b-d595a1dd2469",
                                        "ab00dce2-6c01-4a0d-8d7c-71330afbaa3b"
                                    ],
                                    "columns": {
                                        "0505d890-632e-4434-a68f-f019e7893eaf": {
                                            "dataType": "string",
                                            "isBucketed": true,
                                            "label": "Top values of awsfargate.task_stats.identifier",
                                            "operationType": "terms",
                                            "params": {
                                                "orderBy": {
                                                    "columnId": "ab00dce2-6c01-4a0d-8d7c-71330afbaa3b",
                                                    "type": "column"
                                                },
                                                "orderDirection": "desc",
                                                "size": 20
                                            },
                                            "scale": "ordinal",
                                            "sourceField": "awsfargate.task_stats.identifier"
                                        },
                                        "989ce63a-7fcd-4c83-980b-d595a1dd2469": {
                                            "dataType": "date",
                                            "isBucketed": true,
                                            "label": "@timestamp",
                                            "operationType": "date_histogram",
                                            "params": {
                                                "interval": "auto"
                                            },
                                            "scale": "interval",
                                            "sourceField": "@timestamp"
                                        },
                                        "ab00dce2-6c01-4a0d-8d7c-71330afbaa3b": {
                                            "customLabel": true,
                                            "dataType": "number",
                                            "isBucketed": false,
                                            "label": "DiskIO Read",
                                            "operationType": "avg",
                                            "params": {
                                                "format": {
                                                    "id": "bytes",
                                                    "params": {
                                                        "decimals": 2
                                                    }
                                                }
                                            },
                                            "scale": "ratio",
                                            "sourceField": "awsfargate.task_stats.diskio.read.bytes",
                                            "suggestedPriority": 0
                                        }
                                    }
                                }
                            }
                        }
                    },
                    "filters": [],
                    "query": {
                        "language": "kuery",
                        "query": ""
                    },
                    "visualization": {
                        "axisTitlesVisibilitySettings": {
                            "x": true,
                            "yLeft": true,
                            "yRight": true
                        },
                        "fittingFunction": "None",
                        "gridlinesVisibilitySettings": {
                            "x": true,
                            "yLeft": true,
                            "yRight": true
                        },
                        "layers": [
                            {
                                "accessors": [
                                    "ab00dce2-6c01-4a0d-8d7c-71330afbaa3b"
                                ],
                                "layerId": "c8d70f88-6554-41ca-ac1e-a3cf8b992972",
                                "position": "top",
                                "seriesType": "line",
                                "showGridlines": false,
                                "splitAccessor": "0505d890-632e-4434-a68f-f019e7893eaf",
                                "xAccessor": "989ce63a-7fcd-4c83-980b-d595a1dd2469"
                            }
                        ],
                        "legend": {
                            "isVisible": true,
                            "position": "right"
                        },
                        "preferredSeriesType": "line",
                        "tickLabelsVisibilitySettings": {
                            "x": true,
                            "yLeft": true,
                            "yRight": true
                        }
                    }
                },
                "title": "DiskIO Read [Metricbeat AWSFargate]",
                "visualizationType": "lnsXY"
            },
            "id": "a7970500-2e91-11eb-a417-f961313c14f6",
            "migrationVersion": {
                "lens": "7.10.0"
            },
            "namespaces": [
                "default"
            ],
            "references": [
                {
                    "id": "metricbeat-*",
                    "name": "indexpattern-datasource-current-indexpattern",
                    "type": "index-pattern"
                },
                {
                    "id": "metricbeat-*",
                    "name": "indexpattern-datasource-layer-c8d70f88-6554-41ca-ac1e-a3cf8b992972",
                    "type": "index-pattern"
                }
            ],
            "type": "lens",
            "updated_at": "2020-12-08T16:13:21.224Z",
            "version": "WzEzNjk5NSwxXQ=="
        },
        {
            "attributes": {
                "description": "",
                "state": {
                    "datasourceStates": {
                        "indexpattern": {
                            "layers": {
                                "0749cbce-4a88-471d-9715-9f4f54510864": {
                                    "columnOrder": [
                                        "35481ca7-cebb-495c-974f-34ede5f3935c",
                                        "33d4857c-800a-4854-9369-dbf019501bdd",
                                        "ec425562-fe79-4326-b753-20b408c806fb"
                                    ],
                                    "columns": {
                                        "33d4857c-800a-4854-9369-dbf019501bdd": {
                                            "customLabel": true,
                                            "dataType": "string",
                                            "isBucketed": true,
                                            "label": "Container Identifier",
                                            "operationType": "terms",
                                            "params": {
                                                "orderBy": {
                                                    "columnId": "ec425562-fe79-4326-b753-20b408c806fb",
                                                    "type": "column"
                                                },
                                                "orderDirection": "desc",
                                                "size": 20
                                            },
                                            "scale": "ordinal",
                                            "sourceField": "awsfargate.task_stats.identifier"
                                        },
                                        "35481ca7-cebb-495c-974f-34ede5f3935c": {
                                            "dataType": "date",
                                            "isBucketed": true,
                                            "label": "@timestamp",
                                            "operationType": "date_histogram",
                                            "params": {
                                                "interval": "10s"
                                            },
                                            "scale": "interval",
                                            "sourceField": "@timestamp"
                                        },
                                        "ec425562-fe79-4326-b753-20b408c806fb": {
                                            "customLabel": true,
                                            "dataType": "number",
                                            "isBucketed": false,
                                            "label": "Container CPU Total Norm Pct",
                                            "operationType": "avg",
                                            "params": {
                                                "format": {
                                                    "id": "percent",
                                                    "params": {
                                                        "decimals": 2
                                                    }
                                                }
                                            },
                                            "scale": "ratio",
                                            "sourceField": "awsfargate.task_stats.cpu.total.norm.pct",
                                            "suggestedPriority": 0
                                        }
                                    }
                                }
                            }
                        }
                    },
                    "filters": [],
                    "query": {
                        "language": "kuery",
                        "query": ""
                    },
                    "visualization": {
                        "fittingFunction": "None",
                        "layers": [
                            {
                                "accessors": [
                                    "ec425562-fe79-4326-b753-20b408c806fb"
                                ],
                                "layerId": "0749cbce-4a88-471d-9715-9f4f54510864",
                                "position": "top",
                                "seriesType": "line",
                                "showGridlines": false,
                                "splitAccessor": "33d4857c-800a-4854-9369-dbf019501bdd",
                                "xAccessor": "35481ca7-cebb-495c-974f-34ede5f3935c"
                            }
                        ],
                        "legend": {
                            "isVisible": true,
                            "position": "right"
                        },
                        "preferredSeriesType": "line"
                    }
                },
                "title": "Container CPU Total Norm Pct [Metricbeat AWSFargate]",
                "visualizationType": "lnsXY"
            },
            "id": "60941700-2e88-11eb-991c-c5fd3b7f5a63",
            "migrationVersion": {
                "lens": "7.10.0"
            },
            "namespaces": [
                "default"
            ],
            "references": [
                {
                    "id": "metricbeat-*",
                    "name": "indexpattern-datasource-current-indexpattern",
                    "type": "index-pattern"
                },
                {
                    "id": "metricbeat-*",
                    "name": "indexpattern-datasource-layer-0749cbce-4a88-471d-9715-9f4f54510864",
                    "type": "index-pattern"
                }
            ],
            "type": "lens",
            "updated_at": "2020-12-08T16:30:52.054Z",
            "version": "WzEzNzE5OSwxXQ=="
        }
    ],
    "version": "7.10.0"
}