{
    "objects": [
        {
            "attributes": {
                "description": "Various stats for Prometheus Server",
                "hits": 0,
                "kibanaSavedObjectMeta": {
                    "searchSourceJSON": "{\"filter\": [], \"query\": {\"language\": \"kuery\", \"query\": \"\"}}"
                },
                "optionsJSON": "{\"hidePanelTitles\": false, \"useMargins\": true}",
                "panelsJSON": "[{\"embeddableConfig\": {}, \"gridData\": {\"h\": 15, \"i\": \"1\", \"w\": 24, \"x\": 0, \"y\": 0}, \"panelIndex\": \"1\", \"panelRefName\": \"panel_0\", \"title\": \"HTTP Requests\", \"version\": \"7.3.0\"}, {\"embeddableConfig\": {}, \"gridData\": {\"h\": 15, \"i\": \"2\", \"w\": 24, \"x\": 24, \"y\": 0}, \"panelIndex\": \"2\", \"panelRefName\": \"panel_1\", \"title\": \"Query Durations\", \"version\": \"7.3.0\"}, {\"embeddableConfig\": {}, \"gridData\": {\"h\": 7, \"i\": \"3\", \"w\": 24, \"x\": 24, \"y\": 15}, \"panelIndex\": \"3\", \"panelRefName\": \"panel_2\", \"title\": \"Number of Targets\", \"version\": \"7.3.0\"}, {\"embeddableConfig\": {}, \"gridData\": {\"h\": 15, \"i\": \"4\", \"w\": 24, \"x\": 0, \"y\": 22}, \"panelIndex\": \"4\", \"panelRefName\": \"panel_3\", \"title\": \"Head Chunks\", \"version\": \"7.3.0\"}, {\"embeddableConfig\": {}, \"gridData\": {\"h\": 7, \"i\": \"5\", \"w\": 11, \"x\": 0, \"y\": 15}, \"panelIndex\": \"5\", \"panelRefName\": \"panel_4\", \"title\": \"WAL Stats\", \"version\": \"7.3.0\"}, {\"embeddableConfig\": {}, \"gridData\": {\"h\": 7, \"i\": \"6\", \"w\": 13, \"x\": 11, \"y\": 15}, \"panelIndex\": \"6\", \"panelRefName\": \"panel_5\", \"title\": \"Reload Count\", \"version\": \"7.3.0\"}, {\"embeddableConfig\": {}, \"gridData\": {\"h\": 15, \"i\": \"7\", \"w\": 10, \"x\": 24, \"y\": 22}, \"panelIndex\": \"7\", \"panelRefName\": \"panel_6\", \"title\": \"Remote API Reads\", \"version\": \"7.3.0\"}, {\"embeddableConfig\": {}, \"gridData\": {\"h\": 15, \"i\": \"8\", \"w\": 14, \"x\": 34, \"y\": 22}, \"panelIndex\": \"8\", \"panelRefName\": \"panel_7\", \"title\": \"Alert Notifications\", \"version\": \"7.3.0\"}]",
                "timeRestore": false,
                "title": "[Metricbeat Prometheus] Overview",
                "version": 1
            },
            "id": "6a9b80c0-b2ed-11e9-9a23-67ee28886a4b",
            "migrationVersion": {
                "dashboard": "7.3.0"
            },
            "references": [
                {
                    "id": "19886730-b2e7-11e9-9a23-67ee28886a4b",
                    "name": "panel_0",
                    "type": "visualization"
                },
                {
                    "id": "f77c5900-b2e4-11e9-9a23-67ee28886a4b",
                    "name": "panel_1",
                    "type": "visualization"
                },
                {
                    "id": "ffb70040-b2ec-11e9-9a23-67ee28886a4b",
                    "name": "panel_2",
                    "type": "visualization"
                },
                {
                    "id": "79345b00-b2e5-11e9-9a23-67ee28886a4b",
                    "name": "panel_3",
                    "type": "visualization"
                },
                {
                    "id": "138704c0-b2f8-11e9-9a23-67ee28886a4b",
                    "name": "panel_4",
                    "type": "visualization"
                },
                {
                    "id": "d7740b40-b2fc-11e9-9a23-67ee28886a4b",
                    "name": "panel_5",
                    "type": "visualization"
                },
                {
                    "id": "edd33100-b305-11e9-9a23-67ee28886a4b",
                    "name": "panel_6",
                    "type": "visualization"
                },
                {
                    "id": "0b356630-b308-11e9-9a23-67ee28886a4b",
                    "name": "panel_7",
                    "type": "visualization"
                }
            ],
            "type": "dashboard",
            "updated_at": "2019-08-02T10:59:13.474Z",
            "version": "WzYxMCwxXQ=="
        },
        {
            "attributes": {
                "description": "",
                "kibanaSavedObjectMeta": {
                    "searchSourceJSON": "{\"filter\": [], \"query\": {\"language\": \"kuery\", \"query\": \"\"}}"
                },
                "title": "HTTP Requests [Metricbeat Prometheus]",
                "uiStateJSON": "{}",
                "version": 1,
                "visState": "{\"aggs\": [], \"params\": {\"axis_formatter\": \"number\", \"axis_position\": \"left\", \"axis_scale\": \"normal\", \"default_index_pattern\": \"metricbeat-*\", \"default_timefield\": \"@timestamp\", \"filter\": {\"language\": \"kuery\", \"query\": \"\"}, \"id\": \"b2579fe0-b2e6-11e9-96a9-535735f478e7\", \"index_pattern\": \"metricbeat-*\", \"interval\": \"auto\", \"series\": [{\"axis_position\": \"right\", \"chart_type\": \"line\", \"color\": \"rgba(219,223,0,1)\", \"fill\": 0, \"formatter\": \"number\", \"id\": \"b2579fe1-b2e6-11e9-96a9-535735f478e7\", \"label\": \"HTTP Requests\", \"line_width\": 2, \"metrics\": [{\"field\": \"prometheus.metrics.prometheus_http_requests_total\", \"id\": \"b2579fe2-b2e6-11e9-96a9-535735f478e7\", \"type\": \"max\"}, {\"field\": \"b2579fe2-b2e6-11e9-96a9-535735f478e7\", \"id\": \"4ff83340-b445-11e9-88c2-81f27aea5920\", \"type\": \"derivative\", \"unit\": \"1s\"}], \"point_size\": 0, \"separate_axis\": 0, \"split_mode\": \"terms\", \"stacked\": \"none\", \"terms_field\": \"prometheus.labels.handler\", \"terms_size\": \"5\", \"value_template\": \"{{value}}\"}], \"show_grid\": 1, \"show_legend\": 1, \"time_field\": \"@timestamp\", \"type\": \"timeseries\"}, \"title\": \"HTTP Requests [Metricbeat Prometheus]\", \"type\": \"metrics\"}"
            },
            "id": "19886730-b2e7-11e9-9a23-67ee28886a4b",
            "migrationVersion": {
                "visualization": "7.3.0"
            },
            "references": [],
            "type": "visualization",
            "updated_at": "2019-08-01T10:16:22.004Z",
            "version": "WzUwMCwxXQ=="
        },
        {
            "attributes": {
                "description": "",
                "kibanaSavedObjectMeta": {
                    "searchSourceJSON": "{\"filter\": [], \"query\": {\"language\": \"kuery\", \"query\": \"\"}}"
                },
                "title": "Query Durations [Metricbeat Prometheus]",
                "uiStateJSON": "{}",
                "version": 1,
                "visState": "{\"aggs\": [], \"params\": {\"axis_formatter\": \"number\", \"axis_position\": \"left\", \"axis_scale\": \"normal\", \"default_index_pattern\": \"metricbeat-*\", \"default_timefield\": \"@timestamp\", \"filter\": {\"language\": \"kuery\", \"query\": \"prometheus.labels.quantile : \\\"0.99\\\"\"}, \"id\": \"0fa40ac0-b2e3-11e9-9d48-591d2f459020\", \"index_pattern\": \"metricbeat-*\", \"interval\": \"auto\", \"series\": [{\"axis_position\": \"right\", \"chart_type\": \"line\", \"color\": \"rgba(0,156,224,1)\", \"fill\": 0, \"filter\": {\"language\": \"kuery\", \"query\": \"prometheus.labels.quantile : \\\"0.99\\\" \"}, \"formatter\": \"'0.0[0000]'\", \"id\": \"0fa40ac1-b2e3-11e9-9d48-591d2f459020\", \"label\": \"Query Durations p99\", \"line_width\": 2, \"metrics\": [{\"field\": \"prometheus.metrics.prometheus_engine_query_duration_seconds\", \"id\": \"0fa40ac2-b2e3-11e9-9d48-591d2f459020\", \"type\": \"max\"}], \"point_size\": 0, \"separate_axis\": 0, \"split_filters\": [{\"color\": \"#3185FC\", \"filter\": {\"language\": \"kuery\", \"query\": \"prometheus.labels.slice : \\\"inner_eval\\\" \"}, \"id\": \"5089a8b0-b2e3-11e9-a478-1744b9617108\", \"label\": \"Inner\"}], \"split_mode\": \"terms\", \"stacked\": \"none\", \"terms_field\": \"prometheus.labels.slice\", \"terms_order_by\": \"_count\", \"value_template\": \"{{value}}\"}], \"show_grid\": 1, \"show_legend\": 1, \"time_field\": \"@timestamp\", \"type\": \"timeseries\"}, \"title\": \"Query Durations [Metricbeat Prometheus]\", \"type\": \"metrics\"}"
            },
            "id": "f77c5900-b2e4-11e9-9a23-67ee28886a4b",
            "migrationVersion": {
                "visualization": "7.3.0"
            },
            "references": [],
            "type": "visualization",
            "updated_at": "2019-07-31T12:29:35.301Z",
            "version": "WzQ0MSwxXQ=="
        },
        {
            "attributes": {
                "description": "",
                "kibanaSavedObjectMeta": {
                    "searchSourceJSON": "{\"filter\": [], \"query\": {\"language\": \"kuery\", \"query\": \"\"}}"
                },
                "title": "Number of Targets [Metricbeat Prometheus]",
                "uiStateJSON": "{}",
                "version": 1,
                "visState": "{\"aggs\": [], \"params\": {\"axis_formatter\": \"number\", \"axis_position\": \"left\", \"axis_scale\": \"normal\", \"default_index_pattern\": \"metricbeat-*\", \"default_timefield\": \"@timestamp\", \"filter\": {\"language\": \"kuery\", \"query\": \"\"}, \"id\": \"08298160-b2ea-11e9-a1e3-dd90a90fb461\", \"index_pattern\": \"metricbeat-*\", \"interval\": \"auto\", \"series\": [{\"axis_position\": \"right\", \"chart_type\": \"line\", \"color\": \"rgba(0,156,224,1)\", \"fill\": \"0.2\", \"filter\": {\"language\": \"kuery\", \"query\": \"\"}, \"formatter\": \"number\", \"id\": \"08298161-b2ea-11e9-a1e3-dd90a90fb461\", \"label\": \"Total Number of Discovered Targets\", \"line_width\": \"1\", \"metrics\": [{\"field\": \"prometheus.metrics.prometheus_sd_discovered_targets\", \"id\": \"08298162-b2ea-11e9-a1e3-dd90a90fb461\", \"type\": \"max\"}], \"point_size\": \"0\", \"separate_axis\": 0, \"split_mode\": \"terms\", \"stacked\": \"none\", \"steps\": 1, \"terms_direction\": \"desc\", \"terms_field\": \"prometheus.labels.name\", \"terms_order_by\": \"08298162-b2ea-11e9-a1e3-dd90a90fb461\", \"value_template\": \"{{value}}\"}], \"show_grid\": 1, \"show_legend\": 1, \"time_field\": \"@timestamp\", \"type\": \"timeseries\"}, \"title\": \"Number of Targets [Metricbeat Prometheus]\", \"type\": \"metrics\"}"
            },
            "id": "ffb70040-b2ec-11e9-9a23-67ee28886a4b",
            "migrationVersion": {
                "visualization": "7.3.0"
            },
            "references": [],
            "type": "visualization",
            "updated_at": "2019-07-31T12:34:36.214Z",
            "version": "WzQ2MiwxXQ=="
        },
        {
            "attributes": {
                "description": "",
                "kibanaSavedObjectMeta": {
                    "searchSourceJSON": "{\"filter\": [], \"query\": {\"language\": \"kuery\", \"query\": \"\"}}"
                },
                "title": "Head Chunks [Metricbeat Prometheus]",
                "uiStateJSON": "{}",
                "version": 1,
                "visState": "{\"aggs\": [], \"params\": {\"axis_formatter\": \"number\", \"axis_position\": \"left\", \"axis_scale\": \"normal\", \"default_index_pattern\": \"metricbeat-*\", \"default_timefield\": \"@timestamp\", \"filter\": {\"language\": \"kuery\", \"query\": \"\"}, \"id\": \"2f5a6920-b2e5-11e9-b248-0162f01eb4ee\", \"index_pattern\": \"metricbeat-*\", \"interval\": \"auto\", \"series\": [{\"axis_position\": \"right\", \"chart_type\": \"line\", \"color\": \"rgba(101,50,148,1)\", \"fill\": 0, \"formatter\": \"number\", \"id\": \"2f5a9030-b2e5-11e9-b248-0162f01eb4ee\", \"label\": \"Head Chunks\", \"line_width\": 2, \"metrics\": [{\"field\": \"prometheus.metrics.prometheus_tsdb_head_chunks\", \"id\": \"2f5a9031-b2e5-11e9-b248-0162f01eb4ee\", \"type\": \"max\"}], \"point_size\": 0, \"separate_axis\": 0, \"split_mode\": \"everything\", \"stacked\": \"none\", \"value_template\": \"{{value}}\"}], \"show_grid\": 1, \"show_legend\": 1, \"time_field\": \"@timestamp\", \"type\": \"timeseries\"}, \"title\": \"Head Chunks [Metricbeat Prometheus]\", \"type\": \"metrics\"}"
            },
            "id": "79345b00-b2e5-11e9-9a23-67ee28886a4b",
            "migrationVersion": {
                "visualization": "7.3.0"
            },
            "references": [],
            "type": "visualization",
            "updated_at": "2019-07-31T12:35:36.349Z",
            "version": "WzQ2OSwxXQ=="
        },
        {
            "attributes": {
                "description": "",
                "kibanaSavedObjectMeta": {
                    "searchSourceJSON": "{\"filter\": [], \"query\": {\"language\": \"kuery\", \"query\": \"\"}}"
                },
                "title": "WAL [Metricbeat Prometheus]",
                "uiStateJSON": "{}",
                "version": 1,
                "visState": "{\"aggs\": [], \"params\": {\"axis_formatter\": \"number\", \"axis_position\": \"left\", \"axis_scale\": \"normal\", \"bar_color_rules\": [{\"id\": \"f4985140-b2f7-11e9-8481-37d39feabbb2\"}], \"default_index_pattern\": \"metricbeat-*\", \"default_timefield\": \"@timestamp\", \"filter\": {\"language\": \"kuery\", \"query\": \"\"}, \"id\": \"ce91d200-b2f7-11e9-9e3f-5b12e64d4361\", \"index_pattern\": \"metricbeat-*\", \"interval\": \"auto\", \"series\": [{\"axis_position\": \"right\", \"chart_type\": \"line\", \"color\": \"rgba(247,75,56,1)\", \"fill\": 0, \"formatter\": \"number\", \"id\": \"ce91f910-b2f7-11e9-9e3f-5b12e64d4361\", \"label\": \"Failed WAL Truncations\", \"line_width\": 2, \"metrics\": [{\"field\": \"prometheus.metrics.prometheus_tsdb_wal_truncations_failed_total\", \"id\": \"ce91f911-b2f7-11e9-9e3f-5b12e64d4361\", \"type\": \"max\"}], \"point_size\": 0, \"separate_axis\": 0, \"split_mode\": \"everything\", \"stacked\": \"none\", \"value_template\": \"{{value}}\"}, {\"axis_position\": \"right\", \"chart_type\": \"line\", \"color\": \"rgba(251,158,0,1)\", \"fill\": 0, \"formatter\": \"number\", \"id\": \"ce91f912-b2f7-11e9-9e3f-5b12e64d4361\", \"label\": \"WAL Corruptions Total\", \"line_width\": 2, \"metrics\": [{\"field\": \"prometheus.metrics.prometheus_tsdb_wal_corruptions_total\", \"id\": \"ce91f913-b2f7-11e9-9e3f-5b12e64d4361\", \"type\": \"max\"}], \"point_size\": 0, \"separate_axis\": 0, \"split_mode\": \"everything\", \"stacked\": \"none\", \"value_template\": \"{{value}}\"}], \"show_grid\": 1, \"show_legend\": 1, \"time_field\": \"@timestamp\", \"type\": \"top_n\"}, \"title\": \"WAL [Metricbeat Prometheus]\", \"type\": \"metrics\"}"
            },
            "id": "138704c0-b2f8-11e9-9a23-67ee28886a4b",
            "migrationVersion": {
                "visualization": "7.3.0"
            },
            "references": [],
            "type": "visualization",
            "updated_at": "2019-07-31T12:31:29.355Z",
            "version": "WzQ0NywxXQ=="
        },
        {
            "attributes": {
                "description": "",
                "kibanaSavedObjectMeta": {
                    "searchSourceJSON": "{\"filter\": [], \"query\": {\"language\": \"kuery\", \"query\": \"\"}}"
                },
                "title": "Reload Count [Metricbeat Prometheus]",
                "uiStateJSON": "{}",
                "version": 1,
                "visState": "{\"aggs\": [], \"params\": {\"axis_formatter\": \"number\", \"axis_position\": \"left\", \"axis_scale\": \"normal\", \"default_index_pattern\": \"metricbeat-*\", \"default_timefield\": \"@timestamp\", \"filter\": {\"language\": \"kuery\", \"query\": \"\"}, \"id\": \"6acaf760-b2fc-11e9-86ff-9300d5a00260\", \"index_pattern\": \"metricbeat-*\", \"interval\": \"auto\", \"series\": [{\"axis_position\": \"right\", \"chart_type\": \"line\", \"color\": \"rgba(12,121,125,1)\", \"fill\": \"0.2\", \"formatter\": \"'0.0[0000]'\", \"id\": \"6acaf761-b2fc-11e9-86ff-9300d5a00260\", \"label\": \"reloads\", \"line_width\": \"1\", \"metrics\": [{\"field\": \"prometheus.metrics.prometheus_tsdb_reloads_total\", \"id\": \"6acaf762-b2fc-11e9-86ff-9300d5a00260\", \"type\": \"max\"}, {\"field\": \"6acaf762-b2fc-11e9-86ff-9300d5a00260\", \"id\": \"6acaf764-b2fc-11e9-86ff-9300d5a00260\", \"type\": \"derivative\", \"unit\": \"1s\"}, {\"field\": \"6acaf764-b2fc-11e9-86ff-9300d5a00260\", \"id\": \"6acaf763-b2fc-11e9-86ff-9300d5a00260\", \"type\": \"positive_only\"}], \"point_size\": 0, \"separate_axis\": 0, \"split_mode\": \"everything\", \"stacked\": \"none\", \"steps\": 1, \"value_template\": \"{{value}}\"}, {\"axis_position\": \"right\", \"chart_type\": \"line\", \"color\": \"#DB1374\", \"fill\": \"0.2\", \"formatter\": \"'0.0[0000]'\", \"id\": \"6acaf765-b2fc-11e9-86ff-9300d5a00260\", \"label\": \"failures\", \"line_width\": \"1\", \"metrics\": [{\"field\": \"prometheus.metrics.prometheus_tsdb_reloads_failures_total\", \"id\": \"6acaf766-b2fc-11e9-86ff-9300d5a00260\", \"type\": \"max\"}, {\"field\": \"6acaf766-b2fc-11e9-86ff-9300d5a00260\", \"id\": \"6acaf768-b2fc-11e9-86ff-9300d5a00260\", \"type\": \"derivative\", \"unit\": \"1s\"}, {\"field\": \"6acaf768-b2fc-11e9-86ff-9300d5a00260\", \"id\": \"6acaf767-b2fc-11e9-86ff-9300d5a00260\", \"type\": \"positive_only\"}], \"point_size\": 0, \"separate_axis\": 0, \"split_mode\": \"everything\", \"stacked\": \"none\", \"steps\": 1, \"value_template\": \"{{value}}\"}], \"show_grid\": 1, \"show_legend\": 1, \"time_field\": \"@timestamp\", \"type\": \"timeseries\"}, \"title\": \"Reload Count [Metricbeat Prometheus]\", \"type\": \"metrics\"}"
            },
            "id": "d7740b40-b2fc-11e9-9a23-67ee28886a4b",
            "migrationVersion": {
                "visualization": "7.3.0"
            },
            "references": [],
            "type": "visualization",
            "updated_at": "2019-07-30T19:05:35.833Z",
            "version": "WzM3OSwxXQ=="
        },
        {
            "attributes": {
                "description": "",
                "kibanaSavedObjectMeta": {
                    "searchSourceJSON": "{\"filter\": [], \"query\": {\"language\": \"kuery\", \"query\": \"\"}}"
                },
                "title": "Remote API Reads [Metricbeat Prometheus]",
                "uiStateJSON": "{}",
                "version": 1,
                "visState": "{\"aggs\": [], \"params\": {\"axis_formatter\": \"number\", \"axis_position\": \"left\", \"axis_scale\": \"normal\", \"default_index_pattern\": \"metricbeat-*\", \"default_timefield\": \"@timestamp\", \"filter\": {\"language\": \"kuery\", \"query\": \"\"}, \"id\": \"a3dbf320-b305-11e9-a86d-99bede5bfcc3\", \"index_pattern\": \"metricbeat-*\", \"interval\": \"auto\", \"series\": [{\"axis_position\": \"right\", \"chart_type\": \"line\", \"color\": \"rgba(219,223,0,1)\", \"fill\": 0, \"formatter\": \"number\", \"id\": \"a3dbf321-b305-11e9-a86d-99bede5bfcc3\", \"label\": \"# of remote read queries\", \"line_width\": 2, \"metrics\": [{\"field\": \"prometheus.metrics.prometheus_api_remote_read_queries\", \"id\": \"a3dbf322-b305-11e9-a86d-99bede5bfcc3\", \"type\": \"max\"}, {\"field\": \"a3dbf322-b305-11e9-a86d-99bede5bfcc3\", \"id\": \"a3dbf324-b305-11e9-a86d-99bede5bfcc3\", \"type\": \"derivative\", \"unit\": \"1s\"}, {\"field\": \"a3dbf324-b305-11e9-a86d-99bede5bfcc3\", \"id\": \"a3dbf323-b305-11e9-a86d-99bede5bfcc3\", \"type\": \"positive_only\"}], \"point_size\": 0, \"separate_axis\": 0, \"split_mode\": \"everything\", \"stacked\": \"none\", \"value_template\": \"{{value}}\"}], \"show_grid\": 1, \"show_legend\": 1, \"time_field\": \"@timestamp\", \"type\": \"timeseries\"}, \"title\": \"Remote API Reads [Metricbeat Prometheus]\", \"type\": \"metrics\"}"
            },
            "id": "edd33100-b305-11e9-9a23-67ee28886a4b",
            "migrationVersion": {
                "visualization": "7.3.0"
            },
            "references": [],
            "type": "visualization",
            "updated_at": "2019-07-30T20:09:25.775Z",
            "version": "WzM5NCwxXQ=="
        },
        {
            "attributes": {
                "description": "",
                "kibanaSavedObjectMeta": {
                    "searchSourceJSON": "{\"filter\": [], \"query\": {\"language\": \"kuery\", \"query\": \"\"}}"
                },
                "title": "Alert Notifications [Metricbeat Prometheus]",
                "uiStateJSON": "{}",
                "version": 1,
                "visState": "{\"aggs\": [], \"params\": {\"axis_formatter\": \"number\", \"axis_position\": \"left\", \"axis_scale\": \"normal\", \"default_index_pattern\": \"metricbeat-*\", \"default_timefield\": \"@timestamp\", \"filter\": {\"language\": \"kuery\", \"query\": \"\"}, \"id\": \"b1741ab0-b307-11e9-95cd-c3f5589dc7d2\", \"index_pattern\": \"metricbeat-*\", \"interval\": \"auto\", \"series\": [{\"axis_position\": \"right\", \"chart_type\": \"line\", \"color\": \"rgba(211,49,21,1)\", \"fill\": 0, \"formatter\": \"number\", \"id\": \"b1741ab1-b307-11e9-95cd-c3f5589dc7d2\", \"label\": \"Capacity of the alert notifications queue\", \"line_width\": 2, \"metrics\": [{\"field\": \"prometheus.metrics.prometheus_notifications_queue_capacity\", \"id\": \"b1741ab2-b307-11e9-95cd-c3f5589dc7d2\", \"type\": \"max\"}], \"point_size\": 0, \"separate_axis\": 0, \"split_mode\": \"everything\", \"stacked\": \"none\", \"value_template\": \"{{value}}\"}, {\"axis_position\": \"right\", \"chart_type\": \"line\", \"color\": \"rgba(176,188,0,1)\", \"fill\": \"0.2\", \"formatter\": \"number\", \"id\": \"b1741ab3-b307-11e9-95cd-c3f5589dc7d2\", \"label\": \"Alert notifications in the queue\", \"line_width\": \"1\", \"metrics\": [{\"field\": \"prometheus.metrics.prometheus_notifications_queue_length\", \"id\": \"b1741ab4-b307-11e9-95cd-c3f5589dc7d2\", \"type\": \"max\"}], \"point_size\": 0, \"separate_axis\": 0, \"split_mode\": \"everything\", \"stacked\": \"none\", \"value_template\": \"{{value}}\"}], \"show_grid\": 1, \"show_legend\": 1, \"time_field\": \"@timestamp\", \"type\": \"timeseries\"}, \"title\": \"Alert Notifications [Metricbeat Prometheus]\", \"type\": \"metrics\"}"
            },
            "id": "0b356630-b308-11e9-9a23-67ee28886a4b",
            "migrationVersion": {
                "visualization": "7.3.0"
            },
            "references": [],
            "type": "visualization",
            "updated_at": "2019-07-30T20:24:34.067Z",
            "version": "WzQwMiwxXQ=="
        }
    ],
    "version": "7.3.0"
}