{
    "objects": [
        {
            "attributes": {
                "description": "This CouchDB dashboard visualizes the most important CouchDB server metrics.\n\n",
                "hits": 0,
                "kibanaSavedObjectMeta": {
                    "searchSourceJSON": "{\"filter\": [], \"query\": {\"language\": \"kuery\", \"query\": \"\"}}"
                },
                "optionsJSON": "{\"hidePanelTitles\": false, \"useMargins\": true}",
                "panelsJSON": "[{\"embeddableConfig\": {}, \"gridData\": {\"h\": 15, \"i\": \"1\", \"w\": 24, \"x\": 0, \"y\": 10}, \"panelIndex\": \"1\", \"panelRefName\": \"panel_0\", \"title\": \"HTTP Status Codes\", \"version\": \"7.3.0\"}, {\"embeddableConfig\": {}, \"gridData\": {\"h\": 15, \"i\": \"2\", \"w\": 24, \"x\": 24, \"y\": 10}, \"panelIndex\": \"2\", \"panelRefName\": \"panel_1\", \"title\": \"HTTP Request Methods\", \"version\": \"7.3.0\"}, {\"embeddableConfig\": {}, \"gridData\": {\"h\": 10, \"i\": \"3\", \"w\": 10, \"x\": 0, \"y\": 0}, \"panelIndex\": \"3\", \"panelRefName\": \"panel_2\", \"title\": \"Open Databases\", \"version\": \"7.3.0\"}, {\"embeddableConfig\": {}, \"gridData\": {\"h\": 10, \"i\": \"4\", \"w\": 24, \"x\": 24, \"y\": 0}, \"panelIndex\": \"4\", \"panelRefName\": \"panel_3\", \"title\": \"Database Read/Writes\", \"version\": \"7.3.0\"}, {\"embeddableConfig\": {}, \"gridData\": {\"h\": 10, \"i\": \"5\", \"w\": 24, \"x\": 24, \"y\": 25}, \"panelIndex\": \"5\", \"panelRefName\": \"panel_4\", \"title\": \"Auth Cache Hit/Miss\", \"version\": \"7.3.0\"}, {\"embeddableConfig\": {}, \"gridData\": {\"h\": 10, \"i\": \"6\", \"w\": 14, \"x\": 10, \"y\": 0}, \"panelIndex\": \"6\", \"panelRefName\": \"panel_5\", \"title\": \"Number of HTTP Requests\", \"version\": \"7.3.0\"}, {\"embeddableConfig\": {}, \"gridData\": {\"h\": 10, \"i\": \"7\", \"w\": 24, \"x\": 0, \"y\": 25}, \"panelIndex\": \"7\", \"panelRefName\": \"panel_6\", \"title\": \"Number of View Reads\", \"version\": \"7.3.0\"}]",
                "timeRestore": false,
                "title": "[Metricbeat CouchDB] Database Overview",
                "version": 1
            },
            "id": "a3ab9a60-b952-11e9-a579-f5c0a5d81340",
            "migrationVersion": {
                "dashboard": "7.3.0"
            },
            "references": [
                {
                    "id": "8e15ece0-b94e-11e9-a579-f5c0a5d81340",
                    "name": "panel_0",
                    "type": "visualization"
                },
                {
                    "id": "1b60bb70-b94f-11e9-a579-f5c0a5d81340",
                    "name": "panel_1",
                    "type": "visualization"
                },
                {
                    "id": "f8c29f10-b94f-11e9-a579-f5c0a5d81340",
                    "name": "panel_2",
                    "type": "visualization"
                },
                {
                    "id": "702584a0-b950-11e9-a579-f5c0a5d81340",
                    "name": "panel_3",
                    "type": "visualization"
                },
                {
                    "id": "abfaf130-b951-11e9-a579-f5c0a5d81340",
                    "name": "panel_4",
                    "type": "visualization"
                },
                {
                    "id": "06018310-b952-11e9-a579-f5c0a5d81340",
                    "name": "panel_5",
                    "type": "visualization"
                },
                {
                    "id": "496910f0-b952-11e9-a579-f5c0a5d81340",
                    "name": "panel_6",
                    "type": "visualization"
                }
            ],
            "type": "dashboard",
            "updated_at": "2019-08-19T15:05:11.218Z",
            "version": "WzE1NzksMV0="
        },
        {
            "attributes": {
                "description": "",
                "kibanaSavedObjectMeta": {
                    "searchSourceJSON": "{\"filter\": [], \"query\": {\"language\": \"kuery\", \"query\": \"\"}}"
                },
                "title": "HTTP Status Codes [Metricbeat CouchDB] ECS",
                "uiStateJSON": "{}",
                "version": 1,
                "visState": "{\"aggs\": [], \"params\": {\"axis_formatter\": \"number\", \"axis_position\": \"left\", \"axis_scale\": \"normal\", \"default_index_pattern\": \"metricbeat-*\", \"default_timefield\": \"@timestamp\", \"filter\": {\"language\": \"kuery\", \"query\": \"\"}, \"id\": \"c8c0f520-b94d-11e9-8899-f736e404b0e7\", \"index_pattern\": \"metricbeat-*\", \"interval\": \"auto\", \"series\": [{\"axis_position\": \"right\", \"chart_type\": \"line\", \"color\": \"#3185FC\", \"fill\": \"0.2\", \"formatter\": \"number\", \"id\": \"c8c0f521-b94d-11e9-8899-f736e404b0e7\", \"label\": \"200 OK\", \"line_width\": \"1\", \"metrics\": [{\"field\": \"couchdb.server.httpd_status_codes.200\", \"id\": \"c8c0f522-b94d-11e9-8899-f736e404b0e7\", \"type\": \"max\"}, {\"field\": \"c8c0f522-b94d-11e9-8899-f736e404b0e7\", \"id\": \"c8c0f524-b94d-11e9-8899-f736e404b0e7\", \"type\": \"derivative\", \"unit\": \"1s\"}, {\"field\": \"c8c0f524-b94d-11e9-8899-f736e404b0e7\", \"id\": \"c8c0f523-b94d-11e9-8899-f736e404b0e7\", \"type\": \"positive_only\"}], \"point_size\": 0, \"separate_axis\": 0, \"split_mode\": \"everything\", \"stacked\": \"none\", \"value_template\": \"{{value}}\"}, {\"axis_position\": \"right\", \"chart_type\": \"line\", \"color\": \"#00B3A4\", \"fill\": \"0.2\", \"formatter\": \"number\", \"id\": \"c8c0f529-b94d-11e9-8899-f736e404b0e7\", \"label\": \"400 Bad Request\", \"line_width\": \"1\", \"metrics\": [{\"field\": \"couchdb.server.httpd_status_codes.400\", \"id\": \"c8c0f52a-b94d-11e9-8899-f736e404b0e7\", \"type\": \"max\"}, {\"field\": \"c8c0f52a-b94d-11e9-8899-f736e404b0e7\", \"id\": \"c8c0f52c-b94d-11e9-8899-f736e404b0e7\", \"type\": \"derivative\", \"unit\": \"1s\"}, {\"field\": \"c8c0f52c-b94d-11e9-8899-f736e404b0e7\", \"id\": \"c8c0f52b-b94d-11e9-8899-f736e404b0e7\", \"type\": \"positive_only\"}], \"point_size\": 0, \"separate_axis\": 0, \"split_mode\": \"everything\", \"stacked\": \"none\", \"value_template\": \"{{value}}\"}, {\"axis_position\": \"right\", \"chart_type\": \"line\", \"color\": \"#490092\", \"fill\": \"0.2\", \"formatter\": \"number\", \"id\": \"c8c0f52d-b94d-11e9-8899-f736e404b0e7\", \"label\": \"401 Unauthorized\", \"line_width\": \"1\", \"metrics\": [{\"field\": \"couchdb.server.httpd_status_codes.401\", \"id\": \"c8c0f52e-b94d-11e9-8899-f736e404b0e7\", \"type\": \"max\"}, {\"field\": \"c8c0f52e-b94d-11e9-8899-f736e404b0e7\", \"id\": \"c8c0f530-b94d-11e9-8899-f736e404b0e7\", \"type\": \"derivative\", \"unit\": \"1s\"}, {\"field\": \"c8c0f530-b94d-11e9-8899-f736e404b0e7\", \"id\": \"c8c0f52f-b94d-11e9-8899-f736e404b0e7\", \"type\": \"positive_only\"}], \"point_size\": 0, \"separate_axis\": 0, \"split_mode\": \"everything\", \"stacked\": \"none\", \"value_template\": \"{{value}}\"}, {\"axis_position\": \"right\", \"chart_type\": \"line\", \"color\": \"#461A0A\", \"fill\": \"0.2\", \"formatter\": \"number\", \"id\": \"c8c0f541-b94d-11e9-8899-f736e404b0e7\", \"label\": \"500  Internal Server Error\", \"line_width\": \"1\", \"metrics\": [{\"field\": \"couchdb.server.httpd_status_codes.500\", \"id\": \"c8c0f542-b94d-11e9-8899-f736e404b0e7\", \"type\": \"max\"}, {\"field\": \"c8c0f542-b94d-11e9-8899-f736e404b0e7\", \"id\": \"c8c0f544-b94d-11e9-8899-f736e404b0e7\", \"type\": \"derivative\", \"unit\": \"1s\"}, {\"field\": \"c8c0f544-b94d-11e9-8899-f736e404b0e7\", \"id\": \"c8c0f543-b94d-11e9-8899-f736e404b0e7\", \"type\": \"positive_only\"}], \"point_size\": 0, \"separate_axis\": 0, \"split_mode\": \"everything\", \"stacked\": \"none\", \"value_template\": \"{{value}}\"}, {\"axis_position\": \"right\", \"chart_type\": \"line\", \"color\": \"#FEB6DB\", \"fill\": \"0.2\", \"formatter\": \"number\", \"id\": \"c8c0f531-b94d-11e9-8899-f736e404b0e7\", \"label\": \"403 Forbidden\", \"line_width\": \"1\", \"metrics\": [{\"field\": \"couchdb.server.httpd_status_codes.403\", \"id\": \"c8c0f532-b94d-11e9-8899-f736e404b0e7\", \"type\": \"max\"}, {\"field\": \"c8c0f532-b94d-11e9-8899-f736e404b0e7\", \"id\": \"c8c0f534-b94d-11e9-8899-f736e404b0e7\", \"type\": \"derivative\", \"unit\": \"1s\"}, {\"field\": \"c8c0f534-b94d-11e9-8899-f736e404b0e7\", \"id\": \"c8c0f533-b94d-11e9-8899-f736e404b0e7\", \"type\": \"positive_only\"}], \"point_size\": 0, \"separate_axis\": 0, \"split_mode\": \"everything\", \"stacked\": \"none\", \"value_template\": \"{{value}}\"}, {\"axis_position\": \"right\", \"chart_type\": \"line\", \"color\": \"#E6C220\", \"fill\": \"0.2\", \"formatter\": \"number\", \"id\": \"c8c0f535-b94d-11e9-8899-f736e404b0e7\", \"label\": \"404 Not Found\", \"line_width\": \"1\", \"metrics\": [{\"field\": \"couchdb.server.httpd_status_codes.404\", \"id\": \"c8c0f536-b94d-11e9-8899-f736e404b0e7\", \"type\": \"max\"}, {\"field\": \"c8c0f536-b94d-11e9-8899-f736e404b0e7\", \"id\": \"c8c0f538-b94d-11e9-8899-f736e404b0e7\", \"type\": \"derivative\", \"unit\": \"1s\"}, {\"field\": \"c8c0f538-b94d-11e9-8899-f736e404b0e7\", \"id\": \"c8c0f537-b94d-11e9-8899-f736e404b0e7\", \"type\": \"positive_only\"}], \"point_size\": 0, \"separate_axis\": 0, \"split_mode\": \"everything\", \"stacked\": \"none\", \"value_template\": \"{{value}}\"}, {\"axis_position\": \"right\", \"chart_type\": \"line\", \"color\": \"#DB1374\", \"fill\": \"0.2\", \"formatter\": \"number\", \"id\": \"c8c0f525-b94d-11e9-8899-f736e404b0e7\", \"label\": \"202 Accepted\", \"line_width\": \"1\", \"metrics\": [{\"field\": \"couchdb.server.httpd_status_codes.202\", \"id\": \"c8c0f526-b94d-11e9-8899-f736e404b0e7\", \"type\": \"max\"}, {\"field\": \"c8c0f526-b94d-11e9-8899-f736e404b0e7\", \"id\": \"c8c0f528-b94d-11e9-8899-f736e404b0e7\", \"type\": \"derivative\", \"unit\": \"1s\"}, {\"field\": \"c8c0f528-b94d-11e9-8899-f736e404b0e7\", \"id\": \"c8c0f527-b94d-11e9-8899-f736e404b0e7\", \"type\": \"positive_only\"}], \"point_size\": 0, \"separate_axis\": 0, \"split_mode\": \"everything\", \"stacked\": \"none\", \"value_template\": \"{{value}}\"}, {\"axis_position\": \"right\", \"chart_type\": \"line\", \"color\": \"#BFA180\", \"fill\": \"0.2\", \"formatter\": \"number\", \"id\": \"c8c0f539-b94d-11e9-8899-f736e404b0e7\", \"label\": \"405 Method Not Allowed\", \"line_width\": \"1\", \"metrics\": [{\"field\": \"couchdb.server.httpd_status_codes.405\", \"id\": \"c8c0f53a-b94d-11e9-8899-f736e404b0e7\", \"type\": \"max\"}, {\"field\": \"c8c0f53a-b94d-11e9-8899-f736e404b0e7\", \"id\": \"c8c0f53c-b94d-11e9-8899-f736e404b0e7\", \"type\": \"derivative\", \"unit\": \"1s\"}, {\"field\": \"c8c0f53c-b94d-11e9-8899-f736e404b0e7\", \"id\": \"c8c0f53b-b94d-11e9-8899-f736e404b0e7\", \"type\": \"positive_only\"}], \"point_size\": 0, \"separate_axis\": 0, \"split_mode\": \"everything\", \"stacked\": \"none\", \"value_template\": \"{{value}}\"}, {\"axis_position\": \"right\", \"chart_type\": \"line\", \"color\": \"#F98510\", \"fill\": \"0.2\", \"formatter\": \"number\", \"id\": \"c8c0f53d-b94d-11e9-8899-f736e404b0e7\", \"label\": \"409 Conflict\", \"line_width\": \"1\", \"metrics\": [{\"field\": \"couchdb.server.httpd_status_codes.409\", \"id\": \"c8c0f53e-b94d-11e9-8899-f736e404b0e7\", \"type\": \"max\"}, {\"field\": \"c8c0f53e-b94d-11e9-8899-f736e404b0e7\", \"id\": \"c8c0f540-b94d-11e9-8899-f736e404b0e7\", \"type\": \"derivative\", \"unit\": \"1s\"}, {\"field\": \"c8c0f540-b94d-11e9-8899-f736e404b0e7\", \"id\": \"c8c0f53f-b94d-11e9-8899-f736e404b0e7\", \"type\": \"positive_only\"}], \"point_size\": 0, \"separate_axis\": 0, \"split_mode\": \"everything\", \"stacked\": \"none\", \"value_template\": \"{{value}}\"}, {\"axis_position\": \"right\", \"chart_type\": \"line\", \"color\": \"#920000\", \"fill\": \"0.2\", \"formatter\": \"number\", \"id\": \"c8c0f545-b94d-11e9-8899-f736e404b0e7\", \"label\": \"201 Created\", \"line_width\": \"1\", \"metrics\": [{\"field\": \"couchdb.server.httpd_status_codes.201\", \"id\": \"c8c0f546-b94d-11e9-8899-f736e404b0e7\", \"type\": \"max\"}, {\"field\": \"c8c0f546-b94d-11e9-8899-f736e404b0e7\", \"id\": \"c8c0f548-b94d-11e9-8899-f736e404b0e7\", \"type\": \"derivative\", \"unit\": \"1s\"}, {\"field\": \"c8c0f548-b94d-11e9-8899-f736e404b0e7\", \"id\": \"c8c0f547-b94d-11e9-8899-f736e404b0e7\", \"type\": \"positive_only\"}], \"point_size\": 0, \"separate_axis\": 0, \"split_mode\": \"everything\", \"stacked\": \"none\", \"value_template\": \"{{value}}\"}], \"show_grid\": 1, \"show_legend\": 1, \"time_field\": \"@timestamp\", \"type\": \"timeseries\"}, \"title\": \"HTTP Status Codes [Metricbeat CouchDB] ECS\", \"type\": \"metrics\"}"
            },
            "id": "8e15ece0-b94e-11e9-a579-f5c0a5d81340",
            "migrationVersion": {
                "visualization": "7.3.0"
            },
            "references": [],
            "type": "visualization",
            "updated_at": "2019-08-09T10:30:56.854Z",
            "version": "WzExMTksMV0="
        },
        {
            "attributes": {
                "description": "",
                "kibanaSavedObjectMeta": {
                    "searchSourceJSON": "{\"filter\": [], \"query\": {\"language\": \"kuery\", \"query\": \"\"}}"
                },
                "title": "HTTP Request Methods [Metricbeat CouchDB] ECS",
                "uiStateJSON": "{}",
                "version": 1,
                "visState": "{\"aggs\": [], \"params\": {\"axis_formatter\": \"number\", \"axis_position\": \"left\", \"axis_scale\": \"normal\", \"default_index_pattern\": \"metricbeat-*\", \"default_timefield\": \"@timestamp\", \"filter\": {\"language\": \"kuery\", \"query\": \"\"}, \"id\": \"bb936ee0-b94e-11e9-86ee-f5b628c75be4\", \"index_pattern\": \"metricbeat-*\", \"interval\": \"auto\", \"series\": [{\"axis_position\": \"right\", \"chart_type\": \"line\", \"color\": \"rgba(164,221,0,1)\", \"fill\": \"0.2\", \"formatter\": \"number\", \"id\": \"bb936ee1-b94e-11e9-86ee-f5b628c75be4\", \"label\": \"GET\", \"line_width\": \"1\", \"metrics\": [{\"field\": \"couchdb.server.httpd_request_methods.GET\", \"id\": \"bb936ee2-b94e-11e9-86ee-f5b628c75be4\", \"type\": \"max\"}, {\"field\": \"bb936ee2-b94e-11e9-86ee-f5b628c75be4\", \"id\": \"bb936ee4-b94e-11e9-86ee-f5b628c75be4\", \"type\": \"derivative\", \"unit\": \"1s\"}, {\"field\": \"bb936ee4-b94e-11e9-86ee-f5b628c75be4\", \"id\": \"bb936ee3-b94e-11e9-86ee-f5b628c75be4\", \"type\": \"positive_only\"}], \"point_size\": 0, \"separate_axis\": 0, \"split_mode\": \"everything\", \"stacked\": \"none\", \"value_template\": \"{{value}}\"}, {\"axis_position\": \"right\", \"chart_type\": \"line\", \"color\": \"#DB1374\", \"fill\": \"0.2\", \"formatter\": \"number\", \"id\": \"bb936ee5-b94e-11e9-86ee-f5b628c75be4\", \"label\": \"POST\", \"line_width\": \"1\", \"metrics\": [{\"field\": \"couchdb.server.httpd_request_methods.POST\", \"id\": \"bb936ee6-b94e-11e9-86ee-f5b628c75be4\", \"type\": \"max\"}, {\"field\": \"bb936ee6-b94e-11e9-86ee-f5b628c75be4\", \"id\": \"bb936ee8-b94e-11e9-86ee-f5b628c75be4\", \"type\": \"derivative\", \"unit\": \"1s\"}, {\"field\": \"bb936ee8-b94e-11e9-86ee-f5b628c75be4\", \"id\": \"bb936ee7-b94e-11e9-86ee-f5b628c75be4\", \"type\": \"positive_only\"}], \"point_size\": 0, \"separate_axis\": 0, \"split_mode\": \"everything\", \"stacked\": \"none\", \"value_template\": \"{{value}}\"}, {\"axis_position\": \"right\", \"chart_type\": \"line\", \"color\": \"#00B3A4\", \"fill\": \"0.2\", \"formatter\": \"number\", \"id\": \"bb936ee9-b94e-11e9-86ee-f5b628c75be4\", \"label\": \"PUT\", \"line_width\": \"1\", \"metrics\": [{\"field\": \"couchdb.server.httpd_request_methods.PUT\", \"id\": \"bb936eea-b94e-11e9-86ee-f5b628c75be4\", \"type\": \"max\"}, {\"field\": \"bb936eea-b94e-11e9-86ee-f5b628c75be4\", \"id\": \"bb936eec-b94e-11e9-86ee-f5b628c75be4\", \"type\": \"derivative\", \"unit\": \"1s\"}, {\"field\": \"bb936eec-b94e-11e9-86ee-f5b628c75be4\", \"id\": \"bb936eeb-b94e-11e9-86ee-f5b628c75be4\", \"type\": \"positive_only\"}], \"point_size\": 0, \"separate_axis\": 0, \"split_mode\": \"everything\", \"stacked\": \"none\", \"value_template\": \"{{value}}\"}, {\"axis_position\": \"right\", \"chart_type\": \"line\", \"color\": \"#490092\", \"fill\": \"0.2\", \"formatter\": \"number\", \"id\": \"bb936eed-b94e-11e9-86ee-f5b628c75be4\", \"label\": \"DELETE\", \"line_width\": \"1\", \"metrics\": [{\"field\": \"couchdb.server.httpd_request_methods.DELETE\", \"id\": \"bb936eee-b94e-11e9-86ee-f5b628c75be4\", \"type\": \"max\"}, {\"field\": \"bb936eee-b94e-11e9-86ee-f5b628c75be4\", \"id\": \"bb936ef0-b94e-11e9-86ee-f5b628c75be4\", \"type\": \"derivative\", \"unit\": \"1s\"}, {\"field\": \"bb936ef0-b94e-11e9-86ee-f5b628c75be4\", \"id\": \"bb936eef-b94e-11e9-86ee-f5b628c75be4\", \"type\": \"positive_only\"}], \"point_size\": 0, \"separate_axis\": 0, \"split_mode\": \"everything\", \"stacked\": \"none\", \"value_template\": \"{{value}}\"}, {\"axis_position\": \"right\", \"chart_type\": \"line\", \"color\": \"#FEB6DB\", \"fill\": \"0.2\", \"formatter\": \"number\", \"id\": \"bb936ef1-b94e-11e9-86ee-f5b628c75be4\", \"label\": \"HEAD\", \"line_width\": \"1\", \"metrics\": [{\"field\": \"couchdb.server.httpd_request_methods.HEAD\", \"id\": \"bb936ef2-b94e-11e9-86ee-f5b628c75be4\", \"type\": \"max\"}, {\"field\": \"bb936ef2-b94e-11e9-86ee-f5b628c75be4\", \"id\": \"bb936ef4-b94e-11e9-86ee-f5b628c75be4\", \"type\": \"derivative\", \"unit\": \"1s\"}, {\"field\": \"bb936ef4-b94e-11e9-86ee-f5b628c75be4\", \"id\": \"bb936ef3-b94e-11e9-86ee-f5b628c75be4\", \"type\": \"positive_only\"}], \"point_size\": 0, \"separate_axis\": 0, \"split_mode\": \"everything\", \"stacked\": \"none\", \"value_template\": \"{{value}}\"}, {\"axis_position\": \"right\", \"chart_type\": \"line\", \"color\": \"#E6C220\", \"fill\": \"0.2\", \"formatter\": \"number\", \"id\": \"bb936ef5-b94e-11e9-86ee-f5b628c75be4\", \"label\": \"COPY\", \"line_width\": \"1\", \"metrics\": [{\"field\": \"couchdb.server.httpd_request_methods.COPY\", \"id\": \"bb936ef6-b94e-11e9-86ee-f5b628c75be4\", \"type\": \"max\"}, {\"field\": \"bb936ef6-b94e-11e9-86ee-f5b628c75be4\", \"id\": \"bb936ef8-b94e-11e9-86ee-f5b628c75be4\", \"type\": \"derivative\", \"unit\": \"1s\"}, {\"field\": \"bb936ef8-b94e-11e9-86ee-f5b628c75be4\", \"id\": \"bb936ef7-b94e-11e9-86ee-f5b628c75be4\", \"type\": \"positive_only\"}], \"point_size\": 0, \"separate_axis\": 0, \"split_mode\": \"everything\", \"stacked\": \"none\", \"value_template\": \"{{value}}\"}], \"show_grid\": 1, \"show_legend\": 1, \"time_field\": \"@timestamp\", \"type\": \"timeseries\"}, \"title\": \"HTTP Request Methods [Metricbeat CouchDB] ECS\", \"type\": \"metrics\"}"
            },
            "id": "1b60bb70-b94f-11e9-a579-f5c0a5d81340",
            "migrationVersion": {
                "visualization": "7.3.0"
            },
            "references": [],
            "type": "visualization",
            "updated_at": "2019-08-09T10:31:20.866Z",
            "version": "WzExMjQsMV0="
        },
        {
            "attributes": {
                "description": "",
                "kibanaSavedObjectMeta": {
                    "searchSourceJSON": "{\"filter\": [], \"query\": {\"language\": \"kuery\", \"query\": \"\"}}"
                },
                "title": "Open Databases [Metricbeat CouchDB] ECS",
                "uiStateJSON": "{}",
                "version": 1,
                "visState": "{\"aggs\": [], \"params\": {\"axis_formatter\": \"number\", \"axis_position\": \"left\", \"axis_scale\": \"normal\", \"background_color\": null, \"default_index_pattern\": \"metricbeat-*\", \"default_timefield\": \"@timestamp\", \"filter\": {\"language\": \"kuery\", \"query\": \"couchdb\"}, \"gauge_color_rules\": [{\"id\": \"ef4c9800-b94f-11e9-bce6-47447dde021d\"}], \"gauge_inner_color\": null, \"gauge_inner_width\": 10, \"gauge_style\": \"half\", \"gauge_width\": 10, \"id\": \"71dd6340-b94f-11e9-9f6f-832b64f4a79f\", \"index_pattern\": \"metricbeat-*\", \"interval\": \"auto\", \"legend_position\": \"right\", \"series\": [{\"axis_position\": \"right\", \"chart_type\": \"line\", \"color\": \"rgba(12,121,125,1)\", \"fill\": \"0.1\", \"formatter\": \"number\", \"id\": \"71dd8a50-b94f-11e9-9f6f-832b64f4a79f\", \"label\": \"Open Databases\", \"line_width\": 2, \"metrics\": [{\"field\": \"couchdb.server.couchdb.open_databases\", \"id\": \"71dd8a51-b94f-11e9-9f6f-832b64f4a79f\", \"type\": \"max\"}], \"point_size\": \"0\", \"separate_axis\": 0, \"split_mode\": \"everything\", \"stacked\": \"none\", \"value_template\": \"{{value}}\"}], \"show_grid\": 1, \"show_legend\": 1, \"time_field\": \"@timestamp\", \"type\": \"timeseries\"}, \"title\": \"Open Databases [Metricbeat CouchDB] ECS\", \"type\": \"metrics\"}"
            },
            "id": "f8c29f10-b94f-11e9-a579-f5c0a5d81340",
            "migrationVersion": {
                "visualization": "7.3.0"
            },
            "references": [],
            "type": "visualization",
            "updated_at": "2019-08-09T10:26:58.696Z",
            "version": "WzExMDUsMV0="
        },
        {
            "attributes": {
                "description": "",
                "kibanaSavedObjectMeta": {
                    "searchSourceJSON": "{\"filter\": [], \"query\": {\"language\": \"kuery\", \"query\": \"\"}}"
                },
                "title": "Database Read/Writes [Metricbeat CouchDB] ECS",
                "uiStateJSON": "{}",
                "version": 1,
                "visState": "{\"aggs\": [], \"params\": {\"axis_formatter\": \"number\", \"axis_position\": \"left\", \"axis_scale\": \"normal\", \"default_index_pattern\": \"metricbeat-*\", \"default_timefield\": \"@timestamp\", \"filter\": {\"language\": \"kuery\", \"query\": \"couchdb\"}, \"id\": \"48918790-b950-11e9-84ff-97e538653deb\", \"index_pattern\": \"metricbeat-*\", \"interval\": \"auto\", \"series\": [{\"axis_position\": \"right\", \"chart_type\": \"line\", \"color\": \"rgba(226,115,0,1)\", \"fill\": \"0.2\", \"formatter\": \"number\", \"id\": \"48918791-b950-11e9-84ff-97e538653deb\", \"label\": \"database_writes\", \"line_width\": \"1\", \"metrics\": [{\"field\": \"couchdb.server.couchdb.database_writes\", \"id\": \"48918792-b950-11e9-84ff-97e538653deb\", \"type\": \"max\"}, {\"field\": \"48918792-b950-11e9-84ff-97e538653deb\", \"id\": \"48918794-b950-11e9-84ff-97e538653deb\", \"type\": \"derivative\", \"unit\": \"1s\"}, {\"field\": \"48918794-b950-11e9-84ff-97e538653deb\", \"id\": \"48918793-b950-11e9-84ff-97e538653deb\", \"type\": \"positive_only\"}], \"point_size\": 0, \"separate_axis\": 0, \"split_mode\": \"everything\", \"stacked\": \"none\", \"value_template\": \"{{value}}\"}, {\"axis_position\": \"right\", \"chart_type\": \"line\", \"color\": \"rgba(160,203,38,1)\", \"fill\": \"0.2\", \"formatter\": \"number\", \"id\": \"7c71dd30-b950-11e9-bd31-d98b40ea3379\", \"label\": \"database_reads\", \"line_width\": \"1\", \"metrics\": [{\"field\": \"couchdb.server.couchdb.database_reads\", \"id\": \"7c71dd31-b950-11e9-bd31-d98b40ea3379\", \"type\": \"max\"}, {\"field\": \"7c71dd31-b950-11e9-bd31-d98b40ea3379\", \"id\": \"7c71dd32-b950-11e9-bd31-d98b40ea3379\", \"type\": \"derivative\", \"unit\": \"1s\"}, {\"field\": \"7c71dd32-b950-11e9-bd31-d98b40ea3379\", \"id\": \"7c71dd33-b950-11e9-bd31-d98b40ea3379\", \"type\": \"positive_only\", \"unit\": \"\"}], \"point_size\": 0, \"separate_axis\": 0, \"split_mode\": \"everything\", \"stacked\": \"none\", \"value_template\": \"{{value}}\"}], \"show_grid\": 1, \"show_legend\": 1, \"time_field\": \"@timestamp\", \"type\": \"timeseries\"}, \"title\": \"Database Read/Writes [Metricbeat CouchDB] ECS\", \"type\": \"metrics\"}"
            },
            "id": "702584a0-b950-11e9-a579-f5c0a5d81340",
            "migrationVersion": {
                "visualization": "7.3.0"
            },
            "references": [],
            "type": "visualization",
            "updated_at": "2019-08-09T10:30:34.762Z",
            "version": "WzExMTUsMV0="
        },
        {
            "attributes": {
                "description": "",
                "kibanaSavedObjectMeta": {
                    "searchSourceJSON": "{\"filter\": [], \"query\": {\"language\": \"kuery\", \"query\": \"\"}}"
                },
                "title": "Auth Cache Hit/Miss [Metricbeat CouchDB] ECS",
                "uiStateJSON": "{}",
                "version": 1,
                "visState": "{\"aggs\": [], \"params\": {\"axis_formatter\": \"number\", \"axis_position\": \"left\", \"axis_scale\": \"normal\", \"default_index_pattern\": \"metricbeat-*\", \"default_timefield\": \"@timestamp\", \"filter\": {\"language\": \"kuery\", \"query\": \"couchdb\"}, \"id\": \"7ccd9c50-b951-11e9-8e1d-17d2519ede48\", \"index_pattern\": \"metricbeat-*\", \"interval\": \"auto\", \"series\": [{\"axis_position\": \"right\", \"chart_type\": \"line\", \"color\": \"rgba(179,101,87,1)\", \"fill\": 0, \"formatter\": \"number\", \"id\": \"7ccd9c51-b951-11e9-8e1d-17d2519ede48\", \"label\": \"auth_cache_misses\", \"line_width\": 2, \"metrics\": [{\"field\": \"couchdb.server.couchdb.auth_cache_misses\", \"id\": \"7ccd9c52-b951-11e9-8e1d-17d2519ede48\", \"type\": \"max\"}, {\"field\": \"7ccd9c52-b951-11e9-8e1d-17d2519ede48\", \"id\": \"7ccd9c54-b951-11e9-8e1d-17d2519ede48\", \"type\": \"derivative\", \"unit\": \"1s\"}, {\"field\": \"7ccd9c54-b951-11e9-8e1d-17d2519ede48\", \"id\": \"7ccd9c53-b951-11e9-8e1d-17d2519ede48\", \"type\": \"positive_only\"}], \"point_size\": 0, \"separate_axis\": 0, \"split_mode\": \"everything\", \"stacked\": \"none\", \"value_template\": \"{{value}}\"}, {\"axis_position\": \"right\", \"chart_type\": \"line\", \"color\": \"rgba(129,169,80,1)\", \"fill\": 0, \"formatter\": \"number\", \"id\": \"7ccd9c55-b951-11e9-8e1d-17d2519ede48\", \"label\": \"auth_cache_hits\", \"line_width\": 2, \"metrics\": [{\"field\": \"couchdb.server.couchdb.auth_cache_hits\", \"id\": \"7ccd9c56-b951-11e9-8e1d-17d2519ede48\", \"type\": \"max\"}, {\"field\": \"7ccd9c56-b951-11e9-8e1d-17d2519ede48\", \"id\": \"7ccd9c58-b951-11e9-8e1d-17d2519ede48\", \"type\": \"derivative\", \"unit\": \"1s\"}, {\"field\": \"7ccd9c58-b951-11e9-8e1d-17d2519ede48\", \"id\": \"7ccd9c57-b951-11e9-8e1d-17d2519ede48\", \"type\": \"positive_only\"}], \"point_size\": 0, \"separate_axis\": 0, \"split_mode\": \"everything\", \"stacked\": \"none\", \"value_template\": \"{{value}}\"}], \"show_grid\": 1, \"show_legend\": 1, \"time_field\": \"@timestamp\", \"type\": \"timeseries\"}, \"title\": \"Auth Cache Hit/Miss [Metricbeat CouchDB] ECS\", \"type\": \"metrics\"}"
            },
            "id": "abfaf130-b951-11e9-a579-f5c0a5d81340",
            "migrationVersion": {
                "visualization": "7.3.0"
            },
            "references": [],
            "type": "visualization",
            "updated_at": "2019-08-09T10:32:05.471Z",
            "version": "WzExMzYsMV0="
        },
        {
            "attributes": {
                "description": "",
                "kibanaSavedObjectMeta": {
                    "searchSourceJSON": "{\"filter\": [], \"query\": {\"language\": \"kuery\", \"query\": \"\"}}"
                },
                "title": "Number of HTTP Requests [Metricbeat CouchDB] ECS",
                "uiStateJSON": "{}",
                "version": 1,
                "visState": "{\"aggs\": [], \"params\": {\"axis_formatter\": \"number\", \"axis_position\": \"left\", \"axis_scale\": \"normal\", \"default_index_pattern\": \"metricbeat-*\", \"default_timefield\": \"@timestamp\", \"filter\": {\"language\": \"kuery\", \"query\": \"couchdb\"}, \"id\": \"caae9780-b951-11e9-8945-b5f393c4775d\", \"index_pattern\": \"metricbeat-*\", \"interval\": \"auto\", \"series\": [{\"axis_position\": \"right\", \"chart_type\": \"line\", \"color\": \"rgba(82,174,177,1)\", \"fill\": \"0.2\", \"formatter\": \"number\", \"id\": \"caae9781-b951-11e9-8945-b5f393c4775d\", \"label\": \"requests\", \"line_width\": \"1\", \"metrics\": [{\"field\": \"couchdb.server.httpd.requests\", \"id\": \"caae9782-b951-11e9-8945-b5f393c4775d\", \"type\": \"max\"}, {\"field\": \"caae9782-b951-11e9-8945-b5f393c4775d\", \"id\": \"caae9784-b951-11e9-8945-b5f393c4775d\", \"type\": \"derivative\", \"unit\": \"1s\"}, {\"field\": \"caae9784-b951-11e9-8945-b5f393c4775d\", \"id\": \"caae9783-b951-11e9-8945-b5f393c4775d\", \"type\": \"positive_only\"}], \"point_size\": 0, \"separate_axis\": 0, \"split_mode\": \"everything\", \"stacked\": \"none\", \"value_template\": \"{{value}}\"}, {\"axis_position\": \"right\", \"chart_type\": \"line\", \"color\": \"rgba(237,193,119,1)\", \"fill\": \"0.2\", \"formatter\": \"number\", \"id\": \"caae9785-b951-11e9-8945-b5f393c4775d\", \"label\": \"bulk_requests\", \"line_width\": \"1\", \"metrics\": [{\"field\": \"couchdb.server.httpd.bulk_requests\", \"id\": \"caae9786-b951-11e9-8945-b5f393c4775d\", \"type\": \"max\"}, {\"field\": \"caae9786-b951-11e9-8945-b5f393c4775d\", \"id\": \"caae9788-b951-11e9-8945-b5f393c4775d\", \"type\": \"derivative\", \"unit\": \"1s\"}, {\"field\": \"caae9788-b951-11e9-8945-b5f393c4775d\", \"id\": \"caae9787-b951-11e9-8945-b5f393c4775d\", \"type\": \"positive_only\"}], \"point_size\": 0, \"separate_axis\": 0, \"split_mode\": \"everything\", \"stacked\": \"none\", \"value_template\": \"{{value}}\"}], \"show_grid\": 1, \"show_legend\": 1, \"time_field\": \"@timestamp\", \"type\": \"timeseries\"}, \"title\": \"Number of HTTP Requests [Metricbeat CouchDB] ECS\", \"type\": \"metrics\"}"
            },
            "id": "06018310-b952-11e9-a579-f5c0a5d81340",
            "migrationVersion": {
                "visualization": "7.3.0"
            },
            "references": [],
            "type": "visualization",
            "updated_at": "2019-08-09T10:30:13.765Z",
            "version": "WzExMTAsMV0="
        },
        {
            "attributes": {
                "description": "",
                "kibanaSavedObjectMeta": {
                    "searchSourceJSON": "{\"filter\": [], \"query\": {\"language\": \"kuery\", \"query\": \"\"}}"
                },
                "title": "Number of View Reads [Metricbeat CouchDB] ECS",
                "uiStateJSON": "{}",
                "version": 1,
                "visState": "{\"aggs\": [], \"params\": {\"axis_formatter\": \"number\", \"axis_position\": \"left\", \"axis_scale\": \"normal\", \"default_index_pattern\": \"metricbeat-*\", \"default_timefield\": \"@timestamp\", \"filter\": {\"language\": \"kuery\", \"query\": \"couchdb\"}, \"id\": \"1d4e0520-b952-11e9-b9f3-4d741a808166\", \"index_pattern\": \"metricbeat-*\", \"interval\": \"auto\", \"series\": [{\"axis_position\": \"right\", \"chart_type\": \"line\", \"color\": \"rgba(0,156,224,1)\", \"fill\": 0, \"formatter\": \"number\", \"id\": \"1d4e0521-b952-11e9-b9f3-4d741a808166\", \"label\": \"view_reads\", \"line_width\": 2, \"metrics\": [{\"field\": \"couchdb.server.httpd.view_reads\", \"id\": \"1d4e0522-b952-11e9-b9f3-4d741a808166\", \"type\": \"max\"}, {\"field\": \"1d4e0522-b952-11e9-b9f3-4d741a808166\", \"id\": \"1d4e0524-b952-11e9-b9f3-4d741a808166\", \"type\": \"derivative\", \"unit\": \"1s\"}, {\"field\": \"1d4e0524-b952-11e9-b9f3-4d741a808166\", \"id\": \"1d4e0523-b952-11e9-b9f3-4d741a808166\", \"type\": \"positive_only\"}], \"point_size\": 0, \"separate_axis\": 0, \"split_mode\": \"everything\", \"stacked\": \"none\", \"value_template\": \"{{value}}\"}, {\"axis_position\": \"right\", \"chart_type\": \"line\", \"color\": \"rgba(247,61,231,1)\", \"fill\": 0, \"formatter\": \"number\", \"id\": \"1d4e0525-b952-11e9-b9f3-4d741a808166\", \"label\": \"temporary_view_reads\", \"line_width\": 2, \"metrics\": [{\"field\": \"couchdb.server.httpd.temporary_view_reads\", \"id\": \"1d4e0526-b952-11e9-b9f3-4d741a808166\", \"type\": \"max\"}, {\"field\": \"1d4e0526-b952-11e9-b9f3-4d741a808166\", \"id\": \"1d4e0528-b952-11e9-b9f3-4d741a808166\", \"type\": \"derivative\", \"unit\": \"1s\"}, {\"field\": \"1d4e0528-b952-11e9-b9f3-4d741a808166\", \"id\": \"1d4e0527-b952-11e9-b9f3-4d741a808166\", \"type\": \"positive_only\"}], \"point_size\": 0, \"separate_axis\": 0, \"split_mode\": \"everything\", \"stacked\": \"none\", \"value_template\": \"{{value}}\"}], \"show_grid\": 1, \"show_legend\": 1, \"time_field\": \"@timestamp\", \"type\": \"timeseries\"}, \"title\": \"Number of View Reads [Metricbeat CouchDB] ECS\", \"type\": \"metrics\"}"
            },
            "id": "496910f0-b952-11e9-a579-f5c0a5d81340",
            "migrationVersion": {
                "visualization": "7.3.0"
            },
            "references": [],
            "type": "visualization",
            "updated_at": "2019-08-09T10:31:41.262Z",
            "version": "WzExMzEsMV0="
        }
    ],
    "version": "7.3.0"
}