{
    "objects": [
        {
            "attributes": {
                "description": "Overview of AWS VPN Metrics",
                "hits": 0,
                "kibanaSavedObjectMeta": {
                    "searchSourceJSON": "{\"filter\": [], \"query\": {\"language\": \"kuery\", \"query\": \"\"}}"
                },
                "optionsJSON": "{\"hidePanelTitles\": false, \"useMargins\": true}",
                "panelsJSON": "[{\"embeddableConfig\": {\"title\": \"Filters\"}, \"gridData\": {\"h\": 14, \"i\": \"8ef52400-6eac-417b-936e-dce159dd5e89\", \"w\": 8, \"x\": 0, \"y\": 0}, \"panelIndex\": \"8ef52400-6eac-417b-936e-dce159dd5e89\", \"panelRefName\": \"panel_0\", \"title\": \"Filters\", \"version\": \"7.6.1\"}, {\"embeddableConfig\": {\"title\": \"Tunnel State Per VPN ID\"}, \"gridData\": {\"h\": 14, \"i\": \"eb78041b-afc4-458e-af92-0951b1d0cadd\", \"w\": 20, \"x\": 8, \"y\": 0}, \"panelIndex\": \"eb78041b-afc4-458e-af92-0951b1d0cadd\", \"panelRefName\": \"panel_1\", \"title\": \"Tunnel State Per VPN ID\", \"version\": \"7.6.1\"}, {\"embeddableConfig\": {\"title\": \"Tunnel State Per Tunnel IP\"}, \"gridData\": {\"h\": 14, \"i\": \"39a9be08-98c6-470c-b76b-312a57e11e2d\", \"w\": 20, \"x\": 28, \"y\": 0}, \"panelIndex\": \"39a9be08-98c6-470c-b76b-312a57e11e2d\", \"panelRefName\": \"panel_2\", \"title\": \"Tunnel State Per Tunnel IP\", \"version\": \"7.6.1\"}, {\"embeddableConfig\": {\"title\": \"Tunnel Data In Per VPN ID\"}, \"gridData\": {\"h\": 15, \"i\": \"5c8122a2-fbf0-4404-918e-249bf6fd7f07\", \"w\": 24, \"x\": 0, \"y\": 14}, \"panelIndex\": \"5c8122a2-fbf0-4404-918e-249bf6fd7f07\", \"panelRefName\": \"panel_3\", \"title\": \"Tunnel Data In Per VPN ID\", \"version\": \"7.6.1\"}, {\"embeddableConfig\": {\"title\": \"Tunnel Data In Per Tunnel IP\"}, \"gridData\": {\"h\": 15, \"i\": \"8ecd0f73-146f-4aed-bfd1-5c236c5dfe8c\", \"w\": 24, \"x\": 24, \"y\": 14}, \"panelIndex\": \"8ecd0f73-146f-4aed-bfd1-5c236c5dfe8c\", \"panelRefName\": \"panel_4\", \"title\": \"Tunnel Data In Per Tunnel IP\", \"version\": \"7.6.1\"}, {\"embeddableConfig\": {\"title\": \"Tunnel Data Out Per VPN ID\"}, \"gridData\": {\"h\": 15, \"i\": \"eb10ea7d-ffc9-4c51-9386-6f63be6322aa\", \"w\": 24, \"x\": 0, \"y\": 29}, \"panelIndex\": \"eb10ea7d-ffc9-4c51-9386-6f63be6322aa\", \"panelRefName\": \"panel_5\", \"title\": \"Tunnel Data Out Per VPN ID\", \"version\": \"7.6.1\"}, {\"embeddableConfig\": {\"title\": \"Tunnel Data Out Per Tunnel IP\"}, \"gridData\": {\"h\": 15, \"i\": \"3b01a7e9-eb8b-43bb-977d-53d8bc9d21b7\", \"w\": 24, \"x\": 24, \"y\": 29}, \"panelIndex\": \"3b01a7e9-eb8b-43bb-977d-53d8bc9d21b7\", \"panelRefName\": \"panel_6\", \"title\": \"Tunnel Data Out Per Tunnel IP\", \"version\": \"7.6.1\"}]",
                "timeRestore": false,
                "title": "[Metricbeat AWS] VPN Overview",
                "version": 1
            },
            "id": "67c9f900-693e-11ea-b0ac-95d4ecb1fecd",
            "migrationVersion": {
                "dashboard": "7.3.0"
            },
            "references": [
                {
                    "id": "fcfc8d80-693e-11ea-b0ac-95d4ecb1fecd",
                    "name": "panel_0",
                    "type": "visualization"
                },
                {
                    "id": "142ad600-693b-11ea-b0ac-95d4ecb1fecd",
                    "name": "panel_1",
                    "type": "visualization"
                },
                {
                    "id": "58f5a3c0-6943-11ea-b0ac-95d4ecb1fecd",
                    "name": "panel_2",
                    "type": "visualization"
                },
                {
                    "id": "2ee7f420-6943-11ea-b0ac-95d4ecb1fecd",
                    "name": "panel_3",
                    "type": "visualization"
                },
                {
                    "id": "ea9e3d40-693a-11ea-b0ac-95d4ecb1fecd",
                    "name": "panel_4",
                    "type": "visualization"
                },
                {
                    "id": "26b73e50-6943-11ea-b0ac-95d4ecb1fecd",
                    "name": "panel_5",
                    "type": "visualization"
                },
                {
                    "id": "f58f99b0-693a-11ea-b0ac-95d4ecb1fecd",
                    "name": "panel_6",
                    "type": "visualization"
                }
            ],
            "type": "dashboard",
            "updated_at": "2020-03-18T18:21:32.094Z",
            "version": "WzkxNSwyXQ=="
        },
        {
            "attributes": {
                "description": "",
                "kibanaSavedObjectMeta": {
                    "searchSourceJSON": "{\"filter\": [], \"query\": {\"language\": \"kuery\", \"query\": \"\"}}"
                },
                "title": "VPN Filters [Metricbeat AWS]",
                "uiStateJSON": "{}",
                "version": 1,
                "visState": "{\"aggs\": [], \"params\": {\"controls\": [{\"fieldName\": \"cloud.account.name\", \"id\": \"1565034367477\", \"indexPatternRefName\": \"control_0_index_pattern\", \"label\": \"account name\", \"options\": {\"dynamicOptions\": true, \"multiselect\": true, \"order\": \"desc\", \"size\": 5, \"type\": \"terms\"}, \"parent\": \"\", \"type\": \"list\"}, {\"fieldName\": \"cloud.region\", \"id\": \"1584478324642\", \"indexPatternRefName\": \"control_1_index_pattern\", \"label\": \"region\", \"options\": {\"dynamicOptions\": false, \"multiselect\": true, \"order\": \"desc\", \"size\": 5, \"type\": \"terms\"}, \"parent\": \"\", \"type\": \"list\"}, {\"fieldName\": \"aws.dimensions.VpnId\", \"id\": \"1584552913938\", \"indexPatternRefName\": \"control_2_index_pattern\", \"label\": \"VPN ID\", \"options\": {\"dynamicOptions\": true, \"multiselect\": true, \"order\": \"desc\", \"size\": 5, \"type\": \"terms\"}, \"parent\": \"\", \"type\": \"list\"}, {\"fieldName\": \"aws.dimensions.TunnelIpAddress\", \"id\": \"1584552958445\", \"indexPatternRefName\": \"control_3_index_pattern\", \"label\": \"Tunnel IP\", \"options\": {\"dynamicOptions\": true, \"multiselect\": true, \"order\": \"desc\", \"size\": 5, \"type\": \"terms\"}, \"parent\": \"\", \"type\": \"list\"}], \"pinFilters\": false, \"updateFiltersOnChange\": true, \"useTimeFilter\": true}, \"title\": \"VPN Filters [Metricbeat AWS]\", \"type\": \"input_control_vis\"}"
            },
            "id": "fcfc8d80-693e-11ea-b0ac-95d4ecb1fecd",
            "migrationVersion": {
                "visualization": "7.4.2"
            },
            "references": [
                {
                    "id": "metricbeat-*",
                    "name": "control_0_index_pattern",
                    "type": "index-pattern"
                },
                {
                    "id": "metricbeat-*",
                    "name": "control_1_index_pattern",
                    "type": "index-pattern"
                },
                {
                    "id": "metricbeat-*",
                    "name": "control_2_index_pattern",
                    "type": "index-pattern"
                },
                {
                    "id": "metricbeat-*",
                    "name": "control_3_index_pattern",
                    "type": "index-pattern"
                }
            ],
            "type": "visualization",
            "updated_at": "2020-03-18T17:36:24.152Z",
            "version": "Wzg5MSwyXQ=="
        },
        {
            "attributes": {
                "description": "",
                "kibanaSavedObjectMeta": {
                    "searchSourceJSON": "{}"
                },
                "title": "VPN Tunnel Data State [Metricbeat AWS]",
                "uiStateJSON": "{}",
                "version": 1,
                "visState": "{\"aggs\": [], \"params\": {\"axis_formatter\": \"number\", \"axis_position\": \"left\", \"axis_scale\": \"normal\", \"background_color_rules\": [{\"id\": \"05e19c00-693b-11ea-8bb6-25461aeac3d5\"}], \"bar_color_rules\": [{\"id\": \"fdd5ac40-693a-11ea-8bb6-25461aeac3d5\"}], \"default_index_pattern\": \"metricbeat-*\", \"default_timefield\": \"@timestamp\", \"drop_last_bucket\": 0, \"id\": \"61ca57f0-469d-11e7-af02-69e470af7417\", \"index_pattern\": \"metricbeat-*\", \"interval\": \"1m\", \"isModelInvalid\": false, \"series\": [{\"axis_position\": \"right\", \"chart_type\": \"line\", \"color\": \"#68BC00\", \"fill\": \"0\", \"formatter\": \"number\", \"id\": \"61ca57f1-469d-11e7-af02-69e470af7417\", \"label\": \"\", \"line_width\": \"2\", \"metrics\": [{\"field\": \"aws.vpn.metrics.TunnelState.avg\", \"id\": \"61ca57f2-469d-11e7-af02-69e470af7417\", \"type\": \"avg\"}], \"point_size\": \"3\", \"separate_axis\": 0, \"split_mode\": \"terms\", \"stacked\": \"none\", \"terms_field\": \"aws.dimensions.VpnId\", \"terms_order_by\": \"61ca57f2-469d-11e7-af02-69e470af7417\", \"type\": \"timeseries\"}], \"show_grid\": 1, \"show_legend\": 1, \"time_field\": \"\", \"type\": \"top_n\"}, \"title\": \"VPN Tunnel Data State [Metricbeat AWS]\", \"type\": \"metrics\"}"
            },
            "id": "142ad600-693b-11ea-b0ac-95d4ecb1fecd",
            "migrationVersion": {
                "visualization": "7.4.2"
            },
            "references": [],
            "type": "visualization",
            "updated_at": "2020-03-18T17:41:15.560Z",
            "version": "Wzg5OCwyXQ=="
        },
        {
            "attributes": {
                "description": "",
                "kibanaSavedObjectMeta": {
                    "searchSourceJSON": "{}"
                },
                "title": "VPN Tunnel Data State Per Tunnel IP [Metricbeat AWS]",
                "uiStateJSON": "{}",
                "version": 1,
                "visState": "{\"aggs\": [], \"params\": {\"axis_formatter\": \"number\", \"axis_position\": \"left\", \"axis_scale\": \"normal\", \"background_color_rules\": [{\"id\": \"05e19c00-693b-11ea-8bb6-25461aeac3d5\"}], \"bar_color_rules\": [{\"id\": \"fdd5ac40-693a-11ea-8bb6-25461aeac3d5\"}], \"default_index_pattern\": \"metricbeat-*\", \"default_timefield\": \"@timestamp\", \"drop_last_bucket\": 0, \"id\": \"61ca57f0-469d-11e7-af02-69e470af7417\", \"index_pattern\": \"metricbeat-*\", \"interval\": \"1m\", \"isModelInvalid\": false, \"series\": [{\"axis_position\": \"right\", \"chart_type\": \"line\", \"color\": \"#68BC00\", \"fill\": \"0\", \"formatter\": \"number\", \"id\": \"61ca57f1-469d-11e7-af02-69e470af7417\", \"label\": \"\", \"line_width\": \"2\", \"metrics\": [{\"field\": \"aws.vpn.metrics.TunnelState.avg\", \"id\": \"61ca57f2-469d-11e7-af02-69e470af7417\", \"type\": \"avg\"}], \"point_size\": \"3\", \"separate_axis\": 0, \"split_mode\": \"terms\", \"stacked\": \"none\", \"terms_field\": \"aws.dimensions.TunnelIpAddress\", \"terms_order_by\": \"61ca57f2-469d-11e7-af02-69e470af7417\", \"type\": \"timeseries\"}], \"show_grid\": 1, \"show_legend\": 1, \"time_field\": \"\", \"type\": \"top_n\"}, \"title\": \"VPN Tunnel Data State Per Tunnel IP [Metricbeat AWS]\", \"type\": \"metrics\"}"
            },
            "id": "58f5a3c0-6943-11ea-b0ac-95d4ecb1fecd",
            "migrationVersion": {
                "visualization": "7.4.2"
            },
            "references": [],
            "type": "visualization",
            "updated_at": "2020-03-18T18:07:36.444Z",
            "version": "WzkxMiwyXQ=="
        },
        {
            "attributes": {
                "description": "",
                "kibanaSavedObjectMeta": {
                    "searchSourceJSON": "{}"
                },
                "title": "VPN Tunnel Data In Per VPN ID [Metricbeat AWS]",
                "uiStateJSON": "{}",
                "version": 1,
                "visState": "{\"aggs\": [], \"params\": {\"axis_formatter\": \"number\", \"axis_position\": \"left\", \"axis_scale\": \"normal\", \"default_index_pattern\": \"metricbeat-*\", \"default_timefield\": \"@timestamp\", \"drop_last_bucket\": 0, \"id\": \"61ca57f0-469d-11e7-af02-69e470af7417\", \"index_pattern\": \"metricbeat-*\", \"interval\": \"1m\", \"isModelInvalid\": false, \"series\": [{\"axis_position\": \"right\", \"chart_type\": \"line\", \"color\": \"#68BC00\", \"fill\": \"0\", \"formatter\": \"bytes\", \"id\": \"61ca57f1-469d-11e7-af02-69e470af7417\", \"label\": \"\", \"line_width\": \"2\", \"metrics\": [{\"field\": \"aws.vpn.metrics.TunnelDataIn.sum\", \"id\": \"61ca57f2-469d-11e7-af02-69e470af7417\", \"type\": \"avg\"}], \"point_size\": \"3\", \"separate_axis\": 0, \"split_mode\": \"terms\", \"stacked\": \"none\", \"terms_field\": \"aws.dimensions.VpnId\", \"terms_order_by\": \"61ca57f2-469d-11e7-af02-69e470af7417\", \"type\": \"timeseries\"}], \"show_grid\": 1, \"show_legend\": 1, \"time_field\": \"\", \"type\": \"timeseries\"}, \"title\": \"VPN Tunnel Data In Per VPN ID [Metricbeat AWS]\", \"type\": \"metrics\"}"
            },
            "id": "2ee7f420-6943-11ea-b0ac-95d4ecb1fecd",
            "migrationVersion": {
                "visualization": "7.4.2"
            },
            "references": [],
            "type": "visualization",
            "updated_at": "2020-03-18T18:06:25.890Z",
            "version": "WzkxMSwyXQ=="
        },
        {
            "attributes": {
                "description": "",
                "kibanaSavedObjectMeta": {
                    "searchSourceJSON": "{}"
                },
                "title": "VPN Tunnel Data In [Metricbeat AWS]",
                "uiStateJSON": "{}",
                "version": 1,
                "visState": "{\"aggs\": [], \"params\": {\"axis_formatter\": \"number\", \"axis_position\": \"left\", \"axis_scale\": \"normal\", \"default_index_pattern\": \"metricbeat-*\", \"default_timefield\": \"@timestamp\", \"drop_last_bucket\": 0, \"id\": \"61ca57f0-469d-11e7-af02-69e470af7417\", \"index_pattern\": \"metricbeat-*\", \"interval\": \"1m\", \"isModelInvalid\": false, \"series\": [{\"axis_position\": \"right\", \"chart_type\": \"line\", \"color\": \"#68BC00\", \"fill\": \"0\", \"formatter\": \"bytes\", \"id\": \"61ca57f1-469d-11e7-af02-69e470af7417\", \"label\": \"\", \"line_width\": \"2\", \"metrics\": [{\"field\": \"aws.vpn.metrics.TunnelDataIn.sum\", \"id\": \"61ca57f2-469d-11e7-af02-69e470af7417\", \"type\": \"avg\"}], \"point_size\": \"3\", \"separate_axis\": 0, \"split_mode\": \"terms\", \"stacked\": \"none\", \"terms_field\": \"aws.dimensions.TunnelIpAddress\", \"terms_order_by\": \"61ca57f2-469d-11e7-af02-69e470af7417\", \"type\": \"timeseries\"}], \"show_grid\": 1, \"show_legend\": 1, \"time_field\": \"\", \"type\": \"timeseries\"}, \"title\": \"VPN Tunnel Data In [Metricbeat AWS]\", \"type\": \"metrics\"}"
            },
            "id": "ea9e3d40-693a-11ea-b0ac-95d4ecb1fecd",
            "migrationVersion": {
                "visualization": "7.4.2"
            },
            "references": [],
            "type": "visualization",
            "updated_at": "2020-03-18T17:07:15.348Z",
            "version": "Wzg3NywyXQ=="
        },
        {
            "attributes": {
                "description": "",
                "kibanaSavedObjectMeta": {
                    "searchSourceJSON": "{}"
                },
                "title": "VPN Tunnel Data Out Per VPN ID [Metricbeat AWS]",
                "uiStateJSON": "{}",
                "version": 1,
                "visState": "{\"aggs\": [], \"params\": {\"axis_formatter\": \"number\", \"axis_position\": \"left\", \"axis_scale\": \"normal\", \"default_index_pattern\": \"metricbeat-*\", \"default_timefield\": \"@timestamp\", \"drop_last_bucket\": 0, \"id\": \"61ca57f0-469d-11e7-af02-69e470af7417\", \"index_pattern\": \"metricbeat-*\", \"interval\": \"1m\", \"isModelInvalid\": false, \"series\": [{\"axis_position\": \"right\", \"chart_type\": \"line\", \"color\": \"#68BC00\", \"fill\": \"0\", \"formatter\": \"bytes\", \"id\": \"61ca57f1-469d-11e7-af02-69e470af7417\", \"label\": \"\", \"line_width\": \"2\", \"metrics\": [{\"field\": \"aws.vpn.metrics.TunnelDataOut.sum\", \"id\": \"61ca57f2-469d-11e7-af02-69e470af7417\", \"type\": \"avg\"}], \"point_size\": \"3\", \"separate_axis\": 0, \"split_mode\": \"terms\", \"stacked\": \"none\", \"terms_field\": \"aws.dimensions.VpnId\", \"terms_order_by\": \"61ca57f2-469d-11e7-af02-69e470af7417\", \"type\": \"timeseries\"}], \"show_grid\": 1, \"show_legend\": 1, \"time_field\": \"\", \"type\": \"timeseries\"}, \"title\": \"VPN Tunnel Data Out Per VPN ID [Metricbeat AWS]\", \"type\": \"metrics\"}"
            },
            "id": "26b73e50-6943-11ea-b0ac-95d4ecb1fecd",
            "migrationVersion": {
                "visualization": "7.4.2"
            },
            "references": [],
            "type": "visualization",
            "updated_at": "2020-03-18T18:06:12.149Z",
            "version": "WzkxMCwyXQ=="
        },
        {
            "attributes": {
                "description": "",
                "kibanaSavedObjectMeta": {
                    "searchSourceJSON": "{}"
                },
                "title": "VPN Tunnel Data Out [Metricbeat AWS]",
                "uiStateJSON": "{}",
                "version": 1,
                "visState": "{\"aggs\": [], \"params\": {\"axis_formatter\": \"number\", \"axis_position\": \"left\", \"axis_scale\": \"normal\", \"default_index_pattern\": \"metricbeat-*\", \"default_timefield\": \"@timestamp\", \"drop_last_bucket\": 0, \"id\": \"61ca57f0-469d-11e7-af02-69e470af7417\", \"index_pattern\": \"metricbeat-*\", \"interval\": \"1m\", \"isModelInvalid\": false, \"series\": [{\"axis_position\": \"right\", \"chart_type\": \"line\", \"color\": \"#68BC00\", \"fill\": \"0\", \"formatter\": \"bytes\", \"id\": \"61ca57f1-469d-11e7-af02-69e470af7417\", \"label\": \"\", \"line_width\": \"2\", \"metrics\": [{\"field\": \"aws.vpn.metrics.TunnelDataOut.sum\", \"id\": \"61ca57f2-469d-11e7-af02-69e470af7417\", \"type\": \"avg\"}], \"point_size\": \"3\", \"separate_axis\": 0, \"split_mode\": \"terms\", \"stacked\": \"none\", \"terms_field\": \"aws.dimensions.TunnelIpAddress\", \"terms_order_by\": \"61ca57f2-469d-11e7-af02-69e470af7417\", \"type\": \"timeseries\"}], \"show_grid\": 1, \"show_legend\": 1, \"time_field\": \"\", \"type\": \"timeseries\"}, \"title\": \"VPN Tunnel Data Out [Metricbeat AWS]\", \"type\": \"metrics\"}"
            },
            "id": "f58f99b0-693a-11ea-b0ac-95d4ecb1fecd",
            "migrationVersion": {
                "visualization": "7.4.2"
            },
            "references": [],
            "type": "visualization",
            "updated_at": "2020-03-18T17:07:33.707Z",
            "version": "Wzg3OSwyXQ=="
        }
    ],
    "version": "7.6.1"
}