{
    "objects": [
        {
            "attributes": {
                "description": "This Azure Database Account dashboard visualizes the most important database account metrics.",
                "hits": 0,
                "kibanaSavedObjectMeta": {
                    "searchSourceJSON": "{\"filter\": [], \"query\": {\"language\": \"kuery\", \"query\": \"\"}}"
                },
                "optionsJSON": "{\"hidePanelTitles\": false, \"useMargins\": true}",
                "panelsJSON": "[{\"embeddableConfig\": {\"title\": \"\"}, \"gridData\": {\"h\": 4, \"i\": \"fe2125b1-526c-4293-b488-86d8c15ea3fb\", \"w\": 9, \"x\": 0, \"y\": 0}, \"panelIndex\": \"fe2125b1-526c-4293-b488-86d8c15ea3fb\", \"panelRefName\": \"panel_0\", \"version\": \"7.6.0\"}, {\"embeddableConfig\": {\"title\": \"Data Usage\"}, \"gridData\": {\"h\": 18, \"i\": \"db895503-5a84-4b26-b889-c3c7ca964643\", \"w\": 18, \"x\": 9, \"y\": 0}, \"panelIndex\": \"db895503-5a84-4b26-b889-c3c7ca964643\", \"panelRefName\": \"panel_1\", \"title\": \"Data Usage\", \"version\": \"7.6.0\"}, {\"embeddableConfig\": {\"title\": \"Index Usage\"}, \"gridData\": {\"h\": 18, \"i\": \"0b986285-a5d0-4a31-bdb8-0f29cd50c2eb\", \"w\": 21, \"x\": 27, \"y\": 0}, \"panelIndex\": \"0b986285-a5d0-4a31-bdb8-0f29cd50c2eb\", \"panelRefName\": \"panel_2\", \"title\": \"Index Usage\", \"version\": \"7.6.0\"}, {\"embeddableConfig\": {\"title\": \"\"}, \"gridData\": {\"h\": 14, \"i\": \"7d7b71ea-eb6b-43bf-be61-80235d1d4529\", \"w\": 9, \"x\": 0, \"y\": 4}, \"panelIndex\": \"7d7b71ea-eb6b-43bf-be61-80235d1d4529\", \"panelRefName\": \"panel_3\", \"version\": \"7.6.0\"}, {\"embeddableConfig\": {\"title\": \"Total Requests\"}, \"gridData\": {\"h\": 15, \"i\": \"f6ce8b48-a876-4031-a43f-3ca3704a4ad6\", \"w\": 24, \"x\": 0, \"y\": 18}, \"panelIndex\": \"f6ce8b48-a876-4031-a43f-3ca3704a4ad6\", \"panelRefName\": \"panel_4\", \"title\": \"Total Requests\", \"version\": \"7.6.0\"}, {\"embeddableConfig\": {\"title\": \"Document Count\"}, \"gridData\": {\"h\": 15, \"i\": \"c604014a-647f-4a1d-b2e9-0304fdacc363\", \"w\": 24, \"x\": 24, \"y\": 18}, \"panelIndex\": \"c604014a-647f-4a1d-b2e9-0304fdacc363\", \"panelRefName\": \"panel_5\", \"title\": \"Document Count\", \"version\": \"7.6.0\"}, {\"embeddableConfig\": {\"title\": \"Available Storage\"}, \"gridData\": {\"h\": 15, \"i\": \"b0cbeaf7-8a12-4efa-b63b-5479c2cb39a9\", \"w\": 24, \"x\": 0, \"y\": 33}, \"panelIndex\": \"b0cbeaf7-8a12-4efa-b63b-5479c2cb39a9\", \"panelRefName\": \"panel_6\", \"title\": \"Available Storage\", \"version\": \"7.6.0\"}, {\"embeddableConfig\": {\"title\": \"Requests Per Status Code\"}, \"gridData\": {\"h\": 15, \"i\": \"5e755432-3e55-405c-91cf-3348d5067a3a\", \"w\": 24, \"x\": 24, \"y\": 33}, \"panelIndex\": \"5e755432-3e55-405c-91cf-3348d5067a3a\", \"panelRefName\": \"panel_7\", \"title\": \"Requests Per Status Code\", \"version\": \"7.6.0\"}]",
                "timeRestore": false,
                "title": "[Metricbeat Azure] Database Account Overview",
                "version": 1
            },
            "id": "b232c220-8481-11ea-b181-4b1a9e0110f9",
            "migrationVersion": {
                "dashboard": "7.3.0"
            },
            "references": [
                {
                    "id": "4177aab0-83cc-11ea-be84-f5d4d6b9a792",
                    "name": "panel_0",
                    "type": "visualization"
                },
                {
                    "id": "a49b4e20-8490-11ea-b181-4b1a9e0110f9",
                    "name": "panel_1",
                    "type": "visualization"
                },
                {
                    "id": "d2801d70-8490-11ea-b181-4b1a9e0110f9",
                    "name": "panel_2",
                    "type": "visualization"
                },
                {
                    "id": "674c1d70-83cc-11ea-be84-f5d4d6b9a792",
                    "name": "panel_3",
                    "type": "visualization"
                },
                {
                    "id": "a16b5900-8492-11ea-b181-4b1a9e0110f9",
                    "name": "panel_4",
                    "type": "visualization"
                },
                {
                    "id": "d3ac7d90-8492-11ea-b181-4b1a9e0110f9",
                    "name": "panel_5",
                    "type": "visualization"
                },
                {
                    "id": "81f16b40-32ea-11ea-a83e-25b8612d00cc",
                    "name": "panel_6",
                    "type": "visualization"
                },
                {
                    "id": "037382e0-856e-11ea-91bc-ab084c7ec0e7",
                    "name": "panel_7",
                    "type": "visualization"
                }
            ],
            "type": "dashboard",
            "updated_at": "2020-04-23T14:26:12.702Z",
            "version": "WzczNTAsMTNd"
        },
        {
            "attributes": {
                "description": "",
                "kibanaSavedObjectMeta": {
                    "searchSourceJSON": "{}"
                },
                "title": "Navigation Database Account Overview [Metricbeat Azure]",
                "uiStateJSON": "{}",
                "version": 1,
                "visState": "{\"aggs\": [], \"params\": {\"fontSize\": 12, \"markdown\": \"### Azure Database Accounts\\n\", \"openLinksInNewTab\": false}, \"title\": \"Navigation Database Account Overview [Metricbeat Azure]\", \"type\": \"markdown\"}"
            },
            "id": "4177aab0-83cc-11ea-be84-f5d4d6b9a792",
            "migrationVersion": {
                "visualization": "7.4.2"
            },
            "references": [],
            "type": "visualization",
            "updated_at": "2020-04-21T12:33:08.312Z",
            "version": "WzY4OTcsMTFd"
        },
        {
            "attributes": {
                "description": "",
                "kibanaSavedObjectMeta": {
                    "searchSourceJSON": "{\"filter\": [], \"query\": {\"language\": \"kuery\", \"query\": \"\"}}"
                },
                "title": "Database Account Data Usage [Metricbeat Azure]",
                "uiStateJSON": "{}",
                "version": 1,
                "visState": "{\"aggs\": [], \"params\": {\"axis_formatter\": \"number\", \"axis_min\": 0, \"axis_position\": \"left\", \"axis_scale\": \"normal\", \"default_index_pattern\": \"metricbeat-*\", \"default_timefield\": \"@timestamp\", \"filter\": {\"language\": \"kuery\", \"query\": \"azure.resource.type : \\\"Microsoft.DocumentDb/databaseAccounts\\\"   \"}, \"id\": \"e9a40230-32e9-11ea-bda2-69435df36a5c\", \"index_pattern\": \"metricbeat-*\", \"interval\": \">=5m\", \"isModelInvalid\": false, \"series\": [{\"axis_position\": \"right\", \"chart_type\": \"line\", \"color\": \"#3185FC\", \"fill\": \"0\", \"filter\": {\"language\": \"kuery\", \"query\": \"\"}, \"formatter\": \"bytes\", \"id\": \"e9a40231-32e9-11ea-bda2-69435df36a5c\", \"label\": \"Data Usage\", \"line_width\": \"2\", \"metrics\": [{\"field\": \"azure.database_account.data_usage.total\", \"id\": \"e9a40232-32e9-11ea-bda2-69435df36a5c\", \"type\": \"avg\"}], \"point_size\": 0, \"separate_axis\": 0, \"split_color_mode\": \"rainbow\", \"split_mode\": \"terms\", \"stacked\": \"none\", \"terms_exclude\": \"\\\"<empty>\\\"\", \"terms_field\": \"azure.dimensions.database_name\", \"terms_order_by\": \"_count\", \"type\": \"timeseries\", \"value_template\": \"{{value}}\"}], \"show_grid\": 1, \"show_legend\": 1, \"time_field\": \"@timestamp\", \"type\": \"timeseries\"}, \"title\": \"Database Account Data Usage [Metricbeat Azure]\", \"type\": \"metrics\"}"
            },
            "id": "a49b4e20-8490-11ea-b181-4b1a9e0110f9",
            "migrationVersion": {
                "visualization": "7.4.2"
            },
            "references": [],
            "type": "visualization",
            "updated_at": "2020-04-23T11:58:07.195Z",
            "version": "WzcxODEsMTNd"
        },
        {
            "attributes": {
                "description": "",
                "kibanaSavedObjectMeta": {
                    "searchSourceJSON": "{\"filter\": [], \"query\": {\"language\": \"kuery\", \"query\": \"\"}}"
                },
                "title": "Database Account Index Usage [Metricbeat Azure]",
                "uiStateJSON": "{}",
                "version": 1,
                "visState": "{\"aggs\": [], \"params\": {\"axis_formatter\": \"number\", \"axis_min\": 0, \"axis_position\": \"left\", \"axis_scale\": \"normal\", \"default_index_pattern\": \"metricbeat-*\", \"default_timefield\": \"@timestamp\", \"filter\": {\"language\": \"kuery\", \"query\": \"azure.resource.type : \\\"Microsoft.DocumentDb/databaseAccounts\\\"   \"}, \"id\": \"e9a40230-32e9-11ea-bda2-69435df36a5c\", \"index_pattern\": \"metricbeat-*\", \"interval\": \">=5m\", \"isModelInvalid\": false, \"series\": [{\"axis_position\": \"right\", \"chart_type\": \"line\", \"color\": \"rgba(176,188,0,1)\", \"fill\": \"0\", \"filter\": {\"language\": \"kuery\", \"query\": \"\"}, \"formatter\": \"bytes\", \"id\": \"e9a40231-32e9-11ea-bda2-69435df36a5c\", \"label\": \"Index Usage\", \"line_width\": \"2\", \"metrics\": [{\"field\": \"azure.database_account.index_usage.total\", \"id\": \"e9a40232-32e9-11ea-bda2-69435df36a5c\", \"type\": \"avg\"}], \"point_size\": 0, \"separate_axis\": 0, \"split_color_mode\": \"rainbow\", \"split_mode\": \"terms\", \"stacked\": \"none\", \"terms_exclude\": \"\\\"<empty>\\\"\", \"terms_field\": \"azure.dimensions.database_name\", \"terms_order_by\": \"_count\", \"type\": \"timeseries\", \"value_template\": \"{{value}}\"}], \"show_grid\": 1, \"show_legend\": 1, \"time_field\": \"@timestamp\", \"type\": \"timeseries\"}, \"title\": \"Database Account Index Usage [Metricbeat Azure]\", \"type\": \"metrics\"}"
            },
            "id": "d2801d70-8490-11ea-b181-4b1a9e0110f9",
            "migrationVersion": {
                "visualization": "7.4.2"
            },
            "references": [],
            "type": "visualization",
            "updated_at": "2020-04-23T11:59:31.862Z",
            "version": "WzcyMDEsMTNd"
        },
        {
            "attributes": {
                "description": "",
                "kibanaSavedObjectMeta": {
                    "searchSourceJSON": "{}"
                },
                "title": "Database Account Filters [Metricbeat Azure]",
                "uiStateJSON": "{}",
                "version": 1,
                "visState": "{\"aggs\": [], \"params\": {\"controls\": [{\"fieldName\": \"azure.subscription_id\", \"id\": \"1584710440054\", \"indexPatternRefName\": \"control_0_index_pattern\", \"label\": \"Subscription\", \"options\": {\"dynamicOptions\": true, \"multiselect\": false, \"order\": \"desc\", \"size\": 5, \"type\": \"terms\"}, \"parent\": \"\", \"type\": \"list\"}, {\"fieldName\": \"azure.resource.group\", \"id\": \"1584710497045\", \"indexPatternRefName\": \"control_1_index_pattern\", \"label\": \"Resource Group\", \"options\": {\"dynamicOptions\": true, \"multiselect\": false, \"order\": \"desc\", \"size\": 5, \"type\": \"terms\"}, \"parent\": \"\", \"type\": \"list\"}, {\"fieldName\": \"azure.resource.name\", \"id\": \"1584710535722\", \"indexPatternRefName\": \"control_2_index_pattern\", \"label\": \"Resource\", \"options\": {\"dynamicOptions\": true, \"multiselect\": false, \"order\": \"desc\", \"size\": 5, \"type\": \"terms\"}, \"parent\": \"\", \"type\": \"list\"}, {\"fieldName\": \"azure.dimensions.database_name\", \"id\": \"1587643606086\", \"indexPatternRefName\": \"control_3_index_pattern\", \"label\": \"Database\", \"options\": {\"dynamicOptions\": true, \"multiselect\": true, \"order\": \"desc\", \"size\": 5, \"type\": \"terms\"}, \"parent\": \"1584710535722\", \"type\": \"list\"}], \"pinFilters\": false, \"updateFiltersOnChange\": true, \"useTimeFilter\": false}, \"title\": \"Database Account Filters [Metricbeat Azure]\", \"type\": \"input_control_vis\"}"
            },
            "id": "674c1d70-83cc-11ea-be84-f5d4d6b9a792",
            "migrationVersion": {
                "visualization": "7.4.2"
            },
            "references": [
                {
                    "id": "metricbeat-*",
                    "name": "control_0_index_pattern",
                    "type": "index-pattern"
                },
                {
                    "id": "metricbeat-*",
                    "name": "control_1_index_pattern",
                    "type": "index-pattern"
                },
                {
                    "id": "metricbeat-*",
                    "name": "control_2_index_pattern",
                    "type": "index-pattern"
                },
                {
                    "id": "metricbeat-*",
                    "name": "control_3_index_pattern",
                    "type": "index-pattern"
                }
            ],
            "type": "visualization",
            "updated_at": "2020-04-23T12:08:07.587Z",
            "version": "WzcyNDAsMTNd"
        },
        {
            "attributes": {
                "description": "",
                "kibanaSavedObjectMeta": {
                    "searchSourceJSON": "{\"filter\": [], \"query\": {\"language\": \"kuery\", \"query\": \"\"}}"
                },
                "title": "Database Account Total Requests [Metricbeat Azure]",
                "uiStateJSON": "{}",
                "version": 1,
                "visState": "{\"aggs\": [], \"params\": {\"axis_formatter\": \"number\", \"axis_min\": 0, \"axis_position\": \"left\", \"axis_scale\": \"normal\", \"default_index_pattern\": \"metricbeat-*\", \"default_timefield\": \"@timestamp\", \"filter\": {\"language\": \"kuery\", \"query\": \"azure.resource.type : \\\"Microsoft.DocumentDb/databaseAccounts\\\"   \"}, \"id\": \"e9a40230-32e9-11ea-bda2-69435df36a5c\", \"index_pattern\": \"metricbeat-*\", \"interval\": \">=5m\", \"isModelInvalid\": false, \"series\": [{\"axis_position\": \"right\", \"chart_type\": \"line\", \"color\": \"rgba(211,49,21,1)\", \"fill\": \"0\", \"filter\": {\"language\": \"kuery\", \"query\": \"\"}, \"formatter\": \"number\", \"id\": \"e9a40231-32e9-11ea-bda2-69435df36a5c\", \"label\": \"Total Requests\", \"line_width\": \"2\", \"metrics\": [{\"field\": \"azure.database_account.total_requests.count\", \"id\": \"e9a40232-32e9-11ea-bda2-69435df36a5c\", \"type\": \"avg\"}], \"point_size\": 0, \"separate_axis\": 0, \"split_color_mode\": \"rainbow\", \"split_mode\": \"terms\", \"stacked\": \"none\", \"terms_exclude\": \"\\\"<empty>\\\"\", \"terms_field\": \"azure.dimensions.database_name\", \"terms_order_by\": \"_count\", \"type\": \"timeseries\", \"value_template\": \"{{value}}\"}], \"show_grid\": 1, \"show_legend\": 1, \"time_field\": \"@timestamp\", \"type\": \"timeseries\"}, \"title\": \"Database Account Total Requests [Metricbeat Azure]\", \"type\": \"metrics\"}"
            },
            "id": "a16b5900-8492-11ea-b181-4b1a9e0110f9",
            "migrationVersion": {
                "visualization": "7.4.2"
            },
            "references": [],
            "type": "visualization",
            "updated_at": "2020-04-23T12:00:24.232Z",
            "version": "WzcyMTEsMTNd"
        },
        {
            "attributes": {
                "description": "",
                "kibanaSavedObjectMeta": {
                    "searchSourceJSON": "{\"filter\": [], \"query\": {\"language\": \"kuery\", \"query\": \"\"}}"
                },
                "title": "Database Account Document Count [Metricbeat Azure]",
                "uiStateJSON": "{}",
                "version": 1,
                "visState": "{\"aggs\": [], \"params\": {\"axis_formatter\": \"number\", \"axis_min\": 0, \"axis_position\": \"left\", \"axis_scale\": \"normal\", \"default_index_pattern\": \"metricbeat-*\", \"default_timefield\": \"@timestamp\", \"filter\": {\"language\": \"kuery\", \"query\": \"azure.resource.type : \\\"Microsoft.DocumentDb/databaseAccounts\\\"   \"}, \"id\": \"e9a40230-32e9-11ea-bda2-69435df36a5c\", \"index_pattern\": \"metricbeat-*\", \"interval\": \">=5m\", \"isModelInvalid\": false, \"series\": [{\"axis_position\": \"right\", \"chart_type\": \"line\", \"color\": \"rgba(102,102,102,1)\", \"fill\": \"0\", \"filter\": {\"language\": \"kuery\", \"query\": \"\"}, \"formatter\": \"number\", \"id\": \"e9a40231-32e9-11ea-bda2-69435df36a5c\", \"label\": \"Document Count\", \"line_width\": \"2\", \"metrics\": [{\"field\": \"azure.database_account.document_count.total\", \"id\": \"e9a40232-32e9-11ea-bda2-69435df36a5c\", \"type\": \"avg\"}], \"point_size\": 0, \"separate_axis\": 0, \"split_color_mode\": \"rainbow\", \"split_mode\": \"terms\", \"stacked\": \"none\", \"terms_exclude\": \"\\\"<empty>\\\"\", \"terms_field\": \"azure.dimensions.database_name\", \"terms_order_by\": \"_count\", \"type\": \"timeseries\", \"value_template\": \"{{value}} \"}], \"show_grid\": 1, \"show_legend\": 1, \"time_field\": \"@timestamp\", \"type\": \"timeseries\"}, \"title\": \"Database Account Document Count [Metricbeat Azure]\", \"type\": \"metrics\"}"
            },
            "id": "d3ac7d90-8492-11ea-b181-4b1a9e0110f9",
            "migrationVersion": {
                "visualization": "7.4.2"
            },
            "references": [],
            "type": "visualization",
            "updated_at": "2020-04-23T12:05:03.644Z",
            "version": "WzcyMjEsMTNd"
        },
        {
            "attributes": {
                "description": "",
                "kibanaSavedObjectMeta": {
                    "searchSourceJSON": "{\"filter\": [], \"query\": {\"language\": \"kuery\", \"query\": \"\"}}"
                },
                "title": "Database Account Available Storage [Metricbeat Azure]",
                "uiStateJSON": "{}",
                "version": 1,
                "visState": "{\"aggs\": [], \"params\": {\"axis_formatter\": \"number\", \"axis_min\": 0, \"axis_position\": \"left\", \"axis_scale\": \"normal\", \"default_index_pattern\": \"metricbeat-*\", \"default_timefield\": \"@timestamp\", \"filter\": {\"language\": \"kuery\", \"query\": \"azure.resource.type : \\\"Microsoft.DocumentDb/databaseAccounts\\\"   \"}, \"id\": \"e9a40230-32e9-11ea-bda2-69435df36a5c\", \"index_pattern\": \"metricbeat-*\", \"interval\": \">=5m\", \"isModelInvalid\": false, \"series\": [{\"axis_position\": \"right\", \"chart_type\": \"line\", \"color\": \"rgba(101,50,148,1)\", \"fill\": \"0\", \"formatter\": \"bytes\", \"id\": \"e9a40231-32e9-11ea-bda2-69435df36a5c\", \"label\": \"Available storage\", \"line_width\": \"2\", \"metrics\": [{\"field\": \"azure.database_account.available_storage.total\", \"id\": \"e9a40232-32e9-11ea-bda2-69435df36a5c\", \"type\": \"avg\"}], \"point_size\": 0, \"separate_axis\": 0, \"split_color_mode\": \"rainbow\", \"split_mode\": \"terms\", \"stacked\": \"none\", \"terms_exclude\": \"\\\"<empty>\\\"\", \"terms_field\": \"azure.dimensions.database_name\", \"terms_order_by\": \"e9a40232-32e9-11ea-bda2-69435df36a5c\", \"type\": \"timeseries\", \"value_template\": \"{{value}}\"}], \"show_grid\": 1, \"show_legend\": 1, \"time_field\": \"@timestamp\", \"type\": \"timeseries\"}, \"title\": \"Database Account Available Storage [Metricbeat Azure]\", \"type\": \"metrics\"}"
            },
            "id": "81f16b40-32ea-11ea-a83e-25b8612d00cc",
            "migrationVersion": {
                "visualization": "7.4.2"
            },
            "references": [],
            "type": "visualization",
            "updated_at": "2020-04-23T12:05:58.477Z",
            "version": "WzcyMzMsMTNd"
        },
        {
            "attributes": {
                "description": "",
                "kibanaSavedObjectMeta": {
                    "searchSourceJSON": "{\"indexRefName\": \"kibanaSavedObjectMeta.searchSourceJSON.index\"}"
                },
                "title": " Database Account Requests By Status Code [Metricbeat Azure]",
                "uiStateJSON": "{}",
                "version": 1,
                "visState": "{\"aggs\": [{\"enabled\": true, \"id\": \"1\", \"params\": {\"customLabel\": \"Total Requests\", \"field\": \"azure.database_account.total_requests.count\"}, \"schema\": \"metric\", \"type\": \"avg\"}, {\"enabled\": true, \"id\": \"2\", \"params\": {\"customLabel\": \"Status Codes\", \"field\": \"azure.dimensions.status_code\", \"missingBucket\": false, \"missingBucketLabel\": \"Missing\", \"order\": \"desc\", \"orderBy\": \"_key\", \"otherBucket\": false, \"otherBucketLabel\": \"Other\", \"size\": 5}, \"schema\": \"group\", \"type\": \"terms\"}, {\"enabled\": true, \"id\": \"3\", \"params\": {\"customLabel\": \"Database\", \"field\": \"azure.dimensions.database_name\", \"missingBucket\": false, \"missingBucketLabel\": \"Missing\", \"order\": \"desc\", \"orderBy\": \"_key\", \"otherBucket\": false, \"otherBucketLabel\": \"Other\", \"row\": false, \"size\": 5}, \"schema\": \"split\", \"type\": \"terms\"}], \"params\": {\"addLegend\": true, \"addTimeMarker\": false, \"addTooltip\": false, \"categoryAxes\": [{\"id\": \"CategoryAxis-1\", \"labels\": {\"filter\": true, \"show\": true, \"truncate\": 100}, \"position\": \"bottom\", \"scale\": {\"type\": \"linear\"}, \"show\": false, \"style\": {}, \"title\": {}, \"type\": \"category\"}], \"dimensions\": {\"series\": [{\"accessor\": 0, \"aggType\": \"terms\", \"format\": {\"id\": \"terms\", \"params\": {\"id\": \"string\", \"missingBucketLabel\": \"Missing\", \"otherBucketLabel\": \"Other\", \"parsedUrl\": {\"basePath\": \"\", \"origin\": \"http://localhost:5601\", \"pathname\": \"/app/kibana\"}}}, \"label\": \"Status Codes\", \"params\": {}}], \"splitColumn\": [{\"accessor\": 1, \"aggType\": \"terms\", \"format\": {\"id\": \"terms\", \"params\": {\"id\": \"string\", \"missingBucketLabel\": \"Missing\", \"otherBucketLabel\": \"Other\", \"parsedUrl\": {\"basePath\": \"\", \"origin\": \"http://localhost:5601\", \"pathname\": \"/app/kibana\"}}}, \"label\": \"Database\", \"params\": {}}], \"x\": null, \"y\": [{\"accessor\": 2, \"aggType\": \"avg\", \"format\": {\"id\": \"number\", \"params\": {\"parsedUrl\": {\"basePath\": \"\", \"origin\": \"http://localhost:5601\", \"pathname\": \"/app/kibana\"}}}, \"label\": \"Total Requests\", \"params\": {}}]}, \"grid\": {\"categoryLines\": false}, \"labels\": {\"show\": false}, \"legendPosition\": \"right\", \"seriesParams\": [{\"data\": {\"id\": \"1\", \"label\": \"Total Requests\"}, \"drawLinesBetweenPoints\": true, \"lineWidth\": 2, \"mode\": \"stacked\", \"show\": true, \"showCircles\": true, \"type\": \"histogram\", \"valueAxis\": \"ValueAxis-1\"}], \"thresholdLine\": {\"color\": \"#E7664C\", \"show\": false, \"style\": \"full\", \"value\": 10, \"width\": 1}, \"times\": [], \"type\": \"histogram\", \"valueAxes\": [{\"id\": \"ValueAxis-1\", \"labels\": {\"filter\": false, \"rotate\": 0, \"show\": true, \"truncate\": 100}, \"name\": \"LeftAxis-1\", \"position\": \"left\", \"scale\": {\"mode\": \"normal\", \"type\": \"linear\"}, \"show\": true, \"style\": {}, \"title\": {\"text\": \"Total Requests\"}, \"type\": \"value\"}]}, \"title\": \" Database Account Requests By Status Code [Metricbeat Azure]\", \"type\": \"histogram\"}"
            },
            "id": "037382e0-856e-11ea-91bc-ab084c7ec0e7",
            "migrationVersion": {
                "visualization": "7.4.2"
            },
            "references": [
                {
                    "id": "metricbeat-*",
                    "name": "kibanaSavedObjectMeta.searchSourceJSON.index",
                    "type": "index-pattern"
                }
            ],
            "type": "visualization",
            "updated_at": "2020-04-23T14:23:33.900Z",
            "version": "WzczNDMsMTNd"
        }
    ],
    "version": "7.6.0"
}