{
    "objects": [
        {
            "attributes": {
                "description": "This dashboard visualized relevant metrics for VMs running on Azure cloud.",
                "hits": 0,
                "kibanaSavedObjectMeta": {
                    "searchSourceJSON": "{\"filter\": [], \"query\": {\"language\": \"kuery\", \"query\": \"\"}}"
                },
                "optionsJSON": "{\"hidePanelTitles\": false, \"useMargins\": true}",
                "panelsJSON": "[{\"embeddableConfig\": {\"title\": \"VM Filters\"}, \"gridData\": {\"h\": 12, \"i\": \"aa881f9d-28d3-4722-822e-3e670021cf52\", \"w\": 6, \"x\": 0, \"y\": 0}, \"panelIndex\": \"aa881f9d-28d3-4722-822e-3e670021cf52\", \"panelRefName\": \"panel_0\", \"title\": \"VM Filters\", \"version\": \"7.9.1\"}, {\"embeddableConfig\": {\"title\": \"VM CPU Utilization\"}, \"gridData\": {\"h\": 12, \"i\": \"e673f70c-f811-4290-9087-578c7dd13675\", \"w\": 20, \"x\": 6, \"y\": 0}, \"panelIndex\": \"e673f70c-f811-4290-9087-578c7dd13675\", \"panelRefName\": \"panel_1\", \"title\": \"VM CPU Utilization\", \"version\": \"7.9.1\"}, {\"embeddableConfig\": {\"title\": \"VM Available Memory\"}, \"gridData\": {\"h\": 12, \"i\": \"2473ef72-c56c-4783-a36a-f4b8efd66ab7\", \"w\": 22, \"x\": 26, \"y\": 0}, \"panelIndex\": \"2473ef72-c56c-4783-a36a-f4b8efd66ab7\", \"panelRefName\": \"panel_2\", \"title\": \"VM Available Memory\", \"version\": \"7.9.1\"}, {\"embeddableConfig\": {}, \"gridData\": {\"h\": 12, \"i\": \"14e225ef-6417-4377-b2cb-6b46b6693b78\", \"w\": 12, \"x\": 36, \"y\": 12}, \"panelIndex\": \"14e225ef-6417-4377-b2cb-6b46b6693b78\", \"panelRefName\": \"panel_3\", \"version\": \"7.9.1\"}, {\"embeddableConfig\": {\"title\": \"VM Network In Total\"}, \"gridData\": {\"h\": 12, \"i\": \"535d70b3-3f3c-4a84-85ba-ab671b6d144f\", \"w\": 12, \"x\": 0, \"y\": 12}, \"panelIndex\": \"535d70b3-3f3c-4a84-85ba-ab671b6d144f\", \"panelRefName\": \"panel_4\", \"title\": \"VM Network In Total\", \"version\": \"7.9.1\"}, {\"embeddableConfig\": {\"title\": \"VM Network Out Total\"}, \"gridData\": {\"h\": 12, \"i\": \"6903a45e-bf11-4db2-9497-fd9692e83448\", \"w\": 12, \"x\": 12, \"y\": 12}, \"panelIndex\": \"6903a45e-bf11-4db2-9497-fd9692e83448\", \"panelRefName\": \"panel_5\", \"title\": \"VM Network Out Total\", \"version\": \"7.9.1\"}, {\"embeddableConfig\": {\"title\": \"VM Disk Writes\"}, \"gridData\": {\"h\": 12, \"i\": \"aa57fa8f-f6ea-45e3-9b2c-ba948d625813\", \"w\": 12, \"x\": 24, \"y\": 12}, \"panelIndex\": \"aa57fa8f-f6ea-45e3-9b2c-ba948d625813\", \"panelRefName\": \"panel_6\", \"title\": \"VM Disk Writes\", \"version\": \"7.9.1\"}, {\"embeddableConfig\": {\"title\": \"VM Disk Read Operations/s\"}, \"gridData\": {\"h\": 13, \"i\": \"8879143b-ed83-45ec-8c58-b10dc1597c22\", \"w\": 24, \"x\": 0, \"y\": 24}, \"panelIndex\": \"8879143b-ed83-45ec-8c58-b10dc1597c22\", \"panelRefName\": \"panel_7\", \"title\": \"VM Disk Read Operations/s\", \"version\": \"7.9.1\"}, {\"embeddableConfig\": {\"title\": \"VM Disk Write Operations/s\"}, \"gridData\": {\"h\": 13, \"i\": \"4071f2bf-1794-45ff-b76d-58864226d8b7\", \"w\": 24, \"x\": 24, \"y\": 24}, \"panelIndex\": \"4071f2bf-1794-45ff-b76d-58864226d8b7\", \"panelRefName\": \"panel_8\", \"title\": \"VM Disk Write Operations/s\", \"version\": \"7.9.1\"}]",
                "timeRestore": false,
                "title": "[Metricbeat Azure] Compute VMs Overview",
                "version": 1
            },
            "id": "eb3f05f0-ea9a-11e9-90ec-112a988266d5",
            "migrationVersion": {
                "dashboard": "7.3.0"
            },
            "namespaces": [
                "default"
            ],
            "references": [
                {
                    "id": "5031b220-eb61-11e9-90ec-112a988266d5",
                    "name": "panel_0",
                    "type": "visualization"
                },
                {
                    "id": "db9a3490-ea8f-11e9-90ec-112a988266d5",
                    "name": "panel_1",
                    "type": "visualization"
                },
                {
                    "id": "7205a4f0-ea95-11e9-90ec-112a988266d5",
                    "name": "panel_2",
                    "type": "visualization"
                },
                {
                    "id": "e8ca65c0-eb45-11e9-90ec-112a988266d5",
                    "name": "panel_3",
                    "type": "visualization"
                },
                {
                    "id": "8b6b9450-ea99-11e9-90ec-112a988266d5",
                    "name": "panel_4",
                    "type": "visualization"
                },
                {
                    "id": "abd32c30-ea99-11e9-90ec-112a988266d5",
                    "name": "panel_5",
                    "type": "visualization"
                },
                {
                    "id": "5c016810-ea9a-11e9-90ec-112a988266d5",
                    "name": "panel_6",
                    "type": "visualization"
                },
                {
                    "id": "3a50e950-eb46-11e9-90ec-112a988266d5",
                    "name": "panel_7",
                    "type": "visualization"
                },
                {
                    "id": "0892eaa0-ea9a-11e9-90ec-112a988266d5",
                    "name": "panel_8",
                    "type": "visualization"
                }
            ],
            "type": "dashboard",
            "updated_at": "2020-09-15T16:10:59.501Z",
            "version": "Wzg4NSwxXQ=="
        },
        {
            "attributes": {
                "description": "",
                "kibanaSavedObjectMeta": {
                    "searchSourceJSON": "{\"filter\": [], \"query\": {\"language\": \"kuery\", \"query\": \"\"}}"
                },
                "title": "VM Filters [Metricbeat Azure]",
                "uiStateJSON": "{}",
                "version": 1,
                "visState": "{\"aggs\": [], \"params\": {\"controls\": [{\"fieldName\": \"cloud.region\", \"id\": \"1549397251041\", \"indexPatternRefName\": \"control_0_index_pattern\", \"label\": \"Region\", \"options\": {\"dynamicOptions\": true, \"multiselect\": true, \"order\": \"desc\", \"size\": 5, \"type\": \"terms\"}, \"parent\": \"\", \"type\": \"list\"}, {\"fieldName\": \"azure.resource.group\", \"id\": \"1549512142947\", \"indexPatternRefName\": \"control_1_index_pattern\", \"label\": \"Resource Group\", \"options\": {\"dynamicOptions\": true, \"multiselect\": true, \"order\": \"desc\", \"size\": 5, \"type\": \"terms\"}, \"parent\": \"\", \"type\": \"list\"}, {\"fieldName\": \"azure.resource.name\", \"id\": \"1570774891724\", \"indexPatternRefName\": \"control_2_index_pattern\", \"label\": \"VM Name\", \"options\": {\"dynamicOptions\": true, \"multiselect\": true, \"order\": \"desc\", \"size\": 5, \"type\": \"terms\"}, \"parent\": \"\", \"type\": \"list\"}], \"pinFilters\": false, \"updateFiltersOnChange\": true, \"useTimeFilter\": false}, \"title\": \"VM Filters [Metricbeat Azure]\", \"type\": \"input_control_vis\"}"
            },
            "id": "5031b220-eb61-11e9-90ec-112a988266d5",
            "migrationVersion": {
                "visualization": "7.8.0"
            },
            "namespaces": [
                "default"
            ],
            "references": [
                {
                    "id": "metricbeat-*",
                    "name": "control_0_index_pattern",
                    "type": "index-pattern"
                },
                {
                    "id": "metricbeat-*",
                    "name": "control_1_index_pattern",
                    "type": "index-pattern"
                },
                {
                    "id": "metricbeat-*",
                    "name": "control_2_index_pattern",
                    "type": "index-pattern"
                }
            ],
            "type": "visualization",
            "updated_at": "2020-09-15T16:21:47.113Z",
            "version": "WzkyNywxXQ=="
        },
        {
            "attributes": {
                "description": "",
                "kibanaSavedObjectMeta": {
                    "searchSourceJSON": "{\"filter\": [], \"query\": {\"language\": \"kuery\", \"query\": \"\"}}"
                },
                "title": "VM CPU Utilization [Metricbeat Azure]",
                "uiStateJSON": "{}",
                "version": 1,
                "visState": "{\"aggs\": [], \"params\": {\"axis_formatter\": \"number\", \"axis_min\": 0, \"axis_position\": \"left\", \"axis_scale\": \"normal\", \"default_index_pattern\": \"metricbeat-*\", \"default_timefield\": \"@timestamp\", \"filter\": {\"language\": \"kuery\", \"query\": \"azure.resource.type : \\\"Microsoft.Compute/virtualMachines\\\" \"}, \"id\": \"4f6c1610-ea8e-11e9-8c73-71740bcf3d8b\", \"index_pattern\": \"metricbeat-*\", \"interval\": \">=5m\", \"isModelInvalid\": false, \"series\": [{\"axis_position\": \"right\", \"chart_type\": \"line\", \"color\": \"rgba(252,196,0,1)\", \"fill\": 0, \"filter\": {\"language\": \"kuery\", \"query\": \"\"}, \"formatter\": \"number\", \"id\": \"4f6c1611-ea8e-11e9-8c73-71740bcf3d8b\", \"label\": \"Azure VM CPU Utilization\", \"line_width\": 2, \"metrics\": [{\"field\": \"azure.compute_vm.percentage_cpu.avg\", \"id\": \"4f6c1612-ea8e-11e9-8c73-71740bcf3d8b\", \"type\": \"avg\"}], \"point_size\": 0, \"separate_axis\": 0, \"split_color_mode\": \"rainbow\", \"split_mode\": \"terms\", \"stacked\": \"none\", \"terms_field\": \"azure.resource.name\", \"value_template\": \"{{value}}%\"}], \"show_grid\": 1, \"show_legend\": 1, \"time_field\": \"@timestamp\", \"type\": \"timeseries\"}, \"title\": \"VM CPU Utilization [Metricbeat Azure]\", \"type\": \"metrics\"}"
            },
            "id": "db9a3490-ea8f-11e9-90ec-112a988266d5",
            "migrationVersion": {
                "visualization": "7.8.0"
            },
            "namespaces": [
                "default"
            ],
            "references": [],
            "type": "visualization",
            "updated_at": "2020-09-15T16:01:27.530Z",
            "version": "WzMzMywxXQ=="
        },
        {
            "attributes": {
                "description": "",
                "kibanaSavedObjectMeta": {
                    "searchSourceJSON": "{\"filter\": [], \"query\": {\"language\": \"kuery\", \"query\": \"\"}}"
                },
                "title": "VM Available Memory [Metricbeat Azure]",
                "uiStateJSON": "{}",
                "version": 1,
                "visState": "{\"aggs\": [], \"params\": {\"axis_formatter\": \"number\", \"axis_min\": 0, \"axis_position\": \"left\", \"axis_scale\": \"normal\", \"default_index_pattern\": \"metricbeat-*\", \"default_timefield\": \"@timestamp\", \"filter\": {\"language\": \"kuery\", \"query\": \"azure.resource.type : \\\"Microsoft.Compute/virtualMachines\\\" \"}, \"id\": \"c7e12030-ea94-11e9-bf06-bfc27258c9ad\", \"index_pattern\": \"metricbeat-*\", \"interval\": \">=5m\", \"isModelInvalid\": false, \"series\": [{\"axis_position\": \"right\", \"chart_type\": \"line\", \"color\": \"rgba(176,188,0,1)\", \"fill\": 0, \"formatter\": \"bytes\", \"id\": \"c7e12031-ea94-11e9-bf06-bfc27258c9ad\", \"label\": \"VM Available Memory\", \"line_width\": 2, \"metrics\": [{\"field\": \"azure.compute_vm.memory_available_bytes.avg\", \"id\": \"c7e12032-ea94-11e9-bf06-bfc27258c9ad\", \"type\": \"avg\"}], \"point_size\": 0, \"separate_axis\": 0, \"split_color_mode\": \"gradient\", \"split_mode\": \"terms\", \"stacked\": \"none\", \"terms_field\": \"azure.resource.name\", \"value_template\": \"{{value}}\"}], \"show_grid\": 1, \"show_legend\": 1, \"time_field\": \"@timestamp\", \"type\": \"timeseries\"}, \"title\": \"VM Available Memory [Metricbeat Azure]\", \"type\": \"metrics\"}"
            },
            "id": "7205a4f0-ea95-11e9-90ec-112a988266d5",
            "migrationVersion": {
                "visualization": "7.8.0"
            },
            "namespaces": [
                "default"
            ],
            "references": [],
            "type": "visualization",
            "updated_at": "2020-09-15T16:01:27.530Z",
            "version": "WzMzNCwxXQ=="
        },
        {
            "attributes": {
                "description": "",
                "kibanaSavedObjectMeta": {
                    "searchSourceJSON": "{\"filter\": [], \"query\": {\"language\": \"kuery\", \"query\": \"\"}}"
                },
                "title": "VM Disk Reads [Metricbeat Azure]",
                "uiStateJSON": "{}",
                "version": 1,
                "visState": "{\"aggs\": [], \"params\": {\"axis_formatter\": \"number\", \"axis_min\": 0, \"axis_position\": \"left\", \"axis_scale\": \"normal\", \"default_index_pattern\": \"metricbeat-*\", \"default_timefield\": \"@timestamp\", \"filter\": {\"language\": \"kuery\", \"query\": \"azure.resource.type :\\\"Microsoft.Compute/virtualMachines\\\" \"}, \"id\": \"39b6adc0-ea99-11e9-8328-799c817fb96b\", \"index_pattern\": \"metricbeat-*\", \"interval\": \">=5m\", \"isModelInvalid\": false, \"series\": [{\"axis_position\": \"right\", \"chart_type\": \"line\", \"color\": \"rgba(252,196,0,1)\", \"fill\": 0, \"formatter\": \"bytes\", \"id\": \"39b6adc1-ea99-11e9-8328-799c817fb96b\", \"label\": \"VM Disk Read bytes\", \"line_width\": 2, \"metrics\": [{\"field\": \"azure.compute_vm.disk_read_bytes.total\", \"id\": \"39b6adc2-ea99-11e9-8328-799c817fb96b\", \"type\": \"avg\"}], \"point_size\": 0, \"separate_axis\": 0, \"split_color_mode\": \"gradient\", \"split_mode\": \"terms\", \"stacked\": \"none\", \"terms_field\": \"azure.resource.name\", \"type\": \"timeseries\", \"value_template\": \"{{value}}\"}], \"show_grid\": 1, \"show_legend\": 1, \"time_field\": \"@timestamp\", \"type\": \"timeseries\"}, \"title\": \"VM Disk Reads [Metricbeat Azure]\", \"type\": \"metrics\"}"
            },
            "id": "e8ca65c0-eb45-11e9-90ec-112a988266d5",
            "migrationVersion": {
                "visualization": "7.8.0"
            },
            "namespaces": [
                "default"
            ],
            "references": [],
            "type": "visualization",
            "updated_at": "2020-09-15T16:01:27.530Z",
            "version": "WzMzNSwxXQ=="
        },
        {
            "attributes": {
                "description": "",
                "kibanaSavedObjectMeta": {
                    "searchSourceJSON": "{\"filter\": [], \"query\": {\"language\": \"kuery\", \"query\": \"\"}}"
                },
                "title": "VM Network In Total [Metricbeat Azure]",
                "uiStateJSON": "{}",
                "version": 1,
                "visState": "{\"aggs\": [], \"params\": {\"axis_formatter\": \"number\", \"axis_min\": 0, \"axis_position\": \"left\", \"axis_scale\": \"normal\", \"default_index_pattern\": \"metricbeat-*\", \"default_timefield\": \"@timestamp\", \"filter\": {\"language\": \"kuery\", \"query\": \"azure.resource.type : \\\"Microsoft.Compute/virtualMachines\\\" \"}, \"id\": \"39b6adc0-ea99-11e9-8328-799c817fb96b\", \"index_pattern\": \"metricbeat-*\", \"interval\": \">=5m\", \"isModelInvalid\": false, \"series\": [{\"axis_position\": \"right\", \"chart_type\": \"line\", \"color\": \"rgba(104,204,202,1)\", \"fill\": 0, \"formatter\": \"bytes\", \"id\": \"39b6adc1-ea99-11e9-8328-799c817fb96b\", \"label\": \"Azure VM Network In Total\", \"line_width\": 2, \"metrics\": [{\"field\": \"azure.compute_vm.network_in_total.total\", \"id\": \"39b6adc2-ea99-11e9-8328-799c817fb96b\", \"type\": \"avg\"}], \"point_size\": 0, \"separate_axis\": 0, \"split_color_mode\": \"gradient\", \"split_mode\": \"terms\", \"stacked\": \"none\", \"terms_field\": \"azure.resource.name\", \"value_template\": \"{{value}}\"}], \"show_grid\": 1, \"show_legend\": 1, \"time_field\": \"@timestamp\", \"type\": \"timeseries\"}, \"title\": \"VM Network In Total [Metricbeat Azure]\", \"type\": \"metrics\"}"
            },
            "id": "8b6b9450-ea99-11e9-90ec-112a988266d5",
            "migrationVersion": {
                "visualization": "7.8.0"
            },
            "namespaces": [
                "default"
            ],
            "references": [],
            "type": "visualization",
            "updated_at": "2020-09-15T16:01:27.530Z",
            "version": "WzMzNiwxXQ=="
        },
        {
            "attributes": {
                "description": "",
                "kibanaSavedObjectMeta": {
                    "searchSourceJSON": "{\"filter\": [], \"query\": {\"language\": \"kuery\", \"query\": \"\"}}"
                },
                "title": "VM Network Out Total [Metricbeat Azure]",
                "uiStateJSON": "{}",
                "version": 1,
                "visState": "{\"aggs\": [], \"params\": {\"axis_formatter\": \"number\", \"axis_min\": 0, \"axis_position\": \"left\", \"axis_scale\": \"normal\", \"default_index_pattern\": \"metricbeat-*\", \"default_timefield\": \"@timestamp\", \"filter\": {\"language\": \"kuery\", \"query\": \"azure.resource.type : \\\"Microsoft.Compute/virtualMachines\\\" \"}, \"id\": \"39b6adc0-ea99-11e9-8328-799c817fb96b\", \"index_pattern\": \"metricbeat-*\", \"interval\": \">=5m\", \"isModelInvalid\": false, \"series\": [{\"axis_position\": \"right\", \"chart_type\": \"line\", \"color\": \"rgba(115,216,255,1)\", \"fill\": 0, \"formatter\": \"bytes\", \"id\": \"39b6adc1-ea99-11e9-8328-799c817fb96b\", \"label\": \"Azure VM Network Out Total\", \"line_width\": 2, \"metrics\": [{\"field\": \"azure.compute_vm.network_out_total.total\", \"id\": \"39b6adc2-ea99-11e9-8328-799c817fb96b\", \"type\": \"avg\"}], \"point_size\": 0, \"separate_axis\": 0, \"split_color_mode\": \"gradient\", \"split_mode\": \"terms\", \"stacked\": \"none\", \"terms_field\": \"azure.resource.name\", \"type\": \"timeseries\", \"value_template\": \"{{value}}\"}], \"show_grid\": 1, \"show_legend\": 1, \"time_field\": \"@timestamp\", \"type\": \"timeseries\"}, \"title\": \"VM Network Out Total [Metricbeat Azure]\", \"type\": \"metrics\"}"
            },
            "id": "abd32c30-ea99-11e9-90ec-112a988266d5",
            "migrationVersion": {
                "visualization": "7.8.0"
            },
            "namespaces": [
                "default"
            ],
            "references": [],
            "type": "visualization",
            "updated_at": "2020-09-15T16:01:27.530Z",
            "version": "WzMzNywxXQ=="
        },
        {
            "attributes": {
                "description": "",
                "kibanaSavedObjectMeta": {
                    "searchSourceJSON": "{\"filter\": [], \"query\": {\"language\": \"kuery\", \"query\": \"\"}}"
                },
                "title": "VM Disk Writes [Metricbeat Azure]",
                "uiStateJSON": "{}",
                "version": 1,
                "visState": "{\"aggs\": [], \"params\": {\"axis_formatter\": \"number\", \"axis_min\": 0, \"axis_position\": \"left\", \"axis_scale\": \"normal\", \"default_index_pattern\": \"metricbeat-*\", \"default_timefield\": \"@timestamp\", \"filter\": {\"language\": \"kuery\", \"query\": \"azure.resource.type :\\\"Microsoft.Compute/virtualMachines\\\" \"}, \"id\": \"39b6adc0-ea99-11e9-8328-799c817fb96b\", \"index_pattern\": \"metricbeat-*\", \"interval\": \">=5m\", \"isModelInvalid\": false, \"series\": [{\"axis_position\": \"right\", \"chart_type\": \"line\", \"color\": \"rgba(176,188,0,1)\", \"fill\": 0, \"formatter\": \"bytes\", \"id\": \"39b6adc1-ea99-11e9-8328-799c817fb96b\", \"label\": \"VM Disk Writes bytes\", \"line_width\": 2, \"metrics\": [{\"field\": \"azure.compute_vm.disk_write_bytes.total\", \"id\": \"39b6adc2-ea99-11e9-8328-799c817fb96b\", \"type\": \"avg\"}], \"point_size\": 0, \"separate_axis\": 0, \"split_color_mode\": \"gradient\", \"split_mode\": \"terms\", \"stacked\": \"none\", \"terms_field\": \"azure.resource.name\", \"type\": \"timeseries\", \"value_template\": \"{{value}}\"}], \"show_grid\": 1, \"show_legend\": 1, \"time_field\": \"@timestamp\", \"type\": \"timeseries\"}, \"title\": \"VM Disk Writes [Metricbeat Azure]\", \"type\": \"metrics\"}"
            },
            "id": "5c016810-ea9a-11e9-90ec-112a988266d5",
            "migrationVersion": {
                "visualization": "7.8.0"
            },
            "namespaces": [
                "default"
            ],
            "references": [],
            "type": "visualization",
            "updated_at": "2020-09-15T16:01:27.530Z",
            "version": "WzMzOCwxXQ=="
        },
        {
            "attributes": {
                "description": "",
                "kibanaSavedObjectMeta": {
                    "searchSourceJSON": "{\"filter\": [], \"query\": {\"language\": \"kuery\", \"query\": \"\"}}"
                },
                "title": "VM Disk Read Operations/s [Metricbeat Azure]",
                "uiStateJSON": "{}",
                "version": 1,
                "visState": "{\"aggs\": [], \"params\": {\"axis_formatter\": \"number\", \"axis_min\": 0, \"axis_position\": \"left\", \"axis_scale\": \"normal\", \"default_index_pattern\": \"metricbeat-*\", \"default_timefield\": \"@timestamp\", \"filter\": {\"language\": \"kuery\", \"query\": \"azure.resource.type : \\\"Microsoft.Compute/virtualMachines\\\" \"}, \"id\": \"39b6adc0-ea99-11e9-8328-799c817fb96b\", \"index_pattern\": \"metricbeat-*\", \"interval\": \">=5m\", \"isModelInvalid\": false, \"series\": [{\"axis_position\": \"right\", \"chart_type\": \"line\", \"color\": \"rgba(252,196,0,1)\", \"fill\": 0, \"formatter\": \"number\", \"id\": \"39b6adc1-ea99-11e9-8328-799c817fb96b\", \"label\": \"VM Disk Read Operations/s\", \"line_width\": 2, \"metrics\": [{\"field\": \"azure.compute_vm.disk_read_operations_per_sec.avg\", \"id\": \"39b6adc2-ea99-11e9-8328-799c817fb96b\", \"type\": \"avg\"}], \"point_size\": 0, \"separate_axis\": 0, \"split_color_mode\": \"gradient\", \"split_mode\": \"terms\", \"stacked\": \"none\", \"terms_field\": \"azure.resource.name\", \"type\": \"timeseries\", \"value_template\": \"{{value}}\"}], \"show_grid\": 1, \"show_legend\": 1, \"time_field\": \"@timestamp\", \"type\": \"timeseries\"}, \"title\": \"VM Disk Read Operations/s [Metricbeat Azure]\", \"type\": \"metrics\"}"
            },
            "id": "3a50e950-eb46-11e9-90ec-112a988266d5",
            "migrationVersion": {
                "visualization": "7.8.0"
            },
            "namespaces": [
                "default"
            ],
            "references": [],
            "type": "visualization",
            "updated_at": "2020-09-15T16:01:27.530Z",
            "version": "WzMzOSwxXQ=="
        },
        {
            "attributes": {
                "description": "",
                "kibanaSavedObjectMeta": {
                    "searchSourceJSON": "{\"filter\": [], \"query\": {\"language\": \"kuery\", \"query\": \"\"}}"
                },
                "title": "VM Disk Write Operations/s [Metricbeat Azure]",
                "uiStateJSON": "{}",
                "version": 1,
                "visState": "{\"aggs\": [], \"params\": {\"axis_formatter\": \"number\", \"axis_min\": 0, \"axis_position\": \"left\", \"axis_scale\": \"normal\", \"default_index_pattern\": \"metricbeat-*\", \"default_timefield\": \"@timestamp\", \"filter\": {\"language\": \"kuery\", \"query\": \"azure.resource.type : \\\"Microsoft.Compute/virtualMachines\\\" \"}, \"id\": \"39b6adc0-ea99-11e9-8328-799c817fb96b\", \"index_pattern\": \"metricbeat-*\", \"interval\": \">=5m\", \"isModelInvalid\": false, \"series\": [{\"axis_position\": \"right\", \"chart_type\": \"line\", \"color\": \"rgba(252,196,0,1)\", \"fill\": 0, \"formatter\": \"number\", \"id\": \"39b6adc1-ea99-11e9-8328-799c817fb96b\", \"label\": \"VM Disk Write Operations/s\", \"line_width\": 2, \"metrics\": [{\"field\": \"azure.compute_vm.disk_write_operations_per_sec.avg\", \"id\": \"39b6adc2-ea99-11e9-8328-799c817fb96b\", \"type\": \"avg\"}], \"point_size\": 0, \"separate_axis\": 0, \"split_color_mode\": \"gradient\", \"split_mode\": \"terms\", \"stacked\": \"none\", \"terms_field\": \"azure.resource.name\", \"type\": \"timeseries\", \"value_template\": \"{{value}}\"}], \"show_grid\": 1, \"show_legend\": 1, \"time_field\": \"@timestamp\", \"type\": \"timeseries\"}, \"title\": \"VM Disk Write Operations/s [Metricbeat Azure]\", \"type\": \"metrics\"}"
            },
            "id": "0892eaa0-ea9a-11e9-90ec-112a988266d5",
            "migrationVersion": {
                "visualization": "7.8.0"
            },
            "namespaces": [
                "default"
            ],
            "references": [],
            "type": "visualization",
            "updated_at": "2020-09-15T16:01:27.530Z",
            "version": "WzM0MCwxXQ=="
        }
    ],
    "version": "7.9.1"
}