{
    "objects": [
        {
            "attributes": {
                "description": "Overview of GCP Load Balancing HTTPS Metrics",
                "hits": 0,
                "kibanaSavedObjectMeta": {
                    "searchSourceJSON": "{\"filter\": [], \"query\": {\"language\": \"kuery\", \"query\": \"\"}}"
                },
                "optionsJSON": "{\"hidePanelTitles\": false, \"useMargins\": true}",
                "panelsJSON": "[{\"embeddableConfig\": {\"title\": \"Filters\"}, \"gridData\": {\"h\": 6, \"i\": \"f89112f9-0f3a-4712-a317-23230cd66213\", \"w\": 48, \"x\": 0, \"y\": 0}, \"panelIndex\": \"f89112f9-0f3a-4712-a317-23230cd66213\", \"panelRefName\": \"panel_0\", \"title\": \"Filters\", \"version\": \"7.6.2\"}, {\"embeddableConfig\": {\"title\": \"Backend Request Count\"}, \"gridData\": {\"h\": 15, \"i\": \"8f4baaa9-6f4d-40fa-a77f-9f68f83a379c\", \"w\": 24, \"x\": 24, \"y\": 6}, \"panelIndex\": \"8f4baaa9-6f4d-40fa-a77f-9f68f83a379c\", \"panelRefName\": \"panel_1\", \"title\": \"Backend Request Count\", \"version\": \"7.6.2\"}, {\"embeddableConfig\": {\"title\": \"Request Count\"}, \"gridData\": {\"h\": 15, \"i\": \"10490530-a766-4f87-824a-3fc18bf2e85b\", \"w\": 24, \"x\": 0, \"y\": 6}, \"panelIndex\": \"10490530-a766-4f87-824a-3fc18bf2e85b\", \"panelRefName\": \"panel_2\", \"title\": \"Request Count\", \"version\": \"7.6.2\"}, {\"embeddableConfig\": {\"title\": \"Backend Request Bytes\"}, \"gridData\": {\"h\": 15, \"i\": \"e737b020-eb94-4eb1-b53d-50fa551df648\", \"w\": 24, \"x\": 24, \"y\": 21}, \"panelIndex\": \"e737b020-eb94-4eb1-b53d-50fa551df648\", \"panelRefName\": \"panel_3\", \"title\": \"Backend Request Bytes\", \"version\": \"7.6.2\"}, {\"embeddableConfig\": {\"title\": \"Request Bytes\"}, \"gridData\": {\"h\": 15, \"i\": \"b90db52e-982e-4360-b5ed-71147ba79246\", \"w\": 24, \"x\": 0, \"y\": 21}, \"panelIndex\": \"b90db52e-982e-4360-b5ed-71147ba79246\", \"panelRefName\": \"panel_4\", \"title\": \"Request Bytes\", \"version\": \"7.6.2\"}, {\"embeddableConfig\": {\"title\": \"Backend Response Bytes\"}, \"gridData\": {\"h\": 15, \"i\": \"a2a5c845-d426-425f-b2e6-e8df6038fd9d\", \"w\": 24, \"x\": 24, \"y\": 36}, \"panelIndex\": \"a2a5c845-d426-425f-b2e6-e8df6038fd9d\", \"panelRefName\": \"panel_5\", \"title\": \"Backend Response Bytes\", \"version\": \"7.6.2\"}, {\"embeddableConfig\": {\"title\": \"Response Bytes\"}, \"gridData\": {\"h\": 15, \"i\": \"2bf5bf09-e743-4c6d-8251-d12c9c70f273\", \"w\": 24, \"x\": 0, \"y\": 36}, \"panelIndex\": \"2bf5bf09-e743-4c6d-8251-d12c9c70f273\", \"panelRefName\": \"panel_6\", \"title\": \"Response Bytes\", \"version\": \"7.6.2\"}]",
                "timeRestore": false,
                "title": "[Metricbeat GCP] Load Balancing HTTPS Overview",
                "version": 1
            },
            "id": "aa5b8bd0-9157-11ea-8180-7b0dacd9df87",
            "migrationVersion": {
                "dashboard": "7.3.0"
            },
            "references": [
                {
                    "id": "d5418f80-9156-11ea-8180-7b0dacd9df87",
                    "name": "panel_0",
                    "type": "visualization"
                },
                {
                    "id": "dff87070-9155-11ea-8180-7b0dacd9df87",
                    "name": "panel_1",
                    "type": "visualization"
                },
                {
                    "id": "6f933ef0-9155-11ea-8180-7b0dacd9df87",
                    "name": "panel_2",
                    "type": "visualization"
                },
                {
                    "id": "eb891a20-9155-11ea-8180-7b0dacd9df87",
                    "name": "panel_3",
                    "type": "visualization"
                },
                {
                    "id": "8d4ddf40-9155-11ea-8180-7b0dacd9df87",
                    "name": "panel_4",
                    "type": "visualization"
                },
                {
                    "id": "0bd0a6e0-9156-11ea-8180-7b0dacd9df87",
                    "name": "panel_5",
                    "type": "visualization"
                },
                {
                    "id": "d63465e0-9154-11ea-8180-7b0dacd9df87",
                    "name": "panel_6",
                    "type": "visualization"
                }
            ],
            "type": "dashboard",
            "updated_at": "2020-05-08T18:31:49.177Z",
            "version": "WzQ3NTgsNV0="
        },
        {
            "attributes": {
                "description": "",
                "kibanaSavedObjectMeta": {
                    "searchSourceJSON": "{}"
                },
                "title": "Load Balancing HTTPS Filters [Metricbeat GCP]",
                "uiStateJSON": "{}",
                "version": 1,
                "visState": "{\"aggs\": [], \"params\": {\"controls\": [{\"fieldName\": \"gcp.labels.resource.url_map_name\", \"id\": \"1588961027791\", \"indexPatternRefName\": \"control_0_index_pattern\", \"label\": \"URL Map Name\", \"options\": {\"dynamicOptions\": true, \"multiselect\": true, \"order\": \"desc\", \"size\": 5, \"type\": \"terms\"}, \"parent\": \"\", \"type\": \"list\"}, {\"fieldName\": \"gcp.labels.resource.region\", \"id\": \"1588961077426\", \"indexPatternRefName\": \"control_1_index_pattern\", \"label\": \"Region\", \"options\": {\"dynamicOptions\": true, \"multiselect\": true, \"order\": \"desc\", \"size\": 5, \"type\": \"terms\"}, \"parent\": \"\", \"type\": \"list\"}, {\"fieldName\": \"gcp.labels.metrics.client_country\", \"id\": \"1588961157559\", \"indexPatternRefName\": \"control_2_index_pattern\", \"label\": \"Client Country\", \"options\": {\"dynamicOptions\": true, \"multiselect\": true, \"order\": \"desc\", \"size\": 5, \"type\": \"terms\"}, \"parent\": \"\", \"type\": \"list\"}], \"pinFilters\": false, \"updateFiltersOnChange\": false, \"useTimeFilter\": false}, \"title\": \"Load Balancing HTTPS Filters [Metricbeat GCP]\", \"type\": \"input_control_vis\"}"
            },
            "id": "d5418f80-9156-11ea-8180-7b0dacd9df87",
            "migrationVersion": {
                "visualization": "7.4.2"
            },
            "references": [
                {
                    "id": "metricbeat-*",
                    "name": "control_0_index_pattern",
                    "type": "index-pattern"
                },
                {
                    "id": "metricbeat-*",
                    "name": "control_1_index_pattern",
                    "type": "index-pattern"
                },
                {
                    "id": "metricbeat-*",
                    "name": "control_2_index_pattern",
                    "type": "index-pattern"
                }
            ],
            "type": "visualization",
            "updated_at": "2020-05-08T18:24:56.731Z",
            "version": "WzQ3NTUsNV0="
        },
        {
            "attributes": {
                "description": "",
                "kibanaSavedObjectMeta": {
                    "searchSourceJSON": "{}"
                },
                "title": "Load Balancing HTTPS Backend Request Count [Metricbeat GCP]",
                "uiStateJSON": "{}",
                "version": 1,
                "visState": "{\"aggs\": [], \"params\": {\"axis_formatter\": \"number\", \"axis_position\": \"left\", \"axis_scale\": \"normal\", \"default_index_pattern\": \"metricbeat-*\", \"default_timefield\": \"@timestamp\", \"id\": \"61ca57f0-469d-11e7-af02-69e470af7417\", \"index_pattern\": \"metricbeat-*\", \"interval\": \"1m\", \"isModelInvalid\": false, \"series\": [{\"axis_position\": \"right\", \"chart_type\": \"line\", \"color\": \"#68BC00\", \"fill\": \"0\", \"filter\": {\"language\": \"kuery\", \"query\": \"gcp.loadbalancing.https.backend_request_count.value : * \"}, \"formatter\": \"number\", \"id\": \"61ca57f1-469d-11e7-af02-69e470af7417\", \"label\": \"\", \"line_width\": \"2\", \"metrics\": [{\"field\": \"gcp.loadbalancing.https.backend_request_count.value\", \"id\": \"61ca57f2-469d-11e7-af02-69e470af7417\", \"type\": \"avg\"}], \"point_size\": \"3\", \"separate_axis\": 0, \"split_mode\": \"terms\", \"stacked\": \"none\", \"terms_field\": \"gcp.labels.resource.url_map_name\", \"terms_order_by\": \"61ca57f2-469d-11e7-af02-69e470af7417\", \"type\": \"timeseries\"}], \"show_grid\": 1, \"show_legend\": 1, \"time_field\": null, \"type\": \"timeseries\"}, \"title\": \"Load Balancing HTTPS Backend Request Count [Metricbeat GCP]\", \"type\": \"metrics\"}"
            },
            "id": "dff87070-9155-11ea-8180-7b0dacd9df87",
            "migrationVersion": {
                "visualization": "7.4.2"
            },
            "references": [],
            "type": "visualization",
            "updated_at": "2020-05-08T18:20:05.237Z",
            "version": "WzQ3NTIsNV0="
        },
        {
            "attributes": {
                "description": "",
                "kibanaSavedObjectMeta": {
                    "searchSourceJSON": "{}"
                },
                "title": "Load Balancing HTTPS Request Count [Metricbeat GCP]",
                "uiStateJSON": "{}",
                "version": 1,
                "visState": "{\"aggs\": [], \"params\": {\"axis_formatter\": \"number\", \"axis_position\": \"left\", \"axis_scale\": \"normal\", \"default_index_pattern\": \"metricbeat-*\", \"default_timefield\": \"@timestamp\", \"filter\": {\"language\": \"kuery\", \"query\": \"gcp.loadbalancing.https.request_count.value : * \"}, \"id\": \"61ca57f0-469d-11e7-af02-69e470af7417\", \"index_pattern\": \"metricbeat-*\", \"interval\": \"1m\", \"isModelInvalid\": false, \"series\": [{\"axis_position\": \"right\", \"chart_type\": \"line\", \"color\": \"#68BC00\", \"fill\": \"0\", \"filter\": {\"language\": \"kuery\", \"query\": \"gcp.loadbalancing.https.request_count.value : * \"}, \"formatter\": \"number\", \"id\": \"61ca57f1-469d-11e7-af02-69e470af7417\", \"label\": \"\", \"line_width\": \"2\", \"metrics\": [{\"field\": \"gcp.loadbalancing.https.request_count.value\", \"id\": \"61ca57f2-469d-11e7-af02-69e470af7417\", \"type\": \"avg\"}], \"point_size\": \"3\", \"separate_axis\": 0, \"split_mode\": \"terms\", \"stacked\": \"none\", \"terms_field\": \"gcp.labels.resource.url_map_name\", \"terms_order_by\": \"61ca57f2-469d-11e7-af02-69e470af7417\", \"type\": \"timeseries\"}], \"show_grid\": 1, \"show_legend\": 1, \"time_field\": null, \"type\": \"timeseries\"}, \"title\": \"Load Balancing HTTPS Request Count [Metricbeat GCP]\", \"type\": \"metrics\"}"
            },
            "id": "6f933ef0-9155-11ea-8180-7b0dacd9df87",
            "migrationVersion": {
                "visualization": "7.4.2"
            },
            "references": [],
            "type": "visualization",
            "updated_at": "2020-05-08T18:18:06.538Z",
            "version": "WzQ3NDksNV0="
        },
        {
            "attributes": {
                "description": "",
                "kibanaSavedObjectMeta": {
                    "searchSourceJSON": "{}"
                },
                "title": "Load Balancing HTTPS Backend Request Bytes [Metricbeat GCP]",
                "uiStateJSON": "{}",
                "version": 1,
                "visState": "{\"aggs\": [], \"params\": {\"axis_formatter\": \"number\", \"axis_position\": \"left\", \"axis_scale\": \"normal\", \"default_index_pattern\": \"metricbeat-*\", \"default_timefield\": \"@timestamp\", \"id\": \"61ca57f0-469d-11e7-af02-69e470af7417\", \"index_pattern\": \"metricbeat-*\", \"interval\": \"1m\", \"isModelInvalid\": false, \"series\": [{\"axis_position\": \"right\", \"chart_type\": \"line\", \"color\": \"#68BC00\", \"fill\": \"0\", \"filter\": {\"language\": \"kuery\", \"query\": \"gcp.loadbalancing.https.backend_request_bytes_count.value : * \"}, \"formatter\": \"bytes\", \"id\": \"61ca57f1-469d-11e7-af02-69e470af7417\", \"label\": \"\", \"line_width\": \"2\", \"metrics\": [{\"field\": \"gcp.loadbalancing.https.backend_request_bytes_count.value\", \"id\": \"61ca57f2-469d-11e7-af02-69e470af7417\", \"type\": \"avg\"}], \"point_size\": \"3\", \"separate_axis\": 0, \"split_mode\": \"terms\", \"stacked\": \"none\", \"terms_field\": \"gcp.labels.resource.url_map_name\", \"terms_order_by\": \"61ca57f2-469d-11e7-af02-69e470af7417\", \"type\": \"timeseries\"}], \"show_grid\": 1, \"show_legend\": 1, \"time_field\": null, \"type\": \"timeseries\"}, \"title\": \"Load Balancing HTTPS Backend Request Bytes [Metricbeat GCP]\", \"type\": \"metrics\"}"
            },
            "id": "eb891a20-9155-11ea-8180-7b0dacd9df87",
            "migrationVersion": {
                "visualization": "7.4.2"
            },
            "references": [],
            "type": "visualization",
            "updated_at": "2020-05-08T18:17:31.778Z",
            "version": "WzQ3NDgsNV0="
        },
        {
            "attributes": {
                "description": "",
                "kibanaSavedObjectMeta": {
                    "searchSourceJSON": "{}"
                },
                "title": "Load Balancing HTTPS Request Bytes [Metricbeat GCP]",
                "uiStateJSON": "{}",
                "version": 1,
                "visState": "{\"aggs\": [], \"params\": {\"axis_formatter\": \"number\", \"axis_position\": \"left\", \"axis_scale\": \"normal\", \"default_index_pattern\": \"metricbeat-*\", \"default_timefield\": \"@timestamp\", \"filter\": {\"language\": \"kuery\", \"query\": \"gcp.loadbalancing.https.request_bytes_count.value : * \"}, \"id\": \"61ca57f0-469d-11e7-af02-69e470af7417\", \"index_pattern\": \"metricbeat-*\", \"interval\": \"1m\", \"isModelInvalid\": false, \"series\": [{\"axis_position\": \"right\", \"chart_type\": \"line\", \"color\": \"#68BC00\", \"fill\": \"0\", \"formatter\": \"bytes\", \"id\": \"61ca57f1-469d-11e7-af02-69e470af7417\", \"label\": \"\", \"line_width\": \"2\", \"metrics\": [{\"field\": \"gcp.loadbalancing.https.request_bytes_count.value\", \"id\": \"61ca57f2-469d-11e7-af02-69e470af7417\", \"type\": \"avg\"}], \"point_size\": \"3\", \"separate_axis\": 0, \"split_mode\": \"terms\", \"stacked\": \"none\", \"terms_field\": \"gcp.labels.resource.url_map_name\", \"terms_order_by\": \"61ca57f2-469d-11e7-af02-69e470af7417\", \"type\": \"timeseries\"}], \"show_grid\": 1, \"show_legend\": 1, \"time_field\": null, \"type\": \"timeseries\"}, \"title\": \"Load Balancing HTTPS Request Bytes [Metricbeat GCP]\", \"type\": \"metrics\"}"
            },
            "id": "8d4ddf40-9155-11ea-8180-7b0dacd9df87",
            "migrationVersion": {
                "visualization": "7.4.2"
            },
            "references": [],
            "type": "visualization",
            "updated_at": "2020-05-08T18:16:10.886Z",
            "version": "WzQ3NDQsNV0="
        },
        {
            "attributes": {
                "description": "",
                "kibanaSavedObjectMeta": {
                    "searchSourceJSON": "{}"
                },
                "title": "Load Balancing HTTPS Backend Response Bytes [Metricbeat GCP]",
                "uiStateJSON": "{}",
                "version": 1,
                "visState": "{\"aggs\": [], \"params\": {\"axis_formatter\": \"number\", \"axis_position\": \"left\", \"axis_scale\": \"normal\", \"default_index_pattern\": \"metricbeat-*\", \"default_timefield\": \"@timestamp\", \"filter\": {\"language\": \"kuery\", \"query\": \"gcp.loadbalancing.https.backend_response_bytes_count.value : * \"}, \"id\": \"61ca57f0-469d-11e7-af02-69e470af7417\", \"index_pattern\": \"metricbeat-*\", \"interval\": \"1m\", \"isModelInvalid\": false, \"series\": [{\"axis_position\": \"right\", \"chart_type\": \"line\", \"color\": \"#68BC00\", \"fill\": \"0\", \"formatter\": \"bytes\", \"id\": \"61ca57f1-469d-11e7-af02-69e470af7417\", \"label\": \"\", \"line_width\": \"2\", \"metrics\": [{\"field\": \"gcp.loadbalancing.https.backend_response_bytes_count.value\", \"id\": \"61ca57f2-469d-11e7-af02-69e470af7417\", \"type\": \"avg\"}], \"point_size\": \"3\", \"separate_axis\": 0, \"split_mode\": \"terms\", \"stacked\": \"none\", \"terms_field\": \"gcp.labels.resource.url_map_name\", \"terms_order_by\": \"61ca57f2-469d-11e7-af02-69e470af7417\", \"type\": \"timeseries\"}], \"show_grid\": 1, \"show_legend\": 1, \"time_field\": null, \"type\": \"timeseries\"}, \"title\": \"Load Balancing HTTPS Backend Response Bytes [Metricbeat GCP]\", \"type\": \"metrics\"}"
            },
            "id": "0bd0a6e0-9156-11ea-8180-7b0dacd9df87",
            "migrationVersion": {
                "visualization": "7.4.2"
            },
            "references": [],
            "type": "visualization",
            "updated_at": "2020-05-08T18:17:07.251Z",
            "version": "WzQ3NDcsNV0="
        },
        {
            "attributes": {
                "description": "",
                "kibanaSavedObjectMeta": {
                    "searchSourceJSON": "{}"
                },
                "title": "Load Balancing HTTPS Response Bytes [Metricbeat GCP]",
                "uiStateJSON": "{}",
                "version": 1,
                "visState": "{\"aggs\": [], \"params\": {\"axis_formatter\": \"number\", \"axis_position\": \"left\", \"axis_scale\": \"normal\", \"default_index_pattern\": \"metricbeat-*\", \"default_timefield\": \"@timestamp\", \"filter\": {\"language\": \"kuery\", \"query\": \"gcp.loadbalancing.https.response_bytes_count.value : * \"}, \"id\": \"61ca57f0-469d-11e7-af02-69e470af7417\", \"index_pattern\": \"metricbeat-*\", \"interval\": \"1m\", \"isModelInvalid\": false, \"series\": [{\"axis_position\": \"right\", \"chart_type\": \"line\", \"color\": \"#68BC00\", \"fill\": \"0\", \"filter\": {\"language\": \"kuery\", \"query\": \"gcp.loadbalancing.https.response_bytes_count.value : * \"}, \"formatter\": \"bytes\", \"id\": \"61ca57f1-469d-11e7-af02-69e470af7417\", \"label\": \"\", \"line_width\": \"2\", \"metrics\": [{\"field\": \"gcp.loadbalancing.https.response_bytes_count.value\", \"id\": \"61ca57f2-469d-11e7-af02-69e470af7417\", \"type\": \"avg\"}], \"point_size\": \"3\", \"separate_axis\": 0, \"split_mode\": \"terms\", \"stacked\": \"none\", \"terms_field\": \"gcp.labels.resource.url_map_name\", \"terms_order_by\": \"61ca57f2-469d-11e7-af02-69e470af7417\", \"type\": \"timeseries\"}], \"show_grid\": 1, \"show_legend\": 1, \"time_field\": null, \"type\": \"timeseries\"}, \"title\": \"Load Balancing HTTPS Response Bytes [Metricbeat GCP]\", \"type\": \"metrics\"}"
            },
            "id": "d63465e0-9154-11ea-8180-7b0dacd9df87",
            "migrationVersion": {
                "visualization": "7.4.2"
            },
            "references": [],
            "type": "visualization",
            "updated_at": "2020-05-08T18:19:42.432Z",
            "version": "WzQ3NTEsNV0="
        }
    ],
    "version": "7.6.2"
}