{
    "objects": [
        {
            "attributes": {
                "description": "Overview of Cloud Foundry",
                "hits": 0,
                "kibanaSavedObjectMeta": {
                    "searchSourceJSON": "{\"filter\": [], \"query\": {\"language\": \"kuery\", \"query\": \"\"}}"
                },
                "optionsJSON": "{\"hidePanelTitles\": false, \"useMargins\": true}",
                "panelsJSON": "[{\"embeddableConfig\": {\"title\": \"\"}, \"gridData\": {\"h\": 2, \"i\": \"614e3c18-7b1d-4510-9308-a7c64077076b\", \"w\": 48, \"x\": 0, \"y\": 0}, \"panelIndex\": \"614e3c18-7b1d-4510-9308-a7c64077076b\", \"panelRefName\": \"panel_0\", \"version\": \"7.9.0\"}, {\"embeddableConfig\": {\"title\": \"Components health\"}, \"gridData\": {\"h\": 1, \"i\": \"efc5cc53-f0f5-4d09-850f-36baed6cea70\", \"w\": 15, \"x\": 0, \"y\": 2}, \"panelIndex\": \"efc5cc53-f0f5-4d09-850f-36baed6cea70\", \"panelRefName\": \"panel_1\", \"title\": \"Components health\", \"version\": \"7.9.0\"}, {\"embeddableConfig\": {\"title\": \"Job queue length\"}, \"gridData\": {\"h\": 7, \"i\": \"77151f90-5dd1-4c52-bbc8-eae071029c74\", \"w\": 14, \"x\": 15, \"y\": 2}, \"panelIndex\": \"77151f90-5dd1-4c52-bbc8-eae071029c74\", \"panelRefName\": \"panel_2\", \"title\": \"Job queue length\", \"version\": \"7.9.0\"}, {\"embeddableConfig\": {\"title\": \"Top CPU usage\"}, \"gridData\": {\"h\": 13, \"i\": \"e3830a7f-00ba-4133-9be0-5bf881956830\", \"w\": 7, \"x\": 29, \"y\": 2}, \"panelIndex\": \"e3830a7f-00ba-4133-9be0-5bf881956830\", \"panelRefName\": \"panel_3\", \"title\": \"Top CPU usage\", \"version\": \"7.9.0\"}, {\"embeddableConfig\": {\"title\": \"Top ephemeral disk usage\"}, \"gridData\": {\"h\": 13, \"i\": \"f9d0d4bf-f7b3-45f1-9bde-2ed389ecffe0\", \"w\": 6, \"x\": 36, \"y\": 2}, \"panelIndex\": \"f9d0d4bf-f7b3-45f1-9bde-2ed389ecffe0\", \"panelRefName\": \"panel_4\", \"title\": \"Top ephemeral disk usage\", \"version\": \"7.9.0\"}, {\"embeddableConfig\": {\"title\": \"Top persistent disk usage\"}, \"gridData\": {\"h\": 13, \"i\": \"e00759d3-5853-4e0e-bb74-9c6be0f0cafe\", \"w\": 6, \"x\": 42, \"y\": 2}, \"panelIndex\": \"e00759d3-5853-4e0e-bb74-9c6be0f0cafe\", \"panelRefName\": \"panel_5\", \"title\": \"Top persistent disk usage\", \"version\": \"7.9.0\"}, {\"embeddableConfig\": {\"title\": \"\"}, \"gridData\": {\"h\": 7, \"i\": \"8ba21983-ee6b-464a-b9e6-083b8f9af911\", \"w\": 3, \"x\": 0, \"y\": 3}, \"panelIndex\": \"8ba21983-ee6b-464a-b9e6-083b8f9af911\", \"panelRefName\": \"panel_6\", \"version\": \"7.9.0\"}, {\"embeddableConfig\": {\"title\": \"\"}, \"gridData\": {\"h\": 7, \"i\": \"ffb54b2e-36b9-477e-a722-96d4c4c6f493\", \"w\": 3, \"x\": 3, \"y\": 3}, \"panelIndex\": \"ffb54b2e-36b9-477e-a722-96d4c4c6f493\", \"panelRefName\": \"panel_7\", \"version\": \"7.9.0\"}, {\"embeddableConfig\": {\"title\": \"\"}, \"gridData\": {\"h\": 7, \"i\": \"1695ac40-80fd-4164-8db3-41b31604c757\", \"w\": 3, \"x\": 6, \"y\": 3}, \"panelIndex\": \"1695ac40-80fd-4164-8db3-41b31604c757\", \"panelRefName\": \"panel_8\", \"version\": \"7.9.0\"}, {\"embeddableConfig\": {\"title\": \"\"}, \"gridData\": {\"h\": 7, \"i\": \"8f111936-e953-45c2-859f-7adc28161741\", \"w\": 3, \"x\": 9, \"y\": 3}, \"panelIndex\": \"8f111936-e953-45c2-859f-7adc28161741\", \"panelRefName\": \"panel_9\", \"version\": \"7.9.0\"}, {\"embeddableConfig\": {\"title\": \"\"}, \"gridData\": {\"h\": 7, \"i\": \"040843ca-cc51-4b6e-b15f-6cf8684ee63d\", \"w\": 3, \"x\": 12, \"y\": 3}, \"panelIndex\": \"040843ca-cc51-4b6e-b15f-6cf8684ee63d\", \"panelRefName\": \"panel_10\", \"version\": \"7.9.0\"}, {\"embeddableConfig\": {\"title\": \"Outstanding requests\"}, \"gridData\": {\"h\": 7, \"i\": \"207fe6aa-ca8e-4931-abae-7c2b0f78cc1d\", \"w\": 14, \"x\": 15, \"y\": 9}, \"panelIndex\": \"207fe6aa-ca8e-4931-abae-7c2b0f78cc1d\", \"panelRefName\": \"panel_11\", \"title\": \"Outstanding requests\", \"version\": \"7.9.0\"}, {\"embeddableConfig\": {\"title\": \"\"}, \"gridData\": {\"h\": 5, \"i\": \"c4e3338c-f3d9-4c7d-bac7-e784f706bb57\", \"w\": 5, \"x\": 0, \"y\": 10}, \"panelIndex\": \"c4e3338c-f3d9-4c7d-bac7-e784f706bb57\", \"panelRefName\": \"panel_12\", \"version\": \"7.9.0\"}, {\"embeddableConfig\": {\"title\": \"\"}, \"gridData\": {\"h\": 5, \"i\": \"30ed1180-cf4b-41b2-a60a-5332de7f6e46\", \"w\": 5, \"x\": 5, \"y\": 10}, \"panelIndex\": \"30ed1180-cf4b-41b2-a60a-5332de7f6e46\", \"panelRefName\": \"panel_13\", \"version\": \"7.9.0\"}, {\"embeddableConfig\": {\"title\": \"\"}, \"gridData\": {\"h\": 5, \"i\": \"d77bfe2e-7057-4cfb-829b-c4011640ae2d\", \"w\": 5, \"x\": 10, \"y\": 10}, \"panelIndex\": \"d77bfe2e-7057-4cfb-829b-c4011640ae2d\", \"panelRefName\": \"panel_14\", \"version\": \"7.9.0\"}, {\"embeddableConfig\": {\"title\": \"\"}, \"gridData\": {\"h\": 5, \"i\": \"b1ba0667-de29-4458-95d6-49217a6875cb\", \"w\": 5, \"x\": 0, \"y\": 15}, \"panelIndex\": \"b1ba0667-de29-4458-95d6-49217a6875cb\", \"panelRefName\": \"panel_15\", \"version\": \"7.9.0\"}, {\"embeddableConfig\": {\"title\": \"\"}, \"gridData\": {\"h\": 5, \"i\": \"ff23d11d-8396-4245-a334-ddafc5cbc198\", \"w\": 5, \"x\": 5, \"y\": 15}, \"panelIndex\": \"ff23d11d-8396-4245-a334-ddafc5cbc198\", \"panelRefName\": \"panel_16\", \"version\": \"7.9.0\"}, {\"embeddableConfig\": {\"title\": \"\"}, \"gridData\": {\"h\": 5, \"i\": \"ee0d79d3-92f8-4360-b724-e9ebfd73b53e\", \"w\": 5, \"x\": 10, \"y\": 15}, \"panelIndex\": \"ee0d79d3-92f8-4360-b724-e9ebfd73b53e\", \"panelRefName\": \"panel_17\", \"version\": \"7.9.0\"}, {\"embeddableConfig\": {\"title\": \"GoRouter latency PAS\"}, \"gridData\": {\"h\": 8, \"i\": \"da31ae1e-e713-4d4f-b225-59824b203797\", \"w\": 19, \"x\": 29, \"y\": 15}, \"panelIndex\": \"da31ae1e-e713-4d4f-b225-59824b203797\", \"panelRefName\": \"panel_18\", \"title\": \"GoRouter latency PAS\", \"version\": \"7.9.0\"}, {\"embeddableConfig\": {\"title\": \"Diego cell time to sync\"}, \"gridData\": {\"h\": 7, \"i\": \"a7138e23-fa21-42b8-8d09-d124c2640293\", \"w\": 14, \"x\": 15, \"y\": 16}, \"panelIndex\": \"a7138e23-fa21-42b8-8d09-d124c2640293\", \"panelRefName\": \"panel_19\", \"title\": \"Diego cell time to sync\", \"version\": \"7.9.0\"}, {\"embeddableConfig\": {\"title\": \"\"}, \"gridData\": {\"h\": 3, \"i\": \"2b4f53d8-a91c-447d-a8e4-f94589abe07f\", \"w\": 7, \"x\": 0, \"y\": 20}, \"panelIndex\": \"2b4f53d8-a91c-447d-a8e4-f94589abe07f\", \"panelRefName\": \"panel_20\", \"version\": \"7.9.0\"}, {\"embeddableConfig\": {\"title\": \"\"}, \"gridData\": {\"h\": 3, \"i\": \"fdd1c5d5-bd8f-41db-8d16-9d0b8adcb3a4\", \"w\": 8, \"x\": 7, \"y\": 20}, \"panelIndex\": \"fdd1c5d5-bd8f-41db-8d16-9d0b8adcb3a4\", \"panelRefName\": \"panel_21\", \"version\": \"7.9.0\"}, {\"embeddableConfig\": {\"title\": \"Maximum CPU utilization\"}, \"gridData\": {\"h\": 10, \"i\": \"e2291bb2-2b6d-452b-8bb0-652ed6b4ea7b\", \"w\": 7, \"x\": 0, \"y\": 23}, \"panelIndex\": \"e2291bb2-2b6d-452b-8bb0-652ed6b4ea7b\", \"panelRefName\": \"panel_22\", \"title\": \"Maximum CPU utilization\", \"version\": \"7.9.0\"}, {\"embeddableConfig\": {\"title\": \"Available disk space\"}, \"gridData\": {\"h\": 10, \"i\": \"5db37b04-577a-4703-a8ef-07d70299023e\", \"w\": 8, \"x\": 7, \"y\": 23}, \"panelIndex\": \"5db37b04-577a-4703-a8ef-07d70299023e\", \"panelRefName\": \"panel_23\", \"title\": \"Available disk space\", \"version\": \"7.9.0\"}, {\"embeddableConfig\": {\"title\": \"Available memory by cell\"}, \"gridData\": {\"h\": 10, \"i\": \"dfb10794-82ba-4da3-80b7-5e4aa82dfd5c\", \"w\": 14, \"x\": 15, \"y\": 23}, \"panelIndex\": \"dfb10794-82ba-4da3-80b7-5e4aa82dfd5c\", \"panelRefName\": \"panel_24\", \"title\": \"Available memory by cell\", \"version\": \"7.9.0\"}, {\"embeddableConfig\": {\"title\": \"Total routes in GoRouter\"}, \"gridData\": {\"h\": 10, \"i\": \"a6c34327-7e71-4bf3-a057-f43de540247c\", \"w\": 19, \"x\": 29, \"y\": 23}, \"panelIndex\": \"a6c34327-7e71-4bf3-a057-f43de540247c\", \"panelRefName\": \"panel_25\", \"title\": \"Total routes in GoRouter\", \"version\": \"7.9.0\"}]",
                "refreshInterval": {
                    "pause": true,
                    "value": 0
                },
                "timeFrom": "now-15m",
                "timeRestore": true,
                "timeTo": "now",
                "title": "[Metricbeat Cloud Foundry] Overview",
                "version": 1
            },
            "id": "9c81cf34-f84e-11ea-a49d-f3f94f5e4fac",
            "migrationVersion": {
                "dashboard": "7.3.0"
            },
            "namespaces": [
                "default"
            ],
            "references": [
                {
                    "id": "435133e4-f8d2-11ea-a49e-d36460a01dbe",
                    "name": "panel_0",
                    "type": "visualization"
                },
                {
                    "id": "9ca39c36-f84e-11ea-9b0e-af32e8072a87",
                    "name": "panel_1",
                    "type": "visualization"
                },
                {
                    "id": "9ca9737c-f84e-11ea-b8a5-9f245d6f7121",
                    "name": "panel_2",
                    "type": "visualization"
                },
                {
                    "id": "9c9f12b0-f84e-11ea-bfe0-8f64de3dbbbd",
                    "name": "panel_3",
                    "type": "visualization"
                },
                {
                    "id": "9c5e5c7a-f84e-11ea-9c79-3f5f46484ce3",
                    "name": "panel_4",
                    "type": "visualization"
                },
                {
                    "id": "9c975020-f84e-11ea-9d35-0ba5b289cee7",
                    "name": "panel_5",
                    "type": "visualization"
                },
                {
                    "id": "9caafdaa-f84e-11ea-8c78-43aac4b09aa5",
                    "name": "panel_6",
                    "type": "visualization"
                },
                {
                    "id": "9c7b602c-f84e-11ea-8762-e7aef60b5522",
                    "name": "panel_7",
                    "type": "visualization"
                },
                {
                    "id": "9cb33038-f84e-11ea-8929-07701f2b1c26",
                    "name": "panel_8",
                    "type": "visualization"
                },
                {
                    "id": "9ca526aa-f84e-11ea-aad5-ef2777854f3d",
                    "name": "panel_9",
                    "type": "visualization"
                },
                {
                    "id": "9caf798e-f84e-11ea-ac4b-4795663aee6b",
                    "name": "panel_10",
                    "type": "visualization"
                },
                {
                    "id": "9cbb8cd8-f84e-11ea-9a20-af708256c3a9",
                    "name": "panel_11",
                    "type": "visualization"
                },
                {
                    "id": "9c69684a-f84e-11ea-bf59-4bba486da283",
                    "name": "panel_12",
                    "type": "visualization"
                },
                {
                    "id": "9c93270c-f84e-11ea-8b23-c7a1cc31369e",
                    "name": "panel_13",
                    "type": "visualization"
                },
                {
                    "id": "9c7328ee-f84e-11ea-9259-772ddb1805fb",
                    "name": "panel_14",
                    "type": "visualization"
                },
                {
                    "id": "9c99314c-f84e-11ea-92d5-9bcd6abdce0f",
                    "name": "panel_15",
                    "type": "visualization"
                },
                {
                    "id": "9c635824-f84e-11ea-9b02-735b8407166a",
                    "name": "panel_16",
                    "type": "visualization"
                },
                {
                    "id": "9caddb24-f84e-11ea-b008-df9bd2aed7cc",
                    "name": "panel_17",
                    "type": "visualization"
                },
                {
                    "id": "9c58b248-f84e-11ea-87a9-67d346210280",
                    "name": "panel_18",
                    "type": "visualization"
                },
                {
                    "id": "9ca805fa-f84e-11ea-ab90-2b00dd50450c",
                    "name": "panel_19",
                    "type": "visualization"
                },
                {
                    "id": "9c89336e-f84e-11ea-bbcd-23e329286ac7",
                    "name": "panel_20",
                    "type": "visualization"
                },
                {
                    "id": "9c9d9c14-f84e-11ea-a575-a30e017a09e9",
                    "name": "panel_21",
                    "type": "visualization"
                },
                {
                    "id": "9c8ed8fa-f84e-11ea-b20d-bb82d7a8e05d",
                    "name": "panel_22",
                    "type": "visualization"
                },
                {
                    "id": "9c948fb6-f84e-11ea-96f5-dff115716ba4",
                    "name": "panel_23",
                    "type": "visualization"
                },
                {
                    "id": "9cac69e2-f84e-11ea-b8d4-4b40313a5eb0",
                    "name": "panel_24",
                    "type": "visualization"
                },
                {
                    "id": "9c77cf84-f84e-11ea-a3ff-7f7f73eabd57",
                    "name": "panel_25",
                    "type": "visualization"
                }
            ],
            "type": "dashboard",
            "updated_at": "2020-09-17T10:38:25.337Z",
            "version": "WzE5MCwxXQ=="
        },
        {
            "attributes": {
                "description": "",
                "kibanaSavedObjectMeta": {
                    "searchSourceJSON": "{\"filter\": [], \"query\": {\"language\": \"kuery\", \"query\": \"\"}}"
                },
                "title": "Dashboards Navigation Overview [Metricbeat Cloud Foundry]",
                "uiStateJSON": "{}",
                "version": 1,
                "visState": "{\"aggs\": [], \"params\": {\"fontSize\": 12, \"markdown\": \"**Overview** | [Platform Health](#/dashboard/94364424-f851-11ea-8206-7b08cd60917a)\", \"openLinksInNewTab\": false}, \"title\": \"Dashboards Navigation [Metricbeat Cloud Foundry]\", \"type\": \"markdown\"}"
            },
            "id": "435133e4-f8d2-11ea-a49e-d36460a01dbe",
            "migrationVersion": {
                "visualization": "7.8.0"
            },
            "namespaces": [
                "default"
            ],
            "references": [],
            "type": "visualization",
            "updated_at": "2020-09-17T10:37:54.081Z",
            "version": "WzE4MiwxXQ=="
        },
        {
            "attributes": {
                "description": "",
                "kibanaSavedObjectMeta": {
                    "searchSourceJSON": "{\"filter\": [], \"query\": {\"language\": \"kuery\", \"query\": \"\"}}"
                },
                "title": "Components health title [Metricbeat Cloud Foundry]",
                "uiStateJSON": "{}",
                "version": 1,
                "visState": "{\"aggs\": [], \"params\": {\"fontSize\": 12, \"markdown\": \"\", \"openLinksInNewTab\": false}, \"title\": \"Components health title [Metricbeat Cloud Foundry]\", \"type\": \"markdown\"}"
            },
            "id": "9ca39c36-f84e-11ea-9b0e-af32e8072a87",
            "migrationVersion": {
                "visualization": "7.8.0"
            },
            "namespaces": [
                "default"
            ],
            "references": [],
            "type": "visualization",
            "updated_at": "2020-09-17T10:33:06.273Z",
            "version": "Wzk0LDFd"
        },
        {
            "attributes": {
                "description": "",
                "kibanaSavedObjectMeta": {
                    "searchSourceJSON": "{\"filter\": [], \"query\": {\"language\": \"kuery\", \"query\": \"\"}}"
                },
                "title": "Job Queue [Metricbeat Cloud Foundry]",
                "uiStateJSON": "{}",
                "version": 1,
                "visState": "{\"aggs\": [], \"params\": {\"axis_formatter\": \"number\", \"axis_position\": \"left\", \"axis_scale\": \"normal\", \"background_color\": null, \"background_color_rules\": [{\"background_color\": \"rgba(244,78,59,1)\", \"color\": null, \"id\": \"9c7cf130-f84e-11ea-bdee-833d96fe1a00\", \"operator\": \"gt\", \"value\": 60000}], \"bar_color_rules\": [{\"id\": \"9cb8a18a-f84e-11ea-bd11-836ecccfc401\"}], \"default_index_pattern\": \"metricbeat-*\", \"default_timefield\": \"@timestamp\", \"drop_last_bucket\": 1, \"filter\": {\"language\": \"kuery\", \"query\": \"event.module: cloudfoundry and cloudfoundry.envelope.origin :\\\"cc\\\" \"}, \"gauge_color_rules\": [{\"gauge\": null, \"id\": \"9ca68d56-f84e-11ea-a6bb-f3164c0bb859\", \"text\": null, \"value\": 0}], \"gauge_inner_width\": 10, \"gauge_max\": \"300000\", \"gauge_style\": \"half\", \"gauge_width\": 10, \"id\": \"9c8aab7c-f84e-11ea-b4a3-e31a518913fa\", \"ignore_global_filter\": 0, \"index_pattern\": \"metricbeat-*\", \"interval\": \">=1m\", \"isModelInvalid\": false, \"legend_position\": \"bottom\", \"series\": [{\"axis_position\": \"right\", \"chart_type\": \"line\", \"color\": \"rgba(188,0,19,1)\", \"fill\": \"0\", \"filter\": {\"language\": \"kuery\", \"query\": \"cloudfoundry.value.name: \\\"failed_job_count.total\\\"  \"}, \"formatter\": \"number\", \"hide_in_legend\": 1, \"id\": \"9c9054dc-f84e-11ea-920b-1f1a72488310\", \"label\": \"Avg Failed Job Count\", \"line_width\": 1, \"metrics\": [{\"field\": \"cloudfoundry.value.value\", \"id\": \"9c91bfd4-f84e-11ea-a2df-b7ca8c11c9b1\", \"type\": \"avg\"}], \"point_size\": \"4\", \"separate_axis\": 0, \"split_color_mode\": \"gradient\", \"split_mode\": \"terms\", \"stacked\": \"none\", \"terms_field\": \"cloudfoundry.envelope.deployment\", \"type\": \"timeseries\"}, {\"axis_position\": \"right\", \"chart_type\": \"line\", \"color\": \"#68BC00\", \"fill\": \"0\", \"filter\": {\"language\": \"kuery\", \"query\": \"cloudfoundry.value.name:\\\"job_queue_length.total\\\" \"}, \"formatter\": \"number\", \"hide_in_legend\": 1, \"id\": \"9c837802-f84e-11ea-8b5e-ef886d2383c6\", \"label\": \"Avg Job Queue Length\", \"line_width\": 1, \"metrics\": [{\"id\": \"9c84e098-f84e-11ea-b8dc-ff0b80823e94\", \"type\": \"count\"}], \"point_size\": 1, \"separate_axis\": 0, \"split_color_mode\": \"gradient\", \"split_mode\": \"terms\", \"stacked\": \"none\", \"terms_field\": \"cloudfoundry.value.value\", \"terms_order_by\": \"_count\"}], \"show_grid\": 1, \"show_legend\": 0, \"time_field\": \"@timestamp\", \"type\": \"timeseries\"}, \"title\": \"Job queue [Metricbeat Cloud Foundry]\", \"type\": \"metrics\"}"
            },
            "id": "9ca9737c-f84e-11ea-b8a5-9f245d6f7121",
            "migrationVersion": {
                "visualization": "7.8.0"
            },
            "namespaces": [
                "default"
            ],
            "references": [],
            "type": "visualization",
            "updated_at": "2020-09-17T10:33:06.273Z",
            "version": "Wzk1LDFd"
        },
        {
            "attributes": {
                "description": "",
                "kibanaSavedObjectMeta": {
                    "searchSourceJSON": "{\"filter\": [], \"query\": {\"language\": \"kuery\", \"query\": \"\"}}"
                },
                "title": "Diego cell Top CPU user usage [Metricbeat Cloud Foundry]",
                "uiStateJSON": "{}",
                "version": 1,
                "visState": "{\"aggs\": [], \"params\": {\"axis_formatter\": \"number\", \"axis_position\": \"left\", \"axis_scale\": \"normal\", \"background_color\": null, \"background_color_rules\": [{\"background_color\": \"rgba(244,78,59,1)\", \"color\": null, \"id\": \"9c7cf130-f84e-11ea-bdee-833d96fe1a00\", \"operator\": \"gt\", \"value\": 60000}], \"bar_color_rules\": [{\"bar_color\": \"rgba(104,188,0,1)\", \"id\": \"9cb8a18a-f84e-11ea-bd11-836ecccfc401\", \"operator\": \"lt\", \"value\": 65}, {\"bar_color\": \"rgba(252,220,0,1)\", \"id\": \"9c87c1f0-f84e-11ea-abf6-9bcf7a4dd500\", \"operator\": \"gte\", \"value\": 65}, {\"bar_color\": \"rgba(244,78,59,1)\", \"id\": \"9c95f1b2-f84e-11ea-9ca9-53ceca17b640\", \"operator\": \"gt\", \"value\": 75}], \"default_index_pattern\": \"metricbeat-*\", \"default_timefield\": \"@timestamp\", \"drilldown_url\": \"\", \"drop_last_bucket\": 1, \"filter\": {\"language\": \"kuery\", \"query\": \"event.module: cloudfoundry and cloudfoundry.envelope.origin :\\\"bosh-system-metrics-forwarder\\\"\"}, \"gauge_color_rules\": [{\"gauge\": null, \"id\": \"9ca68d56-f84e-11ea-a6bb-f3164c0bb859\", \"text\": null, \"value\": 0}], \"gauge_inner_width\": 10, \"gauge_max\": \"300000\", \"gauge_style\": \"half\", \"gauge_width\": 10, \"id\": \"9c8aab7c-f84e-11ea-b4a3-e31a518913fa\", \"ignore_global_filter\": 0, \"index_pattern\": \"metricbeat-*\", \"interval\": \">=1m\", \"isModelInvalid\": false, \"legend_position\": \"bottom\", \"series\": [{\"axis_position\": \"right\", \"chart_type\": \"line\", \"color\": \"rgba(104,188,0,1)\", \"fill\": \"0\", \"filter\": {\"language\": \"kuery\", \"query\": \"cloudfoundry.value.name: \\\"system.cpu.user\\\" \"}, \"formatter\": \"number\", \"hidden\": false, \"hide_in_legend\": 0, \"id\": \"9c8c18f4-f84e-11ea-97ff-b32117553dae\", \"label\": \"Max CPU utilization (Load)\", \"line_width\": \"2\", \"metrics\": [{\"agg_with\": \"avg\", \"field\": \"cloudfoundry.value.value\", \"id\": \"9c8d7514-f84e-11ea-9457-93fdc9395544\", \"order\": \"desc\", \"size\": 1, \"type\": \"avg\"}], \"offset_time\": \"\", \"point_size\": \"4\", \"separate_axis\": 0, \"split_color_mode\": \"rainbow\", \"split_filters\": [{\"color\": \"#68BC00\", \"filter\": {\"language\": \"kuery\", \"query\": \"\"}, \"id\": \"9c753c7e-f84e-11ea-96e9-33ff984da2c7\", \"label\": \"\"}], \"split_mode\": \"terms\", \"stacked\": \"none\", \"steps\": 0, \"terms_field\": \"cloudfoundry.envelope.job\", \"terms_include\": \"\", \"type\": \"timeseries\", \"value_template\": \"{{value}}\"}], \"show_grid\": 1, \"show_legend\": 1, \"time_field\": \"@timestamp\", \"time_range_mode\": \"entire_time_range\", \"tooltip_mode\": \"show_all\", \"type\": \"top_n\"}, \"title\": \"Top CPU user usage [Metricbeat Cloud Foundry]\", \"type\": \"metrics\"}"
            },
            "id": "9c9f12b0-f84e-11ea-bfe0-8f64de3dbbbd",
            "migrationVersion": {
                "visualization": "7.8.0"
            },
            "namespaces": [
                "default"
            ],
            "references": [],
            "type": "visualization",
            "updated_at": "2020-09-17T10:33:06.273Z",
            "version": "Wzk2LDFd"
        },
        {
            "attributes": {
                "description": "",
                "kibanaSavedObjectMeta": {
                    "searchSourceJSON": "{\"filter\": [], \"query\": {\"language\": \"kuery\", \"query\": \"\"}}"
                },
                "title": "Top ephemeral disk usage [Metricbeat Cloud Foundry]",
                "uiStateJSON": "{}",
                "version": 1,
                "visState": "{\"aggs\": [], \"params\": {\"axis_formatter\": \"number\", \"axis_position\": \"left\", \"axis_scale\": \"normal\", \"background_color\": null, \"background_color_rules\": [{\"background_color\": \"rgba(244,78,59,1)\", \"color\": null, \"id\": \"9c7cf130-f84e-11ea-bdee-833d96fe1a00\", \"operator\": \"gt\", \"value\": 60000}], \"bar_color_rules\": [{\"bar_color\": \"rgba(104,188,0,1)\", \"id\": \"9cb8a18a-f84e-11ea-bd11-836ecccfc401\", \"operator\": \"lt\", \"value\": 65}, {\"bar_color\": \"rgba(252,220,0,1)\", \"id\": \"9c87c1f0-f84e-11ea-abf6-9bcf7a4dd500\", \"operator\": \"gte\", \"value\": 65}, {\"bar_color\": \"rgba(244,78,59,1)\", \"id\": \"9c95f1b2-f84e-11ea-9ca9-53ceca17b640\", \"operator\": \"gt\", \"value\": 75}], \"default_index_pattern\": \"metricbeat-*\", \"default_timefield\": \"@timestamp\", \"drilldown_url\": \"\", \"drop_last_bucket\": 1, \"filter\": {\"language\": \"kuery\", \"query\": \"event.module: cloudfoundry and cloudfoundry.envelope.origin :\\\"bosh-system-metrics-forwarder\\\"\"}, \"gauge_color_rules\": [{\"gauge\": null, \"id\": \"9ca68d56-f84e-11ea-a6bb-f3164c0bb859\", \"text\": null, \"value\": 0}], \"gauge_inner_width\": 10, \"gauge_max\": \"300000\", \"gauge_style\": \"half\", \"gauge_width\": 10, \"id\": \"9c8aab7c-f84e-11ea-b4a3-e31a518913fa\", \"ignore_global_filter\": 0, \"index_pattern\": \"metricbeat-*\", \"interval\": \">=1m\", \"isModelInvalid\": false, \"legend_position\": \"bottom\", \"series\": [{\"axis_position\": \"right\", \"chart_type\": \"line\", \"color\": \"rgba(104,188,0,1)\", \"fill\": \"0\", \"filter\": {\"language\": \"kuery\", \"query\": \"cloudfoundry.value.name: \\\"system.disk.ephemeral.percent\\\" \"}, \"formatter\": \"00.00\", \"hidden\": false, \"hide_in_legend\": 0, \"id\": \"9c8c18f4-f84e-11ea-97ff-b32117553dae\", \"label\": \"Top Max Ephemeral Disk Usage (%)\", \"line_width\": \"2\", \"metrics\": [{\"agg_with\": \"avg\", \"field\": \"cloudfoundry.value.value\", \"id\": \"9c8d7514-f84e-11ea-9457-93fdc9395544\", \"order\": \"desc\", \"size\": 1, \"type\": \"max\"}], \"offset_time\": \"\", \"point_size\": \"4\", \"separate_axis\": 0, \"split_color_mode\": \"rainbow\", \"split_filters\": [{\"color\": \"#68BC00\", \"filter\": {\"language\": \"kuery\", \"query\": \"\"}, \"id\": \"9c753c7e-f84e-11ea-96e9-33ff984da2c7\", \"label\": \"\"}], \"split_mode\": \"terms\", \"stacked\": \"none\", \"steps\": 0, \"terms_field\": \"cloudfoundry.envelope.job\", \"terms_include\": \"\", \"terms_order_by\": \"9c8d7514-f84e-11ea-9457-93fdc9395544\", \"type\": \"timeseries\", \"value_template\": \"{{value}} %\"}], \"show_grid\": 1, \"show_legend\": 1, \"time_field\": \"@timestamp\", \"time_range_mode\": \"entire_time_range\", \"type\": \"top_n\"}, \"title\": \"Top ephemeral disk usage [Metricbeat Cloud Foundry]\", \"type\": \"metrics\"}"
            },
            "id": "9c5e5c7a-f84e-11ea-9c79-3f5f46484ce3",
            "migrationVersion": {
                "visualization": "7.8.0"
            },
            "namespaces": [
                "default"
            ],
            "references": [],
            "type": "visualization",
            "updated_at": "2020-09-17T10:33:06.273Z",
            "version": "Wzk3LDFd"
        },
        {
            "attributes": {
                "description": "",
                "kibanaSavedObjectMeta": {
                    "searchSourceJSON": "{\"filter\": [], \"query\": {\"language\": \"kuery\", \"query\": \"\"}}"
                },
                "title": "Top persistent disk usage [Metricbeat Cloud Foundry]",
                "uiStateJSON": "{}",
                "version": 1,
                "visState": "{\"aggs\": [], \"params\": {\"axis_formatter\": \"number\", \"axis_position\": \"left\", \"axis_scale\": \"normal\", \"background_color\": null, \"background_color_rules\": [{\"background_color\": \"rgba(244,78,59,1)\", \"color\": null, \"id\": \"9c7cf130-f84e-11ea-bdee-833d96fe1a00\", \"operator\": \"gt\", \"value\": 60000}], \"bar_color_rules\": [{\"bar_color\": \"rgba(104,188,0,1)\", \"id\": \"9cb8a18a-f84e-11ea-bd11-836ecccfc401\", \"operator\": \"lt\", \"value\": 65}, {\"bar_color\": \"rgba(252,220,0,1)\", \"id\": \"9c87c1f0-f84e-11ea-abf6-9bcf7a4dd500\", \"operator\": \"gte\", \"value\": 65}, {\"bar_color\": \"rgba(244,78,59,1)\", \"id\": \"9c95f1b2-f84e-11ea-9ca9-53ceca17b640\", \"operator\": \"gt\", \"value\": 75}], \"default_index_pattern\": \"metricbeat-*\", \"default_timefield\": \"@timestamp\", \"drilldown_url\": \"\", \"drop_last_bucket\": 1, \"filter\": {\"language\": \"kuery\", \"query\": \"event.module: cloudfoundry and cloudfoundry.envelope.origin :\\\"bosh-system-metrics-forwarder\\\"\"}, \"gauge_color_rules\": [{\"gauge\": null, \"id\": \"9ca68d56-f84e-11ea-a6bb-f3164c0bb859\", \"text\": null, \"value\": 0}], \"gauge_inner_width\": 10, \"gauge_max\": \"300000\", \"gauge_style\": \"half\", \"gauge_width\": 10, \"id\": \"9c8aab7c-f84e-11ea-b4a3-e31a518913fa\", \"ignore_global_filter\": 0, \"index_pattern\": \"metricbeat-*\", \"interval\": \">=1m\", \"isModelInvalid\": false, \"legend_position\": \"bottom\", \"series\": [{\"axis_position\": \"right\", \"chart_type\": \"line\", \"color\": \"rgba(104,188,0,1)\", \"fill\": \"0\", \"filter\": {\"language\": \"kuery\", \"query\": \"cloudfoundry.value.name: \\\"system.disk.persistent.percent\\\"  \"}, \"formatter\": \"00.00\", \"hidden\": false, \"hide_in_legend\": 0, \"id\": \"9c8c18f4-f84e-11ea-97ff-b32117553dae\", \"label\": \"Top Max Ephemeral Disk Usage (%)\", \"line_width\": \"2\", \"metrics\": [{\"agg_with\": \"avg\", \"field\": \"cloudfoundry.value.value\", \"id\": \"9c8d7514-f84e-11ea-9457-93fdc9395544\", \"order\": \"desc\", \"size\": 1, \"type\": \"max\"}], \"offset_time\": \"\", \"point_size\": \"4\", \"separate_axis\": 0, \"split_color_mode\": \"rainbow\", \"split_filters\": [{\"color\": \"#68BC00\", \"filter\": {\"language\": \"kuery\", \"query\": \"\"}, \"id\": \"9c753c7e-f84e-11ea-96e9-33ff984da2c7\", \"label\": \"\"}], \"split_mode\": \"terms\", \"stacked\": \"none\", \"steps\": 0, \"terms_field\": \"cloudfoundry.envelope.job\", \"terms_include\": \"\", \"terms_order_by\": \"9c8d7514-f84e-11ea-9457-93fdc9395544\", \"type\": \"timeseries\", \"value_template\": \"{{value}} %\"}], \"show_grid\": 1, \"show_legend\": 1, \"time_field\": \"@timestamp\", \"time_range_mode\": \"entire_time_range\", \"tooltip_mode\": \"show_all\", \"type\": \"top_n\"}, \"title\": \"Top persistent disk usage [Metricbeat Cloud Foundry]\", \"type\": \"metrics\"}"
            },
            "id": "9c975020-f84e-11ea-9d35-0ba5b289cee7",
            "migrationVersion": {
                "visualization": "7.8.0"
            },
            "namespaces": [
                "default"
            ],
            "references": [],
            "type": "visualization",
            "updated_at": "2020-09-17T10:33:06.273Z",
            "version": "Wzk4LDFd"
        },
        {
            "attributes": {
                "description": "",
                "kibanaSavedObjectMeta": {
                    "searchSourceJSON": "{\"filter\": [], \"query\": {\"language\": \"kuery\", \"query\": \"\"}}"
                },
                "title": "Doppler health [Metricbeat Cloud Foundry]",
                "uiStateJSON": "{}",
                "version": 1,
                "visState": "{\"aggs\": [], \"params\": {\"axis_formatter\": \"number\", \"axis_position\": \"left\", \"axis_scale\": \"normal\", \"background_color\": null, \"background_color_rules\": [{\"background_color\": \"rgba(104,188,0,1)\", \"color\": null, \"id\": \"9c7cf130-f84e-11ea-bdee-833d96fe1a00\", \"operator\": \"gte\", \"value\": 1}, {\"id\": \"9c6cce9a-f84e-11ea-9fea-039104d18522\", \"operator\": \"lt\", \"value\": 1}], \"bar_color_rules\": [{\"id\": \"9cb8a18a-f84e-11ea-bd11-836ecccfc401\"}], \"default_index_pattern\": \"metricbeat-*\", \"default_timefield\": \"@timestamp\", \"drop_last_bucket\": 1, \"filter\": {\"language\": \"kuery\", \"query\": \"event.module: cloudfoundry and cloudfoundry.envelope.origin :\\\"bosh-system-metrics-forwarder\\\"  and cloudfoundry.envelope.job :\\\"doppler\\\"  \"}, \"gauge_color_rules\": [{\"gauge\": null, \"id\": \"9ca68d56-f84e-11ea-a6bb-f3164c0bb859\", \"text\": null, \"value\": 0}], \"gauge_inner_width\": 10, \"gauge_max\": \"300000\", \"gauge_style\": \"half\", \"gauge_width\": 10, \"id\": \"9c8aab7c-f84e-11ea-b4a3-e31a518913fa\", \"ignore_global_filter\": 0, \"index_pattern\": \"metricbeat-*\", \"interval\": \">=1m\", \"isModelInvalid\": false, \"legend_position\": \"bottom\", \"series\": [{\"axis_position\": \"right\", \"chart_type\": \"line\", \"color\": \"rgba(104,188,0,1)\", \"fill\": \"0\", \"filter\": {\"language\": \"kuery\", \"query\": \"cloudfoundry.value.name: \\\"system.healthy\\\"\"}, \"formatter\": \"percent\", \"hidden\": false, \"hide_in_legend\": 0, \"id\": \"9c8c18f4-f84e-11ea-97ff-b32117553dae\", \"label\": \"Doppler\", \"line_width\": \"2\", \"metrics\": [{\"field\": \"cloudfoundry.value.value\", \"id\": \"9c8d7514-f84e-11ea-9457-93fdc9395544\", \"type\": \"avg\"}], \"offset_time\": \"\", \"point_size\": \"4\", \"separate_axis\": 0, \"split_color_mode\": \"rainbow\", \"split_filters\": [{\"color\": \"#68BC00\", \"filter\": {\"language\": \"kuery\", \"query\": \"\"}, \"id\": \"9c753c7e-f84e-11ea-96e9-33ff984da2c7\", \"label\": \"\"}], \"split_mode\": \"everything\", \"stacked\": \"none\", \"steps\": 0, \"terms_field\": null, \"terms_include\": \"\", \"type\": \"timeseries\", \"value_template\": \"{{value}}\"}], \"show_grid\": 1, \"show_legend\": 1, \"time_field\": \"@timestamp\", \"time_range_mode\": \"entire_time_range\", \"tooltip_mode\": \"show_all\", \"type\": \"metric\"}, \"title\": \"Doppler health [Metricbeat Cloud Foundry]\", \"type\": \"metrics\"}"
            },
            "id": "9caafdaa-f84e-11ea-8c78-43aac4b09aa5",
            "migrationVersion": {
                "visualization": "7.8.0"
            },
            "namespaces": [
                "default"
            ],
            "references": [],
            "type": "visualization",
            "updated_at": "2020-09-17T10:33:06.273Z",
            "version": "Wzk5LDFd"
        },
        {
            "attributes": {
                "description": "",
                "kibanaSavedObjectMeta": {
                    "searchSourceJSON": "{\"filter\": [], \"query\": {\"language\": \"kuery\", \"query\": \"\"}}"
                },
                "title": "Router health [Metricbeat Cloud Foundry]",
                "uiStateJSON": "{}",
                "version": 1,
                "visState": "{\"aggs\": [], \"params\": {\"axis_formatter\": \"number\", \"axis_position\": \"left\", \"axis_scale\": \"normal\", \"background_color\": null, \"background_color_rules\": [{\"background_color\": \"rgba(104,188,0,1)\", \"color\": null, \"id\": \"9c7cf130-f84e-11ea-bdee-833d96fe1a00\", \"operator\": \"gte\", \"value\": 1}, {\"id\": \"9c6cce9a-f84e-11ea-9fea-039104d18522\", \"operator\": \"lt\", \"value\": 1}], \"bar_color_rules\": [{\"id\": \"9cb8a18a-f84e-11ea-bd11-836ecccfc401\"}], \"default_index_pattern\": \"metricbeat-*\", \"default_timefield\": \"@timestamp\", \"drop_last_bucket\": 1, \"filter\": {\"language\": \"kuery\", \"query\": \"event.module: cloudfoundry and cloudfoundry.envelope.origin :\\\"bosh-system-metrics-forwarder\\\"  and cloudfoundry.envelope.job :\\\"router\\\"\"}, \"gauge_color_rules\": [{\"gauge\": null, \"id\": \"9ca68d56-f84e-11ea-a6bb-f3164c0bb859\", \"text\": null, \"value\": 0}], \"gauge_inner_width\": 10, \"gauge_max\": \"300000\", \"gauge_style\": \"half\", \"gauge_width\": 10, \"id\": \"9c8aab7c-f84e-11ea-b4a3-e31a518913fa\", \"ignore_global_filter\": 0, \"index_pattern\": \"metricbeat-*\", \"interval\": \">=1m\", \"isModelInvalid\": false, \"legend_position\": \"bottom\", \"series\": [{\"axis_position\": \"right\", \"chart_type\": \"line\", \"color\": \"rgba(104,188,0,1)\", \"fill\": \"0\", \"filter\": {\"language\": \"kuery\", \"query\": \"cloudfoundry.value.name: \\\"system.healthy\\\"\"}, \"formatter\": \"percent\", \"hidden\": false, \"hide_in_legend\": 0, \"id\": \"9c8c18f4-f84e-11ea-97ff-b32117553dae\", \"label\": \"Router\", \"line_width\": \"2\", \"metrics\": [{\"field\": \"cloudfoundry.value.value\", \"id\": \"9c8d7514-f84e-11ea-9457-93fdc9395544\", \"type\": \"avg\"}], \"offset_time\": \"\", \"point_size\": \"4\", \"separate_axis\": 0, \"split_color_mode\": \"rainbow\", \"split_filters\": [{\"color\": \"#68BC00\", \"filter\": {\"language\": \"kuery\", \"query\": \"\"}, \"id\": \"9c753c7e-f84e-11ea-96e9-33ff984da2c7\", \"label\": \"\"}], \"split_mode\": \"everything\", \"stacked\": \"none\", \"steps\": 0, \"terms_field\": null, \"terms_include\": \"\", \"type\": \"timeseries\", \"value_template\": \"{{value}}\"}], \"show_grid\": 1, \"show_legend\": 1, \"time_field\": \"@timestamp\", \"time_range_mode\": \"entire_time_range\", \"type\": \"metric\"}, \"title\": \"Router health [Metricbeat Cloud Foundry]\", \"type\": \"metrics\"}"
            },
            "id": "9c7b602c-f84e-11ea-8762-e7aef60b5522",
            "migrationVersion": {
                "visualization": "7.8.0"
            },
            "namespaces": [
                "default"
            ],
            "references": [],
            "type": "visualization",
            "updated_at": "2020-09-17T10:33:06.273Z",
            "version": "WzEwMCwxXQ=="
        },
        {
            "attributes": {
                "description": "",
                "kibanaSavedObjectMeta": {
                    "searchSourceJSON": "{\"filter\": [], \"query\": {\"language\": \"kuery\", \"query\": \"\"}}"
                },
                "title": "Backup-Restore health [Metricbeat Cloud Foundry]",
                "uiStateJSON": "{}",
                "version": 1,
                "visState": "{\"aggs\": [], \"params\": {\"axis_formatter\": \"number\", \"axis_position\": \"left\", \"axis_scale\": \"normal\", \"background_color\": null, \"background_color_rules\": [{\"background_color\": \"rgba(104,188,0,1)\", \"color\": null, \"id\": \"9c7cf130-f84e-11ea-bdee-833d96fe1a00\", \"operator\": \"gte\", \"value\": 1}, {\"id\": \"9c6cce9a-f84e-11ea-9fea-039104d18522\", \"operator\": \"lt\", \"value\": 1}], \"bar_color_rules\": [{\"id\": \"9cb8a18a-f84e-11ea-bd11-836ecccfc401\"}], \"default_index_pattern\": \"metricbeat-*\", \"default_timefield\": \"@timestamp\", \"drop_last_bucket\": 1, \"filter\": {\"language\": \"kuery\", \"query\": \"event.module: cloudfoundry and cloudfoundry.envelope.origin :\\\"bosh-system-metrics-forwarder\\\"  and cloudfoundry.envelope.job :\\\"backup_restore\\\"   \"}, \"gauge_color_rules\": [{\"gauge\": null, \"id\": \"9ca68d56-f84e-11ea-a6bb-f3164c0bb859\", \"text\": null, \"value\": 0}], \"gauge_inner_width\": 10, \"gauge_max\": \"300000\", \"gauge_style\": \"half\", \"gauge_width\": 10, \"id\": \"9c8aab7c-f84e-11ea-b4a3-e31a518913fa\", \"ignore_global_filter\": 0, \"index_pattern\": \"metricbeat-*\", \"interval\": \">=1m\", \"isModelInvalid\": false, \"legend_position\": \"bottom\", \"series\": [{\"axis_position\": \"right\", \"chart_type\": \"line\", \"color\": \"rgba(104,188,0,1)\", \"fill\": \"0\", \"filter\": {\"language\": \"kuery\", \"query\": \"cloudfoundry.value.name: \\\"system.healthy\\\"\"}, \"formatter\": \"percent\", \"hidden\": false, \"hide_in_legend\": 0, \"id\": \"9c8c18f4-f84e-11ea-97ff-b32117553dae\", \"label\": \"Backup-Restore\", \"line_width\": \"2\", \"metrics\": [{\"field\": \"cloudfoundry.value.value\", \"id\": \"9c8d7514-f84e-11ea-9457-93fdc9395544\", \"type\": \"avg\"}], \"offset_time\": \"\", \"point_size\": \"4\", \"separate_axis\": 0, \"split_color_mode\": \"rainbow\", \"split_filters\": [{\"color\": \"#68BC00\", \"filter\": {\"language\": \"kuery\", \"query\": \"\"}, \"id\": \"9c753c7e-f84e-11ea-96e9-33ff984da2c7\", \"label\": \"\"}], \"split_mode\": \"everything\", \"stacked\": \"none\", \"steps\": 0, \"terms_field\": null, \"terms_include\": \"\", \"type\": \"timeseries\", \"value_template\": \"{{value}}\"}], \"show_grid\": 1, \"show_legend\": 1, \"time_field\": \"@timestamp\", \"time_range_mode\": \"entire_time_range\", \"type\": \"metric\"}, \"title\": \"Backup-Restore health [Metricbeat Cloud Foundry]\", \"type\": \"metrics\"}"
            },
            "id": "9cb33038-f84e-11ea-8929-07701f2b1c26",
            "migrationVersion": {
                "visualization": "7.8.0"
            },
            "namespaces": [
                "default"
            ],
            "references": [],
            "type": "visualization",
            "updated_at": "2020-09-17T10:33:06.273Z",
            "version": "WzEwMSwxXQ=="
        },
        {
            "attributes": {
                "description": "",
                "kibanaSavedObjectMeta": {
                    "searchSourceJSON": "{\"filter\": [], \"query\": {\"language\": \"kuery\", \"query\": \"\"}}"
                },
                "title": "Diego Brain health [Metricbeat Cloud Foundry]",
                "uiStateJSON": "{}",
                "version": 1,
                "visState": "{\"aggs\": [], \"params\": {\"axis_formatter\": \"number\", \"axis_position\": \"left\", \"axis_scale\": \"normal\", \"background_color\": null, \"background_color_rules\": [{\"background_color\": \"rgba(104,188,0,1)\", \"color\": null, \"id\": \"9c7cf130-f84e-11ea-bdee-833d96fe1a00\", \"operator\": \"gte\", \"value\": 1}, {\"id\": \"9c6cce9a-f84e-11ea-9fea-039104d18522\", \"operator\": \"lt\", \"value\": 1}], \"bar_color_rules\": [{\"id\": \"9cb8a18a-f84e-11ea-bd11-836ecccfc401\"}], \"default_index_pattern\": \"metricbeat-*\", \"default_timefield\": \"@timestamp\", \"drop_last_bucket\": 1, \"filter\": {\"language\": \"kuery\", \"query\": \"event.module: cloudfoundry and cloudfoundry.envelope.origin :\\\"bosh-system-metrics-forwarder\\\"  and cloudfoundry.envelope.job :\\\"diego_brain\\\"    \"}, \"gauge_color_rules\": [{\"gauge\": null, \"id\": \"9ca68d56-f84e-11ea-a6bb-f3164c0bb859\", \"text\": null, \"value\": 0}], \"gauge_inner_width\": 10, \"gauge_max\": \"300000\", \"gauge_style\": \"half\", \"gauge_width\": 10, \"id\": \"9c8aab7c-f84e-11ea-b4a3-e31a518913fa\", \"ignore_global_filter\": 0, \"index_pattern\": \"metricbeat-*\", \"interval\": \">=1m\", \"isModelInvalid\": false, \"legend_position\": \"bottom\", \"series\": [{\"axis_position\": \"right\", \"chart_type\": \"line\", \"color\": \"rgba(104,188,0,1)\", \"fill\": \"0\", \"filter\": {\"language\": \"kuery\", \"query\": \"cloudfoundry.value.name: \\\"system.healthy\\\"\"}, \"formatter\": \"percent\", \"hidden\": false, \"hide_in_legend\": 0, \"id\": \"9c8c18f4-f84e-11ea-97ff-b32117553dae\", \"label\": \"Diego Brain\", \"line_width\": \"2\", \"metrics\": [{\"field\": \"cloudfoundry.value.value\", \"id\": \"9c8d7514-f84e-11ea-9457-93fdc9395544\", \"type\": \"avg\"}], \"offset_time\": \"\", \"point_size\": \"4\", \"separate_axis\": 0, \"split_color_mode\": \"rainbow\", \"split_filters\": [{\"color\": \"#68BC00\", \"filter\": {\"language\": \"kuery\", \"query\": \"\"}, \"id\": \"9c753c7e-f84e-11ea-96e9-33ff984da2c7\", \"label\": \"\"}], \"split_mode\": \"everything\", \"stacked\": \"none\", \"steps\": 0, \"terms_field\": null, \"terms_include\": \"\", \"type\": \"timeseries\", \"value_template\": \"{{value}}\"}], \"show_grid\": 1, \"show_legend\": 1, \"time_field\": \"@timestamp\", \"time_range_mode\": \"entire_time_range\", \"type\": \"metric\"}, \"title\": \"Diego Brain health [Metricbeat Cloud Foundry]\", \"type\": \"metrics\"}"
            },
            "id": "9ca526aa-f84e-11ea-aad5-ef2777854f3d",
            "migrationVersion": {
                "visualization": "7.8.0"
            },
            "namespaces": [
                "default"
            ],
            "references": [],
            "type": "visualization",
            "updated_at": "2020-09-17T10:33:06.273Z",
            "version": "WzEwMiwxXQ=="
        },
        {
            "attributes": {
                "description": "",
                "kibanaSavedObjectMeta": {
                    "searchSourceJSON": "{\"filter\": [], \"query\": {\"language\": \"kuery\", \"query\": \"\"}}"
                },
                "title": "Diego cell health [Metricbeat Cloud Foundry]",
                "uiStateJSON": "{}",
                "version": 1,
                "visState": "{\"aggs\": [], \"params\": {\"axis_formatter\": \"number\", \"axis_position\": \"left\", \"axis_scale\": \"normal\", \"background_color\": null, \"background_color_rules\": [{\"background_color\": \"rgba(104,188,0,1)\", \"color\": null, \"id\": \"9c7cf130-f84e-11ea-bdee-833d96fe1a00\", \"operator\": \"gte\", \"value\": 1}, {\"background_color\": \"rgba(252,220,0,1)\", \"color\": null, \"id\": \"9c6cce9a-f84e-11ea-9fea-039104d18522\", \"operator\": \"lt\", \"value\": 1}, {\"background_color\": \"rgba(244,78,59,1)\", \"color\": null, \"id\": \"9cb7224c-f84e-11ea-aedc-27587a803e41\", \"operator\": \"lt\", \"value\": 0.5}], \"bar_color_rules\": [{\"id\": \"9cb8a18a-f84e-11ea-bd11-836ecccfc401\"}], \"default_index_pattern\": \"metricbeat-*\", \"default_timefield\": \"@timestamp\", \"drop_last_bucket\": 1, \"filter\": {\"language\": \"kuery\", \"query\": \"event.module: cloudfoundry and cloudfoundry.envelope.origin :\\\"bosh-system-metrics-forwarder\\\"  and cloudfoundry.envelope.job :\\\"diego_cell\\\"     \"}, \"gauge_color_rules\": [{\"gauge\": null, \"id\": \"9ca68d56-f84e-11ea-a6bb-f3164c0bb859\", \"text\": null, \"value\": 0}], \"gauge_inner_width\": 10, \"gauge_max\": \"300000\", \"gauge_style\": \"half\", \"gauge_width\": 10, \"id\": \"9c8aab7c-f84e-11ea-b4a3-e31a518913fa\", \"ignore_global_filter\": 0, \"index_pattern\": \"metricbeat-*\", \"interval\": \">=1m\", \"isModelInvalid\": false, \"legend_position\": \"bottom\", \"series\": [{\"axis_position\": \"right\", \"chart_type\": \"line\", \"color\": \"rgba(104,188,0,1)\", \"fill\": \"0\", \"filter\": {\"language\": \"kuery\", \"query\": \"cloudfoundry.value.name: \\\"system.healthy\\\"\"}, \"formatter\": \"percent\", \"hidden\": false, \"hide_in_legend\": 0, \"id\": \"9c8c18f4-f84e-11ea-97ff-b32117553dae\", \"label\": \"Diego cell\", \"line_width\": \"2\", \"metrics\": [{\"field\": \"cloudfoundry.value.value\", \"id\": \"9c8d7514-f84e-11ea-9457-93fdc9395544\", \"type\": \"avg\"}], \"offset_time\": \"\", \"point_size\": \"4\", \"separate_axis\": 0, \"split_color_mode\": \"rainbow\", \"split_filters\": [{\"color\": \"#68BC00\", \"filter\": {\"language\": \"kuery\", \"query\": \"\"}, \"id\": \"9c753c7e-f84e-11ea-96e9-33ff984da2c7\", \"label\": \"\"}], \"split_mode\": \"everything\", \"stacked\": \"none\", \"steps\": 0, \"terms_field\": null, \"terms_include\": \"\", \"type\": \"timeseries\", \"value_template\": \"{{value}}\"}], \"show_grid\": 1, \"show_legend\": 1, \"time_field\": \"@timestamp\", \"time_range_mode\": \"entire_time_range\", \"type\": \"metric\"}, \"title\": \"Diego cell health [Metricbeat Cloud Foundry]\", \"type\": \"metrics\"}"
            },
            "id": "9caf798e-f84e-11ea-ac4b-4795663aee6b",
            "migrationVersion": {
                "visualization": "7.8.0"
            },
            "namespaces": [
                "default"
            ],
            "references": [],
            "type": "visualization",
            "updated_at": "2020-09-17T10:33:06.273Z",
            "version": "WzEwMywxXQ=="
        },
        {
            "attributes": {
                "description": "",
                "kibanaSavedObjectMeta": {
                    "searchSourceJSON": "{\"filter\": [], \"query\": {\"language\": \"kuery\", \"query\": \"\"}}"
                },
                "title": "Outstanding Requests [Metricbeat Cloud Foundry]",
                "uiStateJSON": "{}",
                "version": 1,
                "visState": "{\"aggs\": [], \"params\": {\"axis_formatter\": \"number\", \"axis_position\": \"left\", \"axis_scale\": \"normal\", \"background_color\": null, \"background_color_rules\": [{\"background_color\": \"rgba(244,78,59,1)\", \"color\": null, \"id\": \"9c7cf130-f84e-11ea-bdee-833d96fe1a00\", \"operator\": \"gt\", \"value\": 60000}], \"bar_color_rules\": [{\"id\": \"9cb8a18a-f84e-11ea-bd11-836ecccfc401\"}], \"default_index_pattern\": \"metricbeat-*\", \"default_timefield\": \"@timestamp\", \"drop_last_bucket\": 1, \"filter\": {\"language\": \"kuery\", \"query\": \"event.module: cloudfoundry and cloudfoundry.envelope.origin :\\\"cc\\\" \"}, \"gauge_color_rules\": [{\"gauge\": null, \"id\": \"9ca68d56-f84e-11ea-a6bb-f3164c0bb859\", \"text\": null, \"value\": 0}], \"gauge_inner_width\": 10, \"gauge_max\": \"300000\", \"gauge_style\": \"half\", \"gauge_width\": 10, \"id\": \"9c8aab7c-f84e-11ea-b4a3-e31a518913fa\", \"ignore_global_filter\": 0, \"index_pattern\": \"metricbeat-*\", \"interval\": \">=1m\", \"isModelInvalid\": false, \"legend_position\": \"bottom\", \"series\": [{\"axis_position\": \"right\", \"chart_type\": \"line\", \"color\": \"rgba(0,156,224,1)\", \"fill\": \"0\", \"filter\": {\"language\": \"kuery\", \"query\": \"cloudfoundry.value.name: \\\"requests.outstanding\\\"\"}, \"formatter\": \"number\", \"hidden\": false, \"hide_in_legend\": 0, \"id\": \"9c8c18f4-f84e-11ea-97ff-b32117553dae\", \"label\": \"Avg Oustanding Requests\", \"line_width\": \"1\", \"metrics\": [{\"field\": \"cloudfoundry.value.value\", \"id\": \"9c8d7514-f84e-11ea-9457-93fdc9395544\", \"type\": \"avg\"}], \"offset_time\": \"\", \"point_size\": \"2\", \"separate_axis\": 0, \"split_color_mode\": \"rainbow\", \"split_filters\": [{\"color\": \"#68BC00\", \"filter\": {\"language\": \"kuery\", \"query\": \"\"}, \"id\": \"9c753c7e-f84e-11ea-96e9-33ff984da2c7\", \"label\": \"\"}], \"split_mode\": \"everything\", \"stacked\": \"none\", \"steps\": 0, \"terms_field\": null, \"terms_include\": \"\", \"type\": \"timeseries\", \"value_template\": \"\"}], \"show_grid\": 1, \"show_legend\": 1, \"time_field\": \"@timestamp\", \"tooltip_mode\": \"show_all\", \"type\": \"timeseries\"}, \"title\": \"Outstanding Requests [Metricbeat Cloud Foundry]\", \"type\": \"metrics\"}"
            },
            "id": "9cbb8cd8-f84e-11ea-9a20-af708256c3a9",
            "migrationVersion": {
                "visualization": "7.8.0"
            },
            "namespaces": [
                "default"
            ],
            "references": [],
            "type": "visualization",
            "updated_at": "2020-09-17T10:33:06.273Z",
            "version": "WzEwNCwxXQ=="
        },
        {
            "attributes": {
                "description": "",
                "kibanaSavedObjectMeta": {
                    "searchSourceJSON": "{\"filter\": [], \"query\": {\"language\": \"kuery\", \"query\": \"\"}}"
                },
                "title": "Diego cell time to sync [Metricbeat Cloud Foundry]",
                "uiStateJSON": "{}",
                "version": 1,
                "visState": "{\"aggs\": [], \"params\": {\"axis_formatter\": \"number\", \"axis_position\": \"left\", \"axis_scale\": \"normal\", \"background_color\": null, \"background_color_rules\": [{\"background_color\": \"rgba(104,188,0,1)\", \"color\": null, \"id\": \"9c7cf130-f84e-11ea-bdee-833d96fe1a00\", \"operator\": \"lt\", \"value\": 10000000000}, {\"background_color\": \"rgba(252,220,0,1)\", \"id\": \"9cb134b8-f84e-11ea-9fd8-cb6a1b33696f\", \"operator\": \"gte\", \"value\": 10000000000}, {\"background_color\": \"rgba(244,78,59,1)\", \"id\": \"9cb588d8-f84e-11ea-af5a-c3012766d944\", \"operator\": \"gt\", \"value\": 15000000000}], \"bar_color_rules\": [{\"id\": \"9cb8a18a-f84e-11ea-bd11-836ecccfc401\"}], \"default_index_pattern\": \"metricbeat-*\", \"default_timefield\": \"@timestamp\", \"drop_last_bucket\": 1, \"filter\": {\"language\": \"kuery\", \"query\": \"event.module: cloudfoundry and cloudfoundry.envelope.origin :\\\"rep\\\" \"}, \"gauge_color_rules\": [{\"gauge\": null, \"id\": \"9ca68d56-f84e-11ea-a6bb-f3164c0bb859\", \"text\": null, \"value\": 0}], \"gauge_inner_width\": 10, \"gauge_max\": \"300000\", \"gauge_style\": \"half\", \"gauge_width\": 10, \"id\": \"9c8aab7c-f84e-11ea-b4a3-e31a518913fa\", \"ignore_global_filter\": 0, \"index_pattern\": \"metricbeat-*\", \"interval\": \">=1m\", \"isModelInvalid\": false, \"legend_position\": \"bottom\", \"series\": [{\"axis_position\": \"right\", \"chart_type\": \"line\", \"color\": \"rgba(115,216,255,1)\", \"fill\": \"0\", \"filter\": {\"language\": \"kuery\", \"query\": \"cloudfoundry.value.name: \\\"RepBulkSyncDuration\\\"\"}, \"formatter\": \"ns,s,2\", \"hidden\": false, \"hide_in_legend\": 0, \"id\": \"9c8c18f4-f84e-11ea-97ff-b32117553dae\", \"label\": \"Max Cell Rep Time to Sync\", \"line_width\": \"01\", \"metrics\": [{\"field\": \"cloudfoundry.value.value\", \"id\": \"9c8d7514-f84e-11ea-9457-93fdc9395544\", \"type\": \"max\"}], \"offset_time\": \"\", \"point_size\": \"2\", \"separate_axis\": 0, \"split_color_mode\": \"gradient\", \"split_filters\": [{\"color\": \"#68BC00\", \"filter\": {\"language\": \"kuery\", \"query\": \"\"}, \"id\": \"9c753c7e-f84e-11ea-96e9-33ff984da2c7\", \"label\": \"\"}], \"split_mode\": \"everything\", \"stacked\": \"none\", \"steps\": 0, \"terms_field\": \"cf.envelope.deployment\", \"terms_include\": \"\", \"terms_order_by\": \"_key\", \"type\": \"timeseries\", \"value_template\": \"{{value}} s\"}], \"show_grid\": 1, \"show_legend\": 1, \"time_field\": \"@timestamp\", \"time_range_mode\": \"entire_time_range\", \"type\": \"metric\"}, \"title\": \"Diego cell time to sync [Metricbeat Cloud Foundry]\", \"type\": \"metrics\"}"
            },
            "id": "9c69684a-f84e-11ea-bf59-4bba486da283",
            "migrationVersion": {
                "visualization": "7.8.0"
            },
            "namespaces": [
                "default"
            ],
            "references": [],
            "type": "visualization",
            "updated_at": "2020-09-17T10:33:06.273Z",
            "version": "WzEwNSwxXQ=="
        },
        {
            "attributes": {
                "description": "",
                "kibanaSavedObjectMeta": {
                    "searchSourceJSON": "{\"filter\": [], \"query\": {\"language\": \"kuery\", \"query\": \"\"}}"
                },
                "title": "Diego cell Missing LRPs [Metricbeat Cloud Foundry]",
                "uiStateJSON": "{}",
                "version": 1,
                "visState": "{\"aggs\": [], \"params\": {\"axis_formatter\": \"number\", \"axis_position\": \"left\", \"axis_scale\": \"normal\", \"background_color\": null, \"background_color_rules\": [{\"background_color\": \"rgba(104,188,0,1)\", \"color\": null, \"id\": \"9c7cf130-f84e-11ea-bdee-833d96fe1a00\", \"operator\": \"lt\", \"value\": 5}, {\"background_color\": \"rgba(252,220,0,1)\", \"id\": \"9cb134b8-f84e-11ea-9fd8-cb6a1b33696f\", \"operator\": \"gte\", \"value\": 5}, {\"background_color\": \"rgba(244,78,59,1)\", \"id\": \"9cb588d8-f84e-11ea-af5a-c3012766d944\", \"operator\": \"gt\", \"value\": 10}], \"bar_color_rules\": [{\"id\": \"9cb8a18a-f84e-11ea-bd11-836ecccfc401\"}], \"default_index_pattern\": \"metricbeat-*\", \"default_timefield\": \"@timestamp\", \"drop_last_bucket\": 1, \"filter\": {\"language\": \"kuery\", \"query\": \"event.module: \\\"cloudfoundry\\\" and cloudfoundry.envelope.origin :\\\"bbs\\\" \"}, \"gauge_color_rules\": [{\"gauge\": null, \"id\": \"9ca68d56-f84e-11ea-a6bb-f3164c0bb859\", \"text\": null, \"value\": 0}], \"gauge_inner_width\": 10, \"gauge_max\": \"300000\", \"gauge_style\": \"half\", \"gauge_width\": 10, \"id\": \"9c8aab7c-f84e-11ea-b4a3-e31a518913fa\", \"ignore_global_filter\": 0, \"index_pattern\": \"metricbeat-*\", \"interval\": \">=1m\", \"isModelInvalid\": false, \"legend_position\": \"bottom\", \"series\": [{\"axis_position\": \"right\", \"chart_type\": \"line\", \"color\": \"rgba(115,216,255,1)\", \"fill\": \"0\", \"filter\": {\"language\": \"kuery\", \"query\": \"cloudfoundry.value.name: \\\"LRPsMissing\\\" \"}, \"formatter\": \"number\", \"hidden\": false, \"hide_in_legend\": 0, \"id\": \"9c8c18f4-f84e-11ea-97ff-b32117553dae\", \"label\": \"Max Missing LRPs\", \"line_width\": \"01\", \"metrics\": [{\"field\": \"cloudfoundry.value.value\", \"id\": \"9c8d7514-f84e-11ea-9457-93fdc9395544\", \"type\": \"avg\"}], \"offset_time\": \"\", \"point_size\": \"2\", \"separate_axis\": 0, \"split_color_mode\": \"gradient\", \"split_filters\": [{\"color\": \"#68BC00\", \"filter\": {\"language\": \"kuery\", \"query\": \"\"}, \"id\": \"9c753c7e-f84e-11ea-96e9-33ff984da2c7\", \"label\": \"\"}], \"split_mode\": \"everything\", \"stacked\": \"none\", \"steps\": 0, \"terms_field\": \"cf.envelope.deployment\", \"terms_include\": \"\", \"terms_order_by\": \"_key\", \"type\": \"timeseries\", \"value_template\": \"{{value}}\"}], \"show_grid\": 1, \"show_legend\": 1, \"time_field\": \"@timestamp\", \"time_range_mode\": \"entire_time_range\", \"type\": \"metric\"}, \"title\": \"Diego cell Missing LRPs [Metricbeat Cloud Foundry]\", \"type\": \"metrics\"}"
            },
            "id": "9c93270c-f84e-11ea-8b23-c7a1cc31369e",
            "migrationVersion": {
                "visualization": "7.8.0"
            },
            "namespaces": [
                "default"
            ],
            "references": [],
            "type": "visualization",
            "updated_at": "2020-09-17T10:33:06.273Z",
            "version": "WzEwNiwxXQ=="
        },
        {
            "attributes": {
                "description": "",
                "kibanaSavedObjectMeta": {
                    "searchSourceJSON": "{\"filter\": [], \"query\": {\"language\": \"kuery\", \"query\": \"\"}}"
                },
                "title": "Diego cell fetch state times [Metricbeat Cloud Foundry]",
                "uiStateJSON": "{}",
                "version": 1,
                "visState": "{\"aggs\": [], \"params\": {\"axis_formatter\": \"number\", \"axis_position\": \"left\", \"axis_scale\": \"normal\", \"background_color\": null, \"background_color_rules\": [{\"background_color\": \"rgba(104,188,0,1)\", \"color\": null, \"id\": \"9c7cf130-f84e-11ea-bdee-833d96fe1a00\", \"operator\": \"lt\", \"value\": 5000000000}, {\"background_color\": \"rgba(252,220,0,1)\", \"id\": \"9cb134b8-f84e-11ea-9fd8-cb6a1b33696f\", \"operator\": \"gte\", \"value\": 5000000000}, {\"background_color\": \"rgba(244,78,59,1)\", \"id\": \"9cb588d8-f84e-11ea-af5a-c3012766d944\", \"operator\": \"gt\", \"value\": 10000000000}], \"bar_color_rules\": [{\"id\": \"9cb8a18a-f84e-11ea-bd11-836ecccfc401\"}], \"default_index_pattern\": \"metricbeat-*\", \"default_timefield\": \"@timestamp\", \"drop_last_bucket\": 1, \"filter\": {\"language\": \"kuery\", \"query\": \"event.module: \\\"cloudfoundry\\\" and cloudfoundry.envelope.origin :\\\"auctioneer\\\" \"}, \"gauge_color_rules\": [{\"gauge\": null, \"id\": \"9ca68d56-f84e-11ea-a6bb-f3164c0bb859\", \"text\": null, \"value\": 0}], \"gauge_inner_width\": 10, \"gauge_max\": \"300000\", \"gauge_style\": \"half\", \"gauge_width\": 10, \"id\": \"9c8aab7c-f84e-11ea-b4a3-e31a518913fa\", \"ignore_global_filter\": 0, \"index_pattern\": \"metricbeat-*\", \"interval\": \">=1m\", \"isModelInvalid\": false, \"legend_position\": \"bottom\", \"series\": [{\"axis_position\": \"right\", \"chart_type\": \"line\", \"color\": \"rgba(115,216,255,1)\", \"fill\": \"0\", \"filter\": {\"language\": \"kuery\", \"query\": \"cloudfoundry.value.name: \\\"AuctioneerFetchStatesDuration\\\" \"}, \"formatter\": \"ns,s,\", \"hidden\": false, \"hide_in_legend\": 0, \"id\": \"9c8c18f4-f84e-11ea-97ff-b32117553dae\", \"label\": \"Max fetch cell state times\", \"line_width\": \"01\", \"metrics\": [{\"field\": \"cloudfoundry.value.value\", \"id\": \"9c8d7514-f84e-11ea-9457-93fdc9395544\", \"type\": \"max\"}], \"offset_time\": \"\", \"point_size\": \"2\", \"separate_axis\": 0, \"split_color_mode\": \"gradient\", \"split_filters\": [{\"color\": \"#68BC00\", \"filter\": {\"language\": \"kuery\", \"query\": \"\"}, \"id\": \"9c753c7e-f84e-11ea-96e9-33ff984da2c7\", \"label\": \"\"}], \"split_mode\": \"everything\", \"stacked\": \"none\", \"steps\": 0, \"terms_field\": \"cf.envelope.deployment\", \"terms_include\": \"\", \"terms_order_by\": \"_key\", \"type\": \"timeseries\", \"value_template\": \"{{value}}\"}], \"show_grid\": 1, \"show_legend\": 1, \"time_field\": \"@timestamp\", \"time_range_mode\": \"entire_time_range\", \"type\": \"metric\"}, \"title\": \"Diego cell fetch state times [Metricbeat Cloud Foundry]\", \"type\": \"metrics\"}"
            },
            "id": "9c7328ee-f84e-11ea-9259-772ddb1805fb",
            "migrationVersion": {
                "visualization": "7.8.0"
            },
            "namespaces": [
                "default"
            ],
            "references": [],
            "type": "visualization",
            "updated_at": "2020-09-17T10:33:06.273Z",
            "version": "WzEwNywxXQ=="
        },
        {
            "attributes": {
                "description": "",
                "kibanaSavedObjectMeta": {
                    "searchSourceJSON": "{\"filter\": [], \"query\": {\"language\": \"kuery\", \"query\": \"\"}}"
                },
                "title": "Diego cell Apps domain freshness [Metricbeat Cloud Foundry]",
                "uiStateJSON": "{}",
                "version": 1,
                "visState": "{\"aggs\": [], \"params\": {\"axis_formatter\": \"number\", \"axis_position\": \"left\", \"axis_scale\": \"normal\", \"background_color\": null, \"background_color_rules\": [{\"background_color\": \"rgba(104,188,0,1)\", \"color\": null, \"id\": \"9c7cf130-f84e-11ea-bdee-833d96fe1a00\", \"operator\": \"gte\", \"value\": 0.9}, {\"background_color\": \"rgba(252,220,0,1)\", \"id\": \"9cb134b8-f84e-11ea-9fd8-cb6a1b33696f\", \"operator\": \"lte\", \"value\": 0.9}, {\"background_color\": \"rgba(244,78,59,1)\", \"id\": \"9cb588d8-f84e-11ea-af5a-c3012766d944\", \"operator\": \"lt\", \"value\": 0.8}], \"bar_color_rules\": [{\"id\": \"9cb8a18a-f84e-11ea-bd11-836ecccfc401\"}], \"default_index_pattern\": \"metricbeat-*\", \"default_timefield\": \"@timestamp\", \"drop_last_bucket\": 1, \"filter\": {\"language\": \"kuery\", \"query\": \"event.module: \\\"cloudfoundry\\\" and cloudfoundry.envelope.origin :\\\"bbs\\\" \"}, \"gauge_color_rules\": [{\"gauge\": null, \"id\": \"9ca68d56-f84e-11ea-a6bb-f3164c0bb859\", \"text\": null, \"value\": 0}], \"gauge_inner_width\": 10, \"gauge_max\": \"300000\", \"gauge_style\": \"half\", \"gauge_width\": 10, \"id\": \"9c8aab7c-f84e-11ea-b4a3-e31a518913fa\", \"ignore_global_filter\": 0, \"index_pattern\": \"metricbeat-*\", \"interval\": \">=1m\", \"isModelInvalid\": false, \"legend_position\": \"bottom\", \"series\": [{\"axis_position\": \"right\", \"chart_type\": \"line\", \"color\": \"rgba(115,216,255,1)\", \"fill\": \"0\", \"filter\": {\"language\": \"kuery\", \"query\": \"cloudfoundry.value.name: \\\"Domain.cf-apps\\\" \"}, \"formatter\": \"percent\", \"hidden\": false, \"hide_in_legend\": 0, \"id\": \"9c8c18f4-f84e-11ea-97ff-b32117553dae\", \"label\": \"Avg 'cf-apps' Domain Freshness\", \"line_width\": \"01\", \"metrics\": [{\"field\": \"cloudfoundry.value.value\", \"id\": \"9c8d7514-f84e-11ea-9457-93fdc9395544\", \"type\": \"avg\"}], \"offset_time\": \"\", \"point_size\": \"2\", \"separate_axis\": 0, \"split_color_mode\": \"gradient\", \"split_filters\": [{\"color\": \"#68BC00\", \"filter\": {\"language\": \"kuery\", \"query\": \"\"}, \"id\": \"9c753c7e-f84e-11ea-96e9-33ff984da2c7\", \"label\": \"\"}], \"split_mode\": \"everything\", \"stacked\": \"none\", \"steps\": 0, \"terms_field\": \"cf.envelope.deployment\", \"terms_include\": \"\", \"terms_order_by\": \"_key\", \"type\": \"timeseries\", \"value_template\": \"{{value}}\"}], \"show_grid\": 1, \"show_legend\": 1, \"time_field\": null, \"time_range_mode\": \"entire_time_range\", \"type\": \"metric\"}, \"title\": \"Diego-cell Apps domain freshness [Metricbeat Cloud Foundry]\", \"type\": \"metrics\"}"
            },
            "id": "9c99314c-f84e-11ea-92d5-9bcd6abdce0f",
            "migrationVersion": {
                "visualization": "7.8.0"
            },
            "namespaces": [
                "default"
            ],
            "references": [],
            "type": "visualization",
            "updated_at": "2020-09-17T10:33:06.273Z",
            "version": "WzEwOCwxXQ=="
        },
        {
            "attributes": {
                "description": "",
                "kibanaSavedObjectMeta": {
                    "searchSourceJSON": "{\"filter\": [], \"query\": {\"language\": \"kuery\", \"query\": \"\"}}"
                },
                "title": "Diego cell Router emitter sync duration [Metricbeat Cloud Foundry]",
                "uiStateJSON": "{}",
                "version": 1,
                "visState": "{\"aggs\": [], \"params\": {\"axis_formatter\": \"number\", \"axis_position\": \"left\", \"axis_scale\": \"normal\", \"background_color\": null, \"background_color_rules\": [{\"background_color\": \"rgba(104,188,0,1)\", \"color\": null, \"id\": \"9c7cf130-f84e-11ea-bdee-833d96fe1a00\", \"operator\": \"lt\", \"value\": 10000000000}, {\"background_color\": \"rgba(252,220,0,1)\", \"id\": \"9cb134b8-f84e-11ea-9fd8-cb6a1b33696f\", \"operator\": \"gte\", \"value\": 10000000000}, {\"background_color\": \"rgba(244,78,59,1)\", \"id\": \"9cb588d8-f84e-11ea-af5a-c3012766d944\", \"operator\": \"gt\", \"value\": 20000000000}], \"bar_color_rules\": [{\"id\": \"9cb8a18a-f84e-11ea-bd11-836ecccfc401\"}], \"default_index_pattern\": \"metricbeat-*\", \"default_timefield\": \"@timestamp\", \"drop_last_bucket\": 1, \"filter\": {\"language\": \"kuery\", \"query\": \"event.module: \\\"cloudfoundry\\\" and cloudfoundry.envelope.origin :\\\"route_emitter\\\" \"}, \"gauge_color_rules\": [{\"gauge\": null, \"id\": \"9ca68d56-f84e-11ea-a6bb-f3164c0bb859\", \"text\": null, \"value\": 0}], \"gauge_inner_width\": 10, \"gauge_max\": \"300000\", \"gauge_style\": \"half\", \"gauge_width\": 10, \"id\": \"9c8aab7c-f84e-11ea-b4a3-e31a518913fa\", \"ignore_global_filter\": 0, \"index_pattern\": \"metricbeat-*\", \"interval\": \">=1m\", \"isModelInvalid\": false, \"legend_position\": \"bottom\", \"series\": [{\"axis_position\": \"right\", \"chart_type\": \"line\", \"color\": \"rgba(115,216,255,1)\", \"fill\": \"0\", \"filter\": {\"language\": \"kuery\", \"query\": \"cloudfoundry.value.name: \\\"RouteEmitterSyncDuration\\\" \"}, \"formatter\": \"ns,s,\", \"hidden\": false, \"hide_in_legend\": 0, \"id\": \"9c8c18f4-f84e-11ea-97ff-b32117553dae\", \"label\": \"Max Router emitter sync duration\", \"line_width\": \"01\", \"metrics\": [{\"field\": \"cloudfoundry.value.value\", \"id\": \"9c8d7514-f84e-11ea-9457-93fdc9395544\", \"type\": \"max\"}], \"offset_time\": \"\", \"point_size\": \"2\", \"separate_axis\": 0, \"split_color_mode\": \"gradient\", \"split_filters\": [{\"color\": \"#68BC00\", \"filter\": {\"language\": \"kuery\", \"query\": \"\"}, \"id\": \"9c753c7e-f84e-11ea-96e9-33ff984da2c7\", \"label\": \"\"}], \"split_mode\": \"everything\", \"stacked\": \"none\", \"steps\": 0, \"terms_field\": \"cf.envelope.deployment\", \"terms_include\": \"\", \"terms_order_by\": \"_key\", \"type\": \"timeseries\", \"value_template\": \"{{value}} s\"}], \"show_grid\": 1, \"show_legend\": 1, \"time_field\": \"@timestamp\", \"time_range_mode\": \"entire_time_range\", \"type\": \"metric\"}, \"title\": \"Diego cell Router emitter sync duration [Metricbeat Cloud Foundry]\", \"type\": \"metrics\"}"
            },
            "id": "9c635824-f84e-11ea-9b02-735b8407166a",
            "migrationVersion": {
                "visualization": "7.8.0"
            },
            "namespaces": [
                "default"
            ],
            "references": [],
            "type": "visualization",
            "updated_at": "2020-09-17T10:33:06.273Z",
            "version": "WzEwOSwxXQ=="
        },
        {
            "attributes": {
                "description": "",
                "kibanaSavedObjectMeta": {
                    "searchSourceJSON": "{\"filter\": [], \"query\": {\"language\": \"kuery\", \"query\": \"\"}}"
                },
                "title": "Diego cell convergence LRP duration [Metricbeat Cloud Foundry]",
                "uiStateJSON": "{}",
                "version": 1,
                "visState": "{\"aggs\": [], \"params\": {\"axis_formatter\": \"number\", \"axis_position\": \"left\", \"axis_scale\": \"normal\", \"background_color\": null, \"background_color_rules\": [{\"background_color\": \"rgba(104,188,0,1)\", \"color\": null, \"id\": \"9c7cf130-f84e-11ea-bdee-833d96fe1a00\", \"operator\": \"lt\", \"value\": 10000000000}, {\"background_color\": \"rgba(252,220,0,1)\", \"id\": \"9cb134b8-f84e-11ea-9fd8-cb6a1b33696f\", \"operator\": \"gte\", \"value\": 10000000000}, {\"background_color\": \"rgba(244,78,59,1)\", \"id\": \"9cb588d8-f84e-11ea-af5a-c3012766d944\", \"operator\": \"gt\", \"value\": 20000000000}], \"bar_color_rules\": [{\"id\": \"9cb8a18a-f84e-11ea-bd11-836ecccfc401\"}], \"default_index_pattern\": \"metricbeat-*\", \"default_timefield\": \"@timestamp\", \"drop_last_bucket\": 1, \"filter\": {\"language\": \"kuery\", \"query\": \"event.module: \\\"cloudfoundry\\\" and cloudfoundry.envelope.origin :\\\"bbs\\\" \"}, \"gauge_color_rules\": [{\"gauge\": null, \"id\": \"9ca68d56-f84e-11ea-a6bb-f3164c0bb859\", \"text\": null, \"value\": 0}], \"gauge_inner_width\": 10, \"gauge_max\": \"300000\", \"gauge_style\": \"half\", \"gauge_width\": 10, \"id\": \"9c8aab7c-f84e-11ea-b4a3-e31a518913fa\", \"ignore_global_filter\": 0, \"index_pattern\": \"metricbeat-*\", \"interval\": \">=1m\", \"isModelInvalid\": false, \"legend_position\": \"bottom\", \"series\": [{\"axis_position\": \"right\", \"chart_type\": \"line\", \"color\": \"rgba(115,216,255,1)\", \"fill\": \"0\", \"filter\": {\"language\": \"kuery\", \"query\": \"cloudfoundry.value.name: \\\"ConvergenceLRPDuration\\\" \"}, \"formatter\": \"ns,s,\", \"hidden\": false, \"hide_in_legend\": 0, \"id\": \"9c8c18f4-f84e-11ea-97ff-b32117553dae\", \"label\": \"Max Convergence LRP Duration\", \"line_width\": \"01\", \"metrics\": [{\"field\": \"cloudfoundry.value.value\", \"id\": \"9c8d7514-f84e-11ea-9457-93fdc9395544\", \"type\": \"max\"}], \"offset_time\": \"\", \"point_size\": \"2\", \"separate_axis\": 0, \"split_color_mode\": \"gradient\", \"split_filters\": [{\"color\": \"#68BC00\", \"filter\": {\"language\": \"kuery\", \"query\": \"\"}, \"id\": \"9c753c7e-f84e-11ea-96e9-33ff984da2c7\", \"label\": \"\"}], \"split_mode\": \"everything\", \"stacked\": \"none\", \"steps\": 0, \"terms_field\": \"cf.envelope.deployment\", \"terms_include\": \"\", \"terms_order_by\": \"_key\", \"type\": \"timeseries\", \"value_template\": \"{{value}} s\"}], \"show_grid\": 1, \"show_legend\": 1, \"time_field\": \"@timestamp\", \"time_range_mode\": \"entire_time_range\", \"type\": \"metric\"}, \"title\": \"Diego cell convergence LRP duration [Metricbeat Cloud Foundry]\", \"type\": \"metrics\"}"
            },
            "id": "9caddb24-f84e-11ea-b008-df9bd2aed7cc",
            "migrationVersion": {
                "visualization": "7.8.0"
            },
            "namespaces": [
                "default"
            ],
            "references": [],
            "type": "visualization",
            "updated_at": "2020-09-17T10:33:06.273Z",
            "version": "WzExMCwxXQ=="
        },
        {
            "attributes": {
                "description": "",
                "kibanaSavedObjectMeta": {
                    "searchSourceJSON": "{\"filter\": [], \"query\": {\"language\": \"kuery\", \"query\": \"\"}}"
                },
                "title": "GoRouter latency PAS [Metricbeat Cloud Foundry]",
                "uiStateJSON": "{}",
                "version": 1,
                "visState": "{\"aggs\": [], \"params\": {\"axis_formatter\": \"number\", \"axis_position\": \"left\", \"axis_scale\": \"normal\", \"background_color\": null, \"background_color_rules\": [{\"background_color\": \"rgba(244,78,59,1)\", \"color\": null, \"id\": \"9c7cf130-f84e-11ea-bdee-833d96fe1a00\", \"operator\": \"gt\", \"value\": 60000}], \"bar_color_rules\": [{\"id\": \"9cb8a18a-f84e-11ea-bd11-836ecccfc401\"}], \"default_index_pattern\": \"metricbeat-*\", \"default_timefield\": \"@timestamp\", \"drop_last_bucket\": 1, \"filter\": {\"language\": \"kuery\", \"query\": \"event.module: \\\"cloudfoundry\\\" and cloudfoundry.envelope.origin :\\\"gorouter\\\" \"}, \"gauge_color_rules\": [{\"gauge\": null, \"id\": \"9ca68d56-f84e-11ea-a6bb-f3164c0bb859\", \"text\": null, \"value\": 0}], \"gauge_inner_width\": 10, \"gauge_max\": \"300000\", \"gauge_style\": \"half\", \"gauge_width\": 10, \"id\": \"9c8aab7c-f84e-11ea-b4a3-e31a518913fa\", \"ignore_global_filter\": 0, \"index_pattern\": \"metricbeat-*\", \"interval\": \">=1m\", \"isModelInvalid\": false, \"legend_position\": \"bottom\", \"series\": [{\"axis_position\": \"right\", \"chart_type\": \"line\", \"color\": \"rgba(123,100,255,1)\", \"fill\": \"0.2\", \"filter\": {\"language\": \"kuery\", \"query\": \"cloudfoundry.value.name: \\\"latency\\\"\"}, \"formatter\": \"number\", \"hidden\": false, \"hide_in_legend\": 0, \"id\": \"9c8c18f4-f84e-11ea-97ff-b32117553dae\", \"label\": \"GoRouter latency\", \"line_width\": \"01\", \"metrics\": [{\"field\": \"cloudfoundry.value.value\", \"id\": \"9c8d7514-f84e-11ea-9457-93fdc9395544\", \"type\": \"avg\"}], \"offset_time\": \"\", \"point_size\": \"2\", \"separate_axis\": 0, \"split_color_mode\": \"rainbow\", \"split_filters\": [{\"color\": \"#68BC00\", \"filter\": {\"language\": \"kuery\", \"query\": \"\"}, \"id\": \"9c753c7e-f84e-11ea-96e9-33ff984da2c7\", \"label\": \"\"}], \"split_mode\": \"terms\", \"stacked\": \"none\", \"steps\": 0, \"terms_field\": \"cloudfoundry.envelope.deployment\", \"terms_include\": \"\", \"terms_order_by\": \"_key\", \"type\": \"timeseries\", \"value_template\": \"{{value}} ms\"}], \"show_grid\": 1, \"show_legend\": 1, \"time_field\": \"@timestamp\", \"type\": \"timeseries\"}, \"title\": \"GoRouter latency PAS [Metricbeat Cloud Foundry]\", \"type\": \"metrics\"}"
            },
            "id": "9c58b248-f84e-11ea-87a9-67d346210280",
            "migrationVersion": {
                "visualization": "7.8.0"
            },
            "namespaces": [
                "default"
            ],
            "references": [],
            "type": "visualization",
            "updated_at": "2020-09-17T10:33:06.273Z",
            "version": "WzExMSwxXQ=="
        },
        {
            "attributes": {
                "description": "",
                "kibanaSavedObjectMeta": {
                    "searchSourceJSON": "{\"filter\": [], \"query\": {\"language\": \"kuery\", \"query\": \"\"}}"
                },
                "title": "Diego cell rep time to sync [Metricbeat Cloud Foundry]",
                "uiStateJSON": "{}",
                "version": 1,
                "visState": "{\"aggs\": [], \"params\": {\"axis_formatter\": \"number\", \"axis_position\": \"left\", \"axis_scale\": \"normal\", \"background_color\": null, \"background_color_rules\": [{\"background_color\": \"rgba(244,78,59,1)\", \"color\": null, \"id\": \"9c7cf130-f84e-11ea-bdee-833d96fe1a00\", \"operator\": \"gt\", \"value\": 60000}], \"bar_color_rules\": [{\"id\": \"9cb8a18a-f84e-11ea-bd11-836ecccfc401\"}], \"default_index_pattern\": \"metricbeat-*\", \"default_timefield\": \"@timestamp\", \"drop_last_bucket\": 1, \"filter\": {\"language\": \"kuery\", \"query\": \"event.module: \\\"cloudfoundry\\\" and cloudfoundry.envelope.origin :\\\"rep\\\"\"}, \"gauge_color_rules\": [{\"gauge\": null, \"id\": \"9ca68d56-f84e-11ea-a6bb-f3164c0bb859\", \"text\": null, \"value\": 0}], \"gauge_inner_width\": 10, \"gauge_max\": \"300000\", \"gauge_style\": \"half\", \"gauge_width\": 10, \"id\": \"9c8aab7c-f84e-11ea-b4a3-e31a518913fa\", \"ignore_global_filter\": 0, \"index_pattern\": \"metricbeat-*\", \"interval\": \">=1m\", \"isModelInvalid\": false, \"legend_position\": \"bottom\", \"series\": [{\"axis_position\": \"right\", \"chart_type\": \"line\", \"color\": \"rgba(115,216,255,1)\", \"fill\": \"0\", \"filter\": {\"language\": \"kuery\", \"query\": \"cloudfoundry.value.name: \\\"RepBulkSyncDuration\\\"\"}, \"formatter\": \"ns,ms,2\", \"hidden\": false, \"hide_in_legend\": 0, \"id\": \"9c8c18f4-f84e-11ea-97ff-b32117553dae\", \"label\": \"Cell Rep Time to Sync\", \"line_width\": \"01\", \"metrics\": [{\"field\": \"cloudfoundry.value.value\", \"id\": \"9c8d7514-f84e-11ea-9457-93fdc9395544\", \"type\": \"avg\"}], \"offset_time\": \"\", \"point_size\": \"2\", \"separate_axis\": 0, \"split_color_mode\": \"gradient\", \"split_filters\": [{\"color\": \"#68BC00\", \"filter\": {\"language\": \"kuery\", \"query\": \"\"}, \"id\": \"9c753c7e-f84e-11ea-96e9-33ff984da2c7\", \"label\": \"\"}], \"split_mode\": \"terms\", \"stacked\": \"none\", \"steps\": 0, \"terms_field\": \"cloudfoundry.envelope.deployment\", \"terms_include\": \"\", \"terms_order_by\": \"_key\", \"type\": \"timeseries\", \"value_template\": \"{{value}} ms\"}], \"show_grid\": 1, \"show_legend\": 1, \"time_field\": \"@timestamp\", \"type\": \"timeseries\"}, \"title\": \"Diego cell rep time to sync [Metricbeat Cloud Foundry]\", \"type\": \"metrics\"}"
            },
            "id": "9ca805fa-f84e-11ea-ab90-2b00dd50450c",
            "migrationVersion": {
                "visualization": "7.8.0"
            },
            "namespaces": [
                "default"
            ],
            "references": [],
            "type": "visualization",
            "updated_at": "2020-09-17T10:33:06.273Z",
            "version": "WzExMiwxXQ=="
        },
        {
            "attributes": {
                "description": "",
                "kibanaSavedObjectMeta": {
                    "searchSourceJSON": "{\"filter\": [], \"query\": {\"language\": \"kuery\", \"query\": \"\"}}"
                },
                "title": "Diego cell total disk [Metricbeat Cloud Foundry]",
                "uiStateJSON": "{}",
                "version": 1,
                "visState": "{\"aggs\": [], \"params\": {\"axis_formatter\": \"number\", \"axis_position\": \"left\", \"axis_scale\": \"normal\", \"background_color\": null, \"background_color_rules\": [{\"id\": \"9c8666fc-f84e-11ea-a43e-0f7a3a14396c\"}], \"bar_color_rules\": [{\"id\": \"9cb8a18a-f84e-11ea-bd11-836ecccfc401\"}], \"default_index_pattern\": \"metricbeat-*\", \"default_timefield\": \"@timestamp\", \"drop_last_bucket\": 1, \"filter\": {\"language\": \"kuery\", \"query\": \"event.module: \\\"cloudfoundry\\\" and cloudfoundry.envelope.origin :\\\"rep\\\"  \"}, \"gauge_color_rules\": [{\"gauge\": null, \"id\": \"9ca68d56-f84e-11ea-a6bb-f3164c0bb859\", \"text\": null, \"value\": 0}], \"gauge_inner_width\": 10, \"gauge_max\": \"300000\", \"gauge_style\": \"half\", \"gauge_width\": 10, \"id\": \"9c8aab7c-f84e-11ea-b4a3-e31a518913fa\", \"ignore_global_filter\": 0, \"index_pattern\": \"metricbeat-*\", \"interval\": \">=1m\", \"isModelInvalid\": false, \"legend_position\": \"bottom\", \"series\": [{\"axis_position\": \"right\", \"chart_type\": \"line\", \"color\": \"rgba(115,216,255,1)\", \"fill\": \"0\", \"filter\": {\"language\": \"kuery\", \"query\": \"cloudfoundry.value.name: \\\"CapacityTotalDisk\\\" \"}, \"formatter\": \"0,0\", \"hidden\": false, \"hide_in_legend\": 0, \"id\": \"9c8c18f4-f84e-11ea-97ff-b32117553dae\", \"label\": \"Total Disk\", \"line_width\": \"01\", \"metrics\": [{\"field\": \"cloudfoundry.value.value\", \"id\": \"9c8d7514-f84e-11ea-9457-93fdc9395544\", \"type\": \"avg\"}], \"offset_time\": \"\", \"point_size\": \"2\", \"separate_axis\": 0, \"split_color_mode\": \"gradient\", \"split_filters\": [{\"color\": \"#68BC00\", \"filter\": {\"language\": \"kuery\", \"query\": \"\"}, \"id\": \"9c753c7e-f84e-11ea-96e9-33ff984da2c7\", \"label\": \"\"}], \"split_mode\": \"everything\", \"stacked\": \"none\", \"steps\": 0, \"terms_field\": \"cloudfoundry.envelope.ip\", \"terms_include\": \"\", \"terms_order_by\": \"_key\", \"type\": \"timeseries\", \"value_template\": \"{{value}} MiB\"}], \"show_grid\": 1, \"show_legend\": 1, \"time_field\": \"@timestamp\", \"time_range_mode\": \"entire_time_range\", \"tooltip_mode\": \"show_all\", \"type\": \"metric\"}, \"title\": \"Diego cell total disk [Metricbeat Cloud Foundry]\", \"type\": \"metrics\"}"
            },
            "id": "9c89336e-f84e-11ea-bbcd-23e329286ac7",
            "migrationVersion": {
                "visualization": "7.8.0"
            },
            "namespaces": [
                "default"
            ],
            "references": [],
            "type": "visualization",
            "updated_at": "2020-09-17T10:33:06.273Z",
            "version": "WzExMywxXQ=="
        },
        {
            "attributes": {
                "description": "",
                "kibanaSavedObjectMeta": {
                    "searchSourceJSON": "{\"filter\": [], \"query\": {\"language\": \"kuery\", \"query\": \"\"}}"
                },
                "title": "Diego cell total memory [Metricbeat Cloud Foundry]",
                "uiStateJSON": "{}",
                "version": 1,
                "visState": "{\"aggs\": [], \"params\": {\"axis_formatter\": \"number\", \"axis_position\": \"left\", \"axis_scale\": \"normal\", \"background_color\": null, \"background_color_rules\": [{\"id\": \"9c8666fc-f84e-11ea-a43e-0f7a3a14396c\"}], \"bar_color_rules\": [{\"id\": \"9cb8a18a-f84e-11ea-bd11-836ecccfc401\"}], \"default_index_pattern\": \"metricbeat-*\", \"default_timefield\": \"@timestamp\", \"drop_last_bucket\": 1, \"filter\": {\"language\": \"kuery\", \"query\": \"event.module: \\\"cloudfoundry\\\" and cloudfoundry.envelope.origin :\\\"rep\\\"\"}, \"gauge_color_rules\": [{\"gauge\": null, \"id\": \"9ca68d56-f84e-11ea-a6bb-f3164c0bb859\", \"text\": null, \"value\": 0}], \"gauge_inner_width\": 10, \"gauge_max\": \"300000\", \"gauge_style\": \"half\", \"gauge_width\": 10, \"id\": \"9c8aab7c-f84e-11ea-b4a3-e31a518913fa\", \"ignore_global_filter\": 0, \"index_pattern\": \"metricbeat-*\", \"interval\": \">=1m\", \"isModelInvalid\": false, \"legend_position\": \"bottom\", \"series\": [{\"axis_position\": \"right\", \"chart_type\": \"line\", \"color\": \"rgba(115,216,255,1)\", \"fill\": \"0\", \"filter\": {\"language\": \"kuery\", \"query\": \"cloudfoundry.value.name: \\\"CapacityTotalMemory\\\"   \"}, \"formatter\": \"bytes\", \"hidden\": false, \"hide_in_legend\": 0, \"id\": \"9c8c18f4-f84e-11ea-97ff-b32117553dae\", \"label\": \"Total Memory\", \"line_width\": \"01\", \"metrics\": [{\"field\": \"cloudfoundry.value.value\", \"id\": \"9c8d7514-f84e-11ea-9457-93fdc9395544\", \"type\": \"avg\"}, {\"id\": \"9c9ac4da-f84e-11ea-8efa-7393d43821d0\", \"script\": \"params.megabytes * 1024 * 1024\", \"type\": \"math\", \"variables\": [{\"field\": \"9c8d7514-f84e-11ea-9457-93fdc9395544\", \"id\": \"9c9c36e4-f84e-11ea-bba1-abb4ba65473f\", \"name\": \"megabytes\"}]}], \"offset_time\": \"\", \"point_size\": \"2\", \"separate_axis\": 0, \"split_color_mode\": \"gradient\", \"split_filters\": [{\"color\": \"#68BC00\", \"filter\": {\"language\": \"kuery\", \"query\": \"\"}, \"id\": \"9c753c7e-f84e-11ea-96e9-33ff984da2c7\", \"label\": \"\"}], \"split_mode\": \"everything\", \"stacked\": \"none\", \"steps\": 0, \"terms_field\": \"cloudfoundry.value.value\", \"terms_include\": \"\", \"terms_order_by\": \"_key\", \"type\": \"timeseries\", \"value_template\": \"\"}], \"show_grid\": 1, \"show_legend\": 1, \"time_field\": \"@timestamp\", \"time_range_mode\": \"entire_time_range\", \"tooltip_mode\": \"show_all\", \"type\": \"metric\"}, \"title\": \"Diego cell total memory [Metricbeat Cloud Foundry]\", \"type\": \"metrics\"}"
            },
            "id": "9c9d9c14-f84e-11ea-a575-a30e017a09e9",
            "migrationVersion": {
                "visualization": "7.8.0"
            },
            "namespaces": [
                "default"
            ],
            "references": [],
            "type": "visualization",
            "updated_at": "2020-09-17T10:33:06.273Z",
            "version": "WzExNCwxXQ=="
        },
        {
            "attributes": {
                "description": "",
                "kibanaSavedObjectMeta": {
                    "searchSourceJSON": "{\"filter\": [], \"query\": {\"language\": \"kuery\", \"query\": \"\"}}"
                },
                "title": "Diego cell CPU utilization load [Metricbeat Cloud Foundry]",
                "uiStateJSON": "{}",
                "version": 1,
                "visState": "{\"aggs\": [], \"params\": {\"axis_formatter\": \"number\", \"axis_position\": \"left\", \"axis_scale\": \"normal\", \"background_color\": null, \"background_color_rules\": [{\"background_color\": \"rgba(244,78,59,1)\", \"color\": null, \"id\": \"9c7cf130-f84e-11ea-bdee-833d96fe1a00\", \"operator\": \"gt\", \"value\": 60000}], \"bar_color_rules\": [{\"id\": \"9cb8a18a-f84e-11ea-bd11-836ecccfc401\"}], \"default_index_pattern\": \"metricbeat-*\", \"default_timefield\": \"@timestamp\", \"drop_last_bucket\": 1, \"filter\": {\"language\": \"kuery\", \"query\": \"event.module: \\\"cloudfoundry\\\" and cloudfoundry.envelope.origin :\\\"bosh-system-metrics-forwarder\\\"\"}, \"gauge_color_rules\": [{\"gauge\": null, \"id\": \"9ca68d56-f84e-11ea-a6bb-f3164c0bb859\", \"text\": null, \"value\": 0}], \"gauge_inner_width\": 10, \"gauge_max\": \"300000\", \"gauge_style\": \"half\", \"gauge_width\": 10, \"id\": \"9c8aab7c-f84e-11ea-b4a3-e31a518913fa\", \"ignore_global_filter\": 0, \"index_pattern\": \"metricbeat-*\", \"interval\": \">=1m\", \"isModelInvalid\": false, \"legend_position\": \"bottom\", \"series\": [{\"axis_position\": \"right\", \"chart_type\": \"line\", \"color\": \"rgba(104,188,0,1)\", \"fill\": \"0\", \"filter\": {\"language\": \"kuery\", \"query\": \"cloudfoundry.value.name: \\\"system.cpu.user\\\" \"}, \"formatter\": \"number\", \"hidden\": false, \"hide_in_legend\": 0, \"id\": \"9c8c18f4-f84e-11ea-97ff-b32117553dae\", \"label\": \"Max CPU utilization Load\", \"line_width\": \"2\", \"metrics\": [{\"field\": \"cloudfoundry.value.value\", \"id\": \"9c8d7514-f84e-11ea-9457-93fdc9395544\", \"type\": \"max\"}], \"offset_time\": \"\", \"point_size\": \"4\", \"separate_axis\": 0, \"split_color_mode\": \"rainbow\", \"split_filters\": [{\"color\": \"#68BC00\", \"filter\": {\"language\": \"kuery\", \"query\": \"\"}, \"id\": \"9c753c7e-f84e-11ea-96e9-33ff984da2c7\", \"label\": \"\"}], \"split_mode\": \"everything\", \"stacked\": \"none\", \"steps\": 0, \"terms_field\": null, \"terms_include\": \"\", \"type\": \"timeseries\", \"value_template\": \"{{value}}\"}], \"show_grid\": 1, \"show_legend\": 1, \"time_field\": \"@timestamp\", \"tooltip_mode\": \"show_all\", \"type\": \"timeseries\"}, \"title\": \"Diego cell CPU utilization load [Metricbeat Cloud Foundry]\", \"type\": \"metrics\"}"
            },
            "id": "9c8ed8fa-f84e-11ea-b20d-bb82d7a8e05d",
            "migrationVersion": {
                "visualization": "7.8.0"
            },
            "namespaces": [
                "default"
            ],
            "references": [],
            "type": "visualization",
            "updated_at": "2020-09-17T10:33:06.273Z",
            "version": "WzExNSwxXQ=="
        },
        {
            "attributes": {
                "description": "",
                "kibanaSavedObjectMeta": {
                    "searchSourceJSON": "{\"filter\": [], \"query\": {\"language\": \"kuery\", \"query\": \"\"}}"
                },
                "title": "Diego cell remaining disk [Metricbeat Cloud Foundry]",
                "uiStateJSON": "{}",
                "version": 1,
                "visState": "{\"aggs\": [], \"params\": {\"axis_formatter\": \"number\", \"axis_position\": \"left\", \"axis_scale\": \"normal\", \"background_color\": null, \"background_color_rules\": [{\"id\": \"9c8666fc-f84e-11ea-a43e-0f7a3a14396c\"}], \"bar_color_rules\": [{\"id\": \"9cb8a18a-f84e-11ea-bd11-836ecccfc401\"}], \"default_index_pattern\": \"metricbeat-*\", \"default_timefield\": \"@timestamp\", \"drop_last_bucket\": 1, \"filter\": {\"language\": \"kuery\", \"query\": \"event.module: \\\"cloudfoundry\\\" and cloudfoundry.envelope.origin : \\\"rep\\\"\"}, \"gauge_color_rules\": [{\"gauge\": null, \"id\": \"9ca68d56-f84e-11ea-a6bb-f3164c0bb859\", \"text\": null, \"value\": 0}], \"gauge_inner_width\": 10, \"gauge_max\": \"300000\", \"gauge_style\": \"half\", \"gauge_width\": 10, \"id\": \"9c8aab7c-f84e-11ea-b4a3-e31a518913fa\", \"ignore_global_filter\": 0, \"index_pattern\": \"metricbeat-*\", \"interval\": \">=1m\", \"isModelInvalid\": false, \"legend_position\": \"bottom\", \"series\": [{\"axis_position\": \"right\", \"chart_type\": \"line\", \"color\": \"rgba(115,216,255,1)\", \"fill\": \"0\", \"filter\": {\"language\": \"kuery\", \"query\": \"cloudfoundry.value.name: \\\"CapacityRemainingDisk\\\"  \"}, \"formatter\": \"bytes\", \"hidden\": false, \"hide_in_legend\": 1, \"id\": \"9c8c18f4-f84e-11ea-97ff-b32117553dae\", \"label\": \"Remaining Disk\", \"line_width\": \"01\", \"metrics\": [{\"field\": \"cloudfoundry.value.value\", \"id\": \"9c8d7514-f84e-11ea-9457-93fdc9395544\", \"type\": \"avg\"}, {\"id\": \"9c79728a-f84e-11ea-a0b0-cbbc2af24ed3\", \"script\": \"params.megabytes * 1024 * 1024\", \"type\": \"math\", \"variables\": [{\"field\": \"9c8d7514-f84e-11ea-9457-93fdc9395544\", \"id\": \"9c8030c0-f84e-11ea-acf6-13a6b4ddcd67\", \"name\": \"megabytes\"}]}], \"offset_time\": \"\", \"point_size\": \"2\", \"separate_axis\": 0, \"split_color_mode\": \"gradient\", \"split_filters\": [{\"color\": \"#68BC00\", \"filter\": {\"language\": \"kuery\", \"query\": \"\"}, \"id\": \"9c753c7e-f84e-11ea-96e9-33ff984da2c7\", \"label\": \"\"}], \"split_mode\": \"terms\", \"stacked\": \"none\", \"steps\": 0, \"terms_field\": \"cloudfoundry.envelope.ip\", \"terms_include\": \"\", \"terms_order_by\": \"_key\", \"type\": \"timeseries\", \"value_template\": \"\"}], \"show_grid\": 1, \"show_legend\": 1, \"time_field\": \"@timestamp\", \"time_range_mode\": \"entire_time_range\", \"tooltip_mode\": \"show_all\", \"type\": \"timeseries\"}, \"title\": \"Diego cell remaining disk [Metricbeat Cloud Foundry]\", \"type\": \"metrics\"}"
            },
            "id": "9c948fb6-f84e-11ea-96f5-dff115716ba4",
            "migrationVersion": {
                "visualization": "7.8.0"
            },
            "namespaces": [
                "default"
            ],
            "references": [],
            "type": "visualization",
            "updated_at": "2020-09-17T10:33:06.273Z",
            "version": "WzExNiwxXQ=="
        },
        {
            "attributes": {
                "description": "",
                "kibanaSavedObjectMeta": {
                    "searchSourceJSON": "{\"filter\": [], \"query\": {\"language\": \"kuery\", \"query\": \"\"}}"
                },
                "title": "Diego cell available memory by cell [Metricbeat Cloud Foundry]",
                "uiStateJSON": "{}",
                "version": 1,
                "visState": "{\"aggs\": [], \"params\": {\"axis_formatter\": \"number\", \"axis_position\": \"left\", \"axis_scale\": \"normal\", \"background_color\": null, \"background_color_rules\": [{\"background_color\": \"rgba(244,78,59,1)\", \"color\": null, \"id\": \"9c7cf130-f84e-11ea-bdee-833d96fe1a00\", \"operator\": \"gt\", \"value\": 60000}], \"bar_color_rules\": [{\"id\": \"9cb8a18a-f84e-11ea-bd11-836ecccfc401\"}], \"default_index_pattern\": \"metricbeat-*\", \"default_timefield\": \"@timestamp\", \"drop_last_bucket\": 1, \"filter\": {\"language\": \"kuery\", \"query\": \"event.module: \\\"cloudfoundry\\\" and cloudfoundry.envelope.origin :\\\"rep\\\"\"}, \"gauge_color_rules\": [{\"gauge\": null, \"id\": \"9ca68d56-f84e-11ea-a6bb-f3164c0bb859\", \"text\": null, \"value\": 0}], \"gauge_inner_width\": 10, \"gauge_max\": \"300000\", \"gauge_style\": \"half\", \"gauge_width\": 10, \"id\": \"9c8aab7c-f84e-11ea-b4a3-e31a518913fa\", \"ignore_global_filter\": 0, \"index_pattern\": \"metricbeat-*\", \"interval\": \">=1m\", \"isModelInvalid\": false, \"legend_position\": \"bottom\", \"series\": [{\"axis_position\": \"right\", \"chart_type\": \"line\", \"color\": \"rgba(104,188,0,1)\", \"fill\": \"0\", \"filter\": {\"language\": \"kuery\", \"query\": \"cloudfoundry.value.name: \\\"CapacityRemainingMemory\\\"\"}, \"formatter\": \"bytes\", \"hidden\": false, \"hide_in_legend\": 0, \"id\": \"9c8c18f4-f84e-11ea-97ff-b32117553dae\", \"label\": \"Available memory by cell\", \"line_width\": \"2\", \"metrics\": [{\"field\": \"cloudfoundry.value.value\", \"id\": \"9c8d7514-f84e-11ea-9457-93fdc9395544\", \"type\": \"avg\"}, {\"id\": \"9ca088ac-f84e-11ea-86ca-0f96c7565718\", \"script\": \"params.megabytes*1024*1024\", \"type\": \"math\", \"variables\": [{\"field\": \"9c8d7514-f84e-11ea-9457-93fdc9395544\", \"id\": \"9ca214c4-f84e-11ea-a6d7-0b115dba93eb\", \"name\": \"megabytes\"}]}], \"offset_time\": \"\", \"point_size\": \"4\", \"separate_axis\": 0, \"split_color_mode\": \"rainbow\", \"split_filters\": [{\"color\": \"#68BC00\", \"filter\": {\"language\": \"kuery\", \"query\": \"\"}, \"id\": \"9c753c7e-f84e-11ea-96e9-33ff984da2c7\", \"label\": \"\"}], \"split_mode\": \"terms\", \"stacked\": \"none\", \"steps\": 0, \"terms_direction\": \"asc\", \"terms_field\": \"cloudfoundry.envelope.ip\", \"terms_include\": \"\", \"terms_order_by\": \"9c8d7514-f84e-11ea-9457-93fdc9395544\", \"type\": \"timeseries\", \"value_template\": \"\"}], \"show_grid\": 0, \"show_legend\": 0, \"time_field\": \"@timestamp\", \"tooltip_mode\": \"show_all\", \"type\": \"timeseries\"}, \"title\": \"Diego cell available memory by cell [Metricbeat Cloud Foundry]\", \"type\": \"metrics\"}"
            },
            "id": "9cac69e2-f84e-11ea-b8d4-4b40313a5eb0",
            "migrationVersion": {
                "visualization": "7.8.0"
            },
            "namespaces": [
                "default"
            ],
            "references": [],
            "type": "visualization",
            "updated_at": "2020-09-17T10:33:06.273Z",
            "version": "WzExNywxXQ=="
        },
        {
            "attributes": {
                "description": "",
                "kibanaSavedObjectMeta": {
                    "searchSourceJSON": "{\"filter\": [], \"query\": {\"language\": \"kuery\", \"query\": \"\"}}"
                },
                "title": "GoRouter total routes [Metricbeat Cloud Foundry]",
                "uiStateJSON": "{}",
                "version": 1,
                "visState": "{\"aggs\": [], \"params\": {\"axis_formatter\": \"number\", \"axis_position\": \"left\", \"axis_scale\": \"normal\", \"background_color\": null, \"background_color_rules\": [{\"background_color\": \"rgba(244,78,59,1)\", \"color\": null, \"id\": \"9c7cf130-f84e-11ea-bdee-833d96fe1a00\", \"operator\": \"gt\", \"value\": 60000}], \"bar_color_rules\": [{\"id\": \"9cb8a18a-f84e-11ea-bd11-836ecccfc401\"}], \"default_index_pattern\": \"metricbeat-*\", \"default_timefield\": \"@timestamp\", \"drop_last_bucket\": 1, \"filter\": {\"language\": \"kuery\", \"query\": \"event.module: \\\"cloudfoundry\\\" and cloudfoundry.envelope.origin :\\\"gorouter\\\"\"}, \"gauge_color_rules\": [{\"gauge\": null, \"id\": \"9ca68d56-f84e-11ea-a6bb-f3164c0bb859\", \"text\": null, \"value\": 0}], \"gauge_inner_width\": 10, \"gauge_max\": \"300000\", \"gauge_style\": \"half\", \"gauge_width\": 10, \"id\": \"9c8aab7c-f84e-11ea-b4a3-e31a518913fa\", \"ignore_global_filter\": 0, \"index_pattern\": \"metricbeat-*\", \"interval\": \">=1m\", \"isModelInvalid\": false, \"legend_position\": \"bottom\", \"series\": [{\"axis_position\": \"right\", \"chart_type\": \"line\", \"color\": \"rgba(123,100,255,1)\", \"fill\": \"0\", \"filter\": {\"language\": \"kuery\", \"query\": \"cloudfoundry.value.name: \\\"total_routes\\\"\"}, \"formatter\": \"number\", \"hidden\": false, \"hide_in_legend\": 0, \"id\": \"9c8c18f4-f84e-11ea-97ff-b32117553dae\", \"label\": \"Total routes (ISO)\", \"line_width\": \"01\", \"metrics\": [{\"field\": \"cloudfoundry.value.value\", \"id\": \"9c8d7514-f84e-11ea-9457-93fdc9395544\", \"type\": \"sum\"}], \"offset_time\": \"\", \"point_size\": \"1.5\", \"separate_axis\": 0, \"split_color_mode\": \"rainbow\", \"split_filters\": [{\"color\": \"#68BC00\", \"filter\": {\"language\": \"kuery\", \"query\": \"\"}, \"id\": \"9c753c7e-f84e-11ea-96e9-33ff984da2c7\", \"label\": \"\"}], \"split_mode\": \"terms\", \"stacked\": \"none\", \"steps\": 0, \"terms_field\": \"cloudfoundry.envelope.index\", \"terms_include\": \"\", \"terms_order_by\": \"_key\", \"type\": \"timeseries\", \"value_template\": \"{{value}}\"}], \"show_grid\": 1, \"show_legend\": 1, \"time_field\": \"@timestamp\", \"type\": \"timeseries\"}, \"title\": \"GoRouter total routes [Metricbeat Cloud Foundry]\", \"type\": \"metrics\"}"
            },
            "id": "9c77cf84-f84e-11ea-a3ff-7f7f73eabd57",
            "migrationVersion": {
                "visualization": "7.8.0"
            },
            "namespaces": [
                "default"
            ],
            "references": [],
            "type": "visualization",
            "updated_at": "2020-09-17T10:33:06.273Z",
            "version": "WzExOCwxXQ=="
        }
    ],
    "version": "7.9.0"
}