{
    "objects": [
        {
            "attributes": {
                "description": "Overview of the VSphere virtualmachine metrics",
                "hits": 0,
                "kibanaSavedObjectMeta": {
                    "searchSourceJSON": "{\"filter\": [], \"query\": {\"language\": \"kuery\", \"query\": \"\"}}"
                },
                "optionsJSON": "{\"hidePanelTitles\": false, \"useMargins\": true}",
                "panelsJSON": "[{\"embeddableConfig\": {}, \"gridData\": {\"h\": 18, \"i\": \"80c96802-a5b2-4196-91b7-9e39f59f472b\", \"w\": 24, \"x\": 0, \"y\": 0}, \"panelIndex\": \"80c96802-a5b2-4196-91b7-9e39f59f472b\", \"panelRefName\": \"panel_0\", \"version\": \"7.4.0\"}, {\"embeddableConfig\": {}, \"gridData\": {\"h\": 18, \"i\": \"948b7896-98e3-4260-b06e-78ac354bed69\", \"w\": 24, \"x\": 24, \"y\": 0}, \"panelIndex\": \"948b7896-98e3-4260-b06e-78ac354bed69\", \"panelRefName\": \"panel_1\", \"version\": \"7.4.0\"}, {\"embeddableConfig\": {}, \"gridData\": {\"h\": 19, \"i\": \"b6d0ae24-0b52-4d16-bbcd-a9d6143054d2\", \"w\": 24, \"x\": 0, \"y\": 18}, \"panelIndex\": \"b6d0ae24-0b52-4d16-bbcd-a9d6143054d2\", \"panelRefName\": \"panel_2\", \"version\": \"7.4.0\"}, {\"embeddableConfig\": {}, \"gridData\": {\"h\": 19, \"i\": \"52f8ef2e-3fa3-4494-bdb4-179737fc2fda\", \"w\": 24, \"x\": 24, \"y\": 18}, \"panelIndex\": \"52f8ef2e-3fa3-4494-bdb4-179737fc2fda\", \"panelRefName\": \"panel_3\", \"version\": \"7.4.0\"}, {\"embeddableConfig\": {\"vis\": null}, \"gridData\": {\"h\": 35, \"i\": \"dfc089db-6bab-4410-962d-14cc622d7681\", \"w\": 48, \"x\": 0, \"y\": 37}, \"panelIndex\": \"dfc089db-6bab-4410-962d-14cc622d7681\", \"panelRefName\": \"panel_4\", \"version\": \"7.4.0\"}]",
                "timeRestore": false,
                "title": "[Metricbeat VSphere] VMs overview ECS",
                "version": 1
            },
            "id": "8a2d1540-f049-11e9-aaf3-15199b632da7",
            "migrationVersion": {
                "dashboard": "7.3.0"
            },
            "references": [
                {
                    "id": "dae93d90-f041-11e9-aaf3-15199b632da7",
                    "name": "panel_0",
                    "type": "visualization"
                },
                {
                    "id": "a6026680-f017-11e9-aaf3-15199b632da7",
                    "name": "panel_1",
                    "type": "visualization"
                },
                {
                    "id": "5c6a93a0-f04c-11e9-aaf3-15199b632da7",
                    "name": "panel_2",
                    "type": "visualization"
                },
                {
                    "id": "9afddd20-f04c-11e9-aaf3-15199b632da7",
                    "name": "panel_3",
                    "type": "visualization"
                },
                {
                    "id": "e3a3e080-f018-11e9-aaf3-15199b632da7",
                    "name": "panel_4",
                    "type": "visualization"
                }
            ],
            "type": "dashboard",
            "updated_at": "2019-10-19T09:21:58.142Z",
            "version": "WzY4NywxXQ=="
        },
        {
            "attributes": {
                "description": "",
                "kibanaSavedObjectMeta": {
                    "searchSourceJSON": "{\"filter\": [], \"query\": {\"language\": \"kuery\", \"query\": \"\"}}"
                },
                "savedSearchRefName": "search_0",
                "title": "CPU/RAM/Network per VM [Metricbeat VSphere] ECS",
                "uiStateJSON": "{\"vis\": {\"params\": {\"sort\": {\"columnIndex\": null, \"direction\": null}}}}",
                "version": 1,
                "visState": "{\"aggs\": [{\"enabled\": true, \"id\": \"1\", \"params\": {}, \"schema\": \"metric\", \"type\": \"count\"}, {\"enabled\": true, \"id\": \"2\", \"params\": {\"customLabel\": \"Name\", \"field\": \"vsphere.virtualmachine.name\", \"missingBucket\": false, \"missingBucketLabel\": \"Missing\", \"order\": \"desc\", \"orderBy\": \"1\", \"otherBucket\": false, \"otherBucketLabel\": \"Other\", \"size\": 50}, \"schema\": \"bucket\", \"type\": \"terms\"}, {\"enabled\": true, \"id\": \"5\", \"params\": {\"customLabel\": \"Used CPU\", \"field\": \"vsphere.virtualmachine.cpu.used.mhz\", \"missingBucket\": false, \"missingBucketLabel\": \"Missing\", \"order\": \"desc\", \"orderAgg\": {\"enabled\": true, \"id\": \"5-orderAgg\", \"params\": {\"field\": \"vsphere.virtualmachine.cpu.used.mhz\"}, \"schema\": \"orderAgg\", \"type\": \"max\"}, \"orderBy\": \"custom\", \"otherBucket\": false, \"otherBucketLabel\": \"Other\", \"size\": 5}, \"schema\": \"bucket\", \"type\": \"terms\"}, {\"enabled\": true, \"id\": \"3\", \"params\": {\"customLabel\": \"Total RAM\", \"field\": \"vsphere.virtualmachine.memory.total.guest.bytes\", \"missingBucket\": false, \"missingBucketLabel\": \"Missing\", \"order\": \"desc\", \"orderAgg\": {\"enabled\": true, \"id\": \"3-orderAgg\", \"params\": {\"field\": \"vsphere.virtualmachine.memory.total.guest.bytes\"}, \"schema\": \"orderAgg\", \"type\": \"max\"}, \"orderBy\": \"custom\", \"otherBucket\": false, \"otherBucketLabel\": \"Other\", \"size\": 15}, \"schema\": \"bucket\", \"type\": \"terms\"}, {\"enabled\": true, \"id\": \"4\", \"params\": {\"customLabel\": \"Networks\", \"field\": \"vsphere.virtualmachine.network_names\", \"missingBucket\": false, \"missingBucketLabel\": \"Missing\", \"order\": \"desc\", \"orderBy\": \"1\", \"otherBucket\": false, \"otherBucketLabel\": \"Other\", \"size\": 5}, \"schema\": \"bucket\", \"type\": \"terms\"}], \"params\": {\"dimensions\": {\"buckets\": [{\"accessor\": 0, \"aggType\": \"terms\", \"format\": {\"id\": \"terms\", \"params\": {\"id\": \"string\", \"missingBucketLabel\": \"Missing\", \"otherBucketLabel\": \"Other\"}}, \"params\": {}}, {\"accessor\": 1, \"aggType\": \"terms\", \"format\": {\"id\": \"terms\", \"params\": {\"id\": \"number\", \"missingBucketLabel\": \"Missing\", \"otherBucketLabel\": \"Other\"}}, \"params\": {}}, {\"accessor\": 2, \"aggType\": \"terms\", \"format\": {\"id\": \"terms\", \"params\": {\"id\": \"bytes\", \"missingBucketLabel\": \"Missing\", \"otherBucketLabel\": \"Other\"}}, \"params\": {}}, {\"accessor\": 3, \"aggType\": \"terms\", \"format\": {\"id\": \"terms\", \"params\": {\"id\": \"string\", \"missingBucketLabel\": \"Missing\", \"otherBucketLabel\": \"Other\"}}, \"params\": {}}], \"metrics\": [{\"accessor\": 4, \"aggType\": \"count\", \"format\": {\"id\": \"number\"}, \"params\": {}}]}, \"perPage\": 10, \"percentageCol\": \"\", \"showMetricsAtAllLevels\": false, \"showPartialRows\": false, \"showTotal\": false, \"sort\": {\"columnIndex\": null, \"direction\": null}, \"totalFunc\": \"sum\"}, \"title\": \"CPU/RAM/Network per VM [Metricbeat VSphere] ECS\", \"type\": \"table\"}"
            },
            "id": "dae93d90-f041-11e9-aaf3-15199b632da7",
            "migrationVersion": {
                "visualization": "7.3.1"
            },
            "references": [
                {
                    "id": "1411b690-f017-11e9-aaf3-15199b632da7",
                    "name": "search_0",
                    "type": "search"
                }
            ],
            "type": "visualization",
            "updated_at": "2019-10-19T09:14:27.107Z",
            "version": "WzQ2MCwxXQ=="
        },
        {
            "attributes": {
                "description": "",
                "kibanaSavedObjectMeta": {
                    "searchSourceJSON": "{\"filter\": [], \"query\": {\"language\": \"kuery\", \"query\": \"\"}}"
                },
                "savedSearchRefName": "search_0",
                "title": "OS Distribution [Metricbeat VSphere] ECS",
                "uiStateJSON": "{}",
                "version": 1,
                "visState": "{\"aggs\": [{\"enabled\": true, \"id\": \"1\", \"params\": {}, \"schema\": \"metric\", \"type\": \"count\"}, {\"enabled\": true, \"id\": \"2\", \"params\": {\"customLabel\": \"Operating Systems\", \"field\": \"vsphere.virtualmachine.os\", \"missingBucket\": false, \"missingBucketLabel\": \"Missing\", \"order\": \"desc\", \"orderBy\": \"1\", \"otherBucket\": false, \"otherBucketLabel\": \"Other\", \"size\": 20}, \"schema\": \"segment\", \"type\": \"terms\"}], \"params\": {\"addLegend\": true, \"addTooltip\": true, \"dimensions\": {\"buckets\": [{\"accessor\": 0, \"aggType\": \"terms\", \"format\": {\"id\": \"terms\", \"params\": {\"id\": \"string\", \"missingBucketLabel\": \"Missing\", \"otherBucketLabel\": \"Other\"}}, \"params\": {}}], \"metric\": {\"accessor\": 1, \"aggType\": \"count\", \"format\": {\"id\": \"number\"}, \"params\": {}}}, \"isDonut\": true, \"labels\": {\"last_level\": true, \"show\": false, \"truncate\": 100, \"values\": true}, \"legendPosition\": \"right\", \"type\": \"pie\"}, \"title\": \"OS Pie [Metricbeat VSphere] ECS\", \"type\": \"pie\"}"
            },
            "id": "a6026680-f017-11e9-aaf3-15199b632da7",
            "migrationVersion": {
                "visualization": "7.3.1"
            },
            "references": [
                {
                    "id": "1411b690-f017-11e9-aaf3-15199b632da7",
                    "name": "search_0",
                    "type": "search"
                }
            ],
            "type": "visualization",
            "updated_at": "2019-10-19T09:14:27.107Z",
            "version": "WzQ2MSwxXQ=="
        },
        {
            "attributes": {
                "description": "",
                "kibanaSavedObjectMeta": {
                    "searchSourceJSON": "{\"filter\": [], \"query\": {\"language\": \"kuery\", \"query\": \"\"}}"
                },
                "savedSearchRefName": "search_0",
                "title": "Networks from virtualmachine [Metricbeat VSphere] ECS",
                "uiStateJSON": "{}",
                "version": 1,
                "visState": "{\"aggs\": [{\"enabled\": true, \"id\": \"1\", \"params\": {}, \"schema\": \"metric\", \"type\": \"count\"}, {\"enabled\": true, \"id\": \"2\", \"params\": {\"customLabel\": \"Networks\", \"field\": \"vsphere.virtualmachine.network_names\", \"missingBucket\": false, \"missingBucketLabel\": \"Missing\", \"order\": \"desc\", \"orderBy\": \"1\", \"otherBucket\": false, \"otherBucketLabel\": \"Other\", \"size\": 15}, \"schema\": \"segment\", \"type\": \"terms\"}], \"params\": {\"addLegend\": true, \"addTooltip\": true, \"dimensions\": {\"buckets\": [{\"accessor\": 0, \"aggType\": \"terms\", \"format\": {\"id\": \"terms\", \"params\": {\"id\": \"string\", \"missingBucketLabel\": \"Missing\", \"otherBucketLabel\": \"Other\"}}, \"params\": {}}], \"metric\": {\"accessor\": 1, \"aggType\": \"count\", \"format\": {\"id\": \"number\"}, \"params\": {}}}, \"isDonut\": true, \"labels\": {\"last_level\": true, \"show\": false, \"truncate\": 100, \"values\": true}, \"legendPosition\": \"right\", \"type\": \"pie\"}, \"title\": \"Networks from virtualmachine [Metricbeat VSphere] ECS\", \"type\": \"pie\"}"
            },
            "id": "5c6a93a0-f04c-11e9-aaf3-15199b632da7",
            "migrationVersion": {
                "visualization": "7.3.1"
            },
            "references": [
                {
                    "id": "1411b690-f017-11e9-aaf3-15199b632da7",
                    "name": "search_0",
                    "type": "search"
                }
            ],
            "type": "visualization",
            "updated_at": "2019-10-19T09:14:27.107Z",
            "version": "WzQ2MiwxXQ=="
        },
        {
            "attributes": {
                "description": "",
                "kibanaSavedObjectMeta": {
                    "searchSourceJSON": "{\"filter\": [], \"query\": {\"language\": \"kuery\", \"query\": \"\"}}"
                },
                "savedSearchRefName": "search_0",
                "title": "VMs per ESXI host [Metricbeat VSphere] ECS",
                "uiStateJSON": "{}",
                "version": 1,
                "visState": "{\"aggs\": [{\"enabled\": true, \"id\": \"1\", \"params\": {}, \"schema\": \"metric\", \"type\": \"count\"}, {\"enabled\": true, \"id\": \"2\", \"params\": {\"customLabel\": \"VM ESXi Host\", \"field\": \"vsphere.virtualmachine.host.hostname\", \"missingBucket\": false, \"missingBucketLabel\": \"Missing\", \"order\": \"desc\", \"orderBy\": \"1\", \"otherBucket\": false, \"otherBucketLabel\": \"Other\", \"size\": 20}, \"schema\": \"segment\", \"type\": \"terms\"}], \"params\": {\"addLegend\": true, \"addTooltip\": true, \"dimensions\": {\"buckets\": [{\"accessor\": 0, \"aggType\": \"terms\", \"format\": {\"id\": \"terms\", \"params\": {\"id\": \"string\", \"missingBucketLabel\": \"Missing\", \"otherBucketLabel\": \"Other\"}}, \"params\": {}}], \"metric\": {\"accessor\": 1, \"aggType\": \"count\", \"format\": {\"id\": \"number\"}, \"params\": {}}}, \"isDonut\": true, \"labels\": {\"last_level\": true, \"show\": false, \"truncate\": 100, \"values\": true}, \"legendPosition\": \"right\", \"type\": \"pie\"}, \"title\": \"how many VMs run on a ESXI host [Metricbeat VSphere] ECS\", \"type\": \"pie\"}"
            },
            "id": "9afddd20-f04c-11e9-aaf3-15199b632da7",
            "migrationVersion": {
                "visualization": "7.3.1"
            },
            "references": [
                {
                    "id": "1411b690-f017-11e9-aaf3-15199b632da7",
                    "name": "search_0",
                    "type": "search"
                }
            ],
            "type": "visualization",
            "updated_at": "2019-10-19T09:14:27.107Z",
            "version": "WzQ2MywxXQ=="
        },
        {
            "attributes": {
                "description": "",
                "kibanaSavedObjectMeta": {
                    "searchSourceJSON": "{\"filter\": [], \"query\": {\"language\": \"kuery\", \"query\": \"\"}}"
                },
                "savedSearchRefName": "search_0",
                "title": "VM placements on ESXi Hosts[Metricbeat VSphere] ECS",
                "uiStateJSON": "{\"vis\": {\"defaultColors\": {\"0 - 40\": \"rgb(247,252,245)\", \"120 - 160\": \"rgb(35,139,69)\", \"40 - 80\": \"rgb(199,233,192)\", \"80 - 120\": \"rgb(116,196,118)\"}}}",
                "version": 1,
                "visState": "{\"aggs\": [{\"enabled\": true, \"id\": \"1\", \"params\": {}, \"schema\": \"metric\", \"type\": \"count\"}, {\"enabled\": true, \"id\": \"2\", \"params\": {\"customLabel\": \"VM Name\", \"field\": \"vsphere.virtualmachine.name\", \"missingBucket\": false, \"missingBucketLabel\": \"Missing\", \"order\": \"desc\", \"orderBy\": \"1\", \"otherBucket\": false, \"otherBucketLabel\": \"Other\", \"size\": 50}, \"schema\": \"group\", \"type\": \"terms\"}, {\"enabled\": true, \"id\": \"3\", \"params\": {\"customLabel\": \"ESXi Host\", \"field\": \"vsphere.virtualmachine.host.hostname\", \"missingBucket\": false, \"missingBucketLabel\": \"Missing\", \"order\": \"desc\", \"orderBy\": \"1\", \"otherBucket\": false, \"otherBucketLabel\": \"Other\", \"size\": 50}, \"schema\": \"segment\", \"type\": \"terms\"}], \"params\": {\"addLegend\": true, \"addTooltip\": true, \"colorSchema\": \"Greens\", \"colorsNumber\": 4, \"colorsRange\": [], \"dimensions\": {\"series\": [{\"accessor\": 0, \"aggType\": \"terms\", \"format\": {\"id\": \"terms\", \"params\": {\"id\": \"string\", \"missingBucketLabel\": \"Missing\", \"otherBucketLabel\": \"Other\"}}, \"params\": {}}], \"x\": {\"accessor\": 1, \"aggType\": \"terms\", \"format\": {\"id\": \"terms\", \"params\": {\"id\": \"string\", \"missingBucketLabel\": \"Missing\", \"otherBucketLabel\": \"Other\"}}, \"params\": {}}, \"y\": [{\"accessor\": 2, \"aggType\": \"count\", \"format\": {\"id\": \"number\"}, \"params\": {}}]}, \"enableHover\": false, \"invertColors\": false, \"legendPosition\": \"right\", \"percentageMode\": false, \"setColorRange\": false, \"times\": [], \"type\": \"heatmap\", \"valueAxes\": [{\"id\": \"ValueAxis-1\", \"labels\": {\"color\": \"black\", \"overwriteColor\": false, \"rotate\": 0, \"show\": false}, \"scale\": {\"defaultYExtents\": false, \"type\": \"linear\"}, \"show\": false, \"type\": \"value\"}]}, \"title\": \"VM placements on ESXi Hosts[Metricbeat VSphere] ECS\", \"type\": \"heatmap\"}"
            },
            "id": "e3a3e080-f018-11e9-aaf3-15199b632da7",
            "migrationVersion": {
                "visualization": "7.3.1"
            },
            "references": [
                {
                    "id": "1411b690-f017-11e9-aaf3-15199b632da7",
                    "name": "search_0",
                    "type": "search"
                }
            ],
            "type": "visualization",
            "updated_at": "2019-10-19T09:14:27.107Z",
            "version": "WzQ2NCwxXQ=="
        },
        {
            "attributes": {
                "columns": [
                    "_source"
                ],
                "description": "",
                "hits": 0,
                "kibanaSavedObjectMeta": {
                    "searchSourceJSON": "{\"filter\": [], \"highlightAll\": true, \"indexRefName\": \"kibanaSavedObjectMeta.searchSourceJSON.index\", \"query\": {\"language\": \"kuery\", \"query\": \"event.module: \\\"vsphere\\\" \"}, \"version\": true}"
                },
                "sort": [
                    [
                        "@timestamp",
                        "desc"
                    ]
                ],
                "title": "search for event module [Metricbeat VSphere] ECS",
                "version": 1
            },
            "id": "1411b690-f017-11e9-aaf3-15199b632da7",
            "migrationVersion": {
                "search": "7.4.0"
            },
            "references": [
                {
                    "id": "metricbeat-*",
                    "name": "kibanaSavedObjectMeta.searchSourceJSON.index",
                    "type": "index-pattern"
                }
            ],
            "type": "search",
            "updated_at": "2019-10-19T09:14:27.107Z",
            "version": "WzMwNiwxXQ=="
        }
    ],
    "version": "7.4.0"
}