{
    "objects": [
        {
            "attributes": {
                "description": "This dashboard shows metrics for the websites running on IIS.",
                "hits": 0,
                "kibanaSavedObjectMeta": {
                    "searchSourceJSON": "{\"filter\": [], \"query\": {\"language\": \"kuery\", \"query\": \"\"}}"
                },
                "optionsJSON": "{\"hidePanelTitles\": false, \"useMargins\": true}",
                "panelsJSON": "[{\"embeddableConfig\": {\"title\": \"\"}, \"gridData\": {\"h\": 6, \"i\": \"e8bd7244-57bf-4e16-b096-4fa7cb8cbba8\", \"w\": 9, \"x\": 0, \"y\": 0}, \"panelIndex\": \"e8bd7244-57bf-4e16-b096-4fa7cb8cbba8\", \"panelRefName\": \"panel_0\", \"version\": \"7.6.0\"}, {\"embeddableConfig\": {\"title\": \"Current Connections\"}, \"gridData\": {\"h\": 12, \"i\": \"193cca9a-a5c3-40c4-a9af-1020b279b845\", \"w\": 13, \"x\": 9, \"y\": 0}, \"panelIndex\": \"193cca9a-a5c3-40c4-a9af-1020b279b845\", \"panelRefName\": \"panel_1\", \"title\": \"Current Connections\", \"version\": \"7.6.0\"}, {\"embeddableConfig\": {\"title\": \"Maximum Connections\"}, \"gridData\": {\"h\": 12, \"i\": \"7b5d1298-0480-443a-bf0e-5b594903c680\", \"w\": 13, \"x\": 22, \"y\": 0}, \"panelIndex\": \"7b5d1298-0480-443a-bf0e-5b594903c680\", \"panelRefName\": \"panel_2\", \"title\": \"Maximum Connections\", \"version\": \"7.6.0\"}, {\"embeddableConfig\": {\"title\": \"Total Connection Attempts\"}, \"gridData\": {\"h\": 12, \"i\": \"fd0c5fd7-4df8-44d9-905f-5634f49ae875\", \"w\": 13, \"x\": 35, \"y\": 0}, \"panelIndex\": \"fd0c5fd7-4df8-44d9-905f-5634f49ae875\", \"panelRefName\": \"panel_3\", \"title\": \"Total Connection Attempts\", \"version\": \"7.6.0\"}, {\"embeddableConfig\": {\"title\": \"Filters\"}, \"gridData\": {\"h\": 6, \"i\": \"69a127c6-8c4f-403a-aded-7a49dc3d3cd9\", \"w\": 9, \"x\": 0, \"y\": 6}, \"panelIndex\": \"69a127c6-8c4f-403a-aded-7a49dc3d3cd9\", \"panelRefName\": \"panel_4\", \"title\": \"Filters\", \"version\": \"7.6.0\"}, {\"embeddableConfig\": {\"title\": \"Service Uptime\"}, \"gridData\": {\"h\": 12, \"i\": \"545b1abe-fd22-455b-8bc6-68bd48c2d384\", \"w\": 9, \"x\": 0, \"y\": 12}, \"panelIndex\": \"545b1abe-fd22-455b-8bc6-68bd48c2d384\", \"panelRefName\": \"panel_5\", \"title\": \"Service Uptime\", \"version\": \"7.6.0\"}, {\"embeddableConfig\": {\"title\": \"Bytes Sent/sec\"}, \"gridData\": {\"h\": 12, \"i\": \"c026e461-8b64-4952-be07-744773cb18b9\", \"w\": 20, \"x\": 9, \"y\": 12}, \"panelIndex\": \"c026e461-8b64-4952-be07-744773cb18b9\", \"panelRefName\": \"panel_6\", \"title\": \"Bytes Sent/sec\", \"version\": \"7.6.0\"}, {\"embeddableConfig\": {\"title\": \"Bytes Received/sec\"}, \"gridData\": {\"h\": 12, \"i\": \"98b6e727-3343-43df-84e1-12933856f432\", \"w\": 19, \"x\": 29, \"y\": 12}, \"panelIndex\": \"98b6e727-3343-43df-84e1-12933856f432\", \"panelRefName\": \"panel_7\", \"title\": \"Bytes Received/sec\", \"version\": \"7.6.0\"}, {\"embeddableConfig\": {\"title\": \"GET Requests/sec\"}, \"gridData\": {\"h\": 12, \"i\": \"d4b32bd4-dee2-44e2-930d-91e4607c0668\", \"w\": 12, \"x\": 0, \"y\": 24}, \"panelIndex\": \"d4b32bd4-dee2-44e2-930d-91e4607c0668\", \"panelRefName\": \"panel_8\", \"title\": \"GET Requests/sec\", \"version\": \"7.6.0\"}, {\"embeddableConfig\": {\"title\": \"POST Requests/sec\"}, \"gridData\": {\"h\": 12, \"i\": \"d24b5bb0-6dc3-40ba-91cb-5ca5e48a3afa\", \"w\": 12, \"x\": 12, \"y\": 24}, \"panelIndex\": \"d24b5bb0-6dc3-40ba-91cb-5ca5e48a3afa\", \"panelRefName\": \"panel_9\", \"title\": \"POST Requests/sec\", \"version\": \"7.6.0\"}, {\"embeddableConfig\": {\"title\": \"PUT Requests/sec\"}, \"gridData\": {\"h\": 12, \"i\": \"c8cfac9e-ad2a-4ddf-94c9-0454e987b2b8\", \"w\": 12, \"x\": 24, \"y\": 24}, \"panelIndex\": \"c8cfac9e-ad2a-4ddf-94c9-0454e987b2b8\", \"panelRefName\": \"panel_10\", \"title\": \"PUT Requests/sec\", \"version\": \"7.6.0\"}, {\"embeddableConfig\": {\"title\": \"DELETE Requests/sec\"}, \"gridData\": {\"h\": 12, \"i\": \"41b4d631-4878-49af-b34b-f04f473599c8\", \"w\": 12, \"x\": 36, \"y\": 24}, \"panelIndex\": \"41b4d631-4878-49af-b34b-f04f473599c8\", \"panelRefName\": \"panel_11\", \"title\": \"DELETE Requests/sec\", \"version\": \"7.6.0\"}, {\"embeddableConfig\": {\"title\": \"Total DELETE Requests\"}, \"gridData\": {\"h\": 12, \"i\": \"90d9d209-6ef9-4ab7-b9a2-48a1f420e555\", \"w\": 12, \"x\": 36, \"y\": 36}, \"panelIndex\": \"90d9d209-6ef9-4ab7-b9a2-48a1f420e555\", \"panelRefName\": \"panel_12\", \"title\": \"Total DELETE Requests\", \"version\": \"7.6.0\"}, {\"embeddableConfig\": {\"title\": \"Total GET Requests\"}, \"gridData\": {\"h\": 12, \"i\": \"c7379d87-3da3-4be4-a8bd-8db04da66ba4\", \"w\": 12, \"x\": 0, \"y\": 36}, \"panelIndex\": \"c7379d87-3da3-4be4-a8bd-8db04da66ba4\", \"panelRefName\": \"panel_13\", \"title\": \"Total GET Requests\", \"version\": \"7.6.0\"}, {\"embeddableConfig\": {\"title\": \"Total POST Requests\"}, \"gridData\": {\"h\": 12, \"i\": \"9a22a36c-5fe8-4cc2-be23-4d9db2d7beda\", \"w\": 12, \"x\": 12, \"y\": 36}, \"panelIndex\": \"9a22a36c-5fe8-4cc2-be23-4d9db2d7beda\", \"panelRefName\": \"panel_14\", \"title\": \"Total POST Requests\", \"version\": \"7.6.0\"}, {\"embeddableConfig\": {\"title\": \"Total PUT Requests \"}, \"gridData\": {\"h\": 12, \"i\": \"6cf940a0-eb04-447b-8f7e-d4561f8838ac\", \"w\": 12, \"x\": 24, \"y\": 36}, \"panelIndex\": \"6cf940a0-eb04-447b-8f7e-d4561f8838ac\", \"panelRefName\": \"panel_15\", \"title\": \"Total PUT Requests \", \"version\": \"7.6.0\"}]",
                "timeRestore": false,
                "title": "[Metricbeat IIS] Website Overview",
                "version": 1
            },
            "id": "4b975820-85a1-11ea-91bc-ab084c7ec0e7",
            "migrationVersion": {
                "dashboard": "7.3.0"
            },
            "references": [
                {
                    "id": "f9723710-8602-11ea-91bc-ab084c7ec0e7",
                    "name": "panel_0",
                    "type": "visualization"
                },
                {
                    "id": "57d914d0-860e-11ea-91bc-ab084c7ec0e7",
                    "name": "panel_1",
                    "type": "visualization"
                },
                {
                    "id": "6db58c20-860e-11ea-91bc-ab084c7ec0e7",
                    "name": "panel_2",
                    "type": "visualization"
                },
                {
                    "id": "e3ee4990-860e-11ea-91bc-ab084c7ec0e7",
                    "name": "panel_3",
                    "type": "visualization"
                },
                {
                    "id": "b7230190-8603-11ea-91bc-ab084c7ec0e7",
                    "name": "panel_4",
                    "type": "visualization"
                },
                {
                    "id": "4557d670-860e-11ea-91bc-ab084c7ec0e7",
                    "name": "panel_5",
                    "type": "visualization"
                },
                {
                    "id": "c784f9b0-8614-11ea-91bc-ab084c7ec0e7",
                    "name": "panel_6",
                    "type": "visualization"
                },
                {
                    "id": "96fe7d70-8614-11ea-91bc-ab084c7ec0e7",
                    "name": "panel_7",
                    "type": "visualization"
                },
                {
                    "id": "4921d5c0-8619-11ea-91bc-ab084c7ec0e7",
                    "name": "panel_8",
                    "type": "visualization"
                },
                {
                    "id": "7dabd8e0-8619-11ea-91bc-ab084c7ec0e7",
                    "name": "panel_9",
                    "type": "visualization"
                },
                {
                    "id": "a9427270-8619-11ea-91bc-ab084c7ec0e7",
                    "name": "panel_10",
                    "type": "visualization"
                },
                {
                    "id": "7453b910-8624-11ea-91bc-ab084c7ec0e7",
                    "name": "panel_11",
                    "type": "visualization"
                },
                {
                    "id": "8ee988d0-861b-11ea-91bc-ab084c7ec0e7",
                    "name": "panel_12",
                    "type": "visualization"
                },
                {
                    "id": "1b4f8790-861a-11ea-91bc-ab084c7ec0e7",
                    "name": "panel_13",
                    "type": "visualization"
                },
                {
                    "id": "31ed84b0-861b-11ea-91bc-ab084c7ec0e7",
                    "name": "panel_14",
                    "type": "visualization"
                },
                {
                    "id": "54038fe0-861b-11ea-91bc-ab084c7ec0e7",
                    "name": "panel_15",
                    "type": "visualization"
                }
            ],
            "type": "dashboard",
            "updated_at": "2020-04-24T12:15:15.363Z",
            "version": "Wzk1OTcsMTNd"
        },
        {
            "attributes": {
                "description": "",
                "kibanaSavedObjectMeta": {
                    "searchSourceJSON": "{\"filter\": [], \"query\": {\"language\": \"kuery\", \"query\": \"\"}}"
                },
                "title": "Navigation Website Overview [Metricbeat IIS]",
                "uiStateJSON": "{}",
                "version": 1,
                "visState": "{\"aggs\": [], \"params\": {\"fontSize\": 10, \"markdown\": \"### IIS\\n\\n[Webserver](#/dashboard/ebc23240-8572-11ea-91bc-ab084c7ec0e7)| [Webserver processes](#/dashboard/2c171500-858b-11ea-91bc-ab084c7ec0e7) | [**Websites**](#/dashboard/4b975820-85a1-11ea-91bc-ab084c7ec0e7) | [Application Pools](#/dashboard/b4108810-861c-11ea-91bc-ab084c7ec0e7) \\n\\n\\n\\n\", \"openLinksInNewTab\": false}, \"title\": \"Navigation Website Overview [Metricbeat IIS]\", \"type\": \"markdown\"}"
            },
            "id": "f9723710-8602-11ea-91bc-ab084c7ec0e7",
            "migrationVersion": {
                "visualization": "7.4.2"
            },
            "references": [],
            "type": "visualization",
            "updated_at": "2020-04-24T12:15:06.609Z",
            "version": "Wzk1ODIsMTNd"
        },
        {
            "attributes": {
                "description": "",
                "kibanaSavedObjectMeta": {
                    "searchSourceJSON": "{\"filter\": [], \"query\": {\"language\": \"kuery\", \"query\": \"\"}}"
                },
                "title": "Website Current Connections [Metricbeat IIS]",
                "uiStateJSON": "{}",
                "version": 1,
                "visState": "{\"aggs\": [], \"params\": {\"axis_formatter\": \"number\", \"axis_min\": 0, \"axis_position\": \"left\", \"axis_scale\": \"normal\", \"background_color\": null, \"background_color_rules\": [{\"id\": \"71978870-32e4-11ea-af9e-d70582a45bda\"}], \"bar_color_rules\": [{\"id\": \"f11cfd90-32e5-11ea-af9e-d70582a45bda\"}], \"default_index_pattern\": \"metricbeat-*\", \"default_timefield\": \"@timestamp\", \"drilldown_url\": \"\", \"filter\": {\"language\": \"kuery\", \"query\": \"\"}, \"gauge_color_rules\": [{\"id\": \"9c09ed50-32e4-11ea-af9e-d70582a45bda\"}], \"gauge_inner_color\": null, \"gauge_inner_width\": \"6\", \"gauge_style\": \"circle\", \"gauge_width\": \"10\", \"id\": \"61fb4190-32e4-11ea-b9f8-4d0b340ad993\", \"index_pattern\": \"metricbeat-*\", \"interval\": \"60m\", \"isModelInvalid\": false, \"pivot_id\": \"cloud.instance.name\", \"pivot_label\": \"Resource Name\", \"pivot_rows\": \"30\", \"pivot_type\": \"string\", \"series\": [{\"axis_position\": \"right\", \"chart_type\": \"line\", \"color\": \"rgba(104,188,0,1)\", \"fill\": \"1.2\", \"filter\": {\"language\": \"kuery\", \"query\": \"\"}, \"formatter\": \"number\", \"id\": \"61fb4191-32e4-11ea-b9f8-4d0b340ad993\", \"label\": \"Current Connections\", \"line_width\": 2, \"metrics\": [{\"agg_with\": \"avg\", \"field\": \"iis.website.network.current_connections\", \"id\": \"61fb4192-32e4-11ea-b9f8-4d0b340ad993\", \"order\": \"desc\", \"order_by\": \"@timestamp\", \"size\": 1, \"type\": \"top_hit\"}], \"point_size\": 0, \"separate_axis\": 0, \"split_color_mode\": \"gradient\", \"split_mode\": \"terms\", \"stacked\": \"none\", \"terms_field\": \"iis.website.name\", \"terms_order_by\": \"_count\", \"type\": \"timeseries\", \"value_template\": \"{{value}}\"}], \"show_grid\": 1, \"show_legend\": 1, \"time_field\": \"@timestamp\", \"time_range_mode\": \"entire_time_range\", \"type\": \"top_n\"}, \"title\": \"Website Current Connections [Metricbeat IIS]\", \"type\": \"metrics\"}"
            },
            "id": "57d914d0-860e-11ea-91bc-ab084c7ec0e7",
            "migrationVersion": {
                "visualization": "7.4.2"
            },
            "references": [],
            "type": "visualization",
            "updated_at": "2020-04-24T10:09:05.853Z",
            "version": "Wzg3NTksMTNd"
        },
        {
            "attributes": {
                "description": "",
                "kibanaSavedObjectMeta": {
                    "searchSourceJSON": "{\"filter\": [], \"query\": {\"language\": \"kuery\", \"query\": \"\"}}"
                },
                "title": "Website Maximum Connections [Metricbeat IIS]",
                "uiStateJSON": "{}",
                "version": 1,
                "visState": "{\"aggs\": [], \"params\": {\"axis_formatter\": \"number\", \"axis_min\": 0, \"axis_position\": \"left\", \"axis_scale\": \"normal\", \"background_color\": null, \"background_color_rules\": [{\"id\": \"71978870-32e4-11ea-af9e-d70582a45bda\"}], \"bar_color_rules\": [{\"id\": \"f11cfd90-32e5-11ea-af9e-d70582a45bda\"}], \"default_index_pattern\": \"metricbeat-*\", \"default_timefield\": \"@timestamp\", \"drilldown_url\": \"\", \"filter\": {\"language\": \"kuery\", \"query\": \"\"}, \"gauge_color_rules\": [{\"id\": \"9c09ed50-32e4-11ea-af9e-d70582a45bda\"}], \"gauge_inner_color\": null, \"gauge_inner_width\": \"6\", \"gauge_style\": \"circle\", \"gauge_width\": \"10\", \"id\": \"61fb4190-32e4-11ea-b9f8-4d0b340ad993\", \"index_pattern\": \"metricbeat-*\", \"interval\": \"60m\", \"isModelInvalid\": false, \"pivot_id\": \"cloud.instance.name\", \"pivot_label\": \"Resource Name\", \"pivot_rows\": \"30\", \"pivot_type\": \"string\", \"series\": [{\"axis_position\": \"right\", \"chart_type\": \"line\", \"color\": \"rgba(104,204,202,1)\", \"fill\": \"1.2\", \"filter\": {\"language\": \"kuery\", \"query\": \"\"}, \"formatter\": \"number\", \"id\": \"61fb4191-32e4-11ea-b9f8-4d0b340ad993\", \"label\": \"Maximum Connections\", \"line_width\": 2, \"metrics\": [{\"agg_with\": \"avg\", \"field\": \"iis.website.network.maximum_connections\", \"id\": \"61fb4192-32e4-11ea-b9f8-4d0b340ad993\", \"order\": \"desc\", \"order_by\": \"@timestamp\", \"size\": 1, \"type\": \"top_hit\"}], \"point_size\": 0, \"separate_axis\": 0, \"split_color_mode\": \"gradient\", \"split_mode\": \"terms\", \"stacked\": \"none\", \"terms_field\": \"iis.website.name\", \"terms_order_by\": \"61fb4192-32e4-11ea-b9f8-4d0b340ad993\", \"type\": \"timeseries\", \"value_template\": \"{{value}}\"}], \"show_grid\": 1, \"show_legend\": 1, \"time_field\": \"@timestamp\", \"time_range_mode\": \"entire_time_range\", \"type\": \"top_n\"}, \"title\": \"Website Maximum Connections [Metricbeat IIS]\", \"type\": \"metrics\"}"
            },
            "id": "6db58c20-860e-11ea-91bc-ab084c7ec0e7",
            "migrationVersion": {
                "visualization": "7.4.2"
            },
            "references": [],
            "type": "visualization",
            "updated_at": "2020-04-24T10:07:57.207Z",
            "version": "Wzg3NDMsMTNd"
        },
        {
            "attributes": {
                "description": "",
                "kibanaSavedObjectMeta": {
                    "searchSourceJSON": "{\"filter\": [], \"query\": {\"language\": \"kuery\", \"query\": \"\"}}"
                },
                "title": "Website Total Connection Attempts [Metricbeat IIS]",
                "uiStateJSON": "{}",
                "version": 1,
                "visState": "{\"aggs\": [], \"params\": {\"axis_formatter\": \"number\", \"axis_min\": 0, \"axis_position\": \"left\", \"axis_scale\": \"normal\", \"background_color\": null, \"background_color_rules\": [{\"id\": \"71978870-32e4-11ea-af9e-d70582a45bda\"}], \"bar_color_rules\": [{\"id\": \"f11cfd90-32e5-11ea-af9e-d70582a45bda\"}], \"default_index_pattern\": \"metricbeat-*\", \"default_timefield\": \"@timestamp\", \"drilldown_url\": \"\", \"filter\": {\"language\": \"kuery\", \"query\": \"\"}, \"gauge_color_rules\": [{\"id\": \"9c09ed50-32e4-11ea-af9e-d70582a45bda\"}], \"gauge_inner_color\": null, \"gauge_inner_width\": \"6\", \"gauge_style\": \"circle\", \"gauge_width\": \"10\", \"id\": \"61fb4190-32e4-11ea-b9f8-4d0b340ad993\", \"index_pattern\": \"metricbeat-*\", \"interval\": \"60m\", \"isModelInvalid\": false, \"pivot_id\": \"cloud.instance.name\", \"pivot_label\": \"Resource Name\", \"pivot_rows\": \"30\", \"pivot_type\": \"string\", \"series\": [{\"axis_position\": \"right\", \"chart_type\": \"line\", \"color\": \"rgba(251,158,0,1)\", \"fill\": \"1.2\", \"filter\": {\"language\": \"kuery\", \"query\": \"\"}, \"formatter\": \"number\", \"id\": \"61fb4191-32e4-11ea-b9f8-4d0b340ad993\", \"label\": \"Total Connection Attempts\", \"line_width\": 2, \"metrics\": [{\"agg_with\": \"avg\", \"field\": \"iis.website.network.total_connection_attempts\", \"id\": \"61fb4192-32e4-11ea-b9f8-4d0b340ad993\", \"order\": \"desc\", \"order_by\": \"@timestamp\", \"size\": 1, \"type\": \"top_hit\"}], \"point_size\": 0, \"separate_axis\": 0, \"split_color_mode\": \"gradient\", \"split_mode\": \"terms\", \"stacked\": \"none\", \"terms_field\": \"iis.website.name\", \"terms_order_by\": \"_count\", \"type\": \"timeseries\", \"value_template\": \"{{value}}\"}], \"show_grid\": 1, \"show_legend\": 1, \"time_field\": \"@timestamp\", \"time_range_mode\": \"entire_time_range\", \"type\": \"top_n\"}, \"title\": \"Website Total Connection Attempts [Metricbeat IIS]\", \"type\": \"metrics\"}"
            },
            "id": "e3ee4990-860e-11ea-91bc-ab084c7ec0e7",
            "migrationVersion": {
                "visualization": "7.4.2"
            },
            "references": [],
            "type": "visualization",
            "updated_at": "2020-04-24T10:08:45.818Z",
            "version": "Wzg3NTMsMTNd"
        },
        {
            "attributes": {
                "description": "",
                "kibanaSavedObjectMeta": {
                    "searchSourceJSON": "{\"filter\": [], \"query\": {\"language\": \"kuery\", \"query\": \"\"}}"
                },
                "title": "Website Filters [Metricbeat IIS]",
                "uiStateJSON": "{}",
                "version": 1,
                "visState": "{\"aggs\": [], \"params\": {\"controls\": [{\"fieldName\": \"iis.website.name\", \"id\": \"1549397251041\", \"indexPatternRefName\": \"control_0_index_pattern\", \"label\": \"Website\", \"options\": {\"dynamicOptions\": true, \"multiselect\": true, \"order\": \"desc\", \"size\": 5, \"type\": \"terms\"}, \"parent\": \"\", \"type\": \"list\"}], \"pinFilters\": false, \"updateFiltersOnChange\": true, \"useTimeFilter\": false}, \"title\": \"Website Filters [Metricbeat IIS]\", \"type\": \"input_control_vis\"}"
            },
            "id": "b7230190-8603-11ea-91bc-ab084c7ec0e7",
            "migrationVersion": {
                "visualization": "7.4.2"
            },
            "references": [
                {
                    "id": "metricbeat-*",
                    "name": "control_0_index_pattern",
                    "type": "index-pattern"
                }
            ],
            "type": "visualization",
            "updated_at": "2020-04-24T09:47:17.191Z",
            "version": "Wzg2NDUsMTNd"
        },
        {
            "attributes": {
                "description": "",
                "kibanaSavedObjectMeta": {
                    "searchSourceJSON": "{\"filter\": [], \"query\": {\"language\": \"kuery\", \"query\": \"\"}}"
                },
                "title": "Website Service Uptime [Metricbeat IIS]",
                "uiStateJSON": "{}",
                "version": 1,
                "visState": "{\"aggs\": [], \"params\": {\"axis_formatter\": \"number\", \"axis_min\": 0, \"axis_position\": \"left\", \"axis_scale\": \"normal\", \"background_color\": null, \"background_color_rules\": [{\"id\": \"71978870-32e4-11ea-af9e-d70582a45bda\"}], \"bar_color_rules\": [{\"id\": \"f11cfd90-32e5-11ea-af9e-d70582a45bda\"}], \"default_index_pattern\": \"metricbeat-*\", \"default_timefield\": \"@timestamp\", \"drilldown_url\": \"\", \"filter\": {\"language\": \"kuery\", \"query\": \"\"}, \"gauge_color_rules\": [{\"id\": \"9c09ed50-32e4-11ea-af9e-d70582a45bda\"}], \"gauge_inner_color\": null, \"gauge_inner_width\": \"6\", \"gauge_style\": \"circle\", \"gauge_width\": \"10\", \"id\": \"61fb4190-32e4-11ea-b9f8-4d0b340ad993\", \"index_pattern\": \"metricbeat-*\", \"interval\": \"60m\", \"isModelInvalid\": false, \"pivot_id\": \"cloud.instance.name\", \"pivot_label\": \"Resource Name\", \"pivot_rows\": \"30\", \"pivot_type\": \"string\", \"series\": [{\"axis_position\": \"right\", \"chart_type\": \"line\", \"color\": \"rgba(211,49,21,1)\", \"fill\": \"1.2\", \"filter\": {\"language\": \"kuery\", \"query\": \"\"}, \"formatter\": \"s,d,\", \"id\": \"61fb4191-32e4-11ea-b9f8-4d0b340ad993\", \"label\": \"Service Uptime\", \"line_width\": 2, \"metrics\": [{\"agg_with\": \"avg\", \"field\": \"iis.website.network.service_uptime\", \"id\": \"61fb4192-32e4-11ea-b9f8-4d0b340ad993\", \"order\": \"desc\", \"order_by\": \"@timestamp\", \"size\": 1, \"type\": \"top_hit\"}], \"point_size\": 0, \"separate_axis\": 0, \"split_color_mode\": \"gradient\", \"split_mode\": \"terms\", \"stacked\": \"none\", \"terms_field\": \"iis.website.name\", \"terms_order_by\": \"_count\", \"terms_size\": \"10\", \"type\": \"timeseries\", \"value_template\": \"{{value}} d\"}], \"show_grid\": 1, \"show_legend\": 1, \"time_field\": \"@timestamp\", \"time_range_mode\": \"entire_time_range\", \"type\": \"top_n\"}, \"title\": \"Website Service Uptime [Metricbeat IIS]\", \"type\": \"metrics\"}"
            },
            "id": "4557d670-860e-11ea-91bc-ab084c7ec0e7",
            "migrationVersion": {
                "visualization": "7.4.2"
            },
            "references": [],
            "type": "visualization",
            "updated_at": "2020-04-24T10:06:35.877Z",
            "version": "Wzg3MjksMTNd"
        },
        {
            "attributes": {
                "description": "",
                "kibanaSavedObjectMeta": {
                    "searchSourceJSON": "{\"filter\": [], \"query\": {\"language\": \"kuery\", \"query\": \"\"}}"
                },
                "title": "Website Bytes Sent/s [Metricbeat IIS]",
                "uiStateJSON": "{}",
                "version": 1,
                "visState": "{\"aggs\": [], \"params\": {\"axis_formatter\": \"number\", \"axis_min\": 0, \"axis_position\": \"left\", \"axis_scale\": \"normal\", \"default_index_pattern\": \"metricbeat-*\", \"default_timefield\": \"@timestamp\", \"filter\": {\"language\": \"kuery\", \"query\": \"\"}, \"id\": \"c9fd65d0-32e8-11ea-84f4-e9593f8ba8f6\", \"index_pattern\": \"metricbeat-*\", \"interval\": \"\", \"isModelInvalid\": false, \"series\": [{\"axis_position\": \"right\", \"chart_type\": \"line\", \"color\": \"rgba(252,196,0,1)\", \"fill\": \"0\", \"formatter\": \"bytes\", \"id\": \"c9fd8ce0-32e8-11ea-84f4-e9593f8ba8f6\", \"label\": \"Bytes Sent\", \"line_width\": \"2\", \"metrics\": [{\"field\": \"iis.website.network.bytes_sent_per_sec\", \"id\": \"c9fd8ce1-32e8-11ea-84f4-e9593f8ba8f6\", \"type\": \"avg\"}], \"point_size\": 0, \"separate_axis\": 0, \"split_color_mode\": \"rainbow\", \"split_mode\": \"terms\", \"stacked\": \"none\", \"terms_field\": \"iis.website.name\", \"type\": \"timeseries\", \"value_template\": \"{{value}}/s\"}], \"show_grid\": 1, \"show_legend\": 1, \"time_field\": \"@timestamp\", \"type\": \"timeseries\"}, \"title\": \"Website Bytes Sent/s [Metricbeat IIS]\", \"type\": \"metrics\"}"
            },
            "id": "c784f9b0-8614-11ea-91bc-ab084c7ec0e7",
            "migrationVersion": {
                "visualization": "7.4.2"
            },
            "references": [],
            "type": "visualization",
            "updated_at": "2020-04-24T10:17:19.307Z",
            "version": "Wzg3ODgsMTNd"
        },
        {
            "attributes": {
                "description": "",
                "kibanaSavedObjectMeta": {
                    "searchSourceJSON": "{\"filter\": [], \"query\": {\"language\": \"kuery\", \"query\": \"\"}}"
                },
                "title": "Website Bytes Received/s [Metricbeat IIS]",
                "uiStateJSON": "{}",
                "version": 1,
                "visState": "{\"aggs\": [], \"params\": {\"axis_formatter\": \"number\", \"axis_min\": 0, \"axis_position\": \"left\", \"axis_scale\": \"normal\", \"default_index_pattern\": \"metricbeat-*\", \"default_timefield\": \"@timestamp\", \"filter\": {\"language\": \"kuery\", \"query\": \"\"}, \"id\": \"c9fd65d0-32e8-11ea-84f4-e9593f8ba8f6\", \"index_pattern\": \"metricbeat-*\", \"interval\": \"\", \"isModelInvalid\": false, \"series\": [{\"axis_position\": \"right\", \"chart_type\": \"line\", \"color\": \"rgba(252,196,0,1)\", \"fill\": \"0\", \"formatter\": \"bytes\", \"id\": \"c9fd8ce0-32e8-11ea-84f4-e9593f8ba8f6\", \"label\": \"Bytes Received\", \"line_width\": \"2\", \"metrics\": [{\"field\": \"iis.website.network.bytes_received_per_sec\", \"id\": \"c9fd8ce1-32e8-11ea-84f4-e9593f8ba8f6\", \"type\": \"avg\"}], \"point_size\": 0, \"separate_axis\": 0, \"split_color_mode\": \"rainbow\", \"split_mode\": \"terms\", \"stacked\": \"none\", \"terms_field\": \"iis.website.name\", \"type\": \"timeseries\", \"value_template\": \"{{value}}/s\"}], \"show_grid\": 1, \"show_legend\": 1, \"time_field\": \"@timestamp\", \"type\": \"timeseries\"}, \"title\": \"Website Bytes Received/s [Metricbeat IIS]\", \"type\": \"metrics\"}"
            },
            "id": "96fe7d70-8614-11ea-91bc-ab084c7ec0e7",
            "migrationVersion": {
                "visualization": "7.4.2"
            },
            "references": [],
            "type": "visualization",
            "updated_at": "2020-04-24T10:18:51.070Z",
            "version": "Wzg3OTksMTNd"
        },
        {
            "attributes": {
                "description": "",
                "kibanaSavedObjectMeta": {
                    "searchSourceJSON": "{\"filter\": [], \"query\": {\"language\": \"kuery\", \"query\": \"\"}}"
                },
                "title": "Website GET Requests/s [Metricbeat IIS]",
                "uiStateJSON": "{}",
                "version": 1,
                "visState": "{\"aggs\": [], \"params\": {\"axis_formatter\": \"number\", \"axis_min\": 0, \"axis_position\": \"left\", \"axis_scale\": \"normal\", \"default_index_pattern\": \"metricbeat-*\", \"default_timefield\": \"@timestamp\", \"filter\": {\"language\": \"kuery\", \"query\": \"\"}, \"id\": \"c9fd65d0-32e8-11ea-84f4-e9593f8ba8f6\", \"index_pattern\": \"metricbeat-*\", \"interval\": \"\", \"isModelInvalid\": false, \"series\": [{\"axis_position\": \"right\", \"chart_type\": \"line\", \"color\": \"rgba(252,196,0,1)\", \"fill\": \"0\", \"formatter\": \"number\", \"id\": \"c9fd8ce0-32e8-11ea-84f4-e9593f8ba8f6\", \"label\": \"GET Requests \", \"line_width\": \"2\", \"metrics\": [{\"field\": \"iis.website.network.get_requests_per_sec\", \"id\": \"c9fd8ce1-32e8-11ea-84f4-e9593f8ba8f6\", \"type\": \"avg\"}], \"point_size\": 0, \"separate_axis\": 0, \"split_color_mode\": \"rainbow\", \"split_mode\": \"terms\", \"stacked\": \"none\", \"terms_field\": \"iis.website.name\", \"type\": \"timeseries\", \"value_template\": \"{{value}}/s\"}], \"show_grid\": 1, \"show_legend\": 1, \"time_field\": \"@timestamp\", \"type\": \"timeseries\"}, \"title\": \"Website GET Requests/s [Metricbeat IIS]\", \"type\": \"metrics\"}"
            },
            "id": "4921d5c0-8619-11ea-91bc-ab084c7ec0e7",
            "migrationVersion": {
                "visualization": "7.4.2"
            },
            "references": [],
            "type": "visualization",
            "updated_at": "2020-04-24T10:49:34.748Z",
            "version": "Wzg4MjQsMTNd"
        },
        {
            "attributes": {
                "description": "",
                "kibanaSavedObjectMeta": {
                    "searchSourceJSON": "{\"filter\": [], \"query\": {\"language\": \"kuery\", \"query\": \"\"}}"
                },
                "title": "Website POST Requests/s [Metricbeat IIS]",
                "uiStateJSON": "{}",
                "version": 1,
                "visState": "{\"aggs\": [], \"params\": {\"axis_formatter\": \"number\", \"axis_min\": 0, \"axis_position\": \"left\", \"axis_scale\": \"normal\", \"default_index_pattern\": \"metricbeat-*\", \"default_timefield\": \"@timestamp\", \"filter\": {\"language\": \"kuery\", \"query\": \"\"}, \"id\": \"c9fd65d0-32e8-11ea-84f4-e9593f8ba8f6\", \"index_pattern\": \"metricbeat-*\", \"interval\": \"\", \"isModelInvalid\": false, \"series\": [{\"axis_position\": \"right\", \"chart_type\": \"line\", \"color\": \"rgba(252,196,0,1)\", \"fill\": \"0\", \"formatter\": \"number\", \"id\": \"c9fd8ce0-32e8-11ea-84f4-e9593f8ba8f6\", \"label\": \"POST Requests \", \"line_width\": \"2\", \"metrics\": [{\"field\": \"iis.website.network.post_requests_per_sec\", \"id\": \"c9fd8ce1-32e8-11ea-84f4-e9593f8ba8f6\", \"type\": \"avg\"}], \"point_size\": 0, \"separate_axis\": 0, \"split_color_mode\": \"rainbow\", \"split_mode\": \"terms\", \"stacked\": \"none\", \"terms_field\": \"iis.website.name\", \"type\": \"timeseries\", \"value_template\": \"{{value}}/s\"}], \"show_grid\": 1, \"show_legend\": 1, \"time_field\": \"@timestamp\", \"type\": \"timeseries\"}, \"title\": \"Website POST Requests/s [Metricbeat IIS]\", \"type\": \"metrics\"}"
            },
            "id": "7dabd8e0-8619-11ea-91bc-ab084c7ec0e7",
            "migrationVersion": {
                "visualization": "7.4.2"
            },
            "references": [],
            "type": "visualization",
            "updated_at": "2020-04-24T10:51:02.893Z",
            "version": "Wzg4MjksMTNd"
        },
        {
            "attributes": {
                "description": "",
                "kibanaSavedObjectMeta": {
                    "searchSourceJSON": "{\"filter\": [], \"query\": {\"language\": \"kuery\", \"query\": \"\"}}"
                },
                "title": "Website PUT Requests/s [Metricbeat IIS]",
                "uiStateJSON": "{}",
                "version": 1,
                "visState": "{\"aggs\": [], \"params\": {\"axis_formatter\": \"number\", \"axis_min\": 0, \"axis_position\": \"left\", \"axis_scale\": \"normal\", \"default_index_pattern\": \"metricbeat-*\", \"default_timefield\": \"@timestamp\", \"filter\": {\"language\": \"kuery\", \"query\": \"\"}, \"id\": \"c9fd65d0-32e8-11ea-84f4-e9593f8ba8f6\", \"index_pattern\": \"metricbeat-*\", \"interval\": \"\", \"isModelInvalid\": false, \"series\": [{\"axis_position\": \"right\", \"chart_type\": \"line\", \"color\": \"rgba(211,49,21,1)\", \"fill\": \"0\", \"formatter\": \"number\", \"id\": \"c9fd8ce0-32e8-11ea-84f4-e9593f8ba8f6\", \"label\": \"PUT Requests \", \"line_width\": \"2\", \"metrics\": [{\"field\": \"iis.website.network.put_requests_per_sec\", \"id\": \"c9fd8ce1-32e8-11ea-84f4-e9593f8ba8f6\", \"type\": \"avg\"}], \"point_size\": 0, \"separate_axis\": 0, \"split_color_mode\": \"rainbow\", \"split_mode\": \"terms\", \"stacked\": \"none\", \"terms_field\": \"iis.website.name\", \"type\": \"timeseries\", \"value_template\": \"{{value}}/s\"}], \"show_grid\": 1, \"show_legend\": 1, \"time_field\": \"@timestamp\", \"type\": \"timeseries\"}, \"title\": \"Website PUT Requests/s [Metricbeat IIS]\", \"type\": \"metrics\"}"
            },
            "id": "a9427270-8619-11ea-91bc-ab084c7ec0e7",
            "migrationVersion": {
                "visualization": "7.4.2"
            },
            "references": [],
            "type": "visualization",
            "updated_at": "2020-04-24T10:52:16.023Z",
            "version": "Wzg4MzUsMTNd"
        },
        {
            "attributes": {
                "description": "",
                "kibanaSavedObjectMeta": {
                    "searchSourceJSON": "{\"filter\": [], \"query\": {\"language\": \"kuery\", \"query\": \"\"}}"
                },
                "title": "Website DELETE Requests/s [Metricbeat IIS]",
                "uiStateJSON": "{}",
                "version": 1,
                "visState": "{\"aggs\": [], \"params\": {\"axis_formatter\": \"number\", \"axis_min\": 0, \"axis_position\": \"left\", \"axis_scale\": \"normal\", \"default_index_pattern\": \"metricbeat-*\", \"default_timefield\": \"@timestamp\", \"filter\": {\"language\": \"kuery\", \"query\": \"\"}, \"id\": \"c9fd65d0-32e8-11ea-84f4-e9593f8ba8f6\", \"index_pattern\": \"metricbeat-*\", \"interval\": \"\", \"isModelInvalid\": false, \"series\": [{\"axis_position\": \"right\", \"chart_type\": \"line\", \"color\": \"rgba(25,77,51,1)\", \"fill\": \"0\", \"formatter\": \"number\", \"id\": \"c9fd8ce0-32e8-11ea-84f4-e9593f8ba8f6\", \"label\": \"DELETE Requests \", \"line_width\": \"2\", \"metrics\": [{\"field\": \"iis.website.network.delete_requests_per_sec\", \"id\": \"c9fd8ce1-32e8-11ea-84f4-e9593f8ba8f6\", \"type\": \"avg\"}], \"point_size\": 0, \"separate_axis\": 0, \"split_color_mode\": \"rainbow\", \"split_mode\": \"terms\", \"stacked\": \"none\", \"terms_field\": \"iis.website.name\", \"type\": \"timeseries\", \"value_template\": \"{{value}}/s\"}], \"show_grid\": 1, \"show_legend\": 1, \"time_field\": \"@timestamp\", \"type\": \"timeseries\"}, \"title\": \"Website DELETE Requests/s [Metricbeat IIS]\", \"type\": \"metrics\"}"
            },
            "id": "7453b910-8624-11ea-91bc-ab084c7ec0e7",
            "migrationVersion": {
                "visualization": "7.4.2"
            },
            "references": [],
            "type": "visualization",
            "updated_at": "2020-04-24T12:09:31.681Z",
            "version": "Wzk1MjEsMTNd"
        },
        {
            "attributes": {
                "description": "",
                "kibanaSavedObjectMeta": {
                    "searchSourceJSON": "{\"filter\": [], \"query\": {\"language\": \"kuery\", \"query\": \"\"}}"
                },
                "title": "Website Total DELETE Requests [Metricbeat IIS]",
                "uiStateJSON": "{}",
                "version": 1,
                "visState": "{\"aggs\": [], \"params\": {\"axis_formatter\": \"number\", \"axis_min\": 0, \"axis_position\": \"left\", \"axis_scale\": \"normal\", \"default_index_pattern\": \"metricbeat-*\", \"default_timefield\": \"@timestamp\", \"filter\": {\"language\": \"kuery\", \"query\": \"\"}, \"id\": \"c9fd65d0-32e8-11ea-84f4-e9593f8ba8f6\", \"index_pattern\": \"metricbeat-*\", \"interval\": \"\", \"isModelInvalid\": false, \"series\": [{\"axis_position\": \"right\", \"chart_type\": \"line\", \"color\": \"rgba(244,78,59,1)\", \"fill\": \"0\", \"formatter\": \"number\", \"id\": \"c9fd8ce0-32e8-11ea-84f4-e9593f8ba8f6\", \"label\": \"Total DELETE Requests \", \"line_width\": \"2\", \"metrics\": [{\"field\": \"iis.website.network.total_delete_requests\", \"id\": \"c9fd8ce1-32e8-11ea-84f4-e9593f8ba8f6\", \"type\": \"avg\"}], \"point_size\": 0, \"separate_axis\": 0, \"split_color_mode\": \"rainbow\", \"split_mode\": \"terms\", \"stacked\": \"none\", \"terms_field\": \"iis.website.name\", \"type\": \"timeseries\", \"value_template\": \"{{value}}\"}], \"show_grid\": 1, \"show_legend\": 1, \"time_field\": \"@timestamp\", \"type\": \"timeseries\"}, \"title\": \"Website Total DELETE Requests [Metricbeat IIS]\", \"type\": \"metrics\"}"
            },
            "id": "8ee988d0-861b-11ea-91bc-ab084c7ec0e7",
            "migrationVersion": {
                "visualization": "7.4.2"
            },
            "references": [],
            "type": "visualization",
            "updated_at": "2020-04-24T11:05:50.813Z",
            "version": "Wzg4ODUsMTNd"
        },
        {
            "attributes": {
                "description": "",
                "kibanaSavedObjectMeta": {
                    "searchSourceJSON": "{\"filter\": [], \"query\": {\"language\": \"kuery\", \"query\": \"\"}}"
                },
                "title": "Website Total GET Requests [Metricbeat IIS]",
                "uiStateJSON": "{}",
                "version": 1,
                "visState": "{\"aggs\": [], \"params\": {\"axis_formatter\": \"number\", \"axis_min\": 0, \"axis_position\": \"left\", \"axis_scale\": \"normal\", \"default_index_pattern\": \"metricbeat-*\", \"default_timefield\": \"@timestamp\", \"filter\": {\"language\": \"kuery\", \"query\": \"\"}, \"id\": \"c9fd65d0-32e8-11ea-84f4-e9593f8ba8f6\", \"index_pattern\": \"metricbeat-*\", \"interval\": \"\", \"isModelInvalid\": false, \"series\": [{\"axis_position\": \"right\", \"chart_type\": \"line\", \"color\": \"rgba(104,188,0,1)\", \"fill\": \"0\", \"formatter\": \"number\", \"id\": \"c9fd8ce0-32e8-11ea-84f4-e9593f8ba8f6\", \"label\": \"Total GET Requests \", \"line_width\": \"2\", \"metrics\": [{\"field\": \"iis.website.network.total_get_requests\", \"id\": \"c9fd8ce1-32e8-11ea-84f4-e9593f8ba8f6\", \"type\": \"avg\"}], \"point_size\": 0, \"separate_axis\": 0, \"split_color_mode\": \"rainbow\", \"split_mode\": \"terms\", \"stacked\": \"none\", \"terms_field\": \"iis.website.name\", \"type\": \"timeseries\", \"value_template\": \"{{value}}\"}], \"show_grid\": 1, \"show_legend\": 1, \"time_field\": \"@timestamp\", \"type\": \"timeseries\"}, \"title\": \"Website Total GET Requests [Metricbeat IIS]\", \"type\": \"metrics\"}"
            },
            "id": "1b4f8790-861a-11ea-91bc-ab084c7ec0e7",
            "migrationVersion": {
                "visualization": "7.4.2"
            },
            "references": [],
            "type": "visualization",
            "updated_at": "2020-04-24T11:02:23.731Z",
            "version": "Wzg4NjQsMTNd"
        },
        {
            "attributes": {
                "description": "",
                "kibanaSavedObjectMeta": {
                    "searchSourceJSON": "{\"filter\": [], \"query\": {\"language\": \"kuery\", \"query\": \"\"}}"
                },
                "title": "Website Total POST Requests [Metricbeat IIS]",
                "uiStateJSON": "{}",
                "version": 1,
                "visState": "{\"aggs\": [], \"params\": {\"axis_formatter\": \"number\", \"axis_min\": 0, \"axis_position\": \"left\", \"axis_scale\": \"normal\", \"default_index_pattern\": \"metricbeat-*\", \"default_timefield\": \"@timestamp\", \"filter\": {\"language\": \"kuery\", \"query\": \"\"}, \"id\": \"c9fd65d0-32e8-11ea-84f4-e9593f8ba8f6\", \"index_pattern\": \"metricbeat-*\", \"interval\": \"\", \"isModelInvalid\": false, \"series\": [{\"axis_position\": \"right\", \"chart_type\": \"line\", \"color\": \"rgba(104,188,0,1)\", \"fill\": \"0\", \"formatter\": \"number\", \"id\": \"c9fd8ce0-32e8-11ea-84f4-e9593f8ba8f6\", \"label\": \"Total POST Requests \", \"line_width\": \"2\", \"metrics\": [{\"field\": \"iis.website.network.total_post_requests\", \"id\": \"c9fd8ce1-32e8-11ea-84f4-e9593f8ba8f6\", \"type\": \"avg\"}], \"point_size\": 0, \"separate_axis\": 0, \"split_color_mode\": \"rainbow\", \"split_mode\": \"terms\", \"stacked\": \"none\", \"terms_field\": \"iis.website.name\", \"type\": \"timeseries\", \"value_template\": \"{{value}}\"}], \"show_grid\": 1, \"show_legend\": 1, \"time_field\": \"@timestamp\", \"type\": \"timeseries\"}, \"title\": \"Website Total POST Requests [Metricbeat IIS]\", \"type\": \"metrics\"}"
            },
            "id": "31ed84b0-861b-11ea-91bc-ab084c7ec0e7",
            "migrationVersion": {
                "visualization": "7.4.2"
            },
            "references": [],
            "type": "visualization",
            "updated_at": "2020-04-24T11:03:14.811Z",
            "version": "Wzg4NjgsMTNd"
        },
        {
            "attributes": {
                "description": "",
                "kibanaSavedObjectMeta": {
                    "searchSourceJSON": "{\"filter\": [], \"query\": {\"language\": \"kuery\", \"query\": \"\"}}"
                },
                "title": "Website Total PUT Requests [Metricbeat IIS]",
                "uiStateJSON": "{}",
                "version": 1,
                "visState": "{\"aggs\": [], \"params\": {\"axis_formatter\": \"number\", \"axis_min\": 0, \"axis_position\": \"left\", \"axis_scale\": \"normal\", \"default_index_pattern\": \"metricbeat-*\", \"default_timefield\": \"@timestamp\", \"filter\": {\"language\": \"kuery\", \"query\": \"\"}, \"id\": \"c9fd65d0-32e8-11ea-84f4-e9593f8ba8f6\", \"index_pattern\": \"metricbeat-*\", \"interval\": \"\", \"isModelInvalid\": false, \"series\": [{\"axis_position\": \"right\", \"chart_type\": \"line\", \"color\": \"rgba(22,165,165,1)\", \"fill\": \"0\", \"formatter\": \"number\", \"id\": \"c9fd8ce0-32e8-11ea-84f4-e9593f8ba8f6\", \"label\": \"Total PUT Requests \", \"line_width\": \"2\", \"metrics\": [{\"field\": \"iis.website.network.total_put_requests\", \"id\": \"c9fd8ce1-32e8-11ea-84f4-e9593f8ba8f6\", \"type\": \"avg\"}], \"point_size\": 0, \"separate_axis\": 0, \"split_color_mode\": \"rainbow\", \"split_mode\": \"terms\", \"stacked\": \"none\", \"terms_field\": \"iis.website.name\", \"type\": \"timeseries\", \"value_template\": \"{{value}}\"}], \"show_grid\": 1, \"show_legend\": 1, \"time_field\": \"@timestamp\", \"type\": \"timeseries\"}, \"title\": \"Website Total PUT Requests [Metricbeat IIS]\", \"type\": \"metrics\"}"
            },
            "id": "54038fe0-861b-11ea-91bc-ab084c7ec0e7",
            "migrationVersion": {
                "visualization": "7.4.2"
            },
            "references": [],
            "type": "visualization",
            "updated_at": "2020-04-24T11:04:11.998Z",
            "version": "Wzg4NzQsMTNd"
        }
    ],
    "version": "7.6.0"
}