{
    "objects": [
        {
            "attributes": {
                "description": "An overview of key metrics from all Metricsets in the Oracle database Metricbeat module",
                "hits": 0,
                "kibanaSavedObjectMeta": {
                    "searchSourceJSON": "{\"filter\": [], \"query\": {\"language\": \"kuery\", \"query\": \"\"}}"
                },
                "optionsJSON": "{\"hidePanelTitles\": false, \"useMargins\": true}",
                "panelsJSON": "[{\"embeddableConfig\": {}, \"gridData\": {\"h\": 8, \"i\": \"1\", \"w\": 17, \"x\": 18, \"y\": 31}, \"panelIndex\": \"1\", \"panelRefName\": \"panel_0\", \"title\": \"Tablespace Total Size\", \"version\": \"8.0.0-SNAPSHOT\"}, {\"embeddableConfig\": {}, \"gridData\": {\"h\": 8, \"i\": \"2\", \"w\": 12, \"x\": 28, \"y\": 0}, \"panelIndex\": \"2\", \"panelRefName\": \"panel_1\", \"title\": \"Ratio of used space in Tablespaces\", \"version\": \"8.0.0-SNAPSHOT\"}, {\"embeddableConfig\": {}, \"gridData\": {\"h\": 13, \"i\": \"3\", \"w\": 28, \"x\": 20, \"y\": 18}, \"panelIndex\": \"3\", \"panelRefName\": \"panel_2\", \"title\": \"Avg data file size by filename\", \"version\": \"8.0.0-SNAPSHOT\"}, {\"embeddableConfig\": {}, \"gridData\": {\"h\": 7, \"i\": \"5\", \"w\": 20, \"x\": 0, \"y\": 8}, \"panelIndex\": \"5\", \"panelRefName\": \"panel_3\", \"title\": \"Total Cursors by machine (Top 10)\", \"version\": \"8.0.0-SNAPSHOT\"}, {\"embeddableConfig\": {}, \"gridData\": {\"h\": 8, \"i\": \"6\", \"w\": 8, \"x\": 20, \"y\": 0}, \"panelIndex\": \"6\", \"panelRefName\": \"panel_4\", \"title\": \"Cache Buffer Hit Ratio gauge\", \"version\": \"8.0.0-SNAPSHOT\"}, {\"embeddableConfig\": {}, \"gridData\": {\"h\": 8, \"i\": \"9\", \"w\": 20, \"x\": 0, \"y\": 15}, \"panelIndex\": \"9\", \"panelRefName\": \"panel_5\", \"title\": \"Current opened cursors\", \"version\": \"8.0.0-SNAPSHOT\"}, {\"embeddableConfig\": {}, \"gridData\": {\"h\": 8, \"i\": \"10\", \"w\": 13, \"x\": 35, \"y\": 31}, \"panelIndex\": \"10\", \"panelRefName\": \"panel_6\", \"title\": \"Session cache hits\", \"version\": \"8.0.0-SNAPSHOT\"}, {\"embeddableConfig\": {}, \"gridData\": {\"h\": 8, \"i\": \"11\", \"w\": 20, \"x\": 0, \"y\": 0}, \"panelIndex\": \"11\", \"panelRefName\": \"panel_7\", \"title\": \"Average Cursors by machine (Top 10)\", \"version\": \"8.0.0-SNAPSHOT\"}, {\"embeddableConfig\": {}, \"gridData\": {\"h\": 8, \"i\": \"12\", \"w\": 18, \"x\": 0, \"y\": 31}, \"panelIndex\": \"12\", \"panelRefName\": \"panel_8\", \"title\": \"Max Cursors by machine (Top 10)\", \"version\": \"8.0.0-SNAPSHOT\"}, {\"embeddableConfig\": {}, \"gridData\": {\"h\": 8, \"i\": \"13\", \"w\": 20, \"x\": 0, \"y\": 23}, \"panelIndex\": \"13\", \"panelRefName\": \"panel_9\", \"title\": \"DB Blocks Gets by buffer pool (Top 10)\", \"version\": \"8.0.0-SNAPSHOT\"}, {\"embeddableConfig\": {}, \"gridData\": {\"h\": 10, \"i\": \"14\", \"w\": 30, \"x\": 18, \"y\": 39}, \"panelIndex\": \"14\", \"panelRefName\": \"panel_10\", \"title\": \"Consistent Gets by buffer pool (Top 10)\", \"version\": \"8.0.0-SNAPSHOT\"}, {\"embeddableConfig\": {}, \"gridData\": {\"h\": 10, \"i\": \"15\", \"w\": 18, \"x\": 0, \"y\": 39}, \"panelIndex\": \"15\", \"panelRefName\": \"panel_11\", \"title\": \"Total / Real parsed cursors\", \"version\": \"8.0.0-SNAPSHOT\"}, {\"embeddableConfig\": {}, \"gridData\": {\"h\": 10, \"i\": \"16\", \"w\": 28, \"x\": 20, \"y\": 8}, \"panelIndex\": \"16\", \"panelRefName\": \"panel_12\", \"title\": \"Lock/Pin requests and IO reloads ratios\", \"version\": \"8.0.0-SNAPSHOT\"}, {\"embeddableConfig\": {}, \"gridData\": {\"h\": 8, \"i\": \"17\", \"w\": 8, \"x\": 40, \"y\": 0}, \"panelIndex\": \"17\", \"panelRefName\": \"panel_13\", \"title\": \"Cursors cache hit ratio gauge\", \"version\": \"8.0.0-SNAPSHOT\"}]",
                "timeRestore": false,
                "title": "[Metricbeat Oracle] Overview",
                "version": 1
            },
            "id": "3f018af0-ec08-11e9-a4bb-7b5324058fcc",
            "migrationVersion": {
                "dashboard": "7.3.0"
            },
            "references": [
                {
                    "id": "05acae50-9bf0-11e9-a61b-f742ed613c57",
                    "name": "panel_0",
                    "type": "visualization"
                },
                {
                    "id": "981779d0-9bfc-11e9-a61b-f742ed613c57",
                    "name": "panel_1",
                    "type": "visualization"
                },
                {
                    "id": "c92efe60-9bef-11e9-a61b-f742ed613c57",
                    "name": "panel_2",
                    "type": "visualization"
                },
                {
                    "id": "62fb9430-ec0f-11e9-a4bb-7b5324058fcc",
                    "name": "panel_3",
                    "type": "visualization"
                },
                {
                    "id": "ec2b2010-ec0d-11e9-a4bb-7b5324058fcc",
                    "name": "panel_4",
                    "type": "visualization"
                },
                {
                    "id": "43369a60-ec0e-11e9-a4bb-7b5324058fcc",
                    "name": "panel_5",
                    "type": "visualization"
                },
                {
                    "id": "234013d0-ec0e-11e9-a4bb-7b5324058fcc",
                    "name": "panel_6",
                    "type": "visualization"
                },
                {
                    "id": "5a422660-ec0f-11e9-a4bb-7b5324058fcc",
                    "name": "panel_7",
                    "type": "visualization"
                },
                {
                    "id": "4f569650-ec0f-11e9-a4bb-7b5324058fcc",
                    "name": "panel_8",
                    "type": "visualization"
                },
                {
                    "id": "68ce1940-ec10-11e9-a4bb-7b5324058fcc",
                    "name": "panel_9",
                    "type": "visualization"
                },
                {
                    "id": "3ae419d0-ec10-11e9-a4bb-7b5324058fcc",
                    "name": "panel_10",
                    "type": "visualization"
                },
                {
                    "id": "c46de8c0-ec10-11e9-a4bb-7b5324058fcc",
                    "name": "panel_11",
                    "type": "visualization"
                },
                {
                    "id": "0b1da750-ec12-11e9-a4bb-7b5324058fcc",
                    "name": "panel_12",
                    "type": "visualization"
                },
                {
                    "id": "bc977600-ec12-11e9-a4bb-7b5324058fcc",
                    "name": "panel_13",
                    "type": "visualization"
                }
            ],
            "type": "dashboard",
            "updated_at": "2019-10-11T13:24:58.324Z",
            "version": "WzQ1MiwzXQ=="
        },
        {
            "attributes": {
                "description": "",
                "kibanaSavedObjectMeta": {
                    "searchSourceJSON": "{\"filter\": [], \"query\": {\"language\": \"kuery\", \"query\": \"\"}}"
                },
                "title": "Tablespace Total Size [Metricbeat Oracle]",
                "uiStateJSON": "{}",
                "version": 1,
                "visState": "{\"aggs\": [], \"params\": {\"axis_formatter\": \"number\", \"axis_position\": \"left\", \"axis_scale\": \"normal\", \"default_index_pattern\": \"metricbeat-*\", \"id\": \"61ca57f0-469d-11e7-af02-69e470af7417\", \"index_pattern\": \"metricbeat-*\", \"interval\": \"auto\", \"series\": [{\"axis_position\": \"right\", \"chart_type\": \"line\", \"color\": \"rgba(115,216,255,1)\", \"fill\": 0.5, \"formatter\": \"bytes\", \"id\": \"61ca57f1-469d-11e7-af02-69e470af7417\", \"label\": \"Tablespace total size\", \"line_width\": 1, \"metrics\": [{\"field\": \"oracle.tablespace.space.total.bytes\", \"id\": \"61ca57f2-469d-11e7-af02-69e470af7417\", \"type\": \"avg\"}], \"point_size\": 1, \"separate_axis\": 0, \"split_mode\": \"terms\", \"stacked\": \"stacked\", \"terms_field\": \"oracle.tablespace.name\", \"terms_order_by\": \"61ca57f2-469d-11e7-af02-69e470af7417\"}], \"show_grid\": 1, \"show_legend\": 1, \"time_field\": \"@timestamp\", \"type\": \"timeseries\"}, \"title\": \"Tablespace Total Size [Metricbeat Oracle]\", \"type\": \"metrics\"}"
            },
            "id": "05acae50-9bf0-11e9-a61b-f742ed613c57",
            "migrationVersion": {
                "visualization": "7.3.0"
            },
            "references": [],
            "type": "visualization",
            "updated_at": "2019-10-11T09:17:37.972Z",
            "version": "WzM4OSwzXQ=="
        },
        {
            "attributes": {
                "description": "",
                "kibanaSavedObjectMeta": {
                    "searchSourceJSON": "{\"filter\": [], \"query\": {\"language\": \"kuery\", \"query\": \"\"}}"
                },
                "title": "Ratio of used space in Tablespaces [Metricbeat Oracle]",
                "uiStateJSON": "{}",
                "version": 1,
                "visState": "{\"aggs\": [], \"params\": {\"axis_formatter\": \"number\", \"axis_position\": \"left\", \"axis_scale\": \"normal\", \"bar_color_rules\": [{\"id\": \"70de46f0-9bfc-11e9-baad-815beb8da1b5\"}], \"default_index_pattern\": \"metricbeat-*\", \"id\": \"61ca57f0-469d-11e7-af02-69e470af7417\", \"index_pattern\": \"metricbeat-*\", \"interval\": \"auto\", \"series\": [{\"axis_position\": \"right\", \"chart_type\": \"line\", \"color\": \"#68BC00\", \"fill\": 0.5, \"formatter\": \"percent\", \"id\": \"61ca57f1-469d-11e7-af02-69e470af7417\", \"label\": \"\", \"line_width\": 1, \"metrics\": [{\"field\": \"oracle.tablespace.space.used.bytes\", \"id\": \"61ca57f2-469d-11e7-af02-69e470af7417\", \"type\": \"avg\"}, {\"field\": \"oracle.tablespace.space.total.bytes\", \"id\": \"37c93d70-9bfc-11e9-baad-815beb8da1b5\", \"type\": \"avg\"}, {\"denominator\": \"2\", \"field\": \"oracle.tablespace.space.total.bytes\", \"id\": \"0d474830-9bfc-11e9-baad-815beb8da1b5\", \"numerator\": \"1\", \"script\": \"params.used / params.total\", \"type\": \"math\", \"variables\": [{\"field\": \"61ca57f2-469d-11e7-af02-69e470af7417\", \"id\": \"34e8d9d0-9bfc-11e9-baad-815beb8da1b5\", \"name\": \"used\"}, {\"field\": \"37c93d70-9bfc-11e9-baad-815beb8da1b5\", \"id\": \"467fdf40-9bfc-11e9-baad-815beb8da1b5\", \"name\": \"total\"}]}], \"point_size\": 1, \"separate_axis\": 0, \"split_mode\": \"terms\", \"stacked\": \"none\", \"terms_field\": \"oracle.tablespace.name\", \"terms_order_by\": \"61ca57f2-469d-11e7-af02-69e470af7417\"}], \"show_grid\": 1, \"show_legend\": 1, \"time_field\": \"@timestamp\", \"type\": \"top_n\"}, \"title\": \"Ratio of used space in Tablespaces [Metricbeat Oracle]\", \"type\": \"metrics\"}"
            },
            "id": "981779d0-9bfc-11e9-a61b-f742ed613c57",
            "migrationVersion": {
                "visualization": "7.3.0"
            },
            "references": [],
            "type": "visualization",
            "updated_at": "2019-10-11T09:17:37.972Z",
            "version": "WzM5MSwzXQ=="
        },
        {
            "attributes": {
                "description": "",
                "kibanaSavedObjectMeta": {
                    "searchSourceJSON": "{\"filter\": [], \"query\": {\"language\": \"kuery\", \"query\": \"\"}}"
                },
                "title": "Avg data file size by filename [Metricbeat Oracle]",
                "uiStateJSON": "{}",
                "version": 1,
                "visState": "{\"aggs\": [], \"params\": {\"axis_formatter\": \"number\", \"axis_position\": \"left\", \"axis_scale\": \"normal\", \"default_index_pattern\": \"metricbeat-*\", \"id\": \"61ca57f0-469d-11e7-af02-69e470af7417\", \"index_pattern\": \"metricbeat-*\", \"interval\": \"auto\", \"legend_position\": \"bottom\", \"series\": [{\"axis_position\": \"right\", \"chart_type\": \"line\", \"color\": \"#68BC00\", \"fill\": 0.5, \"formatter\": \"bytes\", \"id\": \"61ca57f1-469d-11e7-af02-69e470af7417\", \"label\": \"Data file size by filename\", \"line_width\": 1, \"metrics\": [{\"agg_with\": \"noop\", \"field\": \"oracle.tablespace.data_file.size.bytes\", \"id\": \"61ca57f2-469d-11e7-af02-69e470af7417\", \"order\": \"desc\", \"size\": 1, \"type\": \"avg\"}], \"point_size\": 1, \"separate_axis\": 0, \"split_mode\": \"terms\", \"stacked\": \"stacked\", \"terms_field\": \"oracle.tablespace.data_file.name\", \"terms_order_by\": \"61ca57f2-469d-11e7-af02-69e470af7417\"}], \"show_grid\": 1, \"show_legend\": 1, \"time_field\": \"@timestamp\", \"type\": \"timeseries\"}, \"title\": \"Avg data file size by filename [Metricbeat Oracle]\", \"type\": \"metrics\"}"
            },
            "id": "c92efe60-9bef-11e9-a61b-f742ed613c57",
            "migrationVersion": {
                "visualization": "7.3.0"
            },
            "references": [],
            "type": "visualization",
            "updated_at": "2019-10-11T09:17:37.972Z",
            "version": "WzM4OCwzXQ=="
        },
        {
            "attributes": {
                "description": "",
                "kibanaSavedObjectMeta": {
                    "searchSourceJSON": "{\"filter\": [], \"query\": {\"language\": \"kuery\", \"query\": \"\"}}"
                },
                "title": "Total Cursors by machine (Top 10) [Metricbeat Oracle]",
                "uiStateJSON": "{}",
                "version": 1,
                "visState": "{\"aggs\": [], \"params\": {\"axis_formatter\": \"number\", \"axis_position\": \"left\", \"axis_scale\": \"normal\", \"default_index_pattern\": \"metricbeat-*\", \"default_timefield\": \"@timestamp\", \"id\": \"61ca57f0-469d-11e7-af02-69e470af7417\", \"index_pattern\": \"metricbeat-*\", \"interval\": \"\", \"series\": [{\"axis_position\": \"right\", \"chart_type\": \"line\", \"color\": \"rgba(104,188,0,1)\", \"fill\": 0.5, \"formatter\": \"number\", \"id\": \"78091830-ec0e-11e9-bea4-bdae5d622976\", \"label\": \"Top 10 Total cursors\", \"line_width\": 1, \"metrics\": [{\"field\": \"oracle.performance.cursors.total\", \"id\": \"78091831-ec0e-11e9-bea4-bdae5d622976\", \"type\": \"avg\"}], \"point_size\": 1, \"separate_axis\": 0, \"split_mode\": \"terms\", \"stacked\": \"stacked_within_series\", \"steps\": 0, \"terms_field\": \"oracle.performance.machine\"}], \"show_grid\": 1, \"show_legend\": 1, \"time_field\": \"\", \"type\": \"timeseries\"}, \"title\": \"Total Cursors by machine (Top 10) [Metricbeat Oracle]\", \"type\": \"metrics\"}"
            },
            "id": "62fb9430-ec0f-11e9-a4bb-7b5324058fcc",
            "migrationVersion": {
                "visualization": "7.3.0"
            },
            "references": [],
            "type": "visualization",
            "updated_at": "2019-10-11T10:12:28.094Z",
            "version": "WzQyNywzXQ=="
        },
        {
            "attributes": {
                "description": "",
                "kibanaSavedObjectMeta": {
                    "searchSourceJSON": "{\"filter\": [], \"indexRefName\": \"kibanaSavedObjectMeta.searchSourceJSON.index\", \"query\": {\"language\": \"kuery\", \"query\": \"\"}}"
                },
                "title": "Cache Buffer Hit Ratio gauge [Metricbeat Oracle]",
                "uiStateJSON": "{\"vis\": {\"defaultColors\": {\"0 - 50\": \"rgb(165,0,38)\", \"50 - 75\": \"rgb(255,255,190)\", \"75 - 100\": \"rgb(0,104,55)\"}}}",
                "version": 1,
                "visState": "{\"aggs\": [{\"enabled\": true, \"id\": \"1\", \"params\": {\"customLabel\": \"Cache Buffer Hit Ratio\", \"field\": \"oracle.performance.cache.buffer.hit.pct\"}, \"schema\": \"metric\", \"type\": \"avg\"}], \"params\": {\"addLegend\": false, \"addTooltip\": true, \"dimensions\": {\"x\": null, \"y\": [{\"accessor\": 0, \"aggType\": \"avg\", \"format\": {\"id\": \"number\"}, \"params\": {}}]}, \"gauge\": {\"alignment\": \"automatic\", \"backStyle\": \"Full\", \"colorSchema\": \"Green to Red\", \"colorsRange\": [{\"from\": 0, \"to\": 0.5}, {\"from\": 0.5, \"to\": 0.75}, {\"from\": 0.75, \"to\": 1}], \"extendRange\": true, \"gaugeColorMode\": \"Labels\", \"gaugeStyle\": \"Full\", \"gaugeType\": \"Arc\", \"invertColors\": true, \"labels\": {\"color\": \"black\", \"show\": true}, \"orientation\": \"vertical\", \"percentageMode\": true, \"scale\": {\"color\": \"rgba(105,112,125,0.2)\", \"labels\": false, \"show\": true}, \"style\": {\"bgColor\": true, \"bgFill\": \"rgba(105,112,125,0.2)\", \"bgMask\": false, \"bgWidth\": 0.9, \"fontSize\": 60, \"labelColor\": true, \"mask\": false, \"maskBars\": 50, \"subText\": \"\", \"width\": 0.9}, \"type\": \"meter\"}, \"isDisplayWarning\": false, \"type\": \"gauge\"}, \"title\": \"Cache Buffer Hit Ratio gauge [Metricbeat Oracle]\", \"type\": \"gauge\"}"
            },
            "id": "ec2b2010-ec0d-11e9-a4bb-7b5324058fcc",
            "migrationVersion": {
                "visualization": "7.3.0"
            },
            "references": [
                {
                    "id": "metricbeat-*",
                    "name": "kibanaSavedObjectMeta.searchSourceJSON.index",
                    "type": "index-pattern"
                }
            ],
            "type": "visualization",
            "updated_at": "2019-10-11T10:32:03.372Z",
            "version": "WzQ0MywzXQ=="
        },
        {
            "attributes": {
                "description": "",
                "kibanaSavedObjectMeta": {
                    "searchSourceJSON": "{\"filter\": [], \"query\": {\"language\": \"kuery\", \"query\": \"\"}}"
                },
                "title": "Current opened cursors [Metricbeat Oracle]",
                "uiStateJSON": "{}",
                "version": 1,
                "visState": "{\"aggs\": [], \"params\": {\"axis_formatter\": \"number\", \"axis_position\": \"left\", \"axis_scale\": \"normal\", \"default_index_pattern\": \"metricbeat-*\", \"default_timefield\": \"@timestamp\", \"id\": \"61ca57f0-469d-11e7-af02-69e470af7417\", \"index_pattern\": \"metricbeat-*\", \"interval\": \"\", \"series\": [{\"axis_position\": \"right\", \"chart_type\": \"line\", \"color\": \"rgba(104,204,202,1)\", \"fill\": 0.5, \"formatter\": \"number\", \"id\": \"61ca57f1-469d-11e7-af02-69e470af7417\", \"label\": \"Current opened cursors\", \"line_width\": 1, \"metrics\": [{\"field\": \"oracle.performance.cursors.opened.current\", \"id\": \"61ca57f2-469d-11e7-af02-69e470af7417\", \"type\": \"avg\"}], \"point_size\": 1, \"separate_axis\": 0, \"split_mode\": \"everything\", \"stacked\": \"none\"}], \"show_grid\": 1, \"show_legend\": 0, \"time_field\": \"\", \"type\": \"timeseries\"}, \"title\": \"Current opened cursors [Metricbeat Oracle]\", \"type\": \"metrics\"}"
            },
            "id": "43369a60-ec0e-11e9-a4bb-7b5324058fcc",
            "migrationVersion": {
                "visualization": "7.3.0"
            },
            "references": [],
            "type": "visualization",
            "updated_at": "2019-10-11T10:43:29.383Z",
            "version": "WzQ0OSwzXQ=="
        },
        {
            "attributes": {
                "description": "",
                "kibanaSavedObjectMeta": {
                    "searchSourceJSON": "{\"filter\": [], \"query\": {\"language\": \"kuery\", \"query\": \"\"}}"
                },
                "title": "Session cache hits [Metricbeat Oracle]",
                "uiStateJSON": "{}",
                "version": 1,
                "visState": "{\"aggs\": [], \"params\": {\"axis_formatter\": \"number\", \"axis_position\": \"left\", \"axis_scale\": \"normal\", \"default_index_pattern\": \"metricbeat-*\", \"default_timefield\": \"@timestamp\", \"id\": \"61ca57f0-469d-11e7-af02-69e470af7417\", \"index_pattern\": \"metricbeat-*\", \"interval\": \"\", \"series\": [{\"axis_position\": \"right\", \"chart_type\": \"line\", \"color\": \"rgba(219,223,0,1)\", \"fill\": 0.5, \"formatter\": \"number\", \"hide_in_legend\": 0, \"id\": \"61ca57f1-469d-11e7-af02-69e470af7417\", \"label\": \"Session cache hits\", \"line_width\": 1, \"metrics\": [{\"field\": \"oracle.performance.cursors.session.cache_hits\", \"id\": \"61ca57f2-469d-11e7-af02-69e470af7417\", \"type\": \"avg\"}], \"point_size\": 1, \"separate_axis\": 0, \"split_mode\": \"everything\", \"stacked\": \"none\"}], \"show_grid\": 1, \"show_legend\": 0, \"time_field\": \"\", \"type\": \"timeseries\"}, \"title\": \"Session cache hits [Metricbeat Oracle]\", \"type\": \"metrics\"}"
            },
            "id": "234013d0-ec0e-11e9-a4bb-7b5324058fcc",
            "migrationVersion": {
                "visualization": "7.3.0"
            },
            "references": [],
            "type": "visualization",
            "updated_at": "2019-10-11T10:35:45.888Z",
            "version": "WzQ0NiwzXQ=="
        },
        {
            "attributes": {
                "description": "",
                "kibanaSavedObjectMeta": {
                    "searchSourceJSON": "{\"filter\": [], \"query\": {\"language\": \"kuery\", \"query\": \"\"}}"
                },
                "title": "Average Cursors by machine (Top 10) [Metricbeat Oracle]",
                "uiStateJSON": "{}",
                "version": 1,
                "visState": "{\"aggs\": [], \"params\": {\"axis_formatter\": \"number\", \"axis_position\": \"left\", \"axis_scale\": \"normal\", \"default_index_pattern\": \"metricbeat-*\", \"default_timefield\": \"@timestamp\", \"id\": \"61ca57f0-469d-11e7-af02-69e470af7417\", \"index_pattern\": \"metricbeat-*\", \"interval\": \"\", \"series\": [{\"axis_position\": \"right\", \"chart_type\": \"line\", \"color\": \"rgba(115,216,255,1)\", \"fill\": 0.5, \"formatter\": \"number\", \"id\": \"61ca57f1-469d-11e7-af02-69e470af7417\", \"label\": \"Average cursors\", \"line_width\": 1, \"metrics\": [{\"field\": \"oracle.performance.cursors.avg\", \"id\": \"61ca57f2-469d-11e7-af02-69e470af7417\", \"type\": \"avg\"}], \"point_size\": 1, \"separate_axis\": 0, \"split_color_mode\": \"gradient\", \"split_filters\": [{\"color\": \"rgba(254,146,0,1)\", \"filter\": {\"language\": \"kuery\", \"query\": \"\"}, \"id\": \"15889d10-ec0f-11e9-bea4-bdae5d622976\"}], \"split_mode\": \"terms\", \"stacked\": \"stacked\", \"terms_field\": \"oracle.performance.machine\"}], \"show_grid\": 1, \"show_legend\": 1, \"time_field\": \"\", \"type\": \"timeseries\"}, \"title\": \"Average Cursors by machine (Top 10) [Metricbeat Oracle]\", \"type\": \"metrics\"}"
            },
            "id": "5a422660-ec0f-11e9-a4bb-7b5324058fcc",
            "migrationVersion": {
                "visualization": "7.3.0"
            },
            "references": [],
            "type": "visualization",
            "updated_at": "2019-10-11T10:14:31.128Z",
            "version": "WzQzMCwzXQ=="
        },
        {
            "attributes": {
                "description": "",
                "kibanaSavedObjectMeta": {
                    "searchSourceJSON": "{\"filter\": [], \"query\": {\"language\": \"kuery\", \"query\": \"\"}}"
                },
                "title": "Max Cursors by machine (Top 10) [Metricbeat Oracle]",
                "uiStateJSON": "{}",
                "version": 1,
                "visState": "{\"aggs\": [], \"params\": {\"axis_formatter\": \"number\", \"axis_position\": \"left\", \"axis_scale\": \"normal\", \"default_index_pattern\": \"metricbeat-*\", \"default_timefield\": \"@timestamp\", \"id\": \"61ca57f0-469d-11e7-af02-69e470af7417\", \"index_pattern\": \"metricbeat-*\", \"interval\": \"\", \"series\": [{\"axis_position\": \"right\", \"chart_type\": \"line\", \"color\": \"rgba(104,204,202,1)\", \"fill\": 0.5, \"formatter\": \"number\", \"id\": \"6e3a42c0-ec0e-11e9-bea4-bdae5d622976\", \"label\": \"Top 10 Max cursors\", \"line_width\": 1, \"metrics\": [{\"field\": \"oracle.performance.cursors.max\", \"id\": \"6e3a42c1-ec0e-11e9-bea4-bdae5d622976\", \"type\": \"avg\"}], \"point_size\": 1, \"separate_axis\": 0, \"split_mode\": \"terms\", \"stacked\": \"stacked\", \"terms_field\": \"oracle.performance.machine\"}], \"show_grid\": 1, \"show_legend\": 1, \"time_field\": \"\", \"type\": \"timeseries\"}, \"title\": \"Max Cursors by machine (Top 10) [Metricbeat Oracle]\", \"type\": \"metrics\"}"
            },
            "id": "4f569650-ec0f-11e9-a4bb-7b5324058fcc",
            "migrationVersion": {
                "visualization": "7.3.0"
            },
            "references": [],
            "type": "visualization",
            "updated_at": "2019-10-11T10:13:39.343Z",
            "version": "WzQyOSwzXQ=="
        },
        {
            "attributes": {
                "description": "",
                "kibanaSavedObjectMeta": {
                    "searchSourceJSON": "{\"filter\": [], \"query\": {\"language\": \"kuery\", \"query\": \"\"}}"
                },
                "title": "DB Blocks Gets by buffer pool (Top 10) [Metricbeat Oracle]",
                "uiStateJSON": "{}",
                "version": 1,
                "visState": "{\"aggs\": [], \"params\": {\"axis_formatter\": \"number\", \"axis_position\": \"left\", \"axis_scale\": \"normal\", \"default_index_pattern\": \"metricbeat-*\", \"default_timefield\": \"@timestamp\", \"id\": \"61ca57f0-469d-11e7-af02-69e470af7417\", \"index_pattern\": \"metricbeat-*\", \"interval\": \"\", \"series\": [{\"axis_position\": \"right\", \"chart_type\": \"line\", \"color\": \"rgba(115,216,255,1)\", \"fill\": 0.5, \"formatter\": \"number\", \"id\": \"1547f520-ec10-11e9-bea4-bdae5d622976\", \"label\": \"DB Blocks gets\", \"line_width\": 1, \"metrics\": [{\"field\": \"oracle.performance.cache.get.db_blocks\", \"id\": \"1547f521-ec10-11e9-bea4-bdae5d622976\", \"type\": \"avg\"}], \"point_size\": 1, \"separate_axis\": 0, \"split_mode\": \"terms\", \"stacked\": \"none\", \"terms_field\": \"oracle.performance.buffer_pool\"}], \"show_grid\": 1, \"show_legend\": 1, \"time_field\": \"\", \"type\": \"timeseries\"}, \"title\": \"DB Blocks Gets by buffer pool (Top 10) [Metricbeat Oracle]\", \"type\": \"metrics\"}"
            },
            "id": "68ce1940-ec10-11e9-a4bb-7b5324058fcc",
            "migrationVersion": {
                "visualization": "7.3.0"
            },
            "references": [],
            "type": "visualization",
            "updated_at": "2019-10-11T10:18:28.007Z",
            "version": "WzQzOCwzXQ=="
        },
        {
            "attributes": {
                "description": "",
                "kibanaSavedObjectMeta": {
                    "searchSourceJSON": "{\"filter\": [], \"query\": {\"language\": \"kuery\", \"query\": \"\"}}"
                },
                "title": "Consistent Gets by buffer pool (Top 10) [Metricbeat Oracle]",
                "uiStateJSON": "{}",
                "version": 1,
                "visState": "{\"aggs\": [], \"params\": {\"axis_formatter\": \"number\", \"axis_position\": \"left\", \"axis_scale\": \"normal\", \"default_index_pattern\": \"metricbeat-*\", \"default_timefield\": \"@timestamp\", \"id\": \"61ca57f0-469d-11e7-af02-69e470af7417\", \"index_pattern\": \"metricbeat-*\", \"interval\": \"\", \"series\": [{\"axis_position\": \"right\", \"chart_type\": \"line\", \"color\": \"#68BC00\", \"fill\": 0.5, \"formatter\": \"number\", \"id\": \"61ca57f1-469d-11e7-af02-69e470af7417\", \"label\": \"Consistent Gets\", \"line_width\": 1, \"metrics\": [{\"field\": \"oracle.performance.cache.get.consistent\", \"id\": \"61ca57f2-469d-11e7-af02-69e470af7417\", \"type\": \"avg\"}], \"point_size\": 1, \"separate_axis\": 0, \"split_mode\": \"terms\", \"stacked\": \"none\", \"terms_field\": \"oracle.performance.buffer_pool\"}], \"show_grid\": 1, \"show_legend\": 1, \"time_field\": \"\", \"type\": \"timeseries\"}, \"title\": \"Consistent Gets by buffer pool (Top 10) [Metricbeat Oracle]\", \"type\": \"metrics\"}"
            },
            "id": "3ae419d0-ec10-11e9-a4bb-7b5324058fcc",
            "migrationVersion": {
                "visualization": "7.3.0"
            },
            "references": [],
            "type": "visualization",
            "updated_at": "2019-10-11T10:18:51.246Z",
            "version": "WzQzOSwzXQ=="
        },
        {
            "attributes": {
                "description": "",
                "kibanaSavedObjectMeta": {
                    "searchSourceJSON": "{\"filter\": [], \"query\": {\"language\": \"kuery\", \"query\": \"\"}}"
                },
                "title": "Total / Real parsed cursors [Metricbeat Oracle]",
                "uiStateJSON": "{}",
                "version": 1,
                "visState": "{\"aggs\": [], \"params\": {\"axis_formatter\": \"number\", \"axis_position\": \"left\", \"axis_scale\": \"normal\", \"default_index_pattern\": \"metricbeat-*\", \"default_timefield\": \"@timestamp\", \"id\": \"61ca57f0-469d-11e7-af02-69e470af7417\", \"index_pattern\": \"metricbeat-*\", \"interval\": \"\", \"series\": [{\"axis_position\": \"right\", \"chart_type\": \"line\", \"color\": \"#68BC00\", \"fill\": 0.5, \"formatter\": \"number\", \"id\": \"61ca57f1-469d-11e7-af02-69e470af7417\", \"label\": \"Real parsed cursors\", \"line_width\": 1, \"metrics\": [{\"field\": \"oracle.performance.cursors.parse.real\", \"id\": \"61ca57f2-469d-11e7-af02-69e470af7417\", \"type\": \"avg\"}], \"point_size\": 1, \"separate_axis\": 0, \"split_mode\": \"everything\", \"stacked\": \"none\"}, {\"axis_position\": \"right\", \"chart_type\": \"line\", \"color\": \"rgba(115,216,255,1)\", \"fill\": 0.5, \"formatter\": \"number\", \"id\": \"a1dae560-ec10-11e9-bea4-bdae5d622976\", \"label\": \"Total parsed cursors\", \"line_width\": 1, \"metrics\": [{\"field\": \"oracle.performance.cursors.parse.total\", \"id\": \"a1dae561-ec10-11e9-bea4-bdae5d622976\", \"type\": \"avg\"}], \"point_size\": 1, \"separate_axis\": 0, \"split_mode\": \"everything\", \"stacked\": \"none\"}], \"show_grid\": 1, \"show_legend\": 1, \"time_field\": \"\", \"type\": \"timeseries\"}, \"title\": \"Total / Real parsed cursors [Metricbeat Oracle]\", \"type\": \"metrics\"}"
            },
            "id": "c46de8c0-ec10-11e9-a4bb-7b5324058fcc",
            "migrationVersion": {
                "visualization": "7.3.0"
            },
            "references": [],
            "type": "visualization",
            "updated_at": "2019-10-11T10:20:37.067Z",
            "version": "WzQ0MCwzXQ=="
        },
        {
            "attributes": {
                "description": "",
                "kibanaSavedObjectMeta": {
                    "searchSourceJSON": "{\"filter\": [], \"indexRefName\": \"kibanaSavedObjectMeta.searchSourceJSON.index\", \"query\": {\"language\": \"kuery\", \"query\": \"\"}}"
                },
                "title": "Lock/Pin requests and IO reloads ratios [Metricbeat Oracle]",
                "uiStateJSON": "{\"vis\": {\"defaultColors\": {\"0 - 50\": \"rgb(247,251,255)\", \"50 - 75\": \"rgb(107,174,214)\", \"75 - 100\": \"rgb(8,48,107)\"}}}",
                "version": 1,
                "visState": "{\"aggs\": [{\"enabled\": true, \"id\": \"1\", \"params\": {\"customLabel\": \"IO Reloads\", \"field\": \"oracle.performance.io_reloads\"}, \"schema\": \"metric\", \"type\": \"avg\"}, {\"enabled\": true, \"id\": \"2\", \"params\": {\"customLabel\": \"Lock requests\", \"field\": \"oracle.performance.lock_requests\"}, \"schema\": \"metric\", \"type\": \"avg\"}, {\"enabled\": true, \"id\": \"3\", \"params\": {\"customLabel\": \"Pin requests\", \"field\": \"oracle.performance.pin_requests\"}, \"schema\": \"metric\", \"type\": \"avg\"}], \"params\": {\"addLegend\": false, \"addTooltip\": true, \"dimensions\": {\"x\": null, \"y\": [{\"accessor\": 0, \"aggType\": \"avg\", \"format\": {\"id\": \"number\"}, \"params\": {}}, {\"accessor\": 1, \"aggType\": \"avg\", \"format\": {\"id\": \"number\"}, \"params\": {}}, {\"accessor\": 2, \"aggType\": \"avg\", \"format\": {\"id\": \"number\"}, \"params\": {}}]}, \"gauge\": {\"alignment\": \"automatic\", \"backStyle\": \"Full\", \"colorSchema\": \"Blues\", \"colorsRange\": [{\"from\": 0, \"to\": 0.5}, {\"from\": 0.5, \"to\": 0.75}, {\"from\": 0.75, \"to\": 1}], \"extendRange\": true, \"gaugeColorMode\": \"Labels\", \"gaugeStyle\": \"Full\", \"gaugeType\": \"Arc\", \"invertColors\": false, \"labels\": {\"color\": \"black\", \"show\": true}, \"orientation\": \"vertical\", \"percentageMode\": true, \"scale\": {\"color\": \"rgba(105,112,125,0.2)\", \"labels\": false, \"show\": true}, \"style\": {\"bgColor\": true, \"bgFill\": \"rgba(105,112,125,0.2)\", \"bgMask\": false, \"bgWidth\": 0.9, \"fontSize\": 60, \"mask\": false, \"maskBars\": 50, \"subText\": \"\", \"width\": 0.9}, \"type\": \"meter\"}, \"isDisplayWarning\": false, \"type\": \"gauge\"}, \"title\": \"Lock/Pin requests and IO reloads ratios [Metricbeat Oracle]\", \"type\": \"gauge\"}"
            },
            "id": "0b1da750-ec12-11e9-a4bb-7b5324058fcc",
            "migrationVersion": {
                "visualization": "7.3.0"
            },
            "references": [
                {
                    "id": "metricbeat-*",
                    "name": "kibanaSavedObjectMeta.searchSourceJSON.index",
                    "type": "index-pattern"
                }
            ],
            "type": "visualization",
            "updated_at": "2019-10-11T10:29:45.157Z",
            "version": "WzQ0MSwzXQ=="
        },
        {
            "attributes": {
                "description": "",
                "kibanaSavedObjectMeta": {
                    "searchSourceJSON": "{\"filter\": [], \"indexRefName\": \"kibanaSavedObjectMeta.searchSourceJSON.index\", \"query\": {\"language\": \"kuery\", \"query\": \"\"}}"
                },
                "title": "Cursors cache hit ratio gauge [Metricbeat Oracle]",
                "uiStateJSON": "{\"vis\": {\"defaultColors\": {\"0 - 50\": \"rgb(0,104,55)\", \"50 - 75\": \"rgb(255,255,190)\", \"75 - 100\": \"rgb(165,0,38)\"}}}",
                "version": 1,
                "visState": "{\"aggs\": [{\"enabled\": true, \"id\": \"1\", \"params\": {\"customLabel\": \"Cursors cache hit ratio\", \"field\": \"oracle.performance.cursors.cache_hit.pct\"}, \"schema\": \"metric\", \"type\": \"avg\"}], \"params\": {\"addLegend\": false, \"addTooltip\": true, \"dimensions\": {\"x\": null, \"y\": [{\"accessor\": 0, \"aggType\": \"avg\", \"format\": {\"id\": \"number\"}, \"params\": {}}]}, \"gauge\": {\"alignment\": \"automatic\", \"backStyle\": \"Full\", \"colorSchema\": \"Green to Red\", \"colorsRange\": [{\"from\": 0, \"to\": 0.5}, {\"from\": 0.5, \"to\": 0.75}, {\"from\": 0.75, \"to\": 1}], \"extendRange\": true, \"gaugeColorMode\": \"Labels\", \"gaugeStyle\": \"Full\", \"gaugeType\": \"Arc\", \"invertColors\": false, \"labels\": {\"color\": \"black\", \"show\": false}, \"orientation\": \"vertical\", \"percentageMode\": true, \"scale\": {\"color\": \"rgba(105,112,125,0.2)\", \"labels\": false, \"show\": true}, \"style\": {\"bgColor\": true, \"bgFill\": \"rgba(105,112,125,0.2)\", \"bgMask\": false, \"bgWidth\": 0.9, \"fontSize\": 60, \"mask\": false, \"maskBars\": 50, \"subText\": \"\", \"width\": 0.9}, \"type\": \"meter\"}, \"isDisplayWarning\": false, \"type\": \"gauge\"}, \"title\": \"Cursors cache hit ratio gauge [Metricbeat Oracle]\", \"type\": \"gauge\"}"
            },
            "id": "bc977600-ec12-11e9-a4bb-7b5324058fcc",
            "migrationVersion": {
                "visualization": "7.3.0"
            },
            "references": [
                {
                    "id": "metricbeat-*",
                    "name": "kibanaSavedObjectMeta.searchSourceJSON.index",
                    "type": "index-pattern"
                }
            ],
            "type": "visualization",
            "updated_at": "2019-10-11T10:34:42.911Z",
            "version": "WzQ0NSwzXQ=="
        }
    ],
    "version": "8.0.0-SNAPSHOT"
}