{
    "objects": [
        {
            "attributes": {
                "description": "Overview of AWS Metrics",
                "hits": 0,
                "kibanaSavedObjectMeta": {
                    "searchSourceJSON": "{\"filter\": [], \"query\": {\"language\": \"kuery\", \"query\": \"\"}}"
                },
                "optionsJSON": "{\"hidePanelTitles\": false, \"useMargins\": true}",
                "panelsJSON": "[{\"embeddableConfig\": {}, \"gridData\": {\"h\": 7, \"i\": \"2\", \"w\": 9, \"x\": 0, \"y\": 0}, \"panelIndex\": \"2\", \"panelRefName\": \"panel_0\", \"version\": \"7.0.0\"}, {\"embeddableConfig\": {}, \"gridData\": {\"h\": 7, \"i\": \"3\", \"w\": 10, \"x\": 9, \"y\": 0}, \"panelIndex\": \"3\", \"panelRefName\": \"panel_1\", \"version\": \"7.0.0\"}, {\"embeddableConfig\": {}, \"gridData\": {\"h\": 7, \"i\": \"4\", \"w\": 29, \"x\": 19, \"y\": 0}, \"panelIndex\": \"4\", \"panelRefName\": \"panel_2\", \"version\": \"7.0.0\"}, {\"embeddableConfig\": {}, \"gridData\": {\"h\": 7, \"i\": \"6\", \"w\": 9, \"x\": 0, \"y\": 7}, \"panelIndex\": \"6\", \"panelRefName\": \"panel_3\", \"version\": \"7.0.0\"}, {\"embeddableConfig\": {}, \"gridData\": {\"h\": 7, \"i\": \"7\", \"w\": 9, \"x\": 9, \"y\": 7}, \"panelIndex\": \"7\", \"panelRefName\": \"panel_4\", \"version\": \"7.0.0\"}, {\"embeddableConfig\": {}, \"gridData\": {\"h\": 7, \"i\": \"9\", \"w\": 15, \"x\": 18, \"y\": 7}, \"panelIndex\": \"9\", \"panelRefName\": \"panel_5\", \"version\": \"7.0.0\"}, {\"embeddableConfig\": {}, \"gridData\": {\"h\": 7, \"i\": \"10\", \"w\": 15, \"x\": 33, \"y\": 7}, \"panelIndex\": \"10\", \"panelRefName\": \"panel_6\", \"version\": \"7.0.0\"}, {\"embeddableConfig\": {}, \"gridData\": {\"h\": 7, \"i\": \"12\", \"w\": 13, \"x\": 0, \"y\": 14}, \"panelIndex\": \"12\", \"panelRefName\": \"panel_7\", \"version\": \"7.0.0\"}, {\"embeddableConfig\": {}, \"gridData\": {\"h\": 7, \"i\": \"14\", \"w\": 20, \"x\": 13, \"y\": 14}, \"panelIndex\": \"14\", \"panelRefName\": \"panel_8\", \"version\": \"7.0.0\"}, {\"embeddableConfig\": {}, \"gridData\": {\"h\": 7, \"i\": \"15\", \"w\": 15, \"x\": 33, \"y\": 14}, \"panelIndex\": \"15\", \"panelRefName\": \"panel_9\", \"version\": \"7.0.0\"}, {\"embeddableConfig\": {}, \"gridData\": {\"h\": 7, \"i\": \"17\", \"w\": 16, \"x\": 15, \"y\": 21}, \"panelIndex\": \"17\", \"panelRefName\": \"panel_10\", \"version\": \"7.0.0\"}, {\"embeddableConfig\": {}, \"gridData\": {\"h\": 7, \"i\": \"18\", \"w\": 15, \"x\": 0, \"y\": 21}, \"panelIndex\": \"18\", \"panelRefName\": \"panel_11\", \"version\": \"7.0.0\"}, {\"embeddableConfig\": {}, \"gridData\": {\"h\": 7, \"i\": \"19\", \"w\": 17, \"x\": 31, \"y\": 21}, \"panelIndex\": \"19\", \"panelRefName\": \"panel_12\", \"version\": \"7.0.0\"}, {\"embeddableConfig\": {}, \"gridData\": {\"h\": 9, \"i\": \"24\", \"w\": 24, \"x\": 0, \"y\": 28}, \"panelIndex\": \"24\", \"panelRefName\": \"panel_13\", \"version\": \"7.2.0\"}, {\"embeddableConfig\": {}, \"gridData\": {\"h\": 9, \"i\": \"25\", \"w\": 24, \"x\": 24, \"y\": 28}, \"panelIndex\": \"25\", \"panelRefName\": \"panel_14\", \"version\": \"7.2.0\"}]",
                "timeRestore": false,
                "title": "[Metricbeat AWS] Overview",
                "version": 1
            },
            "id": "fac28650-7349-11e9-816b-07687310a99a",
            "migrationVersion": {
                "dashboard": "7.0.0"
            },
            "references": [
                {
                    "id": "b5308940-7347-11e9-816b-07687310a99a",
                    "name": "panel_0",
                    "type": "visualization"
                },
                {
                    "id": "09db13f0-2bdd-11e9-9fe1-cde861544141",
                    "name": "panel_1",
                    "type": "visualization"
                },
                {
                    "id": "be8828d0-f7f6-11e8-af03-c999c9dea608-ecs",
                    "name": "panel_2",
                    "type": "visualization"
                },
                {
                    "id": "81d83c70-4762-11e9-8062-c98a86cb6f94",
                    "name": "panel_3",
                    "type": "visualization"
                },
                {
                    "id": "58e17c10-7349-11e9-816b-07687310a99a",
                    "name": "panel_4",
                    "type": "visualization"
                },
                {
                    "id": "4658f540-734a-11e9-816b-07687310a99a",
                    "name": "panel_5",
                    "type": "visualization"
                },
                {
                    "id": "95b322f0-734a-11e9-816b-07687310a99a",
                    "name": "panel_6",
                    "type": "visualization"
                },
                {
                    "id": "b2191dd0-734c-11e9-816b-07687310a99a",
                    "name": "panel_7",
                    "type": "visualization"
                },
                {
                    "id": "42016bf0-728f-11e9-9a7b-4d62d5bcf4fc",
                    "name": "panel_8",
                    "type": "visualization"
                },
                {
                    "id": "9121ac90-734d-11e9-816b-07687310a99a",
                    "name": "panel_9",
                    "type": "visualization"
                },
                {
                    "id": "128fd450-734e-11e9-816b-07687310a99a",
                    "name": "panel_10",
                    "type": "visualization"
                },
                {
                    "id": "54e88a40-734e-11e9-816b-07687310a99a",
                    "name": "panel_11",
                    "type": "visualization"
                },
                {
                    "id": "398d12d0-7352-11e9-816b-07687310a99a",
                    "name": "panel_12",
                    "type": "visualization"
                },
                {
                    "id": "4bf62a10-8310-11e9-ac83-47df3568ff90",
                    "name": "panel_13",
                    "type": "visualization"
                },
                {
                    "id": "d2f46190-830f-11e9-ac83-47df3568ff90",
                    "name": "panel_14",
                    "type": "visualization"
                }
            ],
            "type": "dashboard",
            "updated_at": "2019-06-14T17:28:35.266Z",
            "version": "WzI5MjYsNF0="
        },
        {
            "attributes": {
                "description": "",
                "kibanaSavedObjectMeta": {
                    "searchSourceJSON": "{\"filter\": [], \"query\": {\"language\": \"kuery\", \"query\": \"\"}}"
                },
                "title": "Region Filter [Metricbeat AWS]",
                "uiStateJSON": "{}",
                "version": 1,
                "visState": "{\"aggs\": [], \"params\": {\"controls\": [{\"fieldName\": \"cloud.region\", \"id\": \"1549397251041\", \"indexPatternRefName\": \"control_0_index_pattern\", \"label\": \"region\", \"options\": {\"dynamicOptions\": true, \"multiselect\": true, \"order\": \"desc\", \"size\": 5, \"type\": \"terms\"}, \"parent\": \"\", \"type\": \"list\"}], \"pinFilters\": false, \"updateFiltersOnChange\": true, \"useTimeFilter\": false}, \"title\": \"AWS Region Filter\", \"type\": \"input_control_vis\"}"
            },
            "id": "b5308940-7347-11e9-816b-07687310a99a",
            "migrationVersion": {
                "visualization": "7.2.0"
            },
            "references": [
                {
                    "id": "metricbeat-*",
                    "name": "control_0_index_pattern",
                    "type": "index-pattern"
                }
            ],
            "type": "visualization",
            "updated_at": "2019-06-14T17:02:27.742Z",
            "version": "WzI2NzQsNF0="
        },
        {
            "attributes": {
                "description": "",
                "kibanaSavedObjectMeta": {
                    "searchSourceJSON": "{\"filter\": [], \"indexRefName\": \"kibanaSavedObjectMeta.searchSourceJSON.index\", \"query\": {\"language\": \"kuery\", \"query\": \"\"}}"
                },
                "title": "EC2 Instance State [Metricbeat AWS] ECS",
                "uiStateJSON": "{\"vis\": {\"colors\": {\"16\": \"#629E51\", \"272\": \"#DEDAF7\", \"80\": \"#E24D42\", \"running\": \"#7EB26D\", \"stopped\": \"#E24D42\"}, \"legendOpen\": true}}",
                "version": 1,
                "visState": "{\"aggs\": [{\"enabled\": true, \"id\": \"1\", \"params\": {\"customLabel\": \"EC2 Instance State\"}, \"schema\": \"metric\", \"type\": \"count\"}, {\"enabled\": true, \"id\": \"2\", \"params\": {\"customLabel\": \"\", \"field\": \"aws.ec2.instance.state.name\", \"missingBucket\": false, \"missingBucketLabel\": \"Missing\", \"order\": \"desc\", \"orderBy\": \"1\", \"otherBucket\": false, \"otherBucketLabel\": \"Other\", \"size\": 5}, \"schema\": \"segment\", \"type\": \"terms\"}], \"params\": {\"addLegend\": true, \"addTooltip\": true, \"isDonut\": false, \"labels\": {\"last_level\": true, \"show\": true, \"truncate\": 100, \"values\": true}, \"legendPosition\": \"right\", \"type\": \"pie\"}, \"title\": \"EC2 Instance State [Metricbeat AWS] ECS\", \"type\": \"pie\"}"
            },
            "id": "09db13f0-2bdd-11e9-9fe1-cde861544141",
            "migrationVersion": {
                "visualization": "7.2.0"
            },
            "references": [
                {
                    "id": "metricbeat-*",
                    "name": "kibanaSavedObjectMeta.searchSourceJSON.index",
                    "type": "index-pattern"
                }
            ],
            "type": "visualization",
            "updated_at": "2019-06-14T17:02:27.742Z",
            "version": "WzI2NzUsNF0="
        },
        {
            "attributes": {
                "description": "",
                "kibanaSavedObjectMeta": {
                    "searchSourceJSON": "{\"filter\": [], \"query\": {\"language\": \"kuery\", \"query\": \"\"}}"
                },
                "title": "EC2 CPU Utilization [Metricbeat AWS] ECS",
                "uiStateJSON": "{}",
                "version": 1,
                "visState": "{\"aggs\": [], \"params\": {\"annotations\": [], \"axis_formatter\": \"number\", \"axis_position\": \"left\", \"axis_scale\": \"normal\", \"background_color_rules\": [{\"id\": \"23428b30-f7f2-11e8-bff8-21537b07dd44\"}], \"bar_color_rules\": [{\"id\": \"2592bcc0-f7f2-11e8-bff8-21537b07dd44\"}], \"id\": \"61ca57f0-469d-11e7-af02-69e470af7417\", \"index_pattern\": \"metricbeat-*\", \"interval\": \"5m\", \"series\": [{\"axis_position\": \"right\", \"chart_type\": \"line\", \"color\": \"rgba(104,188,0,1)\", \"fill\": \"0\", \"filter\": \"\", \"formatter\": \"number\", \"id\": \"61ca57f1-469d-11e7-af02-69e470af7417\", \"label\": \"AWS EC2 CPU Utilization ECS\", \"line_width\": 1, \"metrics\": [{\"field\": \"aws.ec2.cpu.total.pct\", \"id\": \"61ca57f2-469d-11e7-af02-69e470af7417\", \"type\": \"avg\"}], \"point_size\": 1, \"separate_axis\": 0, \"series_drop_last_bucket\": 1, \"split_color_mode\": \"rainbow\", \"split_mode\": \"terms\", \"stacked\": \"none\", \"steps\": 0, \"terms_field\": \"cloud.instance.id\", \"terms_order_by\": \"61ca57f2-469d-11e7-af02-69e470af7417\", \"terms_size\": \"5\"}], \"show_grid\": 1, \"show_legend\": 1, \"time_field\": \"@timestamp\", \"type\": \"timeseries\"}, \"title\": \"AWS EC2 CPU Utilization ECS\", \"type\": \"metrics\"}"
            },
            "id": "be8828d0-f7f6-11e8-af03-c999c9dea608-ecs",
            "migrationVersion": {
                "visualization": "7.2.0"
            },
            "references": [],
            "type": "visualization",
            "updated_at": "2019-06-14T17:02:27.742Z",
            "version": "WzI2NzYsNF0="
        },
        {
            "attributes": {
                "description": "",
                "kibanaSavedObjectMeta": {
                    "searchSourceJSON": "{\"filter\": [], \"query\": {\"language\": \"kuery\", \"query\": \"\"}}"
                },
                "title": "S3 Total Error 4xx [Metricbeat AWS]",
                "uiStateJSON": "{}",
                "version": 1,
                "visState": "{\"aggs\": [], \"params\": {\"axis_formatter\": \"number\", \"axis_position\": \"left\", \"axis_scale\": \"normal\", \"background_color_rules\": [{\"id\": \"59207fe0-4762-11e9-bf81-69a4e579cab5\"}], \"bar_color_rules\": [{\"id\": \"5ad9a190-4762-11e9-bf81-69a4e579cab5\"}], \"id\": \"61ca57f0-469d-11e7-af02-69e470af7417\", \"index_pattern\": \"metricbeat-*\", \"interval\": \"auto\", \"series\": [{\"axis_position\": \"right\", \"chart_type\": \"line\", \"color\": \"#68BC00\", \"fill\": 0.5, \"formatter\": \"number\", \"id\": \"61ca57f1-469d-11e7-af02-69e470af7417\", \"label\": \"Total # of HTTP 4xx Errors\", \"line_width\": 1, \"metrics\": [{\"field\": \"aws.s3_request.errors.4xx\", \"id\": \"61ca57f2-469d-11e7-af02-69e470af7417\", \"type\": \"sum\"}], \"point_size\": 1, \"separate_axis\": 0, \"split_mode\": \"everything\", \"stacked\": \"none\"}], \"show_grid\": 1, \"show_legend\": 1, \"time_field\": \"@timestamp\", \"type\": \"metric\"}, \"title\": \"AWS S3 Total Error 4xx\", \"type\": \"metrics\"}"
            },
            "id": "81d83c70-4762-11e9-8062-c98a86cb6f94",
            "migrationVersion": {
                "visualization": "7.2.0"
            },
            "references": [],
            "type": "visualization",
            "updated_at": "2019-06-14T17:02:28.760Z",
            "version": "WzI2OTUsNF0="
        },
        {
            "attributes": {
                "description": "",
                "kibanaSavedObjectMeta": {
                    "searchSourceJSON": "{\"filter\": [], \"query\": {\"language\": \"kuery\", \"query\": \"\"}}"
                },
                "title": "S3 Total Error 5xx [Metricbeat AWS]",
                "uiStateJSON": "{}",
                "version": 1,
                "visState": "{\"aggs\": [], \"params\": {\"axis_formatter\": \"number\", \"axis_position\": \"left\", \"axis_scale\": \"normal\", \"background_color_rules\": [{\"id\": \"59207fe0-4762-11e9-bf81-69a4e579cab5\"}], \"bar_color_rules\": [{\"id\": \"5ad9a190-4762-11e9-bf81-69a4e579cab5\"}], \"default_index_pattern\": \"metricbeat-*\", \"id\": \"61ca57f0-469d-11e7-af02-69e470af7417\", \"index_pattern\": \"metricbeat-*\", \"interval\": \"auto\", \"series\": [{\"axis_position\": \"right\", \"chart_type\": \"line\", \"color\": \"#68BC00\", \"fill\": 0.5, \"formatter\": \"number\", \"id\": \"61ca57f1-469d-11e7-af02-69e470af7417\", \"label\": \"Total # of HTTP 5xx Errors\", \"line_width\": 1, \"metrics\": [{\"field\": \"aws.s3_request.errors.5xx\", \"id\": \"61ca57f2-469d-11e7-af02-69e470af7417\", \"type\": \"sum\"}], \"point_size\": 1, \"separate_axis\": 0, \"split_mode\": \"everything\", \"stacked\": \"none\"}], \"show_grid\": 1, \"show_legend\": 1, \"time_field\": \"@timestamp\", \"type\": \"metric\"}, \"title\": \"AWS S3 Total Error 5xx\", \"type\": \"metrics\"}"
            },
            "id": "58e17c10-7349-11e9-816b-07687310a99a",
            "migrationVersion": {
                "visualization": "7.2.0"
            },
            "references": [],
            "type": "visualization",
            "updated_at": "2019-06-14T17:02:27.742Z",
            "version": "WzI2NzgsNF0="
        },
        {
            "attributes": {
                "description": "",
                "kibanaSavedObjectMeta": {
                    "searchSourceJSON": "{\"filter\": [], \"query\": {\"language\": \"kuery\", \"query\": \"\"}}"
                },
                "title": "SQS Empty Receives Top5 [Metricbeat AWS]",
                "uiStateJSON": "{}",
                "version": 1,
                "visState": "{\"aggs\": [], \"params\": {\"axis_formatter\": \"number\", \"axis_position\": \"left\", \"axis_scale\": \"normal\", \"bar_color_rules\": [{\"id\": \"23be77d0-734a-11e9-a683-47ca322fa6f9\"}], \"default_index_pattern\": \"metricbeat-*\", \"id\": \"61ca57f0-469d-11e7-af02-69e470af7417\", \"index_pattern\": \"metricbeat-*\", \"interval\": \"auto\", \"series\": [{\"axis_position\": \"right\", \"chart_type\": \"line\", \"color\": \"#68BC00\", \"fill\": 0.5, \"formatter\": \"number\", \"id\": \"61ca57f1-469d-11e7-af02-69e470af7417\", \"label\": \"AWS SQS Empty Receives\", \"line_width\": 1, \"metrics\": [{\"field\": \"aws.sqs.empty_receives\", \"id\": \"61ca57f2-469d-11e7-af02-69e470af7417\", \"type\": \"avg\"}], \"point_size\": 1, \"separate_axis\": 0, \"split_mode\": \"terms\", \"stacked\": \"none\", \"terms_field\": \"aws.sqs.queue.name\", \"terms_order_by\": \"61ca57f2-469d-11e7-af02-69e470af7417\", \"terms_size\": \"5\"}], \"show_grid\": 1, \"show_legend\": 1, \"time_field\": \"@timestamp\", \"type\": \"top_n\"}, \"title\": \"AWS SQS Empty Receives Top5\", \"type\": \"metrics\"}"
            },
            "id": "4658f540-734a-11e9-816b-07687310a99a",
            "migrationVersion": {
                "visualization": "7.2.0"
            },
            "references": [],
            "type": "visualization",
            "updated_at": "2019-06-14T17:02:27.742Z",
            "version": "WzI2NzksNF0="
        },
        {
            "attributes": {
                "description": "",
                "kibanaSavedObjectMeta": {
                    "searchSourceJSON": "{\"filter\": [], \"query\": {\"language\": \"kuery\", \"query\": \"\"}}"
                },
                "title": "SQS Messages Delayed Top5 [Metricbeat AWS]",
                "uiStateJSON": "{}",
                "version": 1,
                "visState": "{\"aggs\": [], \"params\": {\"axis_formatter\": \"number\", \"axis_position\": \"left\", \"axis_scale\": \"normal\", \"bar_color_rules\": [{\"id\": \"23be77d0-734a-11e9-a683-47ca322fa6f9\"}], \"default_index_pattern\": \"metricbeat-*\", \"id\": \"61ca57f0-469d-11e7-af02-69e470af7417\", \"index_pattern\": \"metricbeat-*\", \"interval\": \"auto\", \"series\": [{\"axis_position\": \"right\", \"chart_type\": \"line\", \"color\": \"#68BC00\", \"fill\": 0.5, \"formatter\": \"number\", \"id\": \"61ca57f1-469d-11e7-af02-69e470af7417\", \"label\": \"AWS SQS Messages Delayed\", \"line_width\": 1, \"metrics\": [{\"field\": \"aws.sqs.messages.delayed\", \"id\": \"61ca57f2-469d-11e7-af02-69e470af7417\", \"type\": \"avg\"}], \"point_size\": 1, \"separate_axis\": 0, \"split_mode\": \"terms\", \"stacked\": \"none\", \"terms_field\": \"aws.sqs.queue.name\", \"terms_order_by\": \"61ca57f2-469d-11e7-af02-69e470af7417\", \"terms_size\": \"5\"}], \"show_grid\": 1, \"show_legend\": 1, \"time_field\": \"@timestamp\", \"type\": \"top_n\"}, \"title\": \"AWS SQS Messages Delayed Top5\", \"type\": \"metrics\"}"
            },
            "id": "95b322f0-734a-11e9-816b-07687310a99a",
            "migrationVersion": {
                "visualization": "7.2.0"
            },
            "references": [],
            "type": "visualization",
            "updated_at": "2019-06-14T17:02:27.742Z",
            "version": "WzI2ODAsNF0="
        },
        {
            "attributes": {
                "description": "",
                "kibanaSavedObjectMeta": {
                    "searchSourceJSON": "{\"filter\": [], \"query\": {\"language\": \"kuery\", \"query\": \"\"}}"
                },
                "title": "Cloudwatch ELB Request Count Top5 [Metricbeat AWS]",
                "uiStateJSON": "{}",
                "version": 1,
                "visState": "{\"aggs\": [], \"params\": {\"axis_formatter\": \"number\", \"axis_position\": \"left\", \"axis_scale\": \"normal\", \"bar_color_rules\": [{\"id\": \"94f2ce40-734c-11e9-a683-47ca322fa6f9\"}], \"default_index_pattern\": \"metricbeat-*\", \"id\": \"61ca57f0-469d-11e7-af02-69e470af7417\", \"index_pattern\": \"metricbeat-*\", \"interval\": \"auto\", \"series\": [{\"axis_position\": \"right\", \"chart_type\": \"line\", \"color\": \"#68BC00\", \"fill\": 0.5, \"formatter\": \"number\", \"id\": \"61ca57f1-469d-11e7-af02-69e470af7417\", \"label\": \"ELB Request Count Top5\", \"line_width\": 1, \"metrics\": [{\"field\": \"aws.elb.metrics.RequestCount\", \"id\": \"61ca57f2-469d-11e7-af02-69e470af7417\", \"type\": \"sum\"}], \"point_size\": 1, \"separate_axis\": 0, \"split_mode\": \"terms\", \"stacked\": \"none\", \"terms_field\": \"aws.dimensions.LoadBalancerName\", \"terms_size\": \"5\"}], \"show_grid\": 1, \"show_legend\": 1, \"time_field\": \"@timestamp\", \"type\": \"top_n\"}, \"title\": \"AWS Cloudwatch ELB Request Count Top5\", \"type\": \"metrics\"}"
            },
            "id": "b2191dd0-734c-11e9-816b-07687310a99a",
            "migrationVersion": {
                "visualization": "7.2.0"
            },
            "references": [],
            "type": "visualization",
            "updated_at": "2019-06-14T17:02:27.742Z",
            "version": "WzI2ODEsNF0="
        },
        {
            "attributes": {
                "description": "",
                "kibanaSavedObjectMeta": {
                    "searchSourceJSON": "{\"filter\": [], \"query\": {\"language\": \"kuery\", \"query\": \"\"}}"
                },
                "title": "Cloudwatch ELB Latency [Metricbeat AWS]",
                "uiStateJSON": "{}",
                "version": 1,
                "visState": "{\"aggs\": [], \"params\": {\"annotations\": [], \"axis_formatter\": \"number\", \"axis_position\": \"left\", \"axis_scale\": \"normal\", \"background_color_rules\": [{\"id\": \"23428b30-f7f2-11e8-bff8-21537b07dd44\"}], \"bar_color_rules\": [{\"id\": \"2592bcc0-f7f2-11e8-bff8-21537b07dd44\"}], \"default_index_pattern\": \"metricbeat-8*\", \"id\": \"61ca57f0-469d-11e7-af02-69e470af7417\", \"index_pattern\": \"metricbeat-*\", \"interval\": \"5m\", \"series\": [{\"axis_position\": \"right\", \"chart_type\": \"line\", \"color\": \"rgba(104,188,0,1)\", \"fill\": \"0\", \"filter\": \"\", \"formatter\": \"number\", \"id\": \"61ca57f1-469d-11e7-af02-69e470af7417\", \"label\": \"AWS Cloudwatch ELB Latency\", \"line_width\": 1, \"metrics\": [{\"field\": \"aws.elb.metrics.Latency\", \"id\": \"61ca57f2-469d-11e7-af02-69e470af7417\", \"type\": \"avg\"}], \"point_size\": 1, \"separate_axis\": 0, \"series_drop_last_bucket\": 1, \"split_color_mode\": \"rainbow\", \"split_mode\": \"terms\", \"stacked\": \"none\", \"steps\": 0, \"terms_field\": \"aws.dimensions.LoadBalancerName\", \"terms_order_by\": \"61ca57f2-469d-11e7-af02-69e470af7417\", \"terms_size\": \"5\"}], \"show_grid\": 1, \"show_legend\": 1, \"time_field\": \"@timestamp\", \"type\": \"timeseries\"}, \"title\": \"AWS Cloudwatch ELB Latency\", \"type\": \"metrics\"}"
            },
            "id": "42016bf0-728f-11e9-9a7b-4d62d5bcf4fc",
            "migrationVersion": {
                "visualization": "7.2.0"
            },
            "references": [],
            "type": "visualization",
            "updated_at": "2019-06-14T17:02:27.742Z",
            "version": "WzI2ODIsNF0="
        },
        {
            "attributes": {
                "description": "",
                "kibanaSavedObjectMeta": {
                    "searchSourceJSON": "{\"filter\": [], \"query\": {\"language\": \"kuery\", \"query\": \"\"}}"
                },
                "title": "Cloudwatch ELB Unhealthy Host Count [Metricbeat AWS]",
                "uiStateJSON": "{}",
                "version": 1,
                "visState": "{\"aggs\": [], \"params\": {\"axis_formatter\": \"number\", \"axis_position\": \"left\", \"axis_scale\": \"normal\", \"background_color_rules\": [{\"id\": \"cbb498f0-734c-11e9-a683-47ca322fa6f9\"}], \"bar_color_rules\": [{\"id\": \"94f2ce40-734c-11e9-a683-47ca322fa6f9\"}], \"default_index_pattern\": \"metricbeat-*\", \"id\": \"61ca57f0-469d-11e7-af02-69e470af7417\", \"index_pattern\": \"metricbeat-*\", \"interval\": \"5m\", \"series\": [{\"axis_position\": \"right\", \"chart_type\": \"line\", \"color\": \"#68BC00\", \"fill\": \"0\", \"formatter\": \"number\", \"id\": \"61ca57f1-469d-11e7-af02-69e470af7417\", \"label\": \"ELB Unhealthy Host Count\", \"line_width\": 1, \"metrics\": [{\"field\": \"aws.elb.metrics.UnHealthyHostCount\", \"id\": \"61ca57f2-469d-11e7-af02-69e470af7417\", \"type\": \"sum\"}], \"point_size\": 1, \"separate_axis\": 0, \"split_mode\": \"terms\", \"stacked\": \"none\", \"terms_field\": \"aws.dimensions.LoadBalancerName\", \"terms_order_by\": \"61ca57f2-469d-11e7-af02-69e470af7417\", \"terms_size\": \"5\"}], \"show_grid\": 1, \"show_legend\": 1, \"time_field\": \"@timestamp\", \"type\": \"top_n\"}, \"title\": \"AWS Cloudwatch ELB Unhealthy Host Count\", \"type\": \"metrics\"}"
            },
            "id": "9121ac90-734d-11e9-816b-07687310a99a",
            "migrationVersion": {
                "visualization": "7.2.0"
            },
            "references": [],
            "type": "visualization",
            "updated_at": "2019-06-14T17:02:27.742Z",
            "version": "WzI2ODMsNF0="
        },
        {
            "attributes": {
                "description": "",
                "kibanaSavedObjectMeta": {
                    "searchSourceJSON": "{\"filter\": [], \"query\": {\"language\": \"kuery\", \"query\": \"\"}}"
                },
                "title": "Cloudwatch Lambda Invocations Top5 [Metricbeat AWS]",
                "uiStateJSON": "{}",
                "version": 1,
                "visState": "{\"aggs\": [], \"params\": {\"axis_formatter\": \"number\", \"axis_position\": \"left\", \"axis_scale\": \"normal\", \"background_color_rules\": [{\"id\": \"cbb498f0-734c-11e9-a683-47ca322fa6f9\"}], \"bar_color_rules\": [{\"id\": \"94f2ce40-734c-11e9-a683-47ca322fa6f9\"}], \"default_index_pattern\": \"metricbeat-*\", \"id\": \"61ca57f0-469d-11e7-af02-69e470af7417\", \"index_pattern\": \"metricbeat-*\", \"interval\": \"5m\", \"series\": [{\"axis_position\": \"right\", \"chart_type\": \"line\", \"color\": \"#68BC00\", \"fill\": \"0\", \"formatter\": \"number\", \"id\": \"61ca57f1-469d-11e7-af02-69e470af7417\", \"label\": \"Lambda Invocations\", \"line_width\": 1, \"metrics\": [{\"field\": \"aws.lambda.metrics.Invocations\", \"id\": \"61ca57f2-469d-11e7-af02-69e470af7417\", \"type\": \"avg\"}], \"point_size\": 1, \"separate_axis\": 0, \"split_mode\": \"terms\", \"stacked\": \"none\", \"terms_field\": \"aws.dimensions.FunctionName\", \"terms_order_by\": \"61ca57f2-469d-11e7-af02-69e470af7417\", \"terms_size\": \"5\"}], \"show_grid\": 1, \"show_legend\": 1, \"time_field\": \"@timestamp\", \"type\": \"top_n\"}, \"title\": \"AWS Cloudwatch Lambda Invocations Top5\", \"type\": \"metrics\"}"
            },
            "id": "128fd450-734e-11e9-816b-07687310a99a",
            "migrationVersion": {
                "visualization": "7.2.0"
            },
            "references": [],
            "type": "visualization",
            "updated_at": "2019-06-14T17:02:27.742Z",
            "version": "WzI2ODQsNF0="
        },
        {
            "attributes": {
                "description": "",
                "kibanaSavedObjectMeta": {
                    "searchSourceJSON": "{\"filter\": [], \"query\": {\"language\": \"kuery\", \"query\": \"\"}}"
                },
                "title": "Cloudwatch Lambda Errors Top5 [Metricbeat AWS]",
                "uiStateJSON": "{}",
                "version": 1,
                "visState": "{\"aggs\": [], \"params\": {\"axis_formatter\": \"number\", \"axis_position\": \"left\", \"axis_scale\": \"normal\", \"background_color_rules\": [{\"id\": \"cbb498f0-734c-11e9-a683-47ca322fa6f9\"}], \"bar_color_rules\": [{\"id\": \"94f2ce40-734c-11e9-a683-47ca322fa6f9\"}], \"default_index_pattern\": \"metricbeat-*\", \"id\": \"61ca57f0-469d-11e7-af02-69e470af7417\", \"index_pattern\": \"metricbeat-*\", \"interval\": \"5m\", \"series\": [{\"axis_position\": \"right\", \"chart_type\": \"line\", \"color\": \"#68BC00\", \"fill\": \"0\", \"formatter\": \"number\", \"id\": \"61ca57f1-469d-11e7-af02-69e470af7417\", \"label\": \"Lambda Errors\", \"line_width\": 1, \"metrics\": [{\"field\": \"aws.lambda.metrics.Errors\", \"id\": \"61ca57f2-469d-11e7-af02-69e470af7417\", \"type\": \"avg\"}], \"point_size\": 1, \"separate_axis\": 0, \"split_mode\": \"terms\", \"stacked\": \"none\", \"terms_field\": \"aws.dimensions.FunctionName\", \"terms_order_by\": \"61ca57f2-469d-11e7-af02-69e470af7417\", \"terms_size\": \"5\"}], \"show_grid\": 1, \"show_legend\": 1, \"time_field\": \"@timestamp\", \"type\": \"top_n\"}, \"title\": \"AWS Cloudwatch Lambda Errors Top5\", \"type\": \"metrics\"}"
            },
            "id": "54e88a40-734e-11e9-816b-07687310a99a",
            "migrationVersion": {
                "visualization": "7.2.0"
            },
            "references": [],
            "type": "visualization",
            "updated_at": "2019-06-14T17:02:27.742Z",
            "version": "WzI2ODUsNF0="
        },
        {
            "attributes": {
                "description": "",
                "kibanaSavedObjectMeta": {
                    "searchSourceJSON": "{\"filter\": [], \"query\": {\"language\": \"kuery\", \"query\": \"\"}}"
                },
                "title": "Cloudwatch Lambda Throttles Top5 [Metricbeat AWS]",
                "uiStateJSON": "{}",
                "version": 1,
                "visState": "{\"aggs\": [], \"params\": {\"axis_formatter\": \"number\", \"axis_position\": \"left\", \"axis_scale\": \"normal\", \"background_color_rules\": [{\"id\": \"cbb498f0-734c-11e9-a683-47ca322fa6f9\"}], \"bar_color_rules\": [{\"id\": \"94f2ce40-734c-11e9-a683-47ca322fa6f9\"}], \"default_index_pattern\": \"metricbeat-*\", \"id\": \"61ca57f0-469d-11e7-af02-69e470af7417\", \"index_pattern\": \"metricbeat-*\", \"interval\": \"5m\", \"series\": [{\"axis_position\": \"right\", \"chart_type\": \"line\", \"color\": \"#68BC00\", \"fill\": \"0\", \"formatter\": \"number\", \"id\": \"61ca57f1-469d-11e7-af02-69e470af7417\", \"label\": \"Lambda Throttles\", \"line_width\": 1, \"metrics\": [{\"field\": \"aws.lambda.metrics.Throttles\", \"id\": \"61ca57f2-469d-11e7-af02-69e470af7417\", \"type\": \"avg\"}], \"point_size\": 1, \"separate_axis\": 0, \"split_mode\": \"terms\", \"stacked\": \"none\", \"terms_field\": \"aws.dimensions.FunctionName\", \"terms_order_by\": \"61ca57f2-469d-11e7-af02-69e470af7417\", \"terms_size\": \"5\"}], \"show_grid\": 1, \"show_legend\": 1, \"time_field\": \"@timestamp\", \"type\": \"top_n\"}, \"title\": \"AWS Cloudwatch Lambda Throttles Top5\", \"type\": \"metrics\"}"
            },
            "id": "398d12d0-7352-11e9-816b-07687310a99a",
            "migrationVersion": {
                "visualization": "7.2.0"
            },
            "references": [],
            "type": "visualization",
            "updated_at": "2019-06-14T17:02:27.742Z",
            "version": "WzI2ODYsNF0="
        },
        {
            "attributes": {
                "description": "",
                "kibanaSavedObjectMeta": {
                    "searchSourceJSON": "{\"filter\": [], \"query\": {\"language\": \"kuery\", \"query\": \"\"}}"
                },
                "title": "Cloudwatch ECS CPU Available [Metricbeat AWS]",
                "uiStateJSON": "{}",
                "version": 1,
                "visState": "{\"aggs\": [], \"params\": {\"axis_formatter\": \"number\", \"axis_position\": \"left\", \"axis_scale\": \"normal\", \"background_color_rules\": [{\"id\": \"bb21d180-830d-11e9-9c4c-391fa0a2e15f\"}], \"default_index_pattern\": \"metricbeat-*\", \"default_timefield\": \"@timestamp\", \"filter\": \"\", \"id\": \"61ca57f0-469d-11e7-af02-69e470af7417\", \"index_pattern\": \"metricbeat-*\", \"interval\": \"5m\", \"series\": [{\"axis_position\": \"right\", \"chart_type\": \"line\", \"color\": \"#68BC00\", \"fill\": \"0\", \"filter\": \"(aws.cloudwatch.namespace:\\\"AWS/ECS\\\") AND (_exists_: aws.ecs.metrics.CPUReservation) AND (_exists_: aws.ecs.metrics.CPUUtilization)\", \"formatter\": \"percent\", \"id\": \"61ca57f1-469d-11e7-af02-69e470af7417\", \"label\": \"\", \"line_width\": 1, \"metrics\": [{\"field\": \"aws.ecs.metrics.CPUUtilization\", \"id\": \"17f8ddf0-830d-11e9-9f3d-ed346f48a007\", \"type\": \"sum\"}, {\"field\": \"aws.ecs.metrics.CPUReservation\", \"id\": \"61ca57f2-469d-11e7-af02-69e470af7417\", \"type\": \"sum\"}, {\"id\": \"68a93050-830e-11e9-9c4c-391fa0a2e15f\", \"script\": \"(params.res - params.util) / 100\", \"type\": \"math\", \"variables\": [{\"field\": \"17f8ddf0-830d-11e9-9f3d-ed346f48a007\", \"id\": \"6f338920-830e-11e9-9c4c-391fa0a2e15f\", \"name\": \"util\"}, {\"field\": \"61ca57f2-469d-11e7-af02-69e470af7417\", \"id\": \"7ab9f9a0-830e-11e9-9c4c-391fa0a2e15f\", \"name\": \"res\"}]}], \"point_size\": 1, \"separate_axis\": 0, \"split_mode\": \"terms\", \"stacked\": \"none\", \"terms_field\": \"aws.dimensions.ClusterName\", \"terms_order_by\": \"_key\", \"terms_size\": \"5\"}], \"show_grid\": 1, \"show_legend\": 1, \"time_field\": \"\", \"type\": \"timeseries\"}, \"title\": \"AWS Cloudwatch ECS CPU Available\", \"type\": \"metrics\"}"
            },
            "id": "4bf62a10-8310-11e9-ac83-47df3568ff90",
            "migrationVersion": {
                "visualization": "7.2.0"
            },
            "references": [],
            "type": "visualization",
            "updated_at": "2019-06-14T17:48:26.084Z",
            "version": "WzI5NDEsNF0="
        },
        {
            "attributes": {
                "description": "",
                "kibanaSavedObjectMeta": {
                    "searchSourceJSON": "{\"filter\": [], \"query\": {\"language\": \"kuery\", \"query\": \"\"}}"
                },
                "title": "Cloudwatch ECS Memory Available [Metricbeat AWS]",
                "uiStateJSON": "{}",
                "version": 1,
                "visState": "{\"aggs\": [], \"params\": {\"axis_formatter\": \"number\", \"axis_position\": \"left\", \"axis_scale\": \"normal\", \"background_color_rules\": [{\"id\": \"bb21d180-830d-11e9-9c4c-391fa0a2e15f\"}], \"default_index_pattern\": \"metricbeat-*\", \"default_timefield\": \"@timestamp\", \"filter\": \"\", \"id\": \"61ca57f0-469d-11e7-af02-69e470af7417\", \"index_pattern\": \"metricbeat-*\", \"interval\": \"5m\", \"series\": [{\"axis_position\": \"right\", \"chart_type\": \"line\", \"color\": \"#68BC00\", \"fill\": \"0\", \"filter\": \"(aws.cloudwatch.namespace:\\\"AWS/ECS\\\") AND (_exists_: aws.ecs.metrics.MemoryReservation) AND (_exists_: aws.ecs.metrics.MemoryUtilization)\", \"formatter\": \"percent\", \"id\": \"61ca57f1-469d-11e7-af02-69e470af7417\", \"label\": \"\", \"line_width\": 1, \"metrics\": [{\"field\": \"aws.ecs.metrics.MemoryUtilization\", \"id\": \"17f8ddf0-830d-11e9-9f3d-ed346f48a007\", \"type\": \"sum\"}, {\"field\": \"aws.ecs.metrics.MemoryReservation\", \"id\": \"61ca57f2-469d-11e7-af02-69e470af7417\", \"type\": \"sum\"}, {\"id\": \"68a93050-830e-11e9-9c4c-391fa0a2e15f\", \"script\": \"(params.res - params.util) / 100\", \"type\": \"math\", \"variables\": [{\"field\": \"17f8ddf0-830d-11e9-9f3d-ed346f48a007\", \"id\": \"6f338920-830e-11e9-9c4c-391fa0a2e15f\", \"name\": \"util\"}, {\"field\": \"61ca57f2-469d-11e7-af02-69e470af7417\", \"id\": \"7ab9f9a0-830e-11e9-9c4c-391fa0a2e15f\", \"name\": \"res\"}]}], \"point_size\": 1, \"separate_axis\": 0, \"split_mode\": \"terms\", \"stacked\": \"none\", \"terms_field\": \"aws.dimensions.ClusterName\", \"terms_order_by\": \"_key\", \"terms_size\": \"5\", \"value_template\": \"{{value}}\"}], \"show_grid\": 1, \"show_legend\": 1, \"time_field\": \"\", \"type\": \"timeseries\"}, \"title\": \"AWS Cloudwatch ECS Memory Available\", \"type\": \"metrics\"}"
            },
            "id": "d2f46190-830f-11e9-ac83-47df3568ff90",
            "migrationVersion": {
                "visualization": "7.2.0"
            },
            "references": [],
            "type": "visualization",
            "updated_at": "2019-06-14T17:47:50.042Z",
            "version": "WzI5NDAsNF0="
        }
    ],
    "version": "7.2.0"
}