{
    "objects": [
        {
            "attributes": {
                "description": "This dashboard shows metrics for the blob storage type in Azure.",
                "hits": 0,
                "kibanaSavedObjectMeta": {
                    "searchSourceJSON": "{\"filter\": [{\"$state\": {\"store\": \"appState\"}, \"meta\": {\"alias\": \"blob\", \"disabled\": false, \"indexRefName\": \"kibanaSavedObjectMeta.searchSourceJSON.filter[0].meta.index\", \"key\": \"azure.namespace\", \"negate\": false, \"params\": {\"query\": \"Microsoft.Storage/storageAccounts/blobServices\"}, \"type\": \"phrase\"}, \"query\": {\"match_phrase\": {\"azure.namespace\": \"Microsoft.Storage/storageAccounts/blobServices\"}}}], \"query\": {\"language\": \"kuery\", \"query\": \"\"}}"
                },
                "optionsJSON": "{\"hidePanelTitles\": false, \"useMargins\": true}",
                "panelsJSON": "[{\"embeddableConfig\": {\"title\": \"\"}, \"gridData\": {\"h\": 5, \"i\": \"ed5f5642-c94a-481b-a8c2-7dfe4c6a4f05\", \"w\": 9, \"x\": 0, \"y\": 0}, \"panelIndex\": \"ed5f5642-c94a-481b-a8c2-7dfe4c6a4f05\", \"panelRefName\": \"panel_0\", \"version\": \"7.7.0\"}, {\"embeddableConfig\": {\"title\": \"Availability\"}, \"gridData\": {\"h\": 9, \"i\": \"a9456b9b-efa6-410d-a56c-4b66aa8c499e\", \"w\": 5, \"x\": 9, \"y\": 0}, \"panelIndex\": \"a9456b9b-efa6-410d-a56c-4b66aa8c499e\", \"panelRefName\": \"panel_1\", \"title\": \"Availability\", \"version\": \"7.7.0\"}, {\"embeddableConfig\": {\"title\": \"\"}, \"gridData\": {\"h\": 9, \"i\": \"0c873134-b025-487d-be81-f727dbff0174\", \"w\": 5, \"x\": 14, \"y\": 0}, \"panelIndex\": \"0c873134-b025-487d-be81-f727dbff0174\", \"panelRefName\": \"panel_2\", \"version\": \"7.7.0\"}, {\"embeddableConfig\": {\"title\": \"\"}, \"gridData\": {\"h\": 9, \"i\": \"41faed50-ba96-4484-b6dc-71ed3e2d3427\", \"w\": 5, \"x\": 19, \"y\": 0}, \"panelIndex\": \"41faed50-ba96-4484-b6dc-71ed3e2d3427\", \"panelRefName\": \"panel_3\", \"version\": \"7.7.0\"}, {\"embeddableConfig\": {\"title\": \"Transactions\"}, \"gridData\": {\"h\": 9, \"i\": \"1d623c03-4d02-4a81-b91e-49e82e112016\", \"w\": 19, \"x\": 29, \"y\": 0}, \"panelIndex\": \"1d623c03-4d02-4a81-b91e-49e82e112016\", \"panelRefName\": \"panel_4\", \"title\": \"Transactions\", \"version\": \"7.7.0\"}, {\"embeddableConfig\": {\"title\": \"\"}, \"gridData\": {\"h\": 15, \"i\": \"ff6441f8-d66d-4399-bae5-25d3d861b299\", \"w\": 9, \"x\": 0, \"y\": 5}, \"panelIndex\": \"ff6441f8-d66d-4399-bae5-25d3d861b299\", \"panelRefName\": \"panel_5\", \"version\": \"7.7.0\"}, {\"embeddableConfig\": {\"title\": \"Success Server Latency\"}, \"gridData\": {\"h\": 15, \"i\": \"87066244-7840-4555-9d12-026d64977f1a\", \"w\": 20, \"x\": 9, \"y\": 9}, \"panelIndex\": \"87066244-7840-4555-9d12-026d64977f1a\", \"panelRefName\": \"panel_6\", \"title\": \"Success Server Latency\", \"version\": \"7.7.0\"}, {\"embeddableConfig\": {\"title\": \"Success E2E Latency\"}, \"gridData\": {\"h\": 15, \"i\": \"756da375-e6a2-4668-af43-0cd294878254\", \"w\": 19, \"x\": 29, \"y\": 9}, \"panelIndex\": \"756da375-e6a2-4668-af43-0cd294878254\", \"panelRefName\": \"panel_7\", \"title\": \"Success E2E Latency\", \"version\": \"7.7.0\"}, {\"embeddableConfig\": {\"title\": \"\"}, \"gridData\": {\"h\": 9, \"i\": \"34aa5ce7-4f4b-4712-836f-3765e7c3fb3f\", \"w\": 5, \"x\": 24, \"y\": 0}, \"panelIndex\": \"34aa5ce7-4f4b-4712-836f-3765e7c3fb3f\", \"panelRefName\": \"panel_8\", \"version\": \"7.7.0\"}, {\"embeddableConfig\": {\"title\": \"Egress Traffic by APIName\"}, \"gridData\": {\"h\": 14, \"i\": \"a715fafc-ca38-410c-9253-12ba506eabc0\", \"w\": 20, \"x\": 9, \"y\": 24}, \"panelIndex\": \"a715fafc-ca38-410c-9253-12ba506eabc0\", \"panelRefName\": \"panel_9\", \"title\": \"Egress Traffic by APIName\", \"version\": \"7.7.0\"}, {\"embeddableConfig\": {\"title\": \"Ingress Traffic by APIName\"}, \"gridData\": {\"h\": 14, \"i\": \"75f72920-be71-47a9-a967-f1c862ab2961\", \"w\": 19, \"x\": 29, \"y\": 24}, \"panelIndex\": \"75f72920-be71-47a9-a967-f1c862ab2961\", \"panelRefName\": \"panel_10\", \"title\": \"Ingress Traffic by APIName\", \"version\": \"7.7.0\"}]",
                "timeRestore": false,
                "title": "[Metricbeat Azure] Blob Storage Overview",
                "version": 1
            },
            "id": "b165ef60-32f7-11ea-a83e-25b8612d00cc",
            "migrationVersion": {
                "dashboard": "7.3.0"
            },
            "references": [
                {
                    "id": "metricbeat-*",
                    "name": "kibanaSavedObjectMeta.searchSourceJSON.filter[0].meta.index",
                    "type": "index-pattern"
                },
                {
                    "id": "e4b25ee0-32f6-11ea-a83e-25b8612d00cc",
                    "name": "panel_0",
                    "type": "visualization"
                },
                {
                    "id": "40dbc0d0-32e3-11ea-a83e-25b8612d00cc",
                    "name": "panel_1",
                    "type": "visualization"
                },
                {
                    "id": "17ee2920-3391-11ea-a83e-25b8612d00cc",
                    "name": "panel_2",
                    "type": "visualization"
                },
                {
                    "id": "55936920-3391-11ea-a83e-25b8612d00cc",
                    "name": "panel_3",
                    "type": "visualization"
                },
                {
                    "id": "553f9320-32e9-11ea-a83e-25b8612d00cc",
                    "name": "panel_4",
                    "type": "visualization"
                },
                {
                    "id": "acced050-32d1-11ea-a83e-25b8612d00cc",
                    "name": "panel_5",
                    "type": "visualization"
                },
                {
                    "id": "81f16b40-32ea-11ea-a83e-25b8612d00cc",
                    "name": "panel_6",
                    "type": "visualization"
                },
                {
                    "id": "685fbeb0-32eb-11ea-a83e-25b8612d00cc",
                    "name": "panel_7",
                    "type": "visualization"
                },
                {
                    "id": "9e991b10-3391-11ea-a83e-25b8612d00cc",
                    "name": "panel_8",
                    "type": "visualization"
                },
                {
                    "id": "599c62c0-32d7-11ea-a83e-25b8612d00cc",
                    "name": "panel_9",
                    "type": "visualization"
                },
                {
                    "id": "4eaef260-32e1-11ea-a83e-25b8612d00cc",
                    "name": "panel_10",
                    "type": "visualization"
                }
            ],
            "type": "dashboard",
            "updated_at": "2020-04-07T17:37:19.062Z",
            "version": "WzI0ODAsNF0="
        },
        {
            "attributes": {
                "description": "",
                "kibanaSavedObjectMeta": {
                    "searchSourceJSON": "{\"filter\": [], \"query\": {\"language\": \"kuery\", \"query\": \"\"}}"
                },
                "title": "Navigation Blob Storage Overview [Metricbeat Azure]",
                "uiStateJSON": "{}",
                "version": 1,
                "visState": "{\"aggs\": [], \"params\": {\"fontSize\": 10, \"markdown\": \"### Azure Storage\\n\\n[Overview](#/dashboard/1a151f80-32db-11ea-a83e-25b8612d00cc) | [**Blob**](#/dashboard/b165ef60-32f7-11ea-a83e-25b8612d00cc) | [File](#/dashboard/dff7a080-32f7-11ea-a83e-25b8612d00cc) | [Table](#/dashboard/ff2fe020-32f7-11ea-a83e-25b8612d00cc) | [Queue](#/dashboard/10efa340-32f8-11ea-a83e-25b8612d00cc) \", \"openLinksInNewTab\": false}, \"title\": \"Navigation Blob Storage Overview [Metricbeat Azure]\", \"type\": \"markdown\"}"
            },
            "id": "e4b25ee0-32f6-11ea-a83e-25b8612d00cc",
            "migrationVersion": {
                "visualization": "7.4.2"
            },
            "references": [],
            "type": "visualization",
            "updated_at": "2020-04-07T17:04:23.213Z",
            "version": "WzE1OTMsNF0="
        },
        {
            "attributes": {
                "description": "",
                "kibanaSavedObjectMeta": {
                    "searchSourceJSON": "{\"filter\": [], \"query\": {\"language\": \"kuery\", \"query\": \"\"}}"
                },
                "title": "Storage Availability [Metricbeat Azure]",
                "uiStateJSON": "{}",
                "version": 1,
                "visState": "{\"aggs\": [], \"params\": {\"axis_formatter\": \"number\", \"axis_min\": 0, \"axis_position\": \"left\", \"axis_scale\": \"normal\", \"background_color_rules\": [{\"background_color\": \"rgba(104,204,202,1)\", \"id\": \"18f616c0-32e2-11ea-867b-37070aefa392\", \"operator\": \"gte\", \"value\": 100}, {\"background_color\": \"rgba(244,78,59,1)\", \"id\": \"998b1c90-32e2-11ea-867b-37070aefa392\", \"operator\": \"lt\", \"value\": 100}], \"bar_color_rules\": [{\"id\": \"28142cf0-32e2-11ea-867b-37070aefa392\"}], \"default_index_pattern\": \"metricbeat-*\", \"default_timefield\": \"@timestamp\", \"drop_last_bucket\": 0, \"filter\": {\"language\": \"kuery\", \"query\": \"\"}, \"gauge_color_rules\": [{\"id\": \"29808e30-32e2-11ea-867b-37070aefa392\"}], \"gauge_inner_width\": \"7\", \"gauge_style\": \"circle\", \"gauge_width\": 10, \"id\": \"0e91b810-32e2-11ea-a93d-dd20c62559b3\", \"index_pattern\": \"metricbeat-*\", \"interval\": \"5m\", \"isModelInvalid\": false, \"series\": [{\"axis_position\": \"right\", \"chart_type\": \"line\", \"color\": \"rgba(22,165,165,1)\", \"fill\": \"0.6\", \"formatter\": \"number\", \"hide_in_legend\": 1, \"id\": \"0e91b811-32e2-11ea-a93d-dd20c62559b3\", \"label\": \"Availability\", \"line_width\": 2, \"metrics\": [{\"field\": \"azure.storage.availability.avg\", \"id\": \"0e91b812-32e2-11ea-a93d-dd20c62559b3\", \"type\": \"avg\"}], \"point_size\": 0, \"separate_axis\": 0, \"split_mode\": \"everything\", \"stacked\": \"none\", \"terms_field\": null, \"type\": \"timeseries\", \"value_template\": \"{{value}} %\"}], \"show_grid\": 1, \"show_legend\": 1, \"time_field\": \"@timestamp\", \"time_range_mode\": \"last_value\", \"type\": \"timeseries\"}, \"title\": \"Storage Availability [Metricbeat Azure]\", \"type\": \"metrics\"}"
            },
            "id": "40dbc0d0-32e3-11ea-a83e-25b8612d00cc",
            "migrationVersion": {
                "visualization": "7.4.2"
            },
            "references": [],
            "type": "visualization",
            "updated_at": "2020-04-07T17:04:30.376Z",
            "version": "WzE2NjcsNF0="
        },
        {
            "attributes": {
                "description": "",
                "kibanaSavedObjectMeta": {
                    "searchSourceJSON": "{\"filter\": [], \"query\": {\"language\": \"kuery\", \"query\": \"\"}}"
                },
                "title": "Storage Blob Capacity [Metricbeat Azure]",
                "uiStateJSON": "{}",
                "version": 1,
                "visState": "{\"aggs\": [], \"params\": {\"axis_formatter\": \"number\", \"axis_min\": 0, \"axis_position\": \"left\", \"axis_scale\": \"normal\", \"background_color\": null, \"background_color_rules\": [{\"id\": \"71978870-32e4-11ea-af9e-d70582a45bda\"}], \"bar_color_rules\": [{\"id\": \"f11cfd90-32e5-11ea-af9e-d70582a45bda\"}], \"default_index_pattern\": \"metricbeat-*\", \"default_timefield\": \"@timestamp\", \"drilldown_url\": \"\", \"filter\": {\"language\": \"kuery\", \"query\": \"\"}, \"gauge_color_rules\": [{\"id\": \"9c09ed50-32e4-11ea-af9e-d70582a45bda\"}], \"gauge_inner_color\": null, \"gauge_inner_width\": \"6\", \"gauge_style\": \"circle\", \"gauge_width\": \"10\", \"id\": \"61fb4190-32e4-11ea-b9f8-4d0b340ad993\", \"index_pattern\": \"metricbeat-*\", \"interval\": \"60m\", \"isModelInvalid\": false, \"pivot_id\": \"azure.resource.name\", \"pivot_label\": \"Resource Name\", \"pivot_rows\": \"30\", \"pivot_type\": \"string\", \"series\": [{\"axis_position\": \"right\", \"chart_type\": \"line\", \"color\": \"rgba(0,156,224,1)\", \"fill\": \"1.2\", \"filter\": {\"language\": \"kuery\", \"query\": \"\"}, \"formatter\": \"bytes\", \"id\": \"61fb4191-32e4-11ea-b9f8-4d0b340ad993\", \"label\": \"Blob Capacity\", \"line_width\": 2, \"metrics\": [{\"field\": \"azure.storage.blob_capacity.avg\", \"id\": \"61fb4192-32e4-11ea-b9f8-4d0b340ad993\", \"type\": \"avg\"}], \"point_size\": 0, \"separate_axis\": 0, \"split_color_mode\": \"gradient\", \"split_mode\": \"everything\", \"stacked\": \"none\", \"terms_field\": \"azure.resource.name\", \"terms_order_by\": \"61fb4192-32e4-11ea-b9f8-4d0b340ad993\", \"type\": \"timeseries\", \"value_template\": \"{{value}}\"}], \"show_grid\": 1, \"show_legend\": 1, \"time_field\": \"@timestamp\", \"type\": \"gauge\"}, \"title\": \"Storage Blob Capacity [Metricbeat Azure]\", \"type\": \"metrics\"}"
            },
            "id": "17ee2920-3391-11ea-a83e-25b8612d00cc",
            "migrationVersion": {
                "visualization": "7.4.2"
            },
            "references": [],
            "type": "visualization",
            "updated_at": "2020-04-07T17:35:44.618Z",
            "version": "WzI0NjAsNF0="
        },
        {
            "attributes": {
                "description": "",
                "kibanaSavedObjectMeta": {
                    "searchSourceJSON": "{\"filter\": [], \"query\": {\"language\": \"kuery\", \"query\": \"\"}}"
                },
                "title": "Storage Blob Count [Metricbeat Azure]",
                "uiStateJSON": "{}",
                "version": 1,
                "visState": "{\"aggs\": [], \"params\": {\"axis_formatter\": \"number\", \"axis_min\": 0, \"axis_position\": \"left\", \"axis_scale\": \"normal\", \"background_color\": null, \"background_color_rules\": [{\"id\": \"71978870-32e4-11ea-af9e-d70582a45bda\"}], \"bar_color_rules\": [{\"id\": \"f11cfd90-32e5-11ea-af9e-d70582a45bda\"}], \"default_index_pattern\": \"metricbeat-*\", \"default_timefield\": \"@timestamp\", \"drilldown_url\": \"\", \"filter\": {\"language\": \"kuery\", \"query\": \"\"}, \"gauge_color_rules\": [{\"id\": \"9c09ed50-32e4-11ea-af9e-d70582a45bda\"}], \"gauge_inner_color\": null, \"gauge_inner_width\": \"6\", \"gauge_style\": \"circle\", \"gauge_width\": \"10\", \"id\": \"61fb4190-32e4-11ea-b9f8-4d0b340ad993\", \"index_pattern\": \"metricbeat-*\", \"interval\": \"60m\", \"isModelInvalid\": false, \"series\": [{\"axis_position\": \"right\", \"chart_type\": \"line\", \"color\": \"rgba(0,156,224,1)\", \"fill\": \"1.2\", \"filter\": {\"language\": \"kuery\", \"query\": \"\"}, \"formatter\": \"'0'\", \"id\": \"61fb4191-32e4-11ea-b9f8-4d0b340ad993\", \"label\": \"Blob Count\", \"line_width\": 2, \"metrics\": [{\"field\": \"azure.storage.blob_count.avg\", \"id\": \"61fb4192-32e4-11ea-b9f8-4d0b340ad993\", \"type\": \"avg\"}], \"point_size\": 0, \"separate_axis\": 0, \"split_color_mode\": \"gradient\", \"split_mode\": \"everything\", \"stacked\": \"none\", \"terms_field\": \"azure.resource.name\", \"terms_order_by\": \"61fb4192-32e4-11ea-b9f8-4d0b340ad993\", \"type\": \"timeseries\", \"value_template\": \"{{value}}\"}], \"show_grid\": 1, \"show_legend\": 1, \"time_field\": \"@timestamp\", \"type\": \"gauge\"}, \"title\": \"Storage Blob Count [Metricbeat Azure]\", \"type\": \"metrics\"}"
            },
            "id": "55936920-3391-11ea-a83e-25b8612d00cc",
            "migrationVersion": {
                "visualization": "7.4.2"
            },
            "references": [],
            "type": "visualization",
            "updated_at": "2020-04-07T17:36:21.027Z",
            "version": "WzI0NzEsNF0="
        },
        {
            "attributes": {
                "description": "",
                "kibanaSavedObjectMeta": {
                    "searchSourceJSON": "{\"filter\": [], \"query\": {\"language\": \"kuery\", \"query\": \"\"}}"
                },
                "title": "Storage Transactions [Metricbeat Azure]",
                "uiStateJSON": "{}",
                "version": 1,
                "visState": "{\"aggs\": [], \"params\": {\"axis_formatter\": \"number\", \"axis_min\": 0, \"axis_position\": \"left\", \"axis_scale\": \"normal\", \"default_index_pattern\": \"metricbeat-*\", \"default_timefield\": \"@timestamp\", \"filter\": {\"language\": \"kuery\", \"query\": \"\"}, \"id\": \"c9fd65d0-32e8-11ea-84f4-e9593f8ba8f6\", \"index_pattern\": \"metricbeat-*\", \"interval\": \"5m\", \"isModelInvalid\": false, \"series\": [{\"axis_position\": \"right\", \"chart_type\": \"bar\", \"color\": \"#3185FC\", \"fill\": 0.5, \"formatter\": \"number\", \"id\": \"c9fd8ce0-32e8-11ea-84f4-e9593f8ba8f6\", \"label\": \"avg(azure.storage.transactions.total)\", \"line_width\": \"1\", \"metrics\": [{\"field\": \"azure.storage.transactions.total\", \"id\": \"c9fd8ce1-32e8-11ea-84f4-e9593f8ba8f6\", \"type\": \"max\"}], \"point_size\": 0, \"separate_axis\": 0, \"split_color_mode\": \"rainbow\", \"split_mode\": \"terms\", \"stacked\": \"none\", \"terms_field\": \"azure.dimensions.response_type\", \"terms_order_by\": \"c9fd8ce1-32e8-11ea-84f4-e9593f8ba8f6\", \"type\": \"timeseries\", \"value_template\": \"{{value}}\"}], \"show_grid\": 1, \"show_legend\": 1, \"time_field\": \"@timestamp\", \"type\": \"timeseries\"}, \"title\": \"Storage Transactions [Metricbeat Azure]\", \"type\": \"metrics\"}"
            },
            "id": "553f9320-32e9-11ea-a83e-25b8612d00cc",
            "migrationVersion": {
                "visualization": "7.4.2"
            },
            "references": [],
            "type": "visualization",
            "updated_at": "2020-04-07T17:29:35.827Z",
            "version": "WzIzODMsNF0="
        },
        {
            "attributes": {
                "description": "",
                "kibanaSavedObjectMeta": {
                    "searchSourceJSON": "{\"filter\": [], \"query\": {\"language\": \"kuery\", \"query\": \"\"}}"
                },
                "title": "Storage Filters [Metricbeat Azure]",
                "uiStateJSON": "{}",
                "version": 1,
                "visState": "{\"aggs\": [], \"params\": {\"controls\": [{\"fieldName\": \"azure.subscription_id\", \"id\": \"1549397251041\", \"indexPatternRefName\": \"control_0_index_pattern\", \"label\": \"Subscription\", \"options\": {\"dynamicOptions\": true, \"multiselect\": false, \"order\": \"desc\", \"size\": 5, \"type\": \"terms\"}, \"parent\": \"\", \"type\": \"list\"}, {\"fieldName\": \"azure.resource.group\", \"id\": \"1549512142947\", \"indexPatternRefName\": \"control_1_index_pattern\", \"label\": \"Resource Group\", \"options\": {\"dynamicOptions\": true, \"multiselect\": true, \"order\": \"desc\", \"size\": 5, \"type\": \"terms\"}, \"parent\": \"\", \"type\": \"list\"}, {\"fieldName\": \"azure.resource.name\", \"id\": \"1578578146383\", \"indexPatternRefName\": \"control_2_index_pattern\", \"label\": \"Resource Name\", \"options\": {\"dynamicOptions\": true, \"multiselect\": true, \"order\": \"desc\", \"size\": 5, \"type\": \"terms\"}, \"parent\": \"\", \"type\": \"list\"}], \"pinFilters\": false, \"updateFiltersOnChange\": true, \"useTimeFilter\": false}, \"title\": \"Storage Filters [Metricbeat Azure]\", \"type\": \"input_control_vis\"}"
            },
            "id": "acced050-32d1-11ea-a83e-25b8612d00cc",
            "migrationVersion": {
                "visualization": "7.4.2"
            },
            "references": [
                {
                    "id": "metricbeat-*",
                    "name": "control_0_index_pattern",
                    "type": "index-pattern"
                },
                {
                    "id": "metricbeat-*",
                    "name": "control_1_index_pattern",
                    "type": "index-pattern"
                },
                {
                    "id": "metricbeat-*",
                    "name": "control_2_index_pattern",
                    "type": "index-pattern"
                }
            ],
            "type": "visualization",
            "updated_at": "2020-04-07T17:04:30.376Z",
            "version": "WzE2NzIsNF0="
        },
        {
            "attributes": {
                "description": "",
                "kibanaSavedObjectMeta": {
                    "searchSourceJSON": "{\"filter\": [], \"query\": {\"language\": \"kuery\", \"query\": \"\"}}"
                },
                "title": "Storage Success Server Latency [Metricbeat Azure]",
                "uiStateJSON": "{}",
                "version": 1,
                "visState": "{\"aggs\": [], \"params\": {\"axis_formatter\": \"number\", \"axis_min\": 0, \"axis_position\": \"left\", \"axis_scale\": \"normal\", \"default_index_pattern\": \"metricbeat-*\", \"default_timefield\": \"@timestamp\", \"filter\": {\"language\": \"kuery\", \"query\": \"\"}, \"id\": \"e9a40230-32e9-11ea-bda2-69435df36a5c\", \"index_pattern\": \"metricbeat-*\", \"interval\": \"5m\", \"isModelInvalid\": false, \"series\": [{\"axis_position\": \"right\", \"chart_type\": \"bar\", \"color\": \"#3185FC\", \"fill\": 0.5, \"formatter\": \"number\", \"id\": \"e9a40231-32e9-11ea-bda2-69435df36a5c\", \"label\": \"SuccessServerLatency (ms)\", \"line_width\": \"1\", \"metrics\": [{\"field\": \"azure.storage.success_server_latency.avg\", \"id\": \"e9a40232-32e9-11ea-bda2-69435df36a5c\", \"type\": \"avg\"}], \"point_size\": 0, \"separate_axis\": 0, \"split_color_mode\": \"rainbow\", \"split_mode\": \"terms\", \"stacked\": \"none\", \"terms_field\": \"azure.dimensions.api_name\", \"terms_order_by\": \"e9a40232-32e9-11ea-bda2-69435df36a5c\", \"type\": \"timeseries\", \"value_template\": \"{{value}} ms\"}], \"show_grid\": 1, \"show_legend\": 1, \"time_field\": \"@timestamp\", \"type\": \"timeseries\"}, \"title\": \"Storage Success Server Latency [Metricbeat Azure]\", \"type\": \"metrics\"}"
            },
            "id": "81f16b40-32ea-11ea-a83e-25b8612d00cc",
            "migrationVersion": {
                "visualization": "7.4.2"
            },
            "references": [],
            "type": "visualization",
            "updated_at": "2020-04-07T17:15:09.491Z",
            "version": "WzIxNzYsNF0="
        },
        {
            "attributes": {
                "description": "",
                "kibanaSavedObjectMeta": {
                    "searchSourceJSON": "{\"filter\": [], \"query\": {\"language\": \"kuery\", \"query\": \"\"}}"
                },
                "title": "Storage Success E2E Latency [Metricbeat Azure]",
                "uiStateJSON": "{}",
                "version": 1,
                "visState": "{\"aggs\": [], \"params\": {\"axis_formatter\": \"number\", \"axis_min\": 0, \"axis_position\": \"left\", \"axis_scale\": \"normal\", \"default_index_pattern\": \"metricbeat-*\", \"default_timefield\": \"@timestamp\", \"filter\": {\"language\": \"kuery\", \"query\": \"\"}, \"id\": \"da4459b0-32ea-11ea-be35-cb10be813609\", \"index_pattern\": \"metricbeat-*\", \"interval\": \"5m\", \"isModelInvalid\": false, \"series\": [{\"axis_position\": \"right\", \"chart_type\": \"bar\", \"color\": \"#3185FC\", \"fill\": 0.5, \"formatter\": \"number\", \"id\": \"da4459b1-32ea-11ea-be35-cb10be813609\", \"label\": \"Success E2E Latency (ms)\", \"line_width\": \"1\", \"metrics\": [{\"field\": \"azure.storage.success_e2elatency.avg\", \"id\": \"da4459b2-32ea-11ea-be35-cb10be813609\", \"type\": \"avg\"}], \"point_size\": 0, \"separate_axis\": 0, \"split_color_mode\": \"rainbow\", \"split_mode\": \"terms\", \"stacked\": \"none\", \"terms_field\": \"azure.dimensions.api_name\", \"terms_order_by\": \"da4459b2-32ea-11ea-be35-cb10be813609\", \"type\": \"timeseries\", \"value_template\": \"{{value}} ms\"}], \"show_grid\": 1, \"show_legend\": 1, \"time_field\": \"@timestamp\", \"type\": \"timeseries\"}, \"title\": \"Storage Success E2E Latency [Metricbeat Azure]\", \"type\": \"metrics\"}"
            },
            "id": "685fbeb0-32eb-11ea-a83e-25b8612d00cc",
            "migrationVersion": {
                "visualization": "7.4.2"
            },
            "references": [],
            "type": "visualization",
            "updated_at": "2020-04-07T17:28:09.199Z",
            "version": "WzIzMzUsNF0="
        },
        {
            "attributes": {
                "description": "",
                "kibanaSavedObjectMeta": {
                    "searchSourceJSON": "{\"filter\": [], \"query\": {\"language\": \"kuery\", \"query\": \"\"}}"
                },
                "title": "Storage Container Count [Metricbeat Azure]",
                "uiStateJSON": "{}",
                "version": 1,
                "visState": "{\"aggs\": [], \"params\": {\"axis_formatter\": \"number\", \"axis_min\": 0, \"axis_position\": \"left\", \"axis_scale\": \"normal\", \"background_color\": null, \"background_color_rules\": [{\"id\": \"71978870-32e4-11ea-af9e-d70582a45bda\"}], \"bar_color_rules\": [{\"id\": \"f11cfd90-32e5-11ea-af9e-d70582a45bda\"}], \"default_index_pattern\": \"metricbeat-*\", \"default_timefield\": \"@timestamp\", \"drilldown_url\": \"\", \"filter\": {\"language\": \"kuery\", \"query\": \"\"}, \"gauge_color_rules\": [{\"id\": \"9c09ed50-32e4-11ea-af9e-d70582a45bda\"}], \"gauge_inner_color\": null, \"gauge_inner_width\": \"6\", \"gauge_style\": \"circle\", \"gauge_width\": \"10\", \"id\": \"61fb4190-32e4-11ea-b9f8-4d0b340ad993\", \"index_pattern\": \"metricbeat-*\", \"interval\": \"60m\", \"isModelInvalid\": false, \"series\": [{\"axis_position\": \"right\", \"chart_type\": \"line\", \"color\": \"rgba(104,188,0,1)\", \"fill\": \"1.2\", \"filter\": {\"language\": \"kuery\", \"query\": \"\"}, \"formatter\": \"'0'\", \"id\": \"61fb4191-32e4-11ea-b9f8-4d0b340ad993\", \"label\": \"Container Count\", \"line_width\": 2, \"metrics\": [{\"field\": \"azure.storage.container_count.avg\", \"id\": \"61fb4192-32e4-11ea-b9f8-4d0b340ad993\", \"type\": \"avg\"}], \"point_size\": 0, \"separate_axis\": 0, \"split_color_mode\": \"gradient\", \"split_mode\": \"everything\", \"stacked\": \"none\", \"terms_field\": \"azure.resource.name\", \"terms_order_by\": \"61fb4192-32e4-11ea-b9f8-4d0b340ad993\", \"type\": \"timeseries\", \"value_template\": \"{{value}}\"}], \"show_grid\": 1, \"show_legend\": 1, \"time_field\": \"@timestamp\", \"type\": \"gauge\"}, \"title\": \"Storage Container Count [Metricbeat Azure]\", \"type\": \"metrics\"}"
            },
            "id": "9e991b10-3391-11ea-a83e-25b8612d00cc",
            "migrationVersion": {
                "visualization": "7.4.2"
            },
            "references": [],
            "type": "visualization",
            "updated_at": "2020-04-07T17:36:35.970Z",
            "version": "WzI0NzUsNF0="
        },
        {
            "attributes": {
                "description": "",
                "kibanaSavedObjectMeta": {
                    "searchSourceJSON": "{\"filter\": [], \"query\": {\"language\": \"kuery\", \"query\": \"\"}}"
                },
                "title": "Storage Account Egress Traffic [Metricbeat Azure]",
                "uiStateJSON": "{}",
                "version": 1,
                "visState": "{\"aggs\": [], \"params\": {\"axis_formatter\": \"number\", \"axis_min\": 0, \"axis_position\": \"left\", \"axis_scale\": \"normal\", \"background_color_rules\": [{\"id\": \"0791c5a0-32d8-11ea-98d2-1194b9f2bfc0\"}], \"bar_color_rules\": [{\"id\": \"fca016e0-32de-11ea-a435-e7199eba380d\"}], \"default_index_pattern\": \"metricbeat-*\", \"default_timefield\": \"@timestamp\", \"filter\": {\"language\": \"kuery\", \"query\": \"\"}, \"gauge_color_rules\": [{\"id\": \"fb8be7c0-32de-11ea-a435-e7199eba380d\"}], \"gauge_inner_width\": 10, \"gauge_style\": \"half\", \"gauge_width\": 10, \"id\": \"f0edca80-32d5-11ea-b19d-fb5049b980ca\", \"index_pattern\": \"metricbeat-*\", \"interval\": \"5m\", \"isModelInvalid\": false, \"series\": [{\"axis_position\": \"right\", \"chart_type\": \"line\", \"color\": \"rgba(0,149,177,1)\", \"fill\": 0, \"filter\": {\"language\": \"kuery\", \"query\": \"\"}, \"formatter\": \"bytes\", \"hidden\": false, \"id\": \"f0edf190-32d5-11ea-b19d-fb5049b980ca\", \"label\": \"Storage Accounts Egress Total\", \"line_width\": 2, \"metrics\": [{\"field\": \"azure.storage.egress.total\", \"id\": \"f0edf191-32d5-11ea-b19d-fb5049b980ca\", \"type\": \"max\"}], \"point_size\": 0, \"separate_axis\": 0, \"split_color_mode\": \"gradient\", \"split_filters\": [{\"color\": \"rgba(0,98,177,1)\", \"filter\": {\"language\": \"kuery\", \"query\": \"\"}, \"id\": \"283dc410-32d9-11ea-98d2-1194b9f2bfc0\"}], \"split_mode\": \"terms\", \"stacked\": \"none\", \"terms_field\": \"azure.dimensions.api_name\", \"terms_order_by\": \"f0edf191-32d5-11ea-b19d-fb5049b980ca\", \"type\": \"timeseries\", \"value_template\": \"{{value}}\"}], \"show_grid\": 1, \"show_legend\": 1, \"time_field\": \"@timestamp\", \"type\": \"timeseries\"}, \"title\": \"Storage Account Egress Traffic [Metricbeat Azure]\", \"type\": \"metrics\"}"
            },
            "id": "599c62c0-32d7-11ea-a83e-25b8612d00cc",
            "migrationVersion": {
                "visualization": "7.4.2"
            },
            "references": [],
            "type": "visualization",
            "updated_at": "2020-04-07T17:21:03.231Z",
            "version": "WzIyNzIsNF0="
        },
        {
            "attributes": {
                "description": "",
                "kibanaSavedObjectMeta": {
                    "searchSourceJSON": "{\"filter\": [], \"query\": {\"language\": \"kuery\", \"query\": \"\"}}"
                },
                "title": "Storage Account Ingress Traffic [Metricbeat Azure]",
                "uiStateJSON": "{}",
                "version": 1,
                "visState": "{\"aggs\": [], \"params\": {\"axis_formatter\": \"number\", \"axis_min\": 0, \"axis_position\": \"left\", \"axis_scale\": \"normal\", \"background_color_rules\": [{\"id\": \"0791c5a0-32d8-11ea-98d2-1194b9f2bfc0\"}], \"bar_color_rules\": [{\"id\": \"fca016e0-32de-11ea-a435-e7199eba380d\"}], \"default_index_pattern\": \"metricbeat-*\", \"default_timefield\": \"@timestamp\", \"filter\": {\"language\": \"kuery\", \"query\": \"\"}, \"gauge_color_rules\": [{\"id\": \"fb8be7c0-32de-11ea-a435-e7199eba380d\"}], \"gauge_inner_width\": 10, \"gauge_style\": \"half\", \"gauge_width\": 10, \"id\": \"f0edca80-32d5-11ea-b19d-fb5049b980ca\", \"index_pattern\": \"metricbeat-*\", \"interval\": \"5m\", \"isModelInvalid\": false, \"series\": [{\"axis_position\": \"right\", \"chart_type\": \"line\", \"color\": \"rgba(104,188,0,1)\", \"fill\": 0, \"filter\": {\"language\": \"kuery\", \"query\": \"\"}, \"formatter\": \"bytes\", \"hidden\": false, \"id\": \"f0edf190-32d5-11ea-b19d-fb5049b980ca\", \"label\": \"Storage Accounts Ingress Total\", \"line_width\": 2, \"metrics\": [{\"field\": \"azure.storage.ingress.total\", \"id\": \"f0edf191-32d5-11ea-b19d-fb5049b980ca\", \"type\": \"max\"}], \"point_size\": 0, \"separate_axis\": 0, \"split_color_mode\": \"gradient\", \"split_filters\": [{\"color\": \"rgba(0,98,177,1)\", \"filter\": {\"language\": \"kuery\", \"query\": \"\"}, \"id\": \"283dc410-32d9-11ea-98d2-1194b9f2bfc0\"}], \"split_mode\": \"terms\", \"stacked\": \"none\", \"terms_field\": \"azure.dimensions.api_name\", \"terms_order_by\": \"f0edf191-32d5-11ea-b19d-fb5049b980ca\", \"type\": \"timeseries\", \"value_template\": \"{{value}}\"}], \"show_grid\": 1, \"show_legend\": 1, \"time_field\": \"@timestamp\", \"type\": \"timeseries\"}, \"title\": \"Storage Account Ingress Traffic [Metricbeat Azure]\", \"type\": \"metrics\"}"
            },
            "id": "4eaef260-32e1-11ea-a83e-25b8612d00cc",
            "migrationVersion": {
                "visualization": "7.4.2"
            },
            "references": [],
            "type": "visualization",
            "updated_at": "2020-04-07T17:21:51.411Z",
            "version": "WzIyODMsNF0="
        }
    ],
    "version": "7.7.0"
}