{
    "objects": [
        {
            "attributes": {
                "description": "Overview of AWS ELB Metrics",
                "hits": 0,
                "kibanaSavedObjectMeta": {
                    "searchSourceJSON": "{\"filter\": [], \"query\": {\"language\": \"kuery\", \"query\": \"\"}}"
                },
                "optionsJSON": "{\"hidePanelTitles\": false, \"useMargins\": true}",
                "panelsJSON": "[{\"embeddableConfig\": {}, \"gridData\": {\"h\": 9, \"i\": \"2\", \"w\": 25, \"x\": 23, \"y\": 32}, \"panelIndex\": \"2\", \"panelRefName\": \"panel_0\", \"title\": \"HTTP 5XX Errors\", \"version\": \"7.3.0\"}, {\"embeddableConfig\": {}, \"gridData\": {\"h\": 11, \"i\": \"3\", \"w\": 37, \"x\": 11, \"y\": 0}, \"panelIndex\": \"3\", \"panelRefName\": \"panel_1\", \"title\": \"Request Count\", \"version\": \"7.3.0\"}, {\"embeddableConfig\": {}, \"gridData\": {\"h\": 8, \"i\": \"4\", \"w\": 11, \"x\": 0, \"y\": 15}, \"panelIndex\": \"4\", \"panelRefName\": \"panel_2\", \"title\": \"Unhealthy Host Count\", \"version\": \"7.3.0\"}, {\"embeddableConfig\": {}, \"gridData\": {\"h\": 8, \"i\": \"5\", \"w\": 11, \"x\": 0, \"y\": 7}, \"panelIndex\": \"5\", \"panelRefName\": \"panel_3\", \"title\": \"Healthy Host Count\", \"version\": \"7.3.0\"}, {\"embeddableConfig\": {}, \"gridData\": {\"h\": 12, \"i\": \"6\", \"w\": 37, \"x\": 11, \"y\": 11}, \"panelIndex\": \"6\", \"panelRefName\": \"panel_4\", \"title\": \"Latency in Seconds\", \"version\": \"7.3.0\"}, {\"embeddableConfig\": {}, \"gridData\": {\"h\": 9, \"i\": \"7\", \"w\": 23, \"x\": 0, \"y\": 32}, \"panelIndex\": \"7\", \"panelRefName\": \"panel_5\", \"title\": \"HTTP Backend 4XX Errors\", \"version\": \"7.3.0\"}, {\"embeddableConfig\": {}, \"gridData\": {\"h\": 9, \"i\": \"8\", \"w\": 23, \"x\": 0, \"y\": 23}, \"panelIndex\": \"8\", \"panelRefName\": \"panel_6\", \"title\": \"Backend Connection Errors\", \"version\": \"7.3.0\"}, {\"embeddableConfig\": {}, \"gridData\": {\"h\": 7, \"i\": \"9\", \"w\": 11, \"x\": 0, \"y\": 0}, \"panelIndex\": \"9\", \"panelRefName\": \"panel_7\", \"version\": \"7.3.0\"}, {\"embeddableConfig\": {}, \"gridData\": {\"h\": 9, \"i\": \"10\", \"w\": 25, \"x\": 23, \"y\": 23}, \"panelIndex\": \"10\", \"panelRefName\": \"panel_8\", \"title\": \"HTTP Backend 2XX\", \"version\": \"7.3.0\"}]",
                "timeRestore": false,
                "title": "[Metricbeat AWS] ELB Overview",
                "version": 1
            },
            "id": "e74bf320-b3ce-11e9-87a4-078dbbae220d",
            "migrationVersion": {
                "dashboard": "7.2.0"
            },
            "references": [
                {
                    "id": "b9703dd0-b3c9-11e9-87a4-078dbbae220d",
                    "name": "panel_0",
                    "type": "visualization"
                },
                {
                    "id": "d560de70-b3c7-11e9-87a4-078dbbae220d",
                    "name": "panel_1",
                    "type": "visualization"
                },
                {
                    "id": "6fc1efd0-b3c9-11e9-87a4-078dbbae220d",
                    "name": "panel_2",
                    "type": "visualization"
                },
                {
                    "id": "6392bc30-b3c9-11e9-87a4-078dbbae220d",
                    "name": "panel_3",
                    "type": "visualization"
                },
                {
                    "id": "b2ea15a0-b3c7-11e9-87a4-078dbbae220d",
                    "name": "panel_4",
                    "type": "visualization"
                },
                {
                    "id": "21f30090-b3ca-11e9-87a4-078dbbae220d",
                    "name": "panel_5",
                    "type": "visualization"
                },
                {
                    "id": "572d40e0-b3ca-11e9-87a4-078dbbae220d",
                    "name": "panel_6",
                    "type": "visualization"
                },
                {
                    "id": "b5308940-7347-11e9-816b-07687310a99a",
                    "name": "panel_7",
                    "type": "visualization"
                },
                {
                    "id": "1f528f50-b3ce-11e9-87a4-078dbbae220d",
                    "name": "panel_8",
                    "type": "visualization"
                }
            ],
            "type": "dashboard",
            "updated_at": "2019-09-12T02:24:38.326Z",
            "version": "WzI0MTYsN10="
        },
        {
            "attributes": {
                "description": "",
                "kibanaSavedObjectMeta": {
                    "searchSourceJSON": "{\"filter\": [], \"query\": {\"language\": \"kuery\", \"query\": \"\"}}"
                },
                "title": "ELB HTTP 5XX Errors [Metricbeat AWS]",
                "uiStateJSON": "{}",
                "version": 1,
                "visState": "{\"aggs\": [], \"params\": {\"axis_formatter\": \"number\", \"axis_min\": \"0\", \"axis_position\": \"left\", \"axis_scale\": \"normal\", \"background_color_rules\": [{\"id\": \"7e66beb0-b3c6-11e9-af6e-ef22c5680226\"}], \"bar_color_rules\": [{\"id\": \"7db91990-b3c6-11e9-af6e-ef22c5680226\"}], \"default_index_pattern\": \"metricbeat-*\", \"default_timefield\": \"@timestamp\", \"filter\": \"\", \"gauge_color_rules\": [{\"id\": \"7d0b9b80-b3c6-11e9-af6e-ef22c5680226\"}], \"gauge_inner_width\": 10, \"gauge_style\": \"half\", \"gauge_width\": 10, \"id\": \"35d3cbc0-b3c6-11e9-bf3f-29d51aa3d971\", \"index_pattern\": \"metricbeat-*\", \"interval\": \"5m\", \"isModelInvalid\": false, \"series\": [{\"axis_position\": \"right\", \"chart_type\": \"line\", \"color\": \"#3185FC\", \"fill\": 0, \"formatter\": \"number\", \"id\": \"35d3cbc1-b3c6-11e9-bf3f-29d51aa3d971\", \"label\": \"HTTP 5XX Errors\", \"line_width\": 2, \"metrics\": [{\"field\": \"aws.elb.metrics.HTTPCode_ELB_5XX.sum\", \"id\": \"35d3cbc2-b3c6-11e9-bf3f-29d51aa3d971\", \"type\": \"avg\"}], \"point_size\": \"5\", \"separate_axis\": 0, \"split_color_mode\": \"rainbow\", \"split_mode\": \"terms\", \"stacked\": \"none\", \"terms_field\": \"aws.dimensions.LoadBalancerName\", \"terms_order_by\": \"35d3cbc2-b3c6-11e9-bf3f-29d51aa3d971\", \"value_template\": \"{{value}}\"}], \"show_grid\": 1, \"show_legend\": 1, \"time_field\": \"@timestamp\", \"type\": \"timeseries\"}, \"title\": \"ELB HTTP 5XX Errors [Metricbeat AWS]\", \"type\": \"metrics\"}"
            },
            "id": "b9703dd0-b3c9-11e9-87a4-078dbbae220d",
            "migrationVersion": {
                "visualization": "7.2.0"
            },
            "references": [],
            "type": "visualization",
            "updated_at": "2019-09-12T02:24:22.066Z",
            "version": "WzI0MTUsN10="
        },
        {
            "attributes": {
                "description": "",
                "kibanaSavedObjectMeta": {
                    "searchSourceJSON": "{\"filter\": [], \"query\": {\"language\": \"kuery\", \"query\": \"\"}}"
                },
                "title": "ELB Request Count [Metricbeat AWS]",
                "uiStateJSON": "{}",
                "version": 1,
                "visState": "{\"aggs\": [], \"params\": {\"axis_formatter\": \"number\", \"axis_min\": \"0\", \"axis_position\": \"left\", \"axis_scale\": \"normal\", \"background_color_rules\": [{\"id\": \"7e66beb0-b3c6-11e9-af6e-ef22c5680226\"}], \"bar_color_rules\": [{\"id\": \"7db91990-b3c6-11e9-af6e-ef22c5680226\"}], \"default_index_pattern\": \"metricbeat-*\", \"default_timefield\": \"@timestamp\", \"filter\": \"\", \"gauge_color_rules\": [{\"id\": \"7d0b9b80-b3c6-11e9-af6e-ef22c5680226\"}], \"gauge_inner_width\": 10, \"gauge_style\": \"half\", \"gauge_width\": 10, \"id\": \"35d3cbc0-b3c6-11e9-bf3f-29d51aa3d971\", \"index_pattern\": \"metricbeat-*\", \"interval\": \"5m\", \"isModelInvalid\": false, \"series\": [{\"axis_position\": \"right\", \"chart_type\": \"line\", \"color\": \"#3185FC\", \"fill\": 0, \"formatter\": \"number\", \"id\": \"35d3cbc1-b3c6-11e9-bf3f-29d51aa3d971\", \"label\": \"Request Count\", \"line_width\": 2, \"metrics\": [{\"field\": \"aws.elb.metrics.RequestCount.sum\", \"id\": \"35d3cbc2-b3c6-11e9-bf3f-29d51aa3d971\", \"type\": \"avg\"}], \"point_size\": \"5\", \"separate_axis\": 0, \"split_color_mode\": \"rainbow\", \"split_mode\": \"terms\", \"stacked\": \"none\", \"terms_field\": \"aws.dimensions.LoadBalancerName\", \"terms_order_by\": \"35d3cbc2-b3c6-11e9-bf3f-29d51aa3d971\", \"type\": \"timeseries\", \"value_template\": \"{{value}}\"}], \"show_grid\": 1, \"show_legend\": 1, \"time_field\": \"@timestamp\", \"type\": \"timeseries\"}, \"title\": \"ELB Request Count [Metricbeat AWS]\", \"type\": \"metrics\"}"
            },
            "id": "d560de70-b3c7-11e9-87a4-078dbbae220d",
            "migrationVersion": {
                "visualization": "7.2.0"
            },
            "references": [],
            "type": "visualization",
            "updated_at": "2019-09-12T02:22:46.781Z",
            "version": "WzI0MDgsN10="
        },
        {
            "attributes": {
                "description": "",
                "kibanaSavedObjectMeta": {
                    "searchSourceJSON": "{\"filter\": [], \"query\": {\"language\": \"kuery\", \"query\": \"\"}}"
                },
                "title": "ELB Unhealthy Host Count [Metricbeat AWS]",
                "uiStateJSON": "{}",
                "version": 1,
                "visState": "{\"aggs\": [], \"params\": {\"axis_formatter\": \"number\", \"axis_position\": \"left\", \"axis_scale\": \"normal\", \"background_color_rules\": [{\"background_color\": \"rgba(244,78,59,1)\", \"color\": \"rgba(255,255,255,1)\", \"id\": \"7e66beb0-b3c6-11e9-af6e-ef22c5680226\", \"operator\": \"gt\", \"value\": 0}], \"bar_color_rules\": [{\"id\": \"7db91990-b3c6-11e9-af6e-ef22c5680226\"}], \"default_index_pattern\": \"metricbeat-*\", \"default_timefield\": \"@timestamp\", \"filter\": \"\", \"gauge_color_rules\": [{\"id\": \"7d0b9b80-b3c6-11e9-af6e-ef22c5680226\"}], \"gauge_inner_width\": 10, \"gauge_style\": \"half\", \"gauge_width\": 10, \"id\": \"35d3cbc0-b3c6-11e9-bf3f-29d51aa3d971\", \"index_pattern\": \"metricbeat-*\", \"interval\": \"5m\", \"isModelInvalid\": false, \"series\": [{\"axis_position\": \"right\", \"chart_type\": \"line\", \"color\": \"#3185FC\", \"fill\": 0, \"formatter\": \"number\", \"id\": \"35d3cbc1-b3c6-11e9-bf3f-29d51aa3d971\", \"label\": \"Unhealthy Host Count\", \"line_width\": 2, \"metrics\": [{\"field\": \"aws.elb.metrics.UnHealthyHostCount.max\", \"id\": \"35d3cbc2-b3c6-11e9-bf3f-29d51aa3d971\", \"type\": \"max\"}], \"point_size\": 0, \"separate_axis\": 0, \"split_color_mode\": \"rainbow\", \"split_mode\": \"everything\", \"stacked\": \"none\", \"terms_field\": \"aws.dimensions.AvailabilityZone\", \"terms_order_by\": \"35d3cbc2-b3c6-11e9-bf3f-29d51aa3d971\", \"value_template\": \"{{value}}\"}], \"show_grid\": 1, \"show_legend\": 1, \"time_field\": \"@timestamp\", \"type\": \"metric\"}, \"title\": \"ELB Unhealthy Host Count [Metricbeat AWS]\", \"type\": \"metrics\"}"
            },
            "id": "6fc1efd0-b3c9-11e9-87a4-078dbbae220d",
            "migrationVersion": {
                "visualization": "7.2.0"
            },
            "references": [],
            "type": "visualization",
            "updated_at": "2019-09-12T01:00:47.505Z",
            "version": "WzIzOTYsN10="
        },
        {
            "attributes": {
                "description": "",
                "kibanaSavedObjectMeta": {
                    "searchSourceJSON": "{\"filter\": [], \"query\": {\"language\": \"kuery\", \"query\": \"\"}}"
                },
                "title": "ELB Healthy Host Count [Metricbeat AWS]",
                "uiStateJSON": "{}",
                "version": 1,
                "visState": "{\"aggs\": [], \"params\": {\"axis_formatter\": \"number\", \"axis_position\": \"left\", \"axis_scale\": \"normal\", \"background_color_rules\": [{\"background_color\": \"rgba(104,188,0,1)\", \"color\": \"rgba(255,255,255,1)\", \"id\": \"7e66beb0-b3c6-11e9-af6e-ef22c5680226\", \"operator\": \"gt\", \"value\": 0}], \"bar_color_rules\": [{\"id\": \"7db91990-b3c6-11e9-af6e-ef22c5680226\"}], \"default_index_pattern\": \"metricbeat-*\", \"default_timefield\": \"@timestamp\", \"filter\": \"\", \"gauge_color_rules\": [{\"id\": \"7d0b9b80-b3c6-11e9-af6e-ef22c5680226\"}], \"gauge_inner_width\": 10, \"gauge_style\": \"half\", \"gauge_width\": 10, \"id\": \"35d3cbc0-b3c6-11e9-bf3f-29d51aa3d971\", \"index_pattern\": \"metricbeat-*\", \"interval\": \"5m\", \"isModelInvalid\": false, \"series\": [{\"axis_position\": \"right\", \"chart_type\": \"line\", \"color\": \"#3185FC\", \"fill\": 0, \"formatter\": \"number\", \"id\": \"35d3cbc1-b3c6-11e9-bf3f-29d51aa3d971\", \"label\": \"Healthy Host Count\", \"line_width\": 2, \"metrics\": [{\"field\": \"aws.elb.metrics.HealthyHostCount.max\", \"id\": \"35d3cbc2-b3c6-11e9-bf3f-29d51aa3d971\", \"type\": \"max\"}], \"point_size\": 0, \"separate_axis\": 0, \"split_color_mode\": \"rainbow\", \"split_mode\": \"everything\", \"stacked\": \"none\", \"terms_field\": \"aws.dimensions.AvailabilityZone\", \"terms_order_by\": \"35d3cbc2-b3c6-11e9-bf3f-29d51aa3d971\", \"value_template\": \"{{value}}\"}], \"show_grid\": 1, \"show_legend\": 1, \"time_field\": \"@timestamp\", \"type\": \"metric\"}, \"title\": \"ELB Healthy Host Count [Metricbeat AWS]\", \"type\": \"metrics\"}"
            },
            "id": "6392bc30-b3c9-11e9-87a4-078dbbae220d",
            "migrationVersion": {
                "visualization": "7.2.0"
            },
            "references": [],
            "type": "visualization",
            "updated_at": "2019-09-12T01:00:18.978Z",
            "version": "WzIzOTMsN10="
        },
        {
            "attributes": {
                "description": "",
                "kibanaSavedObjectMeta": {
                    "searchSourceJSON": "{\"filter\": [], \"query\": {\"language\": \"kuery\", \"query\": \"\"}}"
                },
                "title": "ELB Latency in Seconds [Metricbeat AWS]",
                "uiStateJSON": "{}",
                "version": 1,
                "visState": "{\"aggs\": [], \"params\": {\"axis_formatter\": \"number\", \"axis_min\": \"0\", \"axis_position\": \"left\", \"axis_scale\": \"normal\", \"background_color_rules\": [{\"id\": \"7e66beb0-b3c6-11e9-af6e-ef22c5680226\"}], \"bar_color_rules\": [{\"id\": \"7db91990-b3c6-11e9-af6e-ef22c5680226\"}], \"default_index_pattern\": \"metricbeat-*\", \"default_timefield\": \"@timestamp\", \"filter\": \"\", \"gauge_color_rules\": [{\"id\": \"7d0b9b80-b3c6-11e9-af6e-ef22c5680226\"}], \"gauge_inner_width\": 10, \"gauge_style\": \"half\", \"gauge_width\": 10, \"id\": \"35d3cbc0-b3c6-11e9-bf3f-29d51aa3d971\", \"index_pattern\": \"metricbeat-*\", \"interval\": \"5m\", \"isModelInvalid\": false, \"series\": [{\"axis_position\": \"right\", \"chart_type\": \"line\", \"color\": \"#3185FC\", \"fill\": 0, \"formatter\": \"s,s,3\", \"id\": \"35d3cbc1-b3c6-11e9-bf3f-29d51aa3d971\", \"label\": \"Latency in seconds\", \"line_width\": 2, \"metrics\": [{\"field\": \"aws.elb.metrics.Latency.avg\", \"id\": \"35d3cbc2-b3c6-11e9-bf3f-29d51aa3d971\", \"type\": \"avg\"}], \"point_size\": \"5\", \"separate_axis\": 0, \"split_color_mode\": \"rainbow\", \"split_mode\": \"terms\", \"stacked\": \"none\", \"terms_field\": \"aws.dimensions.LoadBalancerName\", \"terms_order_by\": \"35d3cbc2-b3c6-11e9-bf3f-29d51aa3d971\", \"value_template\": \"{{value}}\"}], \"show_grid\": 1, \"show_legend\": 1, \"time_field\": \"@timestamp\", \"type\": \"timeseries\"}, \"title\": \"ELB Latency in Seconds [Metricbeat AWS]\", \"type\": \"metrics\"}"
            },
            "id": "b2ea15a0-b3c7-11e9-87a4-078dbbae220d",
            "migrationVersion": {
                "visualization": "7.2.0"
            },
            "references": [],
            "type": "visualization",
            "updated_at": "2019-09-12T02:23:16.083Z",
            "version": "WzI0MTAsN10="
        },
        {
            "attributes": {
                "description": "",
                "kibanaSavedObjectMeta": {
                    "searchSourceJSON": "{\"filter\": [], \"query\": {\"language\": \"kuery\", \"query\": \"\"}}"
                },
                "title": "ELB HTTP Backend 4XX Errors [Metricbeat AWS]",
                "uiStateJSON": "{}",
                "version": 1,
                "visState": "{\"aggs\": [], \"params\": {\"axis_formatter\": \"number\", \"axis_min\": \"0\", \"axis_position\": \"left\", \"axis_scale\": \"normal\", \"background_color_rules\": [{\"id\": \"7e66beb0-b3c6-11e9-af6e-ef22c5680226\"}], \"bar_color_rules\": [{\"id\": \"7db91990-b3c6-11e9-af6e-ef22c5680226\"}], \"default_index_pattern\": \"metricbeat-*\", \"default_timefield\": \"@timestamp\", \"filter\": \"\", \"gauge_color_rules\": [{\"id\": \"7d0b9b80-b3c6-11e9-af6e-ef22c5680226\"}], \"gauge_inner_width\": 10, \"gauge_style\": \"half\", \"gauge_width\": 10, \"id\": \"35d3cbc0-b3c6-11e9-bf3f-29d51aa3d971\", \"index_pattern\": \"metricbeat-*\", \"interval\": \"5m\", \"isModelInvalid\": false, \"series\": [{\"axis_position\": \"right\", \"chart_type\": \"line\", \"color\": \"#3185FC\", \"fill\": \"0\", \"formatter\": \"number\", \"id\": \"35d3cbc1-b3c6-11e9-bf3f-29d51aa3d971\", \"label\": \"HTTP Backend 4XX Errors\", \"line_width\": 2, \"metrics\": [{\"field\": \"aws.elb.metrics.HTTPCode_Backend_4XX.sum\", \"id\": \"35d3cbc2-b3c6-11e9-bf3f-29d51aa3d971\", \"type\": \"avg\"}], \"point_size\": \"5\", \"separate_axis\": 0, \"split_color_mode\": \"rainbow\", \"split_mode\": \"terms\", \"stacked\": \"none\", \"terms_field\": \"aws.dimensions.LoadBalancerName\", \"terms_order_by\": \"35d3cbc2-b3c6-11e9-bf3f-29d51aa3d971\", \"value_template\": \"{{value}}\"}], \"show_grid\": 1, \"show_legend\": 1, \"time_field\": \"@timestamp\", \"type\": \"timeseries\"}, \"title\": \"ELB HTTP Backend 4XX Errors [Metricbeat AWS]\", \"type\": \"metrics\"}"
            },
            "id": "21f30090-b3ca-11e9-87a4-078dbbae220d",
            "migrationVersion": {
                "visualization": "7.2.0"
            },
            "references": [],
            "type": "visualization",
            "updated_at": "2019-09-12T02:24:09.023Z",
            "version": "WzI0MTQsN10="
        },
        {
            "attributes": {
                "description": "",
                "kibanaSavedObjectMeta": {
                    "searchSourceJSON": "{\"filter\": [], \"query\": {\"language\": \"kuery\", \"query\": \"\"}}"
                },
                "title": "ELB Backend Connection Errors [Metricbeat AWS]",
                "uiStateJSON": "{}",
                "version": 1,
                "visState": "{\"aggs\": [], \"params\": {\"axis_formatter\": \"number\", \"axis_min\": \"0\", \"axis_position\": \"left\", \"axis_scale\": \"normal\", \"background_color_rules\": [{\"id\": \"7e66beb0-b3c6-11e9-af6e-ef22c5680226\"}], \"bar_color_rules\": [{\"id\": \"7db91990-b3c6-11e9-af6e-ef22c5680226\"}], \"default_index_pattern\": \"metricbeat-*\", \"default_timefield\": \"@timestamp\", \"filter\": \"\", \"gauge_color_rules\": [{\"id\": \"7d0b9b80-b3c6-11e9-af6e-ef22c5680226\"}], \"gauge_inner_width\": 10, \"gauge_style\": \"half\", \"gauge_width\": 10, \"id\": \"35d3cbc0-b3c6-11e9-bf3f-29d51aa3d971\", \"index_pattern\": \"metricbeat-*\", \"interval\": \"5m\", \"isModelInvalid\": false, \"series\": [{\"axis_position\": \"right\", \"chart_type\": \"line\", \"color\": \"#3185FC\", \"fill\": \"00\", \"formatter\": \"number\", \"id\": \"35d3cbc1-b3c6-11e9-bf3f-29d51aa3d971\", \"label\": \"Backend Connection Errors\", \"line_width\": 2, \"metrics\": [{\"field\": \"aws.elb.metrics.BackendConnectionErrors.sum\", \"id\": \"35d3cbc2-b3c6-11e9-bf3f-29d51aa3d971\", \"type\": \"avg\"}], \"point_size\": \"5\", \"separate_axis\": 0, \"split_color_mode\": \"rainbow\", \"split_mode\": \"terms\", \"stacked\": \"none\", \"steps\": 0, \"terms_field\": \"aws.dimensions.LoadBalancerName\", \"terms_order_by\": \"35d3cbc2-b3c6-11e9-bf3f-29d51aa3d971\", \"value_template\": \"{{value}}\"}], \"show_grid\": 1, \"show_legend\": 1, \"time_field\": \"@timestamp\", \"type\": \"timeseries\"}, \"title\": \"ELB Backend Connection Errors [Metricbeat AWS]\", \"type\": \"metrics\"}"
            },
            "id": "572d40e0-b3ca-11e9-87a4-078dbbae220d",
            "migrationVersion": {
                "visualization": "7.2.0"
            },
            "references": [],
            "type": "visualization",
            "updated_at": "2019-09-12T02:22:28.366Z",
            "version": "WzI0MDcsN10="
        },
        {
            "attributes": {
                "description": "",
                "kibanaSavedObjectMeta": {
                    "searchSourceJSON": "{\"filter\": [], \"query\": {\"language\": \"kuery\", \"query\": \"\"}}"
                },
                "title": "Region Filter [Metricbeat AWS]",
                "uiStateJSON": "{}",
                "version": 1,
                "visState": "{\"aggs\": [], \"params\": {\"controls\": [{\"fieldName\": \"cloud.region\", \"id\": \"1549397251041\", \"indexPatternRefName\": \"control_0_index_pattern\", \"label\": \"region\", \"options\": {\"dynamicOptions\": true, \"multiselect\": true, \"order\": \"desc\", \"size\": 5, \"type\": \"terms\"}, \"parent\": \"\", \"type\": \"list\"}], \"pinFilters\": false, \"updateFiltersOnChange\": true, \"useTimeFilter\": false}, \"title\": \"AWS Region Filter\", \"type\": \"input_control_vis\"}"
            },
            "id": "b5308940-7347-11e9-816b-07687310a99a",
            "migrationVersion": {
                "visualization": "7.2.0"
            },
            "references": [
                {
                    "id": "metricbeat-*",
                    "name": "control_0_index_pattern",
                    "type": "index-pattern"
                }
            ],
            "type": "visualization",
            "updated_at": "2019-09-12T00:55:22.007Z",
            "version": "WzIwNjgsN10="
        },
        {
            "attributes": {
                "description": "",
                "kibanaSavedObjectMeta": {
                    "searchSourceJSON": "{\"filter\": [], \"query\": {\"language\": \"kuery\", \"query\": \"\"}}"
                },
                "title": "ELB HTTP Backend 2XX [Metricbeat AWS]",
                "uiStateJSON": "{}",
                "version": 1,
                "visState": "{\"aggs\": [], \"params\": {\"axis_formatter\": \"number\", \"axis_min\": \"0\", \"axis_position\": \"left\", \"axis_scale\": \"normal\", \"background_color_rules\": [{\"id\": \"7e66beb0-b3c6-11e9-af6e-ef22c5680226\"}], \"bar_color_rules\": [{\"id\": \"7db91990-b3c6-11e9-af6e-ef22c5680226\"}], \"default_index_pattern\": \"metricbeat-*\", \"default_timefield\": \"@timestamp\", \"filter\": \"\", \"gauge_color_rules\": [{\"id\": \"7d0b9b80-b3c6-11e9-af6e-ef22c5680226\"}], \"gauge_inner_width\": 10, \"gauge_style\": \"half\", \"gauge_width\": 10, \"id\": \"35d3cbc0-b3c6-11e9-bf3f-29d51aa3d971\", \"index_pattern\": \"metricbeat-*\", \"interval\": \"5m\", \"isModelInvalid\": false, \"series\": [{\"axis_position\": \"right\", \"chart_type\": \"line\", \"color\": \"#3185FC\", \"fill\": 0, \"formatter\": \"number\", \"id\": \"35d3cbc1-b3c6-11e9-bf3f-29d51aa3d971\", \"label\": \"HTTP Backend 2XX\", \"line_width\": 2, \"metrics\": [{\"field\": \"aws.elb.metrics.HTTPCode_Backend_2XX.sum\", \"id\": \"35d3cbc2-b3c6-11e9-bf3f-29d51aa3d971\", \"type\": \"avg\"}], \"point_size\": \"5\", \"separate_axis\": 0, \"split_color_mode\": \"rainbow\", \"split_mode\": \"terms\", \"stacked\": \"none\", \"terms_field\": \"aws.dimensions.LoadBalancerName\", \"terms_order_by\": \"35d3cbc2-b3c6-11e9-bf3f-29d51aa3d971\", \"value_template\": \"{{value}}\"}], \"show_grid\": 1, \"show_legend\": 1, \"time_field\": \"@timestamp\", \"type\": \"timeseries\"}, \"title\": \"ELB HTTP Backend 2XX [Metricbeat AWS]\", \"type\": \"metrics\"}"
            },
            "id": "1f528f50-b3ce-11e9-87a4-078dbbae220d",
            "migrationVersion": {
                "visualization": "7.2.0"
            },
            "references": [],
            "type": "visualization",
            "updated_at": "2019-09-12T02:23:38.069Z",
            "version": "WzI0MTIsN10="
        }
    ],
    "version": "7.3.0"
}