{
    "objects": [
        {
            "attributes": {
                "description": "",
                "kibanaSavedObjectMeta": {
                    "searchSourceJSON": "{\"filter\": []}"
                },
                "savedSearchId": "Apache-HTTPD-ecs",
                "title": "CPU usage [Metricbeat Apache] ECS",
                "uiStateJSON": "{}",
                "version": 1,
                "visState": "{\"aggs\": [{\"id\": \"1\", \"params\": {\"customLabel\": \"CPU load\", \"field\": \"apache.status.cpu.load\"}, \"schema\": \"metric\", \"type\": \"avg\"}, {\"id\": \"2\", \"params\": {\"customInterval\": \"2h\", \"extended_bounds\": {}, \"field\": \"@timestamp\", \"interval\": \"auto\", \"min_doc_count\": 1}, \"schema\": \"segment\", \"type\": \"date_histogram\"}, {\"id\": \"3\", \"params\": {\"field\": \"apache.status.hostname\", \"order\": \"desc\", \"orderBy\": \"1\", \"row\": true, \"size\": 5}, \"schema\": \"split\", \"type\": \"terms\"}, {\"id\": \"4\", \"params\": {\"customLabel\": \"CPU user\", \"field\": \"apache.status.cpu.user\"}, \"schema\": \"metric\", \"type\": \"avg\"}, {\"id\": \"5\", \"params\": {\"customLabel\": \"CPU system\", \"field\": \"apache.status.cpu.system\"}, \"schema\": \"metric\", \"type\": \"avg\"}, {\"id\": \"6\", \"params\": {\"customLabel\": \"CPU children user\", \"field\": \"apache.status.cpu.children_user\"}, \"schema\": \"metric\", \"type\": \"avg\"}, {\"id\": \"7\", \"params\": {\"customLabel\": \"CPU children system\", \"field\": \"apache.status.cpu.children_system\"}, \"schema\": \"metric\", \"type\": \"avg\"}], \"listeners\": {}, \"params\": {\"addLegend\": true, \"addTimeMarker\": false, \"addTooltip\": true, \"defaultYExtents\": false, \"drawLinesBetweenPoints\": true, \"interpolate\": \"linear\", \"radiusRatio\": 9, \"scale\": \"linear\", \"setYExtents\": false, \"shareYAxis\": true, \"showCircles\": true, \"smoothLines\": false, \"times\": [], \"yAxis\": {}}, \"title\": \"Apache HTTPD - CPU ECS\", \"type\": \"line\"}"
            },
            "id": "Apache-HTTPD-CPU-ecs",
            "type": "visualization",
            "version": 2
        },
        {
            "attributes": {
                "description": "",
                "kibanaSavedObjectMeta": {
                    "searchSourceJSON": "{\"filter\": []}"
                },
                "savedSearchId": "Apache-HTTPD-ecs",
                "title": "Hostname list [Metricbeat Apache] ECS",
                "uiStateJSON": "{\"vis\": {\"params\": {\"sort\": {\"columnIndex\": null, \"direction\": null}}}}",
                "version": 1,
                "visState": "{\"aggs\": [{\"id\": \"1\", \"params\": {\"customLabel\": \"Events count\"}, \"schema\": \"metric\", \"type\": \"count\"}, {\"id\": \"2\", \"params\": {\"customLabel\": \"Apache HTTD Hostname\", \"field\": \"apache.status.hostname\", \"order\": \"desc\", \"orderBy\": \"1\", \"size\": 5}, \"schema\": \"bucket\", \"type\": \"terms\"}], \"listeners\": {}, \"params\": {\"perPage\": 10, \"showMeticsAtAllLevels\": false, \"showPartialRows\": false, \"sort\": {\"columnIndex\": null, \"direction\": null}}, \"title\": \"Apache HTTPD - Hostname list ECS\", \"type\": \"table\"}"
            },
            "id": "Apache-HTTPD-Hostname-list-ecs",
            "type": "visualization",
            "version": 2
        },
        {
            "attributes": {
                "description": "",
                "kibanaSavedObjectMeta": {
                    "searchSourceJSON": "{\"filter\": []}"
                },
                "savedSearchId": "Apache-HTTPD-ecs",
                "title": "Load1/5/15 [Metricbeat Apache] ECS",
                "uiStateJSON": "{}",
                "version": 1,
                "visState": "{\"aggs\": [{\"id\": \"1\", \"params\": {\"customLabel\": \"Load 5\", \"field\": \"apache.status.load.5\"}, \"schema\": \"metric\", \"type\": \"avg\"}, {\"id\": \"2\", \"params\": {\"customInterval\": \"2h\", \"extended_bounds\": {}, \"field\": \"@timestamp\", \"interval\": \"auto\", \"min_doc_count\": 1}, \"schema\": \"segment\", \"type\": \"date_histogram\"}, {\"id\": \"3\", \"params\": {\"customLabel\": \"Load 1\", \"field\": \"apache.status.load.1\"}, \"schema\": \"metric\", \"type\": \"avg\"}, {\"id\": \"4\", \"params\": {\"customLabel\": \"Load 15\", \"field\": \"apache.status.load.15\"}, \"schema\": \"metric\", \"type\": \"avg\"}, {\"id\": \"5\", \"params\": {\"customLabel\": \"Hostname\", \"field\": \"apache.status.hostname\", \"order\": \"desc\", \"orderBy\": \"1\", \"row\": true, \"size\": 5}, \"schema\": \"split\", \"type\": \"terms\"}], \"listeners\": {}, \"params\": {\"addLegend\": true, \"addTimeMarker\": false, \"addTooltip\": true, \"defaultYExtents\": false, \"drawLinesBetweenPoints\": true, \"interpolate\": \"linear\", \"radiusRatio\": 9, \"scale\": \"linear\", \"setYExtents\": false, \"shareYAxis\": true, \"showCircles\": true, \"smoothLines\": false, \"times\": [], \"yAxis\": {}}, \"title\": \"Apache HTTPD - Load1/5/15 ECS\", \"type\": \"line\"}"
            },
            "id": "Apache-HTTPD-Load1-slash-5-slash-15-ecs",
            "type": "visualization",
            "version": 2
        },
        {
            "attributes": {
                "description": "",
                "kibanaSavedObjectMeta": {
                    "searchSourceJSON": "{\"filter\": []}"
                },
                "savedSearchId": "Apache-HTTPD-ecs",
                "title": "Scoreboard [Metricbeat Apache] ECS",
                "uiStateJSON": "{}",
                "version": 1,
                "visState": "{\"aggs\": [{\"id\": \"1\", \"params\": {\"customLabel\": \"Closing connection\", \"field\": \"apache.status.scoreboard.closing_connection\"}, \"schema\": \"metric\", \"type\": \"avg\"}, {\"id\": \"2\", \"params\": {\"customInterval\": \"2h\", \"extended_bounds\": {}, \"field\": \"@timestamp\", \"interval\": \"auto\", \"min_doc_count\": 1}, \"schema\": \"segment\", \"type\": \"date_histogram\"}, {\"id\": \"3\", \"params\": {\"customLabel\": \"Hostname\", \"field\": \"apache.status.hostname\", \"order\": \"desc\", \"orderBy\": \"1\", \"row\": true, \"size\": 5}, \"schema\": \"split\", \"type\": \"terms\"}, {\"id\": \"4\", \"params\": {\"customLabel\": \"DNS lookup\", \"field\": \"apache.status.scoreboard.dns_lookup\"}, \"schema\": \"metric\", \"type\": \"avg\"}, {\"id\": \"5\", \"params\": {\"customLabel\": \"Gracefully finishing\", \"field\": \"apache.status.scoreboard.gracefully_finishing\"}, \"schema\": \"metric\", \"type\": \"avg\"}, {\"id\": \"6\", \"params\": {\"customLabel\": \"Idle cleanup\", \"field\": \"apache.status.scoreboard.idle_cleanup\"}, \"schema\": \"metric\", \"type\": \"avg\"}, {\"id\": \"7\", \"params\": {\"customLabel\": \"Keepalive\", \"field\": \"apache.status.scoreboard.keepalive\"}, \"schema\": \"metric\", \"type\": \"avg\"}, {\"id\": \"8\", \"params\": {\"customLabel\": \"Logging\", \"field\": \"apache.status.scoreboard.logging\"}, \"schema\": \"metric\", \"type\": \"avg\"}, {\"id\": \"9\", \"params\": {\"customLabel\": \"Open slot\", \"field\": \"apache.status.scoreboard.open_slot\"}, \"schema\": \"metric\", \"type\": \"avg\"}, {\"id\": \"10\", \"params\": {\"customLabel\": \"Reading request\", \"field\": \"apache.status.scoreboard.reading_request\"}, \"schema\": \"metric\", \"type\": \"avg\"}, {\"id\": \"11\", \"params\": {\"customLabel\": \"Sending reply\", \"field\": \"apache.status.scoreboard.sending_reply\"}, \"schema\": \"metric\", \"type\": \"avg\"}, {\"id\": \"12\", \"params\": {\"customLabel\": \"Starting up\", \"field\": \"apache.status.scoreboard.starting_up\"}, \"schema\": \"metric\", \"type\": \"avg\"}, {\"id\": \"13\", \"params\": {\"customLabel\": \"Total\", \"field\": \"apache.status.scoreboard.total\"}, \"schema\": \"metric\", \"type\": \"avg\"}, {\"id\": \"14\", \"params\": {\"customLabel\": \"Waiting for connection\", \"field\": \"apache.status.scoreboard.waiting_for_connection\"}, \"schema\": \"metric\", \"type\": \"avg\"}], \"listeners\": {}, \"params\": {\"addLegend\": true, \"addTimeMarker\": false, \"addTooltip\": true, \"defaultYExtents\": false, \"drawLinesBetweenPoints\": true, \"interpolate\": \"linear\", \"radiusRatio\": 9, \"scale\": \"linear\", \"setYExtents\": false, \"shareYAxis\": true, \"showCircles\": true, \"smoothLines\": false, \"times\": [], \"yAxis\": {}}, \"title\": \"Apache HTTPD - Scoreboard ECS\", \"type\": \"line\"}"
            },
            "id": "Apache-HTTPD-Scoreboard-ecs",
            "type": "visualization",
            "version": 2
        },
        {
            "attributes": {
                "description": "",
                "kibanaSavedObjectMeta": {
                    "searchSourceJSON": "{\"filter\": []}"
                },
                "savedSearchId": "Apache-HTTPD-ecs",
                "title": "Total accesses and kbytes [Metricbeat Apache] ECS",
                "uiStateJSON": "{}",
                "version": 1,
                "visState": "{\"aggs\": [{\"id\": \"1\", \"params\": {\"customLabel\": \"Total kbytes\", \"field\": \"apache.status.total_kbytes\"}, \"schema\": \"metric\", \"type\": \"max\"}, {\"id\": \"2\", \"params\": {\"customLabel\": \"Total accesses\", \"field\": \"apache.status.total_accesses\"}, \"schema\": \"metric\", \"type\": \"max\"}], \"listeners\": {}, \"params\": {\"fontSize\": 60, \"handleNoResults\": true}, \"title\": \"Apache HTTPD - Total accesses and kbytes ECS\", \"type\": \"metric\"}"
            },
            "id": "Apache-HTTPD-Total-accesses-and-kbytes-ecs",
            "type": "visualization",
            "version": 2
        },
        {
            "attributes": {
                "description": "",
                "kibanaSavedObjectMeta": {
                    "searchSourceJSON": "{\"filter\": []}"
                },
                "savedSearchId": "Apache-HTTPD-ecs",
                "title": "Uptime [Metricbeat Apache] ECS",
                "uiStateJSON": "{}",
                "version": 1,
                "visState": "{\"aggs\": [{\"id\": \"1\", \"params\": {\"customLabel\": \"Uptime\", \"field\": \"apache.status.uptime.uptime\"}, \"schema\": \"metric\", \"type\": \"max\"}, {\"id\": \"2\", \"params\": {\"customLabel\": \"Server uptime\", \"field\": \"apache.status.uptime.server_uptime\"}, \"schema\": \"metric\", \"type\": \"max\"}], \"listeners\": {}, \"params\": {\"fontSize\": 60, \"handleNoResults\": true}, \"title\": \"Apache HTTPD - Uptime ECS\", \"type\": \"metric\"}"
            },
            "id": "Apache-HTTPD-Uptime-ecs",
            "type": "visualization",
            "version": 2
        },
        {
            "attributes": {
                "description": "",
                "kibanaSavedObjectMeta": {
                    "searchSourceJSON": "{\"filter\": []}"
                },
                "savedSearchId": "Apache-HTTPD-ecs",
                "title": "Workers [Metricbeat Apache] ECS",
                "uiStateJSON": "{}",
                "version": 1,
                "visState": "{\"aggs\": [{\"id\": \"1\", \"params\": {\"customLabel\": \"Busy workers\", \"field\": \"apache.status.workers.busy\"}, \"schema\": \"metric\", \"type\": \"avg\"}, {\"id\": \"2\", \"params\": {\"customInterval\": \"2h\", \"extended_bounds\": {}, \"field\": \"@timestamp\", \"interval\": \"auto\", \"min_doc_count\": 1}, \"schema\": \"segment\", \"type\": \"date_histogram\"}, {\"id\": \"3\", \"params\": {\"customLabel\": \"Hostname\", \"field\": \"apache.status.hostname\", \"order\": \"desc\", \"orderBy\": \"1\", \"row\": true, \"size\": 5}, \"schema\": \"split\", \"type\": \"terms\"}, {\"id\": \"4\", \"params\": {\"customLabel\": \"Idle workers\", \"field\": \"apache.status.workers.idle\"}, \"schema\": \"metric\", \"type\": \"avg\"}], \"listeners\": {}, \"params\": {\"addLegend\": true, \"addTimeMarker\": false, \"addTooltip\": true, \"defaultYExtents\": false, \"drawLinesBetweenPoints\": true, \"interpolate\": \"linear\", \"radiusRatio\": 9, \"scale\": \"linear\", \"setYExtents\": false, \"shareYAxis\": true, \"showCircles\": true, \"smoothLines\": false, \"times\": [], \"yAxis\": {}}, \"title\": \"Apache HTTPD - Workers ECS\", \"type\": \"line\"}"
            },
            "id": "Apache-HTTPD-Workers-ecs",
            "type": "visualization",
            "version": 2
        },
        {
            "attributes": {
                "columns": [
                    "_source"
                ],
                "description": "",
                "hits": 0,
                "kibanaSavedObjectMeta": {
                    "searchSourceJSON": "{\"filter\": [], \"highlight\": {\"fields\": {\"*\": {}}, \"fragment_size\": 2147483647, \"post_tags\": [\"@/kibana-highlighted-field@\"], \"pre_tags\": [\"@kibana-highlighted-field@\"], \"require_field_match\": false}, \"index\": \"metricbeat-*\", \"query\": {\"language\": \"kuery\", \"query\": \"event.module: apache\"}}"
                },
                "sort": [
                    "@timestamp",
                    "desc"
                ],
                "title": "Apache HTTPD ECS",
                "version": 1
            },
            "id": "Apache-HTTPD-ecs",
            "type": "search",
            "version": 1
        },
        {
            "attributes": {
                "description": "Overview of Apache server status",
                "hits": 0,
                "kibanaSavedObjectMeta": {
                    "searchSourceJSON": "{\"filter\": [], \"highlightAll\": true, \"query\": {\"language\": \"kuery\", \"query\": \"\"}, \"version\": true}"
                },
                "optionsJSON": "{\"darkTheme\": false}",
                "panelsJSON": "[{\"col\": 7, \"id\": \"Apache-HTTPD-CPU-ecs\", \"panelIndex\": 1, \"row\": 10, \"size_x\": 6, \"size_y\": 3, \"type\": \"visualization\"}, {\"col\": 1, \"id\": \"Apache-HTTPD-Hostname-list-ecs\", \"panelIndex\": 2, \"row\": 1, \"size_x\": 3, \"size_y\": 3, \"type\": \"visualization\"}, {\"col\": 1, \"id\": \"Apache-HTTPD-Load1-slash-5-slash-15-ecs\", \"panelIndex\": 3, \"row\": 10, \"size_x\": 6, \"size_y\": 3, \"type\": \"visualization\"}, {\"col\": 1, \"id\": \"Apache-HTTPD-Scoreboard-ecs\", \"panelIndex\": 4, \"row\": 7, \"size_x\": 12, \"size_y\": 3, \"type\": \"visualization\"}, {\"col\": 7, \"id\": \"Apache-HTTPD-Total-accesses-and-kbytes-ecs\", \"panelIndex\": 5, \"row\": 1, \"size_x\": 6, \"size_y\": 3, \"type\": \"visualization\"}, {\"col\": 4, \"id\": \"Apache-HTTPD-Uptime-ecs\", \"panelIndex\": 6, \"row\": 1, \"size_x\": 3, \"size_y\": 3, \"type\": \"visualization\"}, {\"col\": 1, \"id\": \"Apache-HTTPD-Workers-ecs\", \"panelIndex\": 7, \"row\": 4, \"size_x\": 12, \"size_y\": 3, \"type\": \"visualization\"}]",
                "timeRestore": false,
                "title": "[Metricbeat Apache] Overview ECS",
                "uiStateJSON": "{\"P-2\": {\"vis\": {\"params\": {\"sort\": {\"columnIndex\": null, \"direction\": null}}}}, \"P-5\": {\"vis\": {\"defaultColors\": {\"0 - 100\": \"rgb(0,104,55)\"}}}, \"P-6\": {\"vis\": {\"defaultColors\": {\"0 - 100\": \"rgb(0,104,55)\"}}}}",
                "version": 1
            },
            "id": "Metricbeat-Apache-HTTPD-server-status-ecs",
            "type": "dashboard",
            "version": 3
        }
    ],
    "version": "6.0.0-beta1-SNAPSHOT"
}