{
    "objects": [
        {
            "attributes": {
                "description": "Overview of AWS Usage Metrics",
                "hits": 0,
                "kibanaSavedObjectMeta": {
                    "searchSourceJSON": "{\"filter\": [], \"query\": {\"language\": \"kuery\", \"query\": \"\"}}"
                },
                "optionsJSON": "{\"hidePanelTitles\": false, \"useMargins\": true}",
                "panelsJSON": "[{\"embeddableConfig\": {\"title\": \"AWS Region Filter\"}, \"gridData\": {\"h\": 5, \"i\": \"2ea7bd59-d748-4e4a-889d-f7e2ca1cfe36\", \"w\": 9, \"x\": 0, \"y\": 0}, \"panelIndex\": \"2ea7bd59-d748-4e4a-889d-f7e2ca1cfe36\", \"panelRefName\": \"panel_0\", \"title\": \"Region Filter\", \"version\": \"7.3.0\"}, {\"embeddableConfig\": {\"title\": \"Usage Resource Count\"}, \"gridData\": {\"h\": 15, \"i\": \"00c2b1f6-3367-4b6f-ac01-7e48b76c262a\", \"w\": 20, \"x\": 9, \"y\": 0}, \"panelIndex\": \"00c2b1f6-3367-4b6f-ac01-7e48b76c262a\", \"panelRefName\": \"panel_1\", \"title\": \"Usage Resource Count\", \"version\": \"7.3.0\"}, {\"embeddableConfig\": {\"title\": \"Usage API Call Count\"}, \"gridData\": {\"h\": 15, \"i\": \"fecfe5d4-ef1c-4f38-954a-a2506d72bc5b\", \"w\": 18, \"x\": 30, \"y\": 0}, \"panelIndex\": \"fecfe5d4-ef1c-4f38-954a-a2506d72bc5b\", \"panelRefName\": \"panel_2\", \"title\": \"Usage API Call Count\", \"version\": \"7.3.0\"}, {\"embeddableConfig\": {\"title\": \"AWS Account Filter\"}, \"gridData\": {\"h\": 5, \"i\": \"69ce7461-36ad-4e7c-b541-c6a1601bf089\", \"w\": 9, \"x\": 0, \"y\": 5}, \"panelIndex\": \"69ce7461-36ad-4e7c-b541-c6a1601bf089\", \"panelRefName\": \"panel_3\", \"title\": \"AWS Account Filter\", \"version\": \"7.3.0\"}, {\"embeddableConfig\": {\"title\": \"AWS Service Filter\"}, \"gridData\": {\"h\": 5, \"i\": \"62e86407-6ae3-47d3-9136-dd61bdf3267a\", \"w\": 9, \"x\": 0, \"y\": 10}, \"panelIndex\": \"62e86407-6ae3-47d3-9136-dd61bdf3267a\", \"panelRefName\": \"panel_4\", \"title\": \"AWS Service Filter\", \"version\": \"7.3.0\"}, {\"embeddableConfig\": {\"title\": \"Usage Resource Count Per Service\"}, \"gridData\": {\"h\": 10, \"i\": \"196a044c-5c20-4417-8aa0-f60fc502e46c\", \"w\": 48, \"x\": 0, \"y\": 15}, \"panelIndex\": \"196a044c-5c20-4417-8aa0-f60fc502e46c\", \"panelRefName\": \"panel_5\", \"title\": \"Usage Resource Count Per Service\", \"version\": \"7.3.0\"}, {\"embeddableConfig\": {\"title\": \"Usage API Call Count Per Service\"}, \"gridData\": {\"h\": 12, \"i\": \"022941b7-01a1-4570-86e9-d03451d4e102\", \"w\": 48, \"x\": 0, \"y\": 25}, \"panelIndex\": \"022941b7-01a1-4570-86e9-d03451d4e102\", \"panelRefName\": \"panel_6\", \"title\": \"Usage API Call Count Per Service\", \"version\": \"7.3.0\"}]",
                "timeRestore": false,
                "title": "[Metricbeat AWS] Usage Overview",
                "version": 1
            },
            "id": "917a07b0-178e-11ea-8650-fb606deb5be4",
            "migrationVersion": {
                "dashboard": "7.3.0"
            },
            "references": [
                {
                    "id": "b5308940-7347-11e9-816b-07687310a99a",
                    "name": "panel_0",
                    "type": "visualization"
                },
                {
                    "id": "9202d1a0-178c-11ea-8650-fb606deb5be4",
                    "name": "panel_1",
                    "type": "visualization"
                },
                {
                    "id": "681aab60-178c-11ea-8650-fb606deb5be4",
                    "name": "panel_2",
                    "type": "visualization"
                },
                {
                    "id": "deab0260-2981-11e9-86eb-a3a07a77f530",
                    "name": "panel_3",
                    "type": "visualization"
                },
                {
                    "id": "2929edb0-178e-11ea-8650-fb606deb5be4",
                    "name": "panel_4",
                    "type": "visualization"
                },
                {
                    "id": "59e2e110-178d-11ea-8650-fb606deb5be4",
                    "name": "panel_5",
                    "type": "visualization"
                },
                {
                    "id": "75ebfda0-1789-11ea-8650-fb606deb5be4",
                    "name": "panel_6",
                    "type": "visualization"
                }
            ],
            "type": "dashboard",
            "updated_at": "2019-12-05T18:44:44.105Z",
            "version": "WzU5NCw0XQ=="
        },
        {
            "attributes": {
                "description": "",
                "kibanaSavedObjectMeta": {
                    "searchSourceJSON": "{\"filter\": [], \"query\": {\"language\": \"kuery\", \"query\": \"\"}}"
                },
                "title": "AWS Region Filter [Metricbeat AWS]",
                "uiStateJSON": "{}",
                "version": 1,
                "visState": "{\"aggs\": [], \"params\": {\"controls\": [{\"fieldName\": \"cloud.region\", \"id\": \"1549397251041\", \"indexPatternRefName\": \"control_0_index_pattern\", \"label\": \"region name\", \"options\": {\"dynamicOptions\": true, \"multiselect\": true, \"order\": \"desc\", \"size\": 5, \"type\": \"terms\"}, \"parent\": \"\", \"type\": \"list\"}], \"pinFilters\": false, \"updateFiltersOnChange\": true, \"useTimeFilter\": false}, \"title\": \"AWS Region Filter\", \"type\": \"input_control_vis\"}"
            },
            "id": "b5308940-7347-11e9-816b-07687310a99a",
            "migrationVersion": {
                "visualization": "7.3.1"
            },
            "references": [
                {
                    "id": "metricbeat-*",
                    "name": "control_0_index_pattern",
                    "type": "index-pattern"
                }
            ],
            "type": "visualization",
            "updated_at": "2019-12-02T16:41:47.384Z",
            "version": "WzE1MiwyXQ=="
        },
        {
            "attributes": {
                "description": "",
                "kibanaSavedObjectMeta": {
                    "searchSourceJSON": "{\"filter\": [], \"indexRefName\": \"kibanaSavedObjectMeta.searchSourceJSON.index\", \"query\": {\"language\": \"kuery\", \"query\": \"\"}}"
                },
                "title": "Usage ResourceCount [Metricbeat AWS]",
                "uiStateJSON": "{}",
                "version": 1,
                "visState": "{\"aggs\": [{\"enabled\": true, \"id\": \"1\", \"params\": {\"field\": \"aws.usage.metrics.ResourceCount.sum\"}, \"schema\": \"metric\", \"type\": \"sum\"}, {\"enabled\": true, \"id\": \"2\", \"params\": {\"filters\": [{\"input\": {\"language\": \"kuery\", \"query\": \"aws.dimensions.Type : \\\"Resource\\\" \"}, \"label\": \"\"}], \"row\": true}, \"schema\": \"split\", \"type\": \"filters\"}, {\"enabled\": true, \"id\": \"3\", \"params\": {\"field\": \"aws.dimensions.Service\", \"missingBucket\": false, \"missingBucketLabel\": \"Missing\", \"order\": \"desc\", \"orderBy\": \"1\", \"otherBucket\": true, \"otherBucketLabel\": \"Other\", \"size\": 5}, \"schema\": \"segment\", \"type\": \"terms\"}, {\"enabled\": true, \"id\": \"4\", \"params\": {\"field\": \"aws.dimensions.Resource\", \"missingBucket\": false, \"missingBucketLabel\": \"Missing\", \"order\": \"desc\", \"orderBy\": \"1\", \"otherBucket\": true, \"otherBucketLabel\": \"Other\", \"size\": 5}, \"schema\": \"segment\", \"type\": \"terms\"}], \"params\": {\"addLegend\": true, \"addTooltip\": true, \"dimensions\": {\"buckets\": [{\"accessor\": 2, \"aggType\": \"terms\", \"format\": {\"id\": \"terms\", \"params\": {\"id\": \"string\", \"missingBucketLabel\": \"Missing\", \"otherBucketLabel\": \"Other\"}}, \"params\": {}}, {\"accessor\": 4, \"aggType\": \"terms\", \"format\": {\"id\": \"terms\", \"params\": {\"id\": \"string\", \"missingBucketLabel\": \"Missing\", \"otherBucketLabel\": \"Other\"}}, \"params\": {}}], \"metric\": {\"accessor\": 3, \"aggType\": \"sum\", \"format\": {\"id\": \"number\"}, \"params\": {}}, \"splitRow\": [{\"accessor\": 0, \"aggType\": \"filters\", \"format\": {}, \"params\": {}}]}, \"isDonut\": true, \"labels\": {\"last_level\": false, \"show\": true, \"truncate\": 100, \"values\": true}, \"legendPosition\": \"right\", \"type\": \"pie\"}, \"title\": \"Usage ResourceCount [Metricbeat AWS]\", \"type\": \"pie\"}"
            },
            "id": "9202d1a0-178c-11ea-8650-fb606deb5be4",
            "migrationVersion": {
                "visualization": "7.3.1"
            },
            "references": [
                {
                    "id": "metricbeat-*",
                    "name": "kibanaSavedObjectMeta.searchSourceJSON.index",
                    "type": "index-pattern"
                }
            ],
            "type": "visualization",
            "updated_at": "2019-12-05T18:25:10.073Z",
            "version": "WzU4Niw0XQ=="
        },
        {
            "attributes": {
                "description": "",
                "kibanaSavedObjectMeta": {
                    "searchSourceJSON": "{\"filter\": [], \"indexRefName\": \"kibanaSavedObjectMeta.searchSourceJSON.index\", \"query\": {\"language\": \"kuery\", \"query\": \"\"}}"
                },
                "title": "Usage CallCount [Metricbeat AWS]",
                "uiStateJSON": "{}",
                "version": 1,
                "visState": "{\"aggs\": [{\"enabled\": true, \"id\": \"1\", \"params\": {\"field\": \"aws.usage.metrics.CallCount.sum\"}, \"schema\": \"metric\", \"type\": \"sum\"}, {\"enabled\": true, \"id\": \"2\", \"params\": {\"filters\": [{\"input\": {\"language\": \"kuery\", \"query\": \"aws.dimensions.Type : \\\"API\\\" \"}, \"label\": \"\"}], \"row\": true}, \"schema\": \"split\", \"type\": \"filters\"}, {\"enabled\": true, \"id\": \"3\", \"params\": {\"field\": \"aws.dimensions.Service\", \"missingBucket\": false, \"missingBucketLabel\": \"Missing\", \"order\": \"desc\", \"orderBy\": \"1\", \"otherBucket\": true, \"otherBucketLabel\": \"Other\", \"size\": 5}, \"schema\": \"segment\", \"type\": \"terms\"}, {\"enabled\": true, \"id\": \"4\", \"params\": {\"field\": \"aws.dimensions.Resource\", \"missingBucket\": false, \"missingBucketLabel\": \"Missing\", \"order\": \"desc\", \"orderBy\": \"1\", \"otherBucket\": true, \"otherBucketLabel\": \"Other\", \"size\": 5}, \"schema\": \"segment\", \"type\": \"terms\"}], \"params\": {\"addLegend\": true, \"addTooltip\": true, \"dimensions\": {\"buckets\": [{\"accessor\": 2, \"aggType\": \"terms\", \"format\": {\"id\": \"terms\", \"params\": {\"id\": \"string\", \"missingBucketLabel\": \"Missing\", \"otherBucketLabel\": \"Other\"}}, \"params\": {}}, {\"accessor\": 4, \"aggType\": \"terms\", \"format\": {\"id\": \"terms\", \"params\": {\"id\": \"string\", \"missingBucketLabel\": \"Missing\", \"otherBucketLabel\": \"Other\"}}, \"params\": {}}], \"metric\": {\"accessor\": 3, \"aggType\": \"sum\", \"format\": {\"id\": \"number\"}, \"params\": {}}, \"splitRow\": [{\"accessor\": 0, \"aggType\": \"filters\", \"format\": {}, \"params\": {}}]}, \"isDonut\": true, \"labels\": {\"last_level\": false, \"show\": true, \"truncate\": 100, \"values\": true}, \"legendPosition\": \"right\", \"type\": \"pie\"}, \"title\": \"Usage CallCount [Metricbeat AWS]\", \"type\": \"pie\"}"
            },
            "id": "681aab60-178c-11ea-8650-fb606deb5be4",
            "migrationVersion": {
                "visualization": "7.3.1"
            },
            "references": [
                {
                    "id": "metricbeat-*",
                    "name": "kibanaSavedObjectMeta.searchSourceJSON.index",
                    "type": "index-pattern"
                }
            ],
            "type": "visualization",
            "updated_at": "2019-12-05T18:25:30.221Z",
            "version": "WzU4Nyw0XQ=="
        },
        {
            "attributes": {
                "description": "",
                "kibanaSavedObjectMeta": {
                    "searchSourceJSON": "{\"filter\": [], \"query\": {\"language\": \"kuery\", \"query\": \"\"}}"
                },
                "title": "AWS Account Filter [Metricbeat AWS]",
                "uiStateJSON": "{}",
                "version": 1,
                "visState": "{\"aggs\": [], \"params\": {\"controls\": [{\"fieldName\": \"cloud.account.name\", \"id\": \"1549397251041\", \"indexPatternRefName\": \"control_0_index_pattern\", \"label\": \"account name\", \"options\": {\"dynamicOptions\": true, \"multiselect\": true, \"order\": \"desc\", \"size\": 5, \"type\": \"terms\"}, \"parent\": \"\", \"type\": \"list\"}], \"pinFilters\": false, \"updateFiltersOnChange\": true, \"useTimeFilter\": false}, \"title\": \"AWS Account Filter [Metricbeat AWS]\", \"type\": \"input_control_vis\"}"
            },
            "id": "deab0260-2981-11e9-86eb-a3a07a77f530",
            "migrationVersion": {
                "visualization": "7.3.1"
            },
            "references": [
                {
                    "id": "metricbeat-*",
                    "name": "control_0_index_pattern",
                    "type": "index-pattern"
                }
            ],
            "type": "visualization",
            "updated_at": "2019-12-02T18:50:52.450Z",
            "version": "WzU1MywyXQ=="
        },
        {
            "attributes": {
                "description": "",
                "kibanaSavedObjectMeta": {
                    "searchSourceJSON": "{\"filter\": [], \"query\": {\"language\": \"kuery\", \"query\": \"\"}}"
                },
                "title": "AWS Service Filter [Metricbeat AWS]",
                "uiStateJSON": "{}",
                "version": 1,
                "visState": "{\"aggs\": [], \"params\": {\"controls\": [{\"fieldName\": \"aws.dimensions.Service\", \"id\": \"1549397251041\", \"indexPatternRefName\": \"control_0_index_pattern\", \"label\": \"service name\", \"options\": {\"dynamicOptions\": true, \"multiselect\": true, \"order\": \"desc\", \"size\": 5, \"type\": \"terms\"}, \"parent\": \"\", \"type\": \"list\"}], \"pinFilters\": false, \"updateFiltersOnChange\": true, \"useTimeFilter\": false}, \"title\": \"AWS Service Filter [Metricbeat AWS]\", \"type\": \"input_control_vis\"}"
            },
            "id": "2929edb0-178e-11ea-8650-fb606deb5be4",
            "migrationVersion": {
                "visualization": "7.3.1"
            },
            "references": [
                {
                    "id": "metricbeat-*",
                    "name": "control_0_index_pattern",
                    "type": "index-pattern"
                }
            ],
            "type": "visualization",
            "updated_at": "2019-12-05T18:37:35.326Z",
            "version": "WzU5MSw0XQ=="
        },
        {
            "attributes": {
                "description": "",
                "kibanaSavedObjectMeta": {
                    "searchSourceJSON": "{\"filter\": [], \"query\": {\"language\": \"kuery\", \"query\": \"\"}}"
                },
                "title": "Usage Resource Count Per Service [Metricbeat AWS]",
                "uiStateJSON": "{}",
                "version": 1,
                "visState": "{\"aggs\": [], \"params\": {\"axis_formatter\": \"number\", \"axis_position\": \"left\", \"axis_scale\": \"normal\", \"default_index_pattern\": \"filebeat-*\", \"default_timefield\": \"@timestamp\", \"id\": \"61ca57f0-469d-11e7-af02-69e470af7417\", \"index_pattern\": \"metricbeat-*\", \"interval\": \"1m\", \"isModelInvalid\": false, \"series\": [{\"axis_position\": \"right\", \"chart_type\": \"line\", \"color\": \"#68BC00\", \"fill\": \"0\", \"filter\": {\"language\": \"kuery\", \"query\": \"aws.dimensions.Type : \\\"Resource\\\" \"}, \"formatter\": \"number\", \"id\": \"61ca57f1-469d-11e7-af02-69e470af7417\", \"label\": \"\", \"line_width\": \"2\", \"metrics\": [{\"field\": \"aws.usage.metrics.ResourceCount.sum\", \"id\": \"61ca57f2-469d-11e7-af02-69e470af7417\", \"type\": \"sum\"}], \"point_size\": \"4\", \"separate_axis\": 0, \"split_color_mode\": \"rainbow\", \"split_mode\": \"terms\", \"stacked\": \"none\", \"terms_field\": \"aws.dimensions.Service\", \"terms_order_by\": \"61ca57f2-469d-11e7-af02-69e470af7417\", \"type\": \"timeseries\"}], \"show_grid\": 1, \"show_legend\": 1, \"time_field\": \"@timestamp\", \"type\": \"timeseries\"}, \"title\": \"Usage Resource Count Per Service [Metricbeat AWS]\", \"type\": \"metrics\"}"
            },
            "id": "59e2e110-178d-11ea-8650-fb606deb5be4",
            "migrationVersion": {
                "visualization": "7.3.1"
            },
            "references": [],
            "type": "visualization",
            "updated_at": "2019-12-05T18:30:45.409Z",
            "version": "WzU4OCw0XQ=="
        },
        {
            "attributes": {
                "description": "",
                "kibanaSavedObjectMeta": {
                    "searchSourceJSON": "{\"filter\": [], \"query\": {\"language\": \"kuery\", \"query\": \"\"}}"
                },
                "title": "Usage Call Count Per Service [Metricbeat AWS]",
                "uiStateJSON": "{}",
                "version": 1,
                "visState": "{\"aggs\": [], \"params\": {\"axis_formatter\": \"number\", \"axis_position\": \"left\", \"axis_scale\": \"normal\", \"default_index_pattern\": \"filebeat-*\", \"default_timefield\": \"@timestamp\", \"id\": \"61ca57f0-469d-11e7-af02-69e470af7417\", \"index_pattern\": \"metricbeat-*\", \"interval\": \"1m\", \"isModelInvalid\": false, \"series\": [{\"axis_position\": \"right\", \"chart_type\": \"line\", \"color\": \"#68BC00\", \"fill\": \"0\", \"filter\": {\"language\": \"kuery\", \"query\": \"aws.dimensions.Type : \\\"API\\\"  \"}, \"formatter\": \"number\", \"id\": \"61ca57f1-469d-11e7-af02-69e470af7417\", \"label\": \"\", \"line_width\": \"2\", \"metrics\": [{\"field\": \"aws.usage.metrics.CallCount.sum\", \"id\": \"61ca57f2-469d-11e7-af02-69e470af7417\", \"type\": \"sum\"}], \"point_size\": \"4\", \"separate_axis\": 0, \"split_color_mode\": \"rainbow\", \"split_mode\": \"terms\", \"stacked\": \"none\", \"terms_field\": \"aws.dimensions.Service\", \"terms_order_by\": \"61ca57f2-469d-11e7-af02-69e470af7417\", \"type\": \"timeseries\"}], \"show_grid\": 1, \"show_legend\": 1, \"time_field\": \"@timestamp\", \"type\": \"timeseries\"}, \"title\": \"Usage Call Count Per Service [Metricbeat AWS]\", \"type\": \"metrics\"}"
            },
            "id": "75ebfda0-1789-11ea-8650-fb606deb5be4",
            "migrationVersion": {
                "visualization": "7.3.1"
            },
            "references": [],
            "type": "visualization",
            "updated_at": "2019-12-05T18:31:35.904Z",
            "version": "WzU4OSw0XQ=="
        }
    ],
    "version": "7.3.0"
}