{
    "objects": [
        {
            "attributes": {
                "description": "The dashboard presents metric data describing ActiveMQ queues. Metrics show statistics of exchanged messages, consumers, producers and memory usage.",
                "hits": 0,
                "kibanaSavedObjectMeta": {
                    "searchSourceJSON": "{\"filter\": [], \"query\": {\"language\": \"kuery\", \"query\": \"\"}}"
                },
                "optionsJSON": "{\"hidePanelTitles\": false, \"useMargins\": true}",
                "panelsJSON": "[{\"embeddableConfig\": {}, \"gridData\": {\"h\": 15, \"i\": \"446c6be8-61e2-4c9c-9bfa-8da8879db215\", \"w\": 24, \"x\": 0, \"y\": 0}, \"panelIndex\": \"446c6be8-61e2-4c9c-9bfa-8da8879db215\", \"panelRefName\": \"panel_0\", \"version\": \"7.4.0\"}, {\"embeddableConfig\": {}, \"gridData\": {\"h\": 15, \"i\": \"85158251-14d2-4100-9ce2-1eea4885adf6\", \"w\": 24, \"x\": 24, \"y\": 0}, \"panelIndex\": \"85158251-14d2-4100-9ce2-1eea4885adf6\", \"panelRefName\": \"panel_1\", \"version\": \"7.4.0\"}, {\"embeddableConfig\": {}, \"gridData\": {\"h\": 15, \"i\": \"e0104818-b373-4a20-990a-aa7558522e9e\", \"w\": 24, \"x\": 0, \"y\": 15}, \"panelIndex\": \"e0104818-b373-4a20-990a-aa7558522e9e\", \"panelRefName\": \"panel_2\", \"version\": \"7.4.0\"}, {\"embeddableConfig\": {}, \"gridData\": {\"h\": 15, \"i\": \"7b83ee6f-cd69-4748-80c5-305fdf49b9d0\", \"w\": 24, \"x\": 24, \"y\": 15}, \"panelIndex\": \"7b83ee6f-cd69-4748-80c5-305fdf49b9d0\", \"panelRefName\": \"panel_3\", \"version\": \"7.4.0\"}, {\"embeddableConfig\": {}, \"gridData\": {\"h\": 15, \"i\": \"b2cfe5e4-f220-480e-91fa-4088484eda17\", \"w\": 24, \"x\": 0, \"y\": 30}, \"panelIndex\": \"b2cfe5e4-f220-480e-91fa-4088484eda17\", \"panelRefName\": \"panel_4\", \"version\": \"7.4.0\"}, {\"embeddableConfig\": {}, \"gridData\": {\"h\": 15, \"i\": \"5f4b107c-94d0-4bdb-be30-b3cd26257658\", \"w\": 24, \"x\": 24, \"y\": 30}, \"panelIndex\": \"5f4b107c-94d0-4bdb-be30-b3cd26257658\", \"panelRefName\": \"panel_5\", \"version\": \"7.4.0\"}, {\"embeddableConfig\": {}, \"gridData\": {\"h\": 15, \"i\": \"b5a5ea30-c313-4c80-8e28-2894f292d779\", \"w\": 24, \"x\": 0, \"y\": 45}, \"panelIndex\": \"b5a5ea30-c313-4c80-8e28-2894f292d779\", \"panelRefName\": \"panel_6\", \"version\": \"7.4.0\"}, {\"embeddableConfig\": {}, \"gridData\": {\"h\": 15, \"i\": \"4a004976-426b-445e-9ecf-1f9964074523\", \"w\": 24, \"x\": 24, \"y\": 45}, \"panelIndex\": \"4a004976-426b-445e-9ecf-1f9964074523\", \"panelRefName\": \"panel_7\", \"version\": \"7.4.0\"}]",
                "timeRestore": false,
                "title": "[Metricbeat ActiveMQ] Queues Overview",
                "version": 1
            },
            "id": "a8160560-0bd0-11ea-81bb-cf244189d349",
            "migrationVersion": {
                "dashboard": "7.3.0"
            },
            "references": [
                {
                    "id": "ad2d4960-0bd4-11ea-81bb-cf244189d349",
                    "name": "panel_0",
                    "type": "visualization"
                },
                {
                    "id": "00e33010-0bd5-11ea-81bb-cf244189d349",
                    "name": "panel_1",
                    "type": "visualization"
                },
                {
                    "id": "4a93ef10-0bd5-11ea-81bb-cf244189d349",
                    "name": "panel_2",
                    "type": "visualization"
                },
                {
                    "id": "fab93e30-0bbd-11ea-81bb-cf244189d349",
                    "name": "panel_3",
                    "type": "visualization"
                },
                {
                    "id": "99f41030-0bd5-11ea-81bb-cf244189d349",
                    "name": "panel_4",
                    "type": "visualization"
                },
                {
                    "id": "55cc9840-0bd6-11ea-81bb-cf244189d349",
                    "name": "panel_5",
                    "type": "visualization"
                },
                {
                    "id": "8599cea0-0c2e-11ea-81bb-cf244189d349",
                    "name": "panel_6",
                    "type": "visualization"
                },
                {
                    "id": "a8ac8950-0c2e-11ea-81bb-cf244189d349",
                    "name": "panel_7",
                    "type": "visualization"
                }
            ],
            "type": "dashboard",
            "updated_at": "2019-11-21T13:34:09.899Z",
            "version": "WzQ0MiwxXQ=="
        },
        {
            "attributes": {
                "description": "",
                "kibanaSavedObjectMeta": {
                    "searchSourceJSON": "{\"filter\": [], \"query\": {\"language\": \"kuery\", \"query\": \"\"}}"
                },
                "title": "Queues Messages Dequeue [Metricbeat ActiveMQ]",
                "uiStateJSON": "{}",
                "version": 1,
                "visState": "{\"aggs\": [], \"params\": {\"axis_formatter\": \"number\", \"axis_min\": \"0\", \"axis_position\": \"left\", \"axis_scale\": \"normal\", \"default_index_pattern\": \"metricbeat-*\", \"default_timefield\": \"@timestamp\", \"id\": \"61ca57f0-469d-11e7-af02-69e470af7417\", \"index_pattern\": \"metricbeat-*\", \"interval\": \"\", \"isModelInvalid\": false, \"series\": [{\"axis_position\": \"right\", \"chart_type\": \"line\", \"color\": \"#68BC00\", \"fill\": 0.5, \"formatter\": \"number\", \"id\": \"61ca57f1-469d-11e7-af02-69e470af7417\", \"label\": \"Dequeue\", \"line_width\": 1, \"metrics\": [{\"field\": \"activemq.queue.messages.dequeue.count\", \"id\": \"61ca57f2-469d-11e7-af02-69e470af7417\", \"type\": \"max\"}, {\"field\": \"61ca57f2-469d-11e7-af02-69e470af7417\", \"id\": \"4f39bd50-0bbd-11ea-b87b-6d4c24968040\", \"type\": \"derivative\", \"unit\": \"\"}], \"point_size\": 1, \"separate_axis\": 0, \"split_mode\": \"terms\", \"stacked\": \"none\", \"terms_field\": \"activemq.queue.name\", \"terms_order_by\": \"61ca57f2-469d-11e7-af02-69e470af7417\", \"type\": \"timeseries\"}], \"show_grid\": 1, \"show_legend\": 1, \"time_field\": \"\", \"type\": \"timeseries\"}, \"title\": \"Queues Messages Dequeue [Metricbeat ActiveMQ]\", \"type\": \"metrics\"}"
            },
            "id": "ad2d4960-0bd4-11ea-81bb-cf244189d349",
            "migrationVersion": {
                "visualization": "7.3.1"
            },
            "references": [],
            "type": "visualization",
            "updated_at": "2019-11-21T13:34:09.899Z",
            "version": "WzQ0MywxXQ=="
        },
        {
            "attributes": {
                "description": "",
                "kibanaSavedObjectMeta": {
                    "searchSourceJSON": "{\"filter\": [], \"query\": {\"language\": \"kuery\", \"query\": \"\"}}"
                },
                "title": "Queues Messages Enqueue [Metricbeat ActiveMQ]",
                "uiStateJSON": "{}",
                "version": 1,
                "visState": "{\"aggs\": [], \"params\": {\"axis_formatter\": \"number\", \"axis_min\": \"0\", \"axis_position\": \"left\", \"axis_scale\": \"normal\", \"default_index_pattern\": \"metricbeat-*\", \"default_timefield\": \"@timestamp\", \"id\": \"61ca57f0-469d-11e7-af02-69e470af7417\", \"index_pattern\": \"metricbeat-*\", \"interval\": \"\", \"isModelInvalid\": false, \"series\": [{\"axis_position\": \"right\", \"chart_type\": \"line\", \"color\": \"rgba(115,216,255,1)\", \"fill\": 0.5, \"formatter\": \"number\", \"id\": \"61ca57f1-469d-11e7-af02-69e470af7417\", \"label\": \"Enqueue\", \"line_width\": 1, \"metrics\": [{\"field\": \"activemq.queue.messages.enqueue.count\", \"id\": \"61ca57f2-469d-11e7-af02-69e470af7417\", \"type\": \"max\"}, {\"field\": \"61ca57f2-469d-11e7-af02-69e470af7417\", \"id\": \"4f39bd50-0bbd-11ea-b87b-6d4c24968040\", \"type\": \"derivative\", \"unit\": \"\"}], \"point_size\": 1, \"separate_axis\": 0, \"split_mode\": \"terms\", \"stacked\": \"none\", \"terms_field\": \"activemq.queue.name\", \"terms_order_by\": \"61ca57f2-469d-11e7-af02-69e470af7417\", \"type\": \"timeseries\"}], \"show_grid\": 1, \"show_legend\": 1, \"time_field\": \"\", \"type\": \"timeseries\"}, \"title\": \"Queues Messages Enqueue [Metricbeat ActiveMQ]\", \"type\": \"metrics\"}"
            },
            "id": "00e33010-0bd5-11ea-81bb-cf244189d349",
            "migrationVersion": {
                "visualization": "7.3.1"
            },
            "references": [],
            "type": "visualization",
            "updated_at": "2019-11-21T13:34:09.899Z",
            "version": "WzQ0NCwxXQ=="
        },
        {
            "attributes": {
                "description": "",
                "kibanaSavedObjectMeta": {
                    "searchSourceJSON": "{\"filter\": [], \"query\": {\"language\": \"kuery\", \"query\": \"\"}}"
                },
                "title": "Queues Messages Dispatch [Metricbeat ActiveMQ]",
                "uiStateJSON": "{}",
                "version": 1,
                "visState": "{\"aggs\": [], \"params\": {\"axis_formatter\": \"number\", \"axis_min\": \"0\", \"axis_position\": \"left\", \"axis_scale\": \"normal\", \"default_index_pattern\": \"metricbeat-*\", \"default_timefield\": \"@timestamp\", \"id\": \"61ca57f0-469d-11e7-af02-69e470af7417\", \"index_pattern\": \"metricbeat-*\", \"interval\": \"\", \"isModelInvalid\": false, \"series\": [{\"axis_position\": \"right\", \"chart_type\": \"line\", \"color\": \"rgba(104,204,202,1)\", \"fill\": 0.5, \"formatter\": \"number\", \"id\": \"61ca57f1-469d-11e7-af02-69e470af7417\", \"label\": \"Dispatch\", \"line_width\": 1, \"metrics\": [{\"field\": \"activemq.queue.messages.dispatch.count\", \"id\": \"61ca57f2-469d-11e7-af02-69e470af7417\", \"type\": \"max\"}, {\"field\": \"61ca57f2-469d-11e7-af02-69e470af7417\", \"id\": \"4f39bd50-0bbd-11ea-b87b-6d4c24968040\", \"type\": \"derivative\", \"unit\": \"\"}], \"point_size\": 1, \"separate_axis\": 0, \"split_mode\": \"terms\", \"stacked\": \"none\", \"terms_field\": \"activemq.queue.name\", \"terms_order_by\": \"61ca57f2-469d-11e7-af02-69e470af7417\", \"type\": \"timeseries\"}], \"show_grid\": 1, \"show_legend\": 1, \"time_field\": \"\", \"type\": \"timeseries\"}, \"title\": \"Queues Messages Dispatch [Metricbeat ActiveMQ]\", \"type\": \"metrics\"}"
            },
            "id": "4a93ef10-0bd5-11ea-81bb-cf244189d349",
            "migrationVersion": {
                "visualization": "7.3.1"
            },
            "references": [],
            "type": "visualization",
            "updated_at": "2019-11-21T13:34:09.899Z",
            "version": "WzQ0NSwxXQ=="
        },
        {
            "attributes": {
                "description": "",
                "kibanaSavedObjectMeta": {
                    "searchSourceJSON": "{\"filter\": [], \"query\": {\"language\": \"kuery\", \"query\": \"\"}}"
                },
                "title": "Queues Messages Expired [Metricbeat ActiveMQ]",
                "uiStateJSON": "{}",
                "version": 1,
                "visState": "{\"aggs\": [], \"params\": {\"axis_formatter\": \"number\", \"axis_min\": \"0\", \"axis_position\": \"left\", \"axis_scale\": \"normal\", \"default_index_pattern\": \"metricbeat-*\", \"default_timefield\": \"@timestamp\", \"id\": \"61ca57f0-469d-11e7-af02-69e470af7417\", \"index_pattern\": \"metricbeat-*\", \"interval\": \"\", \"isModelInvalid\": false, \"series\": [{\"axis_position\": \"right\", \"chart_type\": \"line\", \"color\": \"rgba(174,161,255,1)\", \"fill\": 0.5, \"formatter\": \"number\", \"id\": \"61ca57f1-469d-11e7-af02-69e470af7417\", \"label\": \"Expired\", \"line_width\": 1, \"metrics\": [{\"field\": \"activemq.queue.messages.expired.count\", \"id\": \"61ca57f2-469d-11e7-af02-69e470af7417\", \"type\": \"max\"}, {\"field\": \"61ca57f2-469d-11e7-af02-69e470af7417\", \"id\": \"4f39bd50-0bbd-11ea-b87b-6d4c24968040\", \"type\": \"derivative\", \"unit\": \"\"}], \"point_size\": 1, \"separate_axis\": 0, \"split_mode\": \"terms\", \"stacked\": \"none\", \"terms_field\": \"activemq.queue.name\", \"terms_order_by\": \"61ca57f2-469d-11e7-af02-69e470af7417\", \"type\": \"timeseries\"}], \"show_grid\": 1, \"show_legend\": 1, \"time_field\": \"\", \"type\": \"timeseries\"}, \"title\": \"Queues Messages Expired [Metricbeat ActiveMQ]\", \"type\": \"metrics\"}"
            },
            "id": "fab93e30-0bbd-11ea-81bb-cf244189d349",
            "migrationVersion": {
                "visualization": "7.3.1"
            },
            "references": [],
            "type": "visualization",
            "updated_at": "2019-11-21T13:34:09.899Z",
            "version": "WzQ0NiwxXQ=="
        },
        {
            "attributes": {
                "description": "",
                "kibanaSavedObjectMeta": {
                    "searchSourceJSON": "{\"filter\": [], \"query\": {\"language\": \"kuery\", \"query\": \"\"}}"
                },
                "title": "Queues Messages In-flight [Metricbeat ActiveMQ]",
                "uiStateJSON": "{}",
                "version": 1,
                "visState": "{\"aggs\": [], \"params\": {\"axis_formatter\": \"number\", \"axis_min\": \"0\", \"axis_position\": \"left\", \"axis_scale\": \"normal\", \"default_index_pattern\": \"metricbeat-*\", \"default_timefield\": \"@timestamp\", \"id\": \"61ca57f0-469d-11e7-af02-69e470af7417\", \"index_pattern\": \"metricbeat-*\", \"interval\": \"\", \"isModelInvalid\": false, \"series\": [{\"axis_position\": \"right\", \"chart_type\": \"line\", \"color\": \"rgba(211,49,21,1)\", \"fill\": 0.5, \"formatter\": \"number\", \"id\": \"61ca57f1-469d-11e7-af02-69e470af7417\", \"label\": \"In-flight\", \"line_width\": 1, \"metrics\": [{\"field\": \"activemq.queue.messages.inflight.count\", \"id\": \"61ca57f2-469d-11e7-af02-69e470af7417\", \"type\": \"max\"}, {\"field\": \"61ca57f2-469d-11e7-af02-69e470af7417\", \"id\": \"4f39bd50-0bbd-11ea-b87b-6d4c24968040\", \"type\": \"derivative\", \"unit\": \"\"}], \"point_size\": 1, \"separate_axis\": 0, \"split_mode\": \"terms\", \"stacked\": \"none\", \"terms_field\": \"activemq.queue.name\", \"terms_order_by\": \"61ca57f2-469d-11e7-af02-69e470af7417\", \"type\": \"timeseries\"}], \"show_grid\": 1, \"show_legend\": 1, \"time_field\": \"\", \"type\": \"timeseries\"}, \"title\": \"Queues Messages In-flight [Metricbeat ActiveMQ]\", \"type\": \"metrics\"}"
            },
            "id": "99f41030-0bd5-11ea-81bb-cf244189d349",
            "migrationVersion": {
                "visualization": "7.3.1"
            },
            "references": [],
            "type": "visualization",
            "updated_at": "2019-11-21T13:34:09.899Z",
            "version": "WzQ0NywxXQ=="
        },
        {
            "attributes": {
                "description": "",
                "kibanaSavedObjectMeta": {
                    "searchSourceJSON": "{\"filter\": [], \"query\": {\"language\": \"kuery\", \"query\": \"\"}}"
                },
                "title": "Queues Messages Enqueue Time [Metricbeat ActiveMQ]",
                "uiStateJSON": "{}",
                "version": 1,
                "visState": "{\"aggs\": [], \"params\": {\"axis_formatter\": \"number\", \"axis_min\": \"0\", \"axis_position\": \"left\", \"axis_scale\": \"normal\", \"default_index_pattern\": \"metricbeat-*\", \"default_timefield\": \"@timestamp\", \"id\": \"61ca57f0-469d-11e7-af02-69e470af7417\", \"index_pattern\": \"metricbeat-*\", \"interval\": \"\", \"isModelInvalid\": false, \"series\": [{\"axis_position\": \"right\", \"chart_type\": \"line\", \"color\": \"rgba(226,115,0,1)\", \"fill\": 0.5, \"formatter\": \"ms,ms,\", \"id\": \"61ca57f1-469d-11e7-af02-69e470af7417\", \"label\": \"Equeue\", \"line_width\": 1, \"metrics\": [{\"field\": \"activemq.queue.messages.enqueue.time.avg\", \"id\": \"61ca57f2-469d-11e7-af02-69e470af7417\", \"type\": \"avg\"}], \"point_size\": 1, \"separate_axis\": 0, \"split_mode\": \"terms\", \"stacked\": \"none\", \"terms_field\": \"activemq.queue.name\", \"terms_order_by\": \"61ca57f2-469d-11e7-af02-69e470af7417\", \"type\": \"timeseries\"}], \"show_grid\": 1, \"show_legend\": 1, \"time_field\": \"\", \"type\": \"timeseries\"}, \"title\": \"Queues Messages Enqueue Time [Metricbeat ActiveMQ]\", \"type\": \"metrics\"}"
            },
            "id": "55cc9840-0bd6-11ea-81bb-cf244189d349",
            "migrationVersion": {
                "visualization": "7.3.1"
            },
            "references": [],
            "type": "visualization",
            "updated_at": "2019-11-22T12:43:58.984Z",
            "version": "WzUzMCwyXQ=="
        },
        {
            "attributes": {
                "description": "",
                "kibanaSavedObjectMeta": {
                    "searchSourceJSON": "{\"filter\": [], \"query\": {\"language\": \"kuery\", \"query\": \"\"}}"
                },
                "title": "Queues Consumers [Metricbeat ActiveMQ]",
                "uiStateJSON": "{}",
                "version": 1,
                "visState": "{\"aggs\": [], \"params\": {\"axis_formatter\": \"number\", \"axis_min\": \"0\", \"axis_position\": \"left\", \"axis_scale\": \"normal\", \"default_index_pattern\": \"metricbeat-*\", \"default_timefield\": \"@timestamp\", \"id\": \"61ca57f0-469d-11e7-af02-69e470af7417\", \"index_pattern\": \"metricbeat-*\", \"interval\": \"\", \"isModelInvalid\": false, \"series\": [{\"axis_position\": \"right\", \"chart_type\": \"line\", \"color\": \"rgba(104,188,0,1)\", \"fill\": 0.5, \"formatter\": \"number\", \"id\": \"61ca57f1-469d-11e7-af02-69e470af7417\", \"label\": \"Consumers\", \"line_width\": 1, \"metrics\": [{\"field\": \"activemq.queue.consumers.count\", \"id\": \"61ca57f2-469d-11e7-af02-69e470af7417\", \"type\": \"max\"}], \"point_size\": 1, \"separate_axis\": 0, \"split_mode\": \"terms\", \"stacked\": \"none\", \"terms_field\": \"activemq.queue.name\", \"terms_order_by\": \"61ca57f2-469d-11e7-af02-69e470af7417\", \"type\": \"timeseries\"}], \"show_grid\": 1, \"show_legend\": 1, \"time_field\": \"\", \"type\": \"timeseries\"}, \"title\": \"Queues Consumers [Metricbeat ActiveMQ]\", \"type\": \"metrics\"}"
            },
            "id": "8599cea0-0c2e-11ea-81bb-cf244189d349",
            "migrationVersion": {
                "visualization": "7.3.1"
            },
            "references": [],
            "type": "visualization",
            "updated_at": "2019-11-21T13:34:09.899Z",
            "version": "WzQ0OSwxXQ=="
        },
        {
            "attributes": {
                "description": "",
                "kibanaSavedObjectMeta": {
                    "searchSourceJSON": "{\"filter\": [], \"query\": {\"language\": \"kuery\", \"query\": \"\"}}"
                },
                "title": "Queues Producers [Metricbeat ActiveMQ]",
                "uiStateJSON": "{}",
                "version": 1,
                "visState": "{\"aggs\": [], \"params\": {\"axis_formatter\": \"number\", \"axis_min\": \"0\", \"axis_position\": \"left\", \"axis_scale\": \"normal\", \"default_index_pattern\": \"metricbeat-*\", \"default_timefield\": \"@timestamp\", \"id\": \"61ca57f0-469d-11e7-af02-69e470af7417\", \"index_pattern\": \"metricbeat-*\", \"interval\": \"\", \"isModelInvalid\": false, \"series\": [{\"axis_position\": \"right\", \"chart_type\": \"line\", \"color\": \"rgba(0,156,224,1)\", \"fill\": 0.5, \"formatter\": \"number\", \"id\": \"61ca57f1-469d-11e7-af02-69e470af7417\", \"label\": \"Producers\", \"line_width\": 1, \"metrics\": [{\"field\": \"activemq.queue.producers.count\", \"id\": \"61ca57f2-469d-11e7-af02-69e470af7417\", \"type\": \"max\"}], \"point_size\": 1, \"separate_axis\": 0, \"split_mode\": \"terms\", \"stacked\": \"none\", \"terms_field\": \"activemq.queue.name\", \"terms_order_by\": \"61ca57f2-469d-11e7-af02-69e470af7417\", \"type\": \"timeseries\"}], \"show_grid\": 1, \"show_legend\": 1, \"time_field\": \"\", \"type\": \"timeseries\"}, \"title\": \"Queues Producers [Metricbeat ActiveMQ]\", \"type\": \"metrics\"}"
            },
            "id": "a8ac8950-0c2e-11ea-81bb-cf244189d349",
            "migrationVersion": {
                "visualization": "7.3.1"
            },
            "references": [],
            "type": "visualization",
            "updated_at": "2019-11-21T13:34:09.899Z",
            "version": "WzQ1MCwxXQ=="
        }
    ],
    "version": "7.4.0"
}