{
    "objects": [
        {
            "attributes": {
                "description": "Overview of services on an individual host.",
                "hits": 0,
                "kibanaSavedObjectMeta": {
                    "searchSourceJSON": "{\"filter\": [], \"query\": {\"language\": \"kuery\", \"query\": \"\"}}"
                },
                "optionsJSON": "{\"hidePanelTitles\": false, \"useMargins\": true}",
                "panelsJSON": "[{\"embeddableConfig\": {\"title\": \"Running Services\"}, \"gridData\": {\"h\": 11, \"i\": \"023b7623-9610-47ee-a10c-64ee8d2ccfa1\", \"w\": 14, \"x\": 0, \"y\": 0}, \"panelIndex\": \"023b7623-9610-47ee-a10c-64ee8d2ccfa1\", \"panelRefName\": \"panel_0\", \"title\": \"Running Services\", \"version\": \"7.4.0\"}, {\"embeddableConfig\": {\"title\": \"Service States\"}, \"gridData\": {\"h\": 11, \"i\": \"40ebab84-f48f-4060-a7af-3ffdf833ad3a\", \"w\": 12, \"x\": 14, \"y\": 0}, \"panelIndex\": \"40ebab84-f48f-4060-a7af-3ffdf833ad3a\", \"panelRefName\": \"panel_1\", \"title\": \"Service States\", \"version\": \"7.4.0\"}, {\"embeddableConfig\": {\"title\": \"Service Sub-State\"}, \"gridData\": {\"h\": 11, \"i\": \"0ad1caa8-2a3f-4429-9631-42d1c57a9e64\", \"w\": 12, \"x\": 26, \"y\": 0}, \"panelIndex\": \"0ad1caa8-2a3f-4429-9631-42d1c57a9e64\", \"panelRefName\": \"panel_2\", \"title\": \"Service Sub-State\", \"version\": \"7.4.0\"}, {\"embeddableConfig\": {\"title\": \"Return Codes Of Exited Services\"}, \"gridData\": {\"h\": 11, \"i\": \"9e37921b-da6f-464d-9683-5c9bd550640b\", \"w\": 10, \"x\": 38, \"y\": 0}, \"panelIndex\": \"9e37921b-da6f-464d-9683-5c9bd550640b\", \"panelRefName\": \"panel_3\", \"title\": \"Return Codes Of Exited Services\", \"version\": \"7.4.0\"}, {\"embeddableConfig\": {\"title\": \"Top Services By Memory Usage\"}, \"gridData\": {\"h\": 11, \"i\": \"e3ec1fe3-a03a-466e-8bc2-69136e3e6302\", \"w\": 24, \"x\": 0, \"y\": 11}, \"panelIndex\": \"e3ec1fe3-a03a-466e-8bc2-69136e3e6302\", \"panelRefName\": \"panel_4\", \"title\": \"Top Services By Memory Usage\", \"version\": \"7.4.0\"}, {\"embeddableConfig\": {\"title\": \"Top Services By Task Count\"}, \"gridData\": {\"h\": 11, \"i\": \"cc928f52-22c9-402d-a7a1-4f32720a4290\", \"w\": 24, \"x\": 24, \"y\": 11}, \"panelIndex\": \"cc928f52-22c9-402d-a7a1-4f32720a4290\", \"panelRefName\": \"panel_5\", \"title\": \"Top Services By Task Count\", \"version\": \"7.4.0\"}, {\"embeddableConfig\": {\"title\": \"Service Memory Use Over Time\"}, \"gridData\": {\"h\": 14, \"i\": \"c83f16cd-286f-411b-bae9-bade176a8db2\", \"w\": 48, \"x\": 0, \"y\": 22}, \"panelIndex\": \"c83f16cd-286f-411b-bae9-bade176a8db2\", \"panelRefName\": \"panel_6\", \"title\": \"Service Memory Use Over Time\", \"version\": \"7.4.0\"}]",
                "timeRestore": false,
                "title": "[Metricbeat System] Host Services Overview",
                "version": 1
            },
            "id": "c431f410-f9ac-11e9-90e8-1fb18e796788",
            "migrationVersion": {
                "dashboard": "7.3.0"
            },
            "references": [
                {
                    "id": "a30871f0-f98f-11e9-90e8-1fb18e796788",
                    "name": "panel_0",
                    "type": "visualization"
                },
                {
                    "id": "bb3a8720-f991-11e9-90e8-1fb18e796788",
                    "name": "panel_1",
                    "type": "visualization"
                },
                {
                    "id": "e6e639e0-f992-11e9-90e8-1fb18e796788",
                    "name": "panel_2",
                    "type": "visualization"
                },
                {
                    "id": "9c69cad0-f9b0-11e9-90e8-1fb18e796788",
                    "name": "panel_3",
                    "type": "visualization"
                },
                {
                    "id": "8c071e20-f999-11e9-90e8-1fb18e796788",
                    "name": "panel_4",
                    "type": "visualization"
                },
                {
                    "id": "4b254630-f998-11e9-90e8-1fb18e796788",
                    "name": "panel_5",
                    "type": "visualization"
                },
                {
                    "id": "d3f51850-f9b6-11e9-90e8-1fb18e796788",
                    "name": "panel_6",
                    "type": "visualization"
                }
            ],
            "type": "dashboard",
            "updated_at": "2019-10-31T14:21:04.680Z",
            "version": "WzE0NjksMV0="
        },
        {
            "attributes": {
                "description": "",
                "kibanaSavedObjectMeta": {
                    "searchSourceJSON": "{\"filter\": [], \"indexRefName\": \"kibanaSavedObjectMeta.searchSourceJSON.index\", \"query\": {\"language\": \"kuery\", \"query\": \"\"}}"
                },
                "title": "Running Services [Metricbeat System]",
                "uiStateJSON": "{}",
                "version": 1,
                "visState": "{\"aggs\": [{\"enabled\": true, \"id\": \"1\", \"params\": {\"customLabel\": \"Running Services [Metricbeat Services]\", \"field\": \"system.service.name\"}, \"schema\": \"metric\", \"type\": \"cardinality\"}], \"params\": {\"addLegend\": false, \"addTooltip\": true, \"dimensions\": {\"metrics\": [{\"accessor\": 0, \"format\": {\"id\": \"number\", \"params\": {}}, \"type\": \"vis_dimension\"}]}, \"metric\": {\"colorSchema\": \"Green to Red\", \"colorsRange\": [{\"from\": 0, \"to\": 10000, \"type\": \"range\"}], \"invertColors\": false, \"labels\": {\"show\": true}, \"metricColorMode\": \"None\", \"percentageMode\": false, \"style\": {\"bgColor\": false, \"bgFill\": \"#000\", \"fontSize\": 60, \"labelColor\": false, \"subText\": \"\"}, \"useRanges\": false}, \"type\": \"metric\"}, \"title\": \"Running Services [Metricbeat System]\", \"type\": \"metric\"}"
            },
            "id": "a30871f0-f98f-11e9-90e8-1fb18e796788",
            "migrationVersion": {
                "visualization": "7.3.1"
            },
            "references": [
                {
                    "id": "metricbeat-*",
                    "name": "kibanaSavedObjectMeta.searchSourceJSON.index",
                    "type": "index-pattern"
                }
            ],
            "type": "visualization",
            "updated_at": "2019-10-31T13:35:51.219Z",
            "version": "WzE0NTAsMV0="
        },
        {
            "attributes": {
                "description": "",
                "kibanaSavedObjectMeta": {
                    "searchSourceJSON": "{\"filter\": [], \"indexRefName\": \"kibanaSavedObjectMeta.searchSourceJSON.index\", \"query\": {\"language\": \"kuery\", \"query\": \"\"}}"
                },
                "title": "Service States [Metricbeat System]",
                "uiStateJSON": "{}",
                "version": 1,
                "visState": "{\"aggs\": [{\"enabled\": true, \"id\": \"1\", \"params\": {\"customLabel\": \"Service States [Metricbeat Services]\"}, \"schema\": \"metric\", \"type\": \"count\"}, {\"enabled\": true, \"id\": \"2\", \"params\": {\"field\": \"system.service.state\", \"missingBucket\": false, \"missingBucketLabel\": \"Missing\", \"order\": \"desc\", \"orderBy\": \"1\", \"otherBucket\": false, \"otherBucketLabel\": \"Other\", \"size\": 5}, \"schema\": \"segment\", \"type\": \"terms\"}], \"params\": {\"addLegend\": true, \"addTooltip\": true, \"dimensions\": {\"buckets\": [{\"accessor\": 0, \"aggType\": \"terms\", \"format\": {\"id\": \"terms\", \"params\": {\"id\": \"string\", \"missingBucketLabel\": \"Missing\", \"otherBucketLabel\": \"Other\"}}, \"params\": {}}], \"metric\": {\"accessor\": 1, \"aggType\": \"count\", \"format\": {\"id\": \"number\"}, \"params\": {}}}, \"isDonut\": true, \"labels\": {\"last_level\": true, \"show\": false, \"truncate\": 100, \"values\": true}, \"legendPosition\": \"right\", \"type\": \"pie\"}, \"title\": \"Service States [Metricbeat System]\", \"type\": \"pie\"}"
            },
            "id": "bb3a8720-f991-11e9-90e8-1fb18e796788",
            "migrationVersion": {
                "visualization": "7.3.1"
            },
            "references": [
                {
                    "id": "metricbeat-*",
                    "name": "kibanaSavedObjectMeta.searchSourceJSON.index",
                    "type": "index-pattern"
                }
            ],
            "type": "visualization",
            "updated_at": "2019-10-31T13:38:51.526Z",
            "version": "WzE0NTIsMV0="
        },
        {
            "attributes": {
                "description": "",
                "kibanaSavedObjectMeta": {
                    "searchSourceJSON": "{\"filter\": [], \"indexRefName\": \"kibanaSavedObjectMeta.searchSourceJSON.index\", \"query\": {\"language\": \"kuery\", \"query\": \"\"}}"
                },
                "title": "Service Sub-State [Metricbeat System]",
                "uiStateJSON": "{}",
                "version": 1,
                "visState": "{\"aggs\": [{\"enabled\": true, \"id\": \"1\", \"params\": {\"customLabel\": \"Service Sub-State [Metricbeat Services]\"}, \"schema\": \"metric\", \"type\": \"count\"}, {\"enabled\": true, \"id\": \"2\", \"params\": {\"field\": \"system.service.sub_state\", \"missingBucket\": false, \"missingBucketLabel\": \"Missing\", \"order\": \"desc\", \"orderBy\": \"1\", \"otherBucket\": false, \"otherBucketLabel\": \"Other\", \"size\": 5}, \"schema\": \"segment\", \"type\": \"terms\"}], \"params\": {\"addLegend\": true, \"addTooltip\": true, \"dimensions\": {\"buckets\": [{\"accessor\": 0, \"aggType\": \"terms\", \"format\": {\"id\": \"terms\", \"params\": {\"id\": \"string\", \"missingBucketLabel\": \"Missing\", \"otherBucketLabel\": \"Other\"}}, \"params\": {}}], \"metric\": {\"accessor\": 1, \"aggType\": \"count\", \"format\": {\"id\": \"number\"}, \"params\": {}}}, \"isDonut\": true, \"labels\": {\"last_level\": true, \"show\": false, \"truncate\": 100, \"values\": true}, \"legendPosition\": \"right\", \"type\": \"pie\"}, \"title\": \"Service Sub-State [Metricbeat System]\", \"type\": \"pie\"}"
            },
            "id": "e6e639e0-f992-11e9-90e8-1fb18e796788",
            "migrationVersion": {
                "visualization": "7.3.1"
            },
            "references": [
                {
                    "id": "metricbeat-*",
                    "name": "kibanaSavedObjectMeta.searchSourceJSON.index",
                    "type": "index-pattern"
                }
            ],
            "type": "visualization",
            "updated_at": "2019-10-31T13:40:09.336Z",
            "version": "WzE0NTQsMV0="
        },
        {
            "attributes": {
                "description": "",
                "kibanaSavedObjectMeta": {
                    "searchSourceJSON": "{\"filter\": [{\"$state\": {\"store\": \"appState\"}, \"meta\": {\"alias\": null, \"disabled\": false, \"indexRefName\": \"kibanaSavedObjectMeta.searchSourceJSON.filter[0].meta.index\", \"key\": \"metricset.name\", \"negate\": false, \"params\": {\"query\": \"service\"}, \"type\": \"phrase\", \"value\": \"service\"}, \"query\": {\"match\": {\"metricset.name\": {\"query\": \"service\", \"type\": \"phrase\"}}}}], \"indexRefName\": \"kibanaSavedObjectMeta.searchSourceJSON.index\", \"query\": {\"language\": \"kuery\", \"query\": \"\"}}"
                },
                "title": "Return Codes Of Exited Services [Metricbeat System]",
                "uiStateJSON": "{}",
                "version": 1,
                "visState": "{\"aggs\": [{\"enabled\": true, \"id\": \"1\", \"params\": {\"customLabel\": \"Return Codes Of Exited Services [Metricbeat Services]\"}, \"schema\": \"metric\", \"type\": \"count\"}, {\"enabled\": true, \"id\": \"2\", \"params\": {\"field\": \"process.exit_code\", \"missingBucket\": false, \"missingBucketLabel\": \"Missing\", \"order\": \"desc\", \"orderBy\": \"1\", \"otherBucket\": false, \"otherBucketLabel\": \"Other\", \"size\": 5}, \"schema\": \"segment\", \"type\": \"terms\"}], \"params\": {\"addLegend\": true, \"addTooltip\": true, \"dimensions\": {\"buckets\": [{\"accessor\": 0, \"aggType\": \"terms\", \"format\": {\"id\": \"terms\", \"params\": {\"id\": \"number\", \"missingBucketLabel\": \"Missing\", \"otherBucketLabel\": \"Other\"}}, \"params\": {}}], \"metric\": {\"accessor\": 1, \"aggType\": \"count\", \"format\": {\"id\": \"number\"}, \"params\": {}}}, \"isDonut\": true, \"labels\": {\"last_level\": true, \"show\": false, \"truncate\": 100, \"values\": true}, \"legendPosition\": \"right\", \"type\": \"pie\"}, \"title\": \"Return Codes Of Exited Services [Metricbeat System]\", \"type\": \"pie\"}"
            },
            "id": "9c69cad0-f9b0-11e9-90e8-1fb18e796788",
            "migrationVersion": {
                "visualization": "7.3.1"
            },
            "references": [
                {
                    "id": "metricbeat-*",
                    "name": "kibanaSavedObjectMeta.searchSourceJSON.index",
                    "type": "index-pattern"
                },
                {
                    "id": "metricbeat-*",
                    "name": "kibanaSavedObjectMeta.searchSourceJSON.filter[0].meta.index",
                    "type": "index-pattern"
                }
            ],
            "type": "visualization",
            "updated_at": "2019-10-31T14:03:44.126Z",
            "version": "WzE0NjEsMV0="
        },
        {
            "attributes": {
                "description": "",
                "kibanaSavedObjectMeta": {
                    "searchSourceJSON": "{\"filter\": [], \"query\": {\"language\": \"kuery\", \"query\": \"\"}}"
                },
                "title": "Top Services By Memory Usage [Metricbeat System]",
                "uiStateJSON": "{}",
                "version": 1,
                "visState": "{\"aggs\": [], \"params\": {\"axis_formatter\": \"number\", \"axis_position\": \"left\", \"axis_scale\": \"normal\", \"bar_color_rules\": [{\"id\": \"5af08c50-f998-11e9-ac67-272468589910\"}], \"default_index_pattern\": \"metricbeat-*\", \"default_timefield\": \"@timestamp\", \"id\": \"61ca57f0-469d-11e7-af02-69e470af7417\", \"index_pattern\": \"metricbeat-*\", \"interval\": \"\", \"isModelInvalid\": false, \"series\": [{\"axis_position\": \"right\", \"chart_type\": \"line\", \"color\": \"#68BC00\", \"fill\": 0.5, \"formatter\": \"bytes\", \"id\": \"61ca57f1-469d-11e7-af02-69e470af7417\", \"line_width\": 1, \"metrics\": [{\"field\": \"system.service.resources.memory.usage.bytes\", \"id\": \"61ca57f2-469d-11e7-af02-69e470af7417\", \"type\": \"avg\"}], \"point_size\": 1, \"separate_axis\": 0, \"split_mode\": \"terms\", \"stacked\": \"none\", \"terms_field\": \"system.service.name\", \"terms_order_by\": \"61ca57f2-469d-11e7-af02-69e470af7417\"}], \"show_grid\": 1, \"show_legend\": 1, \"time_field\": \"\", \"type\": \"top_n\"}, \"title\": \"Top Services By Memory Usage [Metricbeat System]\", \"type\": \"metrics\"}"
            },
            "id": "8c071e20-f999-11e9-90e8-1fb18e796788",
            "migrationVersion": {
                "visualization": "7.3.1"
            },
            "references": [],
            "type": "visualization",
            "updated_at": "2019-10-31T14:11:44.048Z",
            "version": "WzE0NjMsMV0="
        },
        {
            "attributes": {
                "description": "",
                "kibanaSavedObjectMeta": {
                    "searchSourceJSON": "{\"filter\": [], \"query\": {\"language\": \"kuery\", \"query\": \"\"}}"
                },
                "title": "Top Services By Task Count [Metricbeat System]",
                "uiStateJSON": "{}",
                "version": 1,
                "visState": "{\"aggs\": [], \"params\": {\"axis_formatter\": \"number\", \"axis_position\": \"left\", \"axis_scale\": \"normal\", \"bar_color_rules\": [{\"id\": \"3aeae000-f997-11e9-ac67-272468589910\"}], \"default_index_pattern\": \"metricbeat-*\", \"default_timefield\": \"@timestamp\", \"id\": \"61ca57f0-469d-11e7-af02-69e470af7417\", \"index_pattern\": \"metricbeat-*\", \"interval\": \"\", \"isModelInvalid\": false, \"series\": [{\"axis_position\": \"right\", \"chart_type\": \"line\", \"color\": \"#68BC00\", \"fill\": 0.5, \"formatter\": \"number\", \"hidden\": false, \"id\": \"61ca57f1-469d-11e7-af02-69e470af7417\", \"label\": \"\", \"line_width\": 1, \"metrics\": [{\"field\": \"system.service.resources.tasks.count\", \"id\": \"61ca57f2-469d-11e7-af02-69e470af7417\", \"type\": \"avg\"}], \"point_size\": 1, \"separate_axis\": 0, \"split_mode\": \"terms\", \"stacked\": \"none\", \"terms_field\": \"system.service.name\", \"terms_order_by\": \"61ca57f2-469d-11e7-af02-69e470af7417\"}], \"show_grid\": 1, \"show_legend\": 1, \"time_field\": \"\", \"type\": \"top_n\"}, \"title\": \"Top Services By Task Count [Metricbeat System]\", \"type\": \"metrics\"}"
            },
            "id": "4b254630-f998-11e9-90e8-1fb18e796788",
            "migrationVersion": {
                "visualization": "7.3.1"
            },
            "references": [],
            "type": "visualization",
            "updated_at": "2019-10-31T14:14:42.665Z",
            "version": "WzE0NjUsMV0="
        },
        {
            "attributes": {
                "description": "",
                "kibanaSavedObjectMeta": {
                    "searchSourceJSON": "{\"filter\": [], \"query\": {\"language\": \"kuery\", \"query\": \"\"}}"
                },
                "title": "Service Memory Use Over Time [Metricbeat System]",
                "uiStateJSON": "{}",
                "version": 1,
                "visState": "{\"aggs\": [], \"params\": {\"axis_formatter\": \"number\", \"axis_position\": \"left\", \"axis_scale\": \"normal\", \"default_index_pattern\": \"metricbeat-*\", \"default_timefield\": \"@timestamp\", \"id\": \"61ca57f0-469d-11e7-af02-69e470af7417\", \"index_pattern\": \"metricbeat-*\", \"interval\": \"\", \"isModelInvalid\": false, \"series\": [{\"axis_position\": \"right\", \"chart_type\": \"line\", \"color\": \"rgba(244,78,59,1)\", \"fill\": \"0\", \"formatter\": \"bytes\", \"id\": \"61ca57f1-469d-11e7-af02-69e470af7417\", \"label\": \"\", \"line_width\": 1, \"metrics\": [{\"field\": \"system.service.resources.memory.usage.bytes\", \"id\": \"61ca57f2-469d-11e7-af02-69e470af7417\", \"type\": \"avg\"}], \"point_size\": 1, \"separate_axis\": 0, \"split_color_mode\": \"rainbow\", \"split_mode\": \"terms\", \"stacked\": \"none\", \"terms_field\": \"system.service.name\", \"terms_order_by\": \"61ca57f2-469d-11e7-af02-69e470af7417\", \"terms_size\": \"5\", \"type\": \"timeseries\"}], \"show_grid\": 1, \"show_legend\": 1, \"time_field\": \"\", \"type\": \"timeseries\"}, \"title\": \"Service Memory Use Over Time [Metricbeat System]\", \"type\": \"metrics\"}"
            },
            "id": "d3f51850-f9b6-11e9-90e8-1fb18e796788",
            "migrationVersion": {
                "visualization": "7.3.1"
            },
            "references": [],
            "type": "visualization",
            "updated_at": "2019-10-31T14:18:54.802Z",
            "version": "WzE0NjcsMV0="
        }
    ],
    "version": "7.4.0"
}