{
    "objects": [
        {
            "attributes": {
                "description": "",
                "kibanaSavedObjectMeta": {
                    "searchSourceJSON": "{\"filter\": [], \"query\": {\"language\": \"kuery\", \"query\": \"\"}}"
                },
                "title": "Recovery size of transaction log [Metricbeat MSSQL] ECS",
                "uiStateJSON": "{}",
                "version": 1,
                "visState": "{\"aggs\": [], \"params\": {\"axis_formatter\": \"number\", \"axis_position\": \"left\", \"axis_scale\": \"normal\", \"id\": \"61ca57f0-469d-11e7-af02-69e470af7417\", \"index_pattern\": \"metricbeat-*\", \"interval\": \"auto\", \"series\": [{\"axis_position\": \"right\", \"chart_type\": \"line\", \"color\": \"#68BC00\", \"fill\": 0.5, \"formatter\": \"bytes\", \"id\": \"61ca57f1-469d-11e7-af02-69e470af7417\", \"label\": \"Recovery size of transaction log\", \"line_width\": 1, \"metrics\": [{\"field\": \"mssql.transaction_log.stats.recovery_size.bytes\", \"id\": \"61ca57f2-469d-11e7-af02-69e470af7417\", \"type\": \"avg\"}], \"point_size\": 1, \"separate_axis\": 0, \"split_filters\": [{\"color\": \"#68BC00\", \"id\": \"de4cb6c0-1fb2-11e9-9c8a-cb3f85dff2a3\"}], \"split_mode\": \"terms\", \"stacked\": \"none\", \"terms_field\": \"mssql.database.name\"}], \"show_grid\": 1, \"show_legend\": 1, \"time_field\": \"@timestamp\", \"type\": \"timeseries\"}, \"title\": \"Recovery size of transaction log [Metricbeat MSSQL] ECS\", \"type\": \"metrics\"}"
            },
            "id": "e9654a40-1fb2-11e9-8a4d-eb34d2834f6b-ecs",
            "migrationVersion": {
                "visualization": "7.0.0"
            },
            "type": "visualization",
            "updated_at": "2019-02-01T10:13:18.406Z",
            "version": 1
        },
        {
            "attributes": {
                "description": "",
                "kibanaSavedObjectMeta": {
                    "searchSourceJSON": "{\"filter\": [], \"query\": {\"language\": \"kuery\", \"query\": \"\"}}"
                },
                "title": "Transaction log size since last checkpoint [Metricbeat MSSQL] ECS",
                "uiStateJSON": "{}",
                "version": 1,
                "visState": "{\"aggs\": [], \"params\": {\"axis_formatter\": \"number\", \"axis_position\": \"left\", \"axis_scale\": \"normal\", \"id\": \"61ca57f0-469d-11e7-af02-69e470af7417\", \"index_pattern\": \"metricbeat-*\", \"interval\": \"auto\", \"series\": [{\"axis_position\": \"right\", \"chart_type\": \"line\", \"color\": \"#68BC00\", \"fill\": 0.5, \"formatter\": \"bytes\", \"id\": \"61ca57f1-469d-11e7-af02-69e470af7417\", \"label\": \"Transaction log size since last checkpoint\", \"line_width\": 1, \"metrics\": [{\"field\": \"mssql.transaction_log.stats.since_last_checkpoint.bytes\", \"id\": \"61ca57f2-469d-11e7-af02-69e470af7417\", \"type\": \"avg\"}], \"point_size\": 1, \"separate_axis\": 0, \"split_mode\": \"terms\", \"stacked\": \"none\", \"terms_field\": \"mssql.database.name\"}], \"show_grid\": 1, \"show_legend\": 1, \"time_field\": \"@timestamp\", \"type\": \"timeseries\"}, \"title\": \"Transaction log size since last checkpoint [Metricbeat MSSQL] ECS\", \"type\": \"metrics\"}"
            },
            "id": "1757d530-1fb3-11e9-8a4d-eb34d2834f6b-ecs",
            "migrationVersion": {
                "visualization": "7.0.0"
            },
            "type": "visualization",
            "updated_at": "2019-02-01T10:13:18.406Z",
            "version": 1
        },
        {
            "attributes": {
                "description": "",
                "kibanaSavedObjectMeta": {
                    "searchSourceJSON": "{\"filter\": [], \"query\": {\"language\": \"kuery\", \"query\": \"\"}}"
                },
                "title": "Percentage of used space of transaction log [Metricbeat MSSQL] ECS",
                "uiStateJSON": "{}",
                "version": 1,
                "visState": "{\"aggs\": [], \"params\": {\"axis_formatter\": \"number\", \"axis_position\": \"left\", \"axis_scale\": \"normal\", \"id\": \"61ca57f0-469d-11e7-af02-69e470af7417\", \"index_pattern\": \"metricbeat-*\", \"interval\": \"auto\", \"series\": [{\"axis_position\": \"right\", \"chart_type\": \"line\", \"color\": \"#68BC00\", \"fill\": 0.5, \"formatter\": \"percent\", \"id\": \"61ca57f1-469d-11e7-af02-69e470af7417\", \"label\": \"Percentage of used space of transaction log\", \"line_width\": 1, \"metrics\": [{\"field\": \"mssql.transaction_log.space_usage.used.pct\", \"id\": \"61ca57f2-469d-11e7-af02-69e470af7417\", \"type\": \"avg\"}], \"point_size\": 1, \"separate_axis\": 0, \"split_mode\": \"terms\", \"stacked\": \"percent\", \"terms_field\": \"mssql.database.name\"}], \"show_grid\": 1, \"show_legend\": 1, \"time_field\": \"@timestamp\", \"type\": \"timeseries\"}, \"title\": \"Percentage of used space of transaction log [Metricbeat MSSQL] ECS\", \"type\": \"metrics\"}"
            },
            "id": "a55bb000-1fb2-11e9-8a4d-eb34d2834f6b-ecs",
            "migrationVersion": {
                "visualization": "7.0.0"
            },
            "type": "visualization",
            "updated_at": "2019-02-01T10:13:18.406Z",
            "version": 1
        },
        {
            "attributes": {
                "description": "",
                "kibanaSavedObjectMeta": {
                    "searchSourceJSON": "{\"filter\": [], \"query\": {\"language\": \"kuery\", \"query\": \"\"}}"
                },
                "title": "Log space size since last backup [Metricbeat MSSQL] ECS",
                "uiStateJSON": "{}",
                "version": 1,
                "visState": "{\"aggs\": [], \"params\": {\"axis_formatter\": \"number\", \"axis_position\": \"left\", \"axis_scale\": \"normal\", \"id\": \"61ca57f0-469d-11e7-af02-69e470af7417\", \"index_pattern\": \"metricbeat-*\", \"interval\": \"auto\", \"series\": [{\"axis_position\": \"right\", \"chart_type\": \"line\", \"color\": \"#68BC00\", \"fill\": 0.5, \"formatter\": \"number\", \"id\": \"61ca57f1-469d-11e7-af02-69e470af7417\", \"label\": \"\", \"line_width\": 1, \"metrics\": [{\"field\": \"mssql.transaction_log.space_usage.since_last_backup.bytes\", \"id\": \"61ca57f2-469d-11e7-af02-69e470af7417\", \"type\": \"avg\"}], \"point_size\": 1, \"separate_axis\": 0, \"split_mode\": \"terms\", \"stacked\": \"none\", \"terms_field\": \"mssql.database.name\"}], \"show_grid\": 1, \"show_legend\": 1, \"time_field\": \"@timestamp\", \"type\": \"timeseries\"}, \"title\": \"Log space size since last backup [Metricbeat MSSQL] ECS\", \"type\": \"metrics\"}"
            },
            "id": "edb7a0c0-1f2b-11e9-8a4d-eb34d2834f6b-ecs",
            "migrationVersion": {
                "visualization": "7.0.0"
            },
            "type": "visualization",
            "updated_at": "2019-02-01T10:13:18.406Z",
            "version": 1
        },
        {
            "attributes": {
                "description": "",
                "kibanaSavedObjectMeta": {
                    "searchSourceJSON": "{\"filter\": [], \"query\": {\"language\": \"kuery\", \"query\": \"\"}}"
                },
                "title": "Active size of transaction log [Metricbeat MSSQL] ECS",
                "uiStateJSON": "{}",
                "version": 1,
                "visState": "{\"aggs\": [], \"params\": {\"axis_formatter\": \"number\", \"axis_position\": \"left\", \"axis_scale\": \"normal\", \"id\": \"61ca57f0-469d-11e7-af02-69e470af7417\", \"index_pattern\": \"metricbeat-*\", \"interval\": \"auto\", \"series\": [{\"axis_position\": \"right\", \"chart_type\": \"line\", \"color\": \"#68BC00\", \"fill\": 0.5, \"formatter\": \"bytes\", \"id\": \"61ca57f1-469d-11e7-af02-69e470af7417\", \"label\": \"Active size of transaction log\", \"line_width\": 1, \"metrics\": [{\"field\": \"mssql.transaction_log.stats.active_size.bytes\", \"id\": \"61ca57f2-469d-11e7-af02-69e470af7417\", \"type\": \"avg\"}], \"point_size\": 1, \"separate_axis\": 0, \"split_mode\": \"terms\", \"stacked\": \"none\", \"terms_field\": \"mssql.database.name\"}], \"show_grid\": 1, \"show_legend\": 1, \"time_field\": \"@timestamp\", \"type\": \"timeseries\"}, \"title\": \"Active size of transaction log [Metricbeat MSSQL] ECS\", \"type\": \"metrics\"}"
            },
            "id": "c9ead180-1fb2-11e9-8a4d-eb34d2834f6b-ecs",
            "migrationVersion": {
                "visualization": "7.0.0"
            },
            "type": "visualization",
            "updated_at": "2019-02-01T10:13:18.406Z",
            "version": 1
        },
        {
            "attributes": {
                "description": "",
                "kibanaSavedObjectMeta": {
                    "searchSourceJSON": "{\"filter\": [], \"query\": {\"language\": \"kuery\", \"query\": \"\"}}"
                },
                "title": "Used space of transaction log [Metricbeat MSSQL] ECS",
                "uiStateJSON": "{}",
                "version": 1,
                "visState": "{\"aggs\": [], \"params\": {\"axis_formatter\": \"number\", \"axis_position\": \"left\", \"axis_scale\": \"normal\", \"id\": \"61ca57f0-469d-11e7-af02-69e470af7417\", \"index_pattern\": \"metricbeat-*\", \"interval\": \"auto\", \"series\": [{\"axis_position\": \"right\", \"chart_type\": \"line\", \"color\": \"#68BC00\", \"fill\": 0.5, \"formatter\": \"bytes\", \"id\": \"61ca57f1-469d-11e7-af02-69e470af7417\", \"label\": \"Used space of transaction log\", \"line_width\": 1, \"metrics\": [{\"field\": \"mssql.transaction_log.space_usage.used.bytes\", \"id\": \"61ca57f2-469d-11e7-af02-69e470af7417\", \"type\": \"avg\"}], \"point_size\": 1, \"separate_axis\": 0, \"split_mode\": \"terms\", \"stacked\": \"none\", \"terms_field\": \"mssql.database.name\"}], \"show_grid\": 1, \"show_legend\": 1, \"time_field\": \"@timestamp\", \"type\": \"timeseries\"}, \"title\": \"Used space of transaction log [Metricbeat MSSQL] ECS\", \"type\": \"metrics\"}"
            },
            "id": "68fa61b0-1fb2-11e9-8a4d-eb34d2834f6b-ecs",
            "migrationVersion": {
                "visualization": "7.0.0"
            },
            "type": "visualization",
            "updated_at": "2019-02-01T10:13:18.406Z",
            "version": 1
        },
        {
            "attributes": {
                "description": "",
                "kibanaSavedObjectMeta": {
                    "searchSourceJSON": "{\"filter\": [], \"query\": {\"language\": \"kuery\", \"query\": \"\"}}"
                },
                "title": "Total log space usage [Metricbeat MSSQL] ECS",
                "uiStateJSON": "{}",
                "version": 1,
                "visState": "{\"aggs\": [], \"params\": {\"axis_formatter\": \"number\", \"axis_position\": \"left\", \"axis_scale\": \"normal\", \"id\": \"61ca57f0-469d-11e7-af02-69e470af7417\", \"index_pattern\": \"metricbeat-*\", \"interval\": \"auto\", \"series\": [{\"axis_position\": \"right\", \"chart_type\": \"line\", \"color\": \"#68BC00\", \"fill\": 0.5, \"formatter\": \"bytes\", \"id\": \"61ca57f1-469d-11e7-af02-69e470af7417\", \"label\": \"Total log space usage\", \"line_width\": 1, \"metrics\": [{\"field\": \"mssql.transaction_log.space_usage.total.bytes\", \"id\": \"61ca57f2-469d-11e7-af02-69e470af7417\", \"type\": \"avg\"}], \"point_size\": 1, \"separate_axis\": 0, \"split_mode\": \"terms\", \"stacked\": \"stacked\", \"terms_field\": \"mssql.database.name\"}], \"show_grid\": 1, \"show_legend\": 1, \"time_field\": \"@timestamp\", \"type\": \"timeseries\"}, \"title\": \"Total log space usage [Metricbeat MSSQL] ECS\", \"type\": \"metrics\"}"
            },
            "id": "6710ff20-1f2c-11e9-8a4d-eb34d2834f6b-ecs",
            "migrationVersion": {
                "visualization": "7.0.0"
            },
            "type": "visualization",
            "updated_at": "2019-02-01T10:13:18.406Z",
            "version": 1
        },
        {
            "attributes": {
                "description": "",
                "kibanaSavedObjectMeta": {
                    "searchSourceJSON": "{\"filter\": [], \"query\": {\"language\": \"kuery\", \"query\": \"\"}}"
                },
                "title": "Database selector [Metricbeat MSSQL] ECS",
                "uiStateJSON": "{}",
                "version": 1,
                "visState": "{\"aggs\": [], \"params\": {\"controls\": [{\"fieldName\": \"mssql.database.name\", \"id\": \"1549016598264\", \"indexPattern\": \"metricbeat-*\", \"label\": \"\", \"options\": {\"dynamicOptions\": true, \"multiselect\": true, \"order\": \"desc\", \"size\": 5, \"type\": \"terms\"}, \"parent\": \"\", \"type\": \"list\"}], \"pinFilters\": false, \"updateFiltersOnChange\": false, \"useTimeFilter\": false}, \"title\": \"Database selector [Metricbeat MSSQL] ECS\", \"type\": \"input_control_vis\"}"
            },
            "id": "82bf9480-260b-11e9-a46a-471d2a76b305-ecs",
            "migrationVersion": {
                "visualization": "7.0.0"
            },
            "type": "visualization",
            "updated_at": "2019-02-01T10:24:09.159Z",
            "version": 1
        },
        {
            "attributes": {
                "description": "An overview of the transaction log of each database in a MSSQL instance",
                "hits": 0,
                "kibanaSavedObjectMeta": {
                    "searchSourceJSON": "{\"filter\": [], \"query\": {\"language\": \"kuery\", \"query\": \"\"}}"
                },
                "optionsJSON": "{\"darkTheme\": false, \"hidePanelTitles\": false, \"useMargins\": true}",
                "panelsJSON": "[{\"embeddableConfig\": {}, \"gridData\": {\"h\": 12, \"i\": \"1\", \"w\": 24, \"x\": 0, \"y\": 12}, \"id\": \"e9654a40-1fb2-11e9-8a4d-eb34d2834f6b-ecs\", \"panelIndex\": \"1\", \"title\": \"Recovery size of transaction log\", \"type\": \"visualization\", \"version\": \"7.0.0-alpha2\"}, {\"embeddableConfig\": {}, \"gridData\": {\"h\": 13, \"i\": \"2\", \"w\": 24, \"x\": 24, \"y\": 24}, \"id\": \"1757d530-1fb3-11e9-8a4d-eb34d2834f6b-ecs\", \"panelIndex\": \"2\", \"title\": \"Transaction log size since last checkpoint\", \"type\": \"visualization\", \"version\": \"7.0.0-alpha2\"}, {\"embeddableConfig\": {}, \"gridData\": {\"h\": 12, \"i\": \"3\", \"w\": 18, \"x\": 30, \"y\": 0}, \"id\": \"a55bb000-1fb2-11e9-8a4d-eb34d2834f6b-ecs\", \"panelIndex\": \"3\", \"title\": \"Percentage of used space of transaction log\", \"type\": \"visualization\", \"version\": \"7.0.0-alpha2\"}, {\"embeddableConfig\": {}, \"gridData\": {\"h\": 13, \"i\": \"4\", \"w\": 24, \"x\": 0, \"y\": 37}, \"id\": \"edb7a0c0-1f2b-11e9-8a4d-eb34d2834f6b-ecs\", \"panelIndex\": \"4\", \"title\": \"Log space size since last backup\", \"type\": \"visualization\", \"version\": \"7.0.0-alpha2\"}, {\"embeddableConfig\": {}, \"gridData\": {\"h\": 13, \"i\": \"5\", \"w\": 24, \"x\": 0, \"y\": 24}, \"id\": \"c9ead180-1fb2-11e9-8a4d-eb34d2834f6b-ecs\", \"panelIndex\": \"5\", \"title\": \"Active size of transaction log\", \"type\": \"visualization\", \"version\": \"7.0.0-alpha2\"}, {\"embeddableConfig\": {}, \"gridData\": {\"h\": 12, \"i\": \"6\", \"w\": 24, \"x\": 24, \"y\": 12}, \"id\": \"68fa61b0-1fb2-11e9-8a4d-eb34d2834f6b-ecs\", \"panelIndex\": \"6\", \"title\": \"Used space of transaction log\", \"type\": \"visualization\", \"version\": \"7.0.0-alpha2\"}, {\"embeddableConfig\": {}, \"gridData\": {\"h\": 12, \"i\": \"7\", \"w\": 18, \"x\": 12, \"y\": 0}, \"id\": \"6710ff20-1f2c-11e9-8a4d-eb34d2834f6b-ecs\", \"panelIndex\": \"7\", \"title\": \"Total log space usage\", \"type\": \"visualization\", \"version\": \"7.0.0-alpha2\"}, {\"embeddableConfig\": {}, \"gridData\": {\"h\": 12, \"i\": \"8\", \"w\": 12, \"x\": 0, \"y\": 0}, \"id\": \"82bf9480-260b-11e9-a46a-471d2a76b305-ecs\", \"panelIndex\": \"8\", \"type\": \"visualization\", \"version\": \"7.0.0-SNAPSHOT\"}]",
                "timeRestore": false,
                "title": "[Metricbeat MSSQL] Transaction log ECS",
                "version": 1
            },
            "id": "18d66970-1fb4-11e9-8a4d-eb34d2834f6b-ecs",
            "type": "dashboard",
            "updated_at": "2019-02-01T10:39:36.585Z",
            "version": 3
        }
    ],
    "version": "7.0.0-SNAPSHOT"
}