{
    "objects": [
        {
            "attributes": {
                "description": "This dashboards shows ASP.NET and SQL Server specific metrics extracted from the azure.vm.windows.guestmetrics namespace",
                "hits": 0,
                "kibanaSavedObjectMeta": {
                    "searchSourceJSON": "{\"filter\": [], \"query\": {\"language\": \"kuery\", \"query\": \"\"}}"
                },
                "optionsJSON": "{\"hidePanelTitles\": false, \"useMargins\": true}",
                "panelsJSON": "[{\"embeddableConfig\": {\"title\": \"Filters\"}, \"gridData\": {\"h\": 12, \"i\": \"b7b8bcc1-f776-45cf-a149-36665f2de746\", \"w\": 6, \"x\": 0, \"y\": 0}, \"panelIndex\": \"b7b8bcc1-f776-45cf-a149-36665f2de746\", \"panelRefName\": \"panel_0\", \"title\": \"Filters\", \"version\": \"7.4.0\"}, {\"embeddableConfig\": {\"title\": \"Applications Running\"}, \"gridData\": {\"h\": 12, \"i\": \"bc65dd87-08f6-49f7-b8bf-0d371431ad4d\", \"w\": 18, \"x\": 6, \"y\": 0}, \"panelIndex\": \"bc65dd87-08f6-49f7-b8bf-0d371431ad4d\", \"panelRefName\": \"panel_1\", \"title\": \"Applications Running\", \"version\": \"7.4.0\"}, {\"embeddableConfig\": {\"title\": \"SQL Server User Connections\"}, \"gridData\": {\"h\": 12, \"i\": \"6a5abca9-1cfd-45ef-aa88-9b4a72ce2dca\", \"w\": 24, \"x\": 24, \"y\": 0}, \"panelIndex\": \"6a5abca9-1cfd-45ef-aa88-9b4a72ce2dca\", \"panelRefName\": \"panel_2\", \"title\": \"SQL Server User Connections\", \"version\": \"7.4.0\"}, {\"embeddableConfig\": {\"title\": \"Application Requests\"}, \"gridData\": {\"h\": 12, \"i\": \"5c0158cc-c884-4665-8bbf-7fc34d885d55\", \"w\": 12, \"x\": 0, \"y\": 12}, \"panelIndex\": \"5c0158cc-c884-4665-8bbf-7fc34d885d55\", \"panelRefName\": \"panel_3\", \"title\": \"Application Requests\", \"version\": \"7.4.0\"}, {\"embeddableConfig\": {\"title\": \"Application Error Rates\"}, \"gridData\": {\"h\": 12, \"i\": \"03c9cff0-b2ec-4dd1-9a2f-db7f441e5e71\", \"w\": 12, \"x\": 12, \"y\": 12}, \"panelIndex\": \"03c9cff0-b2ec-4dd1-9a2f-db7f441e5e71\", \"panelRefName\": \"panel_4\", \"title\": \"Application Error Rates\", \"version\": \"7.4.0\"}, {\"embeddableConfig\": {\"title\": \"SQL Server Total Server Memory\"}, \"gridData\": {\"h\": 12, \"i\": \"aaa96404-80de-44dc-990c-76bf40d3827b\", \"w\": 24, \"x\": 24, \"y\": 12}, \"panelIndex\": \"aaa96404-80de-44dc-990c-76bf40d3827b\", \"panelRefName\": \"panel_5\", \"title\": \"SQL Server Total Server Memory\", \"version\": \"7.4.0\"}, {\"embeddableConfig\": {\"title\": \"Application Sessions\"}, \"gridData\": {\"h\": 12, \"i\": \"b89c7551-e0e1-4642-ac18-01322ea72db8\", \"w\": 24, \"x\": 0, \"y\": 24}, \"panelIndex\": \"b89c7551-e0e1-4642-ac18-01322ea72db8\", \"panelRefName\": \"panel_6\", \"title\": \"Application Sessions\", \"version\": \"7.4.0\"}, {\"embeddableConfig\": {\"title\": \"SQL Server Page Reads/Writes\"}, \"gridData\": {\"h\": 12, \"i\": \"43effd82-fc6a-4d11-bd1e-d3b12a34cbce\", \"w\": 24, \"x\": 24, \"y\": 24}, \"panelIndex\": \"43effd82-fc6a-4d11-bd1e-d3b12a34cbce\", \"panelRefName\": \"panel_7\", \"title\": \"SQL Server Page Reads/Writes\", \"version\": \"7.4.0\"}]",
                "timeRestore": false,
                "title": "[Metricbeat Azure] VM Guest Metrics Overview",
                "version": 1
            },
            "id": "a6f5d430-eaa6-11e9-90ec-112a988266d5",
            "migrationVersion": {
                "dashboard": "7.3.0"
            },
            "references": [
                {
                    "id": "5031b220-eb61-11e9-90ec-112a988266d5",
                    "name": "panel_0",
                    "type": "visualization"
                },
                {
                    "id": "1f5c1cd0-eaa3-11e9-90ec-112a988266d5",
                    "name": "panel_1",
                    "type": "visualization"
                },
                {
                    "id": "0aacc190-eaa8-11e9-90ec-112a988266d5",
                    "name": "panel_2",
                    "type": "visualization"
                },
                {
                    "id": "097bc300-eaa5-11e9-90ec-112a988266d5",
                    "name": "panel_3",
                    "type": "visualization"
                },
                {
                    "id": "6d52a660-eaa4-11e9-90ec-112a988266d5",
                    "name": "panel_4",
                    "type": "visualization"
                },
                {
                    "id": "d7ea4290-eaa8-11e9-90ec-112a988266d5",
                    "name": "panel_5",
                    "type": "visualization"
                },
                {
                    "id": "b9aa9b20-eaa5-11e9-90ec-112a988266d5",
                    "name": "panel_6",
                    "type": "visualization"
                },
                {
                    "id": "787a0a20-eaa8-11e9-90ec-112a988266d5",
                    "name": "panel_7",
                    "type": "visualization"
                }
            ],
            "type": "dashboard",
            "updated_at": "2019-10-15T11:58:39.685Z",
            "version": "WzMyMjQsMV0="
        },
        {
            "attributes": {
                "description": "",
                "kibanaSavedObjectMeta": {
                    "searchSourceJSON": "{\"filter\": [], \"query\": {\"language\": \"kuery\", \"query\": \"\"}}"
                },
                "title": "VM Filters [Metricbeat Azure]",
                "uiStateJSON": "{}",
                "version": 1,
                "visState": "{\"aggs\": [], \"params\": {\"controls\": [{\"fieldName\": \"cloud.region\", \"id\": \"1549397251041\", \"indexPatternRefName\": \"control_0_index_pattern\", \"label\": \"Region\", \"options\": {\"dynamicOptions\": true, \"multiselect\": true, \"order\": \"desc\", \"size\": 5, \"type\": \"terms\"}, \"parent\": \"\", \"type\": \"list\"}, {\"fieldName\": \"azure.resource.group\", \"id\": \"1549512142947\", \"indexPatternRefName\": \"control_1_index_pattern\", \"label\": \"Resource Group\", \"options\": {\"dynamicOptions\": true, \"multiselect\": true, \"order\": \"desc\", \"size\": 5, \"type\": \"terms\"}, \"parent\": \"\", \"type\": \"list\"}, {\"fieldName\": \"azure.resource.name\", \"id\": \"1570774891724\", \"indexPatternRefName\": \"control_2_index_pattern\", \"label\": \"VM Name\", \"options\": {\"dynamicOptions\": true, \"multiselect\": true, \"order\": \"desc\", \"size\": 5, \"type\": \"terms\"}, \"parent\": \"\", \"type\": \"list\"}], \"pinFilters\": false, \"updateFiltersOnChange\": true, \"useTimeFilter\": false}, \"title\": \"VM Filters [Metricbeat Azure]\", \"type\": \"input_control_vis\"}"
            },
            "id": "5031b220-eb61-11e9-90ec-112a988266d5",
            "migrationVersion": {
                "visualization": "7.3.1"
            },
            "references": [
                {
                    "id": "metricbeat-*",
                    "name": "control_0_index_pattern",
                    "type": "index-pattern"
                },
                {
                    "id": "metricbeat-*",
                    "name": "control_1_index_pattern",
                    "type": "index-pattern"
                },
                {
                    "id": "metricbeat-*",
                    "name": "control_2_index_pattern",
                    "type": "index-pattern"
                }
            ],
            "type": "visualization",
            "updated_at": "2019-10-11T06:35:45.645Z",
            "version": "WzE0ODMsMV0="
        },
        {
            "attributes": {
                "description": "",
                "kibanaSavedObjectMeta": {
                    "searchSourceJSON": "{\"filter\": [], \"query\": {\"language\": \"kuery\", \"query\": \"\"}}"
                },
                "title": "ASP.NET Applications Running [Metricbeat Azure]",
                "uiStateJSON": "{}",
                "version": 1,
                "visState": "{\"aggs\": [], \"params\": {\"axis_formatter\": \"number\", \"axis_min\": 0, \"axis_position\": \"left\", \"axis_scale\": \"normal\", \"background_color_rules\": [{\"id\": \"04bf3740-eaa3-11e9-8742-b533e334ee9a\"}], \"bar_color_rules\": [{\"id\": \"03eec7e0-eaa3-11e9-8742-b533e334ee9a\"}], \"default_index_pattern\": \"metricbeat-*\", \"default_timefield\": \"@timestamp\", \"filter\": {\"language\": \"kuery\", \"query\": \"azure.resource.type : \\\"Microsoft.Compute/virtualMachines\\\" \"}, \"gauge_color_rules\": [{\"id\": \"07485320-eaa3-11e9-8742-b533e334ee9a\"}], \"gauge_inner_width\": 10, \"gauge_style\": \"half\", \"gauge_width\": 10, \"id\": \"d1acb8f0-eaa2-11e9-a229-c9171499dcc6\", \"index_pattern\": \"metricbeat-*\", \"interval\": \">=5m\", \"isModelInvalid\": false, \"series\": [{\"axis_position\": \"right\", \"chart_type\": \"line\", \"color\": \"#3185FC\", \"fill\": \"0.2\", \"formatter\": \"number\", \"id\": \"d1acb8f1-eaa2-11e9-a229-c9171499dcc6\", \"label\": \"applications running\", \"line_width\": \"1\", \"metrics\": [{\"field\": \"azure.compute_vm.asp_net_applications_running.avg\", \"id\": \"d1acb8f2-eaa2-11e9-a229-c9171499dcc6\", \"type\": \"max\"}], \"point_size\": 0, \"separate_axis\": 0, \"split_mode\": \"everything\", \"stacked\": \"none\", \"type\": \"timeseries\", \"value_template\": \"{{value}}\"}], \"show_grid\": 1, \"show_legend\": 1, \"time_field\": \"@timestamp\", \"type\": \"timeseries\"}, \"title\": \"ASP.NET Applications Running [Metricbeat Azure]\", \"type\": \"metrics\"}"
            },
            "id": "1f5c1cd0-eaa3-11e9-90ec-112a988266d5",
            "migrationVersion": {
                "visualization": "7.3.1"
            },
            "references": [],
            "type": "visualization",
            "updated_at": "2019-10-15T11:56:33.857Z",
            "version": "WzMyMTEsMV0="
        },
        {
            "attributes": {
                "description": "",
                "kibanaSavedObjectMeta": {
                    "searchSourceJSON": "{\"filter\": [], \"query\": {\"language\": \"kuery\", \"query\": \"\"}}"
                },
                "title": "SQL Server User Connections [Metricbeat Azure]",
                "uiStateJSON": "{}",
                "version": 1,
                "visState": "{\"aggs\": [], \"params\": {\"axis_formatter\": \"number\", \"axis_min\": 0, \"axis_position\": \"left\", \"axis_scale\": \"normal\", \"default_index_pattern\": \"metricbeat-*\", \"default_timefield\": \"@timestamp\", \"filter\": {\"language\": \"kuery\", \"query\": \"azure.resource.type :\\\"Microsoft.Compute/virtualMachines\\\" \"}, \"id\": \"da495db0-eaa7-11e9-a88b-4b683ca3087b\", \"index_pattern\": \"metricbeat-*\", \"interval\": \">=5m\", \"isModelInvalid\": false, \"series\": [{\"axis_position\": \"right\", \"chart_type\": \"line\", \"color\": \"#3185FC\", \"fill\": 0, \"formatter\": \"number\", \"id\": \"da495db1-eaa7-11e9-a88b-4b683ca3087b\", \"label\": \"connections\", \"line_width\": 2, \"metrics\": [{\"field\": \"azure.compute_vm.sqlserver_general_statistics_user_connections.avg\", \"id\": \"da495db2-eaa7-11e9-a88b-4b683ca3087b\", \"type\": \"avg\"}], \"point_size\": 0, \"separate_axis\": 0, \"split_mode\": \"everything\", \"stacked\": \"none\", \"value_template\": \"{{value}}\"}], \"show_grid\": 1, \"show_legend\": 1, \"time_field\": \"@timestamp\", \"type\": \"timeseries\"}, \"title\": \"SQL Server User Connections [Metricbeat Azure]\", \"type\": \"metrics\"}"
            },
            "id": "0aacc190-eaa8-11e9-90ec-112a988266d5",
            "migrationVersion": {
                "visualization": "7.3.1"
            },
            "references": [],
            "type": "visualization",
            "updated_at": "2019-10-15T11:56:54.774Z",
            "version": "WzMyMTMsMV0="
        },
        {
            "attributes": {
                "description": "",
                "kibanaSavedObjectMeta": {
                    "searchSourceJSON": "{\"filter\": [], \"query\": {\"language\": \"kuery\", \"query\": \"\"}}"
                },
                "title": "ASP.NET Application Requests [Metricbeat Azure]",
                "uiStateJSON": "{}",
                "version": 1,
                "visState": "{\"aggs\": [], \"params\": {\"axis_formatter\": \"number\", \"axis_min\": 0, \"axis_position\": \"left\", \"axis_scale\": \"normal\", \"default_index_pattern\": \"metricbeat-*\", \"default_timefield\": \"@timestamp\", \"filter\": {\"language\": \"kuery\", \"query\": \"azure.resource.type : \\\"Microsoft.Compute/virtualMachines\\\" \"}, \"id\": \"be74e9e0-eaa4-11e9-8923-850d87d8e766\", \"index_pattern\": \"metricbeat-*\", \"interval\": \">=5m\", \"isModelInvalid\": false, \"series\": [{\"axis_position\": \"right\", \"chart_type\": \"line\", \"color\": \"rgba(254,146,0,1)\", \"fill\": 0, \"formatter\": \"number\", \"id\": \"be74e9e1-eaa4-11e9-8923-850d87d8e766\", \"label\": \"timed out\", \"line_width\": 2, \"metrics\": [{\"field\": \"azure.compute_vm.asp_net_applications_requests_timed_out.avg\", \"id\": \"be74e9e2-eaa4-11e9-8923-850d87d8e766\", \"type\": \"avg\"}], \"point_size\": 0, \"separate_axis\": 0, \"split_mode\": \"everything\", \"stacked\": \"none\", \"value_template\": \"{{value}}\"}, {\"axis_position\": \"right\", \"chart_type\": \"line\", \"color\": \"#DB1374\", \"fill\": 0, \"formatter\": \"number\", \"id\": \"be74e9e3-eaa4-11e9-8923-850d87d8e766\", \"label\": \"failed\", \"line_width\": 2, \"metrics\": [{\"field\": \"azure.compute_vm.asp_net_applications_requests_failed.avg\", \"id\": \"be74e9e4-eaa4-11e9-8923-850d87d8e766\", \"type\": \"avg\"}], \"point_size\": 0, \"separate_axis\": 0, \"split_mode\": \"everything\", \"stacked\": \"none\", \"value_template\": \"{{value}}\"}, {\"axis_position\": \"right\", \"chart_type\": \"line\", \"color\": \"#00B3A4\", \"fill\": 0, \"formatter\": \"number\", \"id\": \"be7510f0-eaa4-11e9-8923-850d87d8e766\", \"label\": \"succeeded\", \"line_width\": 2, \"metrics\": [{\"field\": \"azure.compute_vm.asp_net_applications_requests_succeeded.avg\", \"id\": \"be7510f1-eaa4-11e9-8923-850d87d8e766\", \"type\": \"avg\"}], \"point_size\": 0, \"separate_axis\": 0, \"split_mode\": \"everything\", \"stacked\": \"none\", \"value_template\": \"{{value}}\"}, {\"axis_position\": \"right\", \"chart_type\": \"line\", \"color\": \"#490092\", \"fill\": 0, \"formatter\": \"number\", \"id\": \"be7510f2-eaa4-11e9-8923-850d87d8e766\", \"label\": \"total\", \"line_width\": 2, \"metrics\": [{\"field\": \"azure.compute_vm.asp_net_applications_requests_total.avg\", \"id\": \"be7510f3-eaa4-11e9-8923-850d87d8e766\", \"type\": \"avg\"}], \"point_size\": 0, \"separate_axis\": 0, \"split_mode\": \"everything\", \"stacked\": \"none\", \"value_template\": \"{{value}}\"}], \"show_grid\": 1, \"show_legend\": 1, \"time_field\": \"@timestamp\", \"type\": \"timeseries\"}, \"title\": \"ASP.NET Application Requests [Metricbeat Azure]\", \"type\": \"metrics\"}"
            },
            "id": "097bc300-eaa5-11e9-90ec-112a988266d5",
            "migrationVersion": {
                "visualization": "7.3.1"
            },
            "references": [],
            "type": "visualization",
            "updated_at": "2019-10-15T11:57:11.237Z",
            "version": "WzMyMTUsMV0="
        },
        {
            "attributes": {
                "description": "",
                "kibanaSavedObjectMeta": {
                    "searchSourceJSON": "{\"filter\": [], \"query\": {\"language\": \"kuery\", \"query\": \"\"}}"
                },
                "title": "ASP.NET Application Error Rates [Metricbeat Azure]",
                "uiStateJSON": "{}",
                "version": 1,
                "visState": "{\"aggs\": [], \"params\": {\"axis_formatter\": \"number\", \"axis_min\": 0, \"axis_position\": \"left\", \"axis_scale\": \"normal\", \"default_index_pattern\": \"metricbeat-*\", \"default_timefield\": \"@timestamp\", \"filter\": {\"language\": \"kuery\", \"query\": \"azure.resource.type : \\\"Microsoft.Compute/virtualMachines\\\" \"}, \"id\": \"29576400-eaa4-11e9-a2d3-e7a00bbd3c18\", \"index_pattern\": \"metricbeat-*\", \"interval\": \">=5m\", \"isModelInvalid\": false, \"series\": [{\"axis_position\": \"right\", \"chart_type\": \"line\", \"color\": \"rgba(244,78,59,1)\", \"fill\": \"0.2\", \"filter\": {\"language\": \"kuery\", \"query\": \"\"}, \"formatter\": \"number\", \"id\": \"29578b10-eaa4-11e9-a2d3-e7a00bbd3c18\", \"label\": \"errors\", \"line_width\": \"1\", \"metrics\": [{\"field\": \"azure.compute_vm.asp_net_applications_errors_total.avg\", \"id\": \"29578b11-eaa4-11e9-a2d3-e7a00bbd3c18\", \"type\": \"avg\"}], \"point_size\": 0, \"separate_axis\": 0, \"split_mode\": \"everything\", \"stacked\": \"none\", \"value_template\": \"{{value}}\"}], \"show_grid\": 1, \"show_legend\": 1, \"time_field\": \"@timestamp\", \"type\": \"timeseries\"}, \"title\": \"ASP.NET Application Error Rates [Metricbeat Azure]\", \"type\": \"metrics\"}"
            },
            "id": "6d52a660-eaa4-11e9-90ec-112a988266d5",
            "migrationVersion": {
                "visualization": "7.3.1"
            },
            "references": [],
            "type": "visualization",
            "updated_at": "2019-10-15T11:57:29.302Z",
            "version": "WzMyMTcsMV0="
        },
        {
            "attributes": {
                "description": "",
                "kibanaSavedObjectMeta": {
                    "searchSourceJSON": "{\"filter\": [], \"query\": {\"language\": \"kuery\", \"query\": \"\"}}"
                },
                "title": "SQL Server Total Server Memory [Metricbeat Azure]",
                "uiStateJSON": "{}",
                "version": 1,
                "visState": "{\"aggs\": [], \"params\": {\"axis_formatter\": \"number\", \"axis_min\": 0, \"axis_position\": \"left\", \"axis_scale\": \"normal\", \"default_index_pattern\": \"metricbeat-*\", \"default_timefield\": \"@timestamp\", \"filter\": {\"language\": \"kuery\", \"query\": \"azure.resource.type:\\\"Microsoft.Compute/virtualMachines\\\" \"}, \"id\": \"94af6a00-eaa8-11e9-9269-d92e2d3f77fd\", \"index_pattern\": \"metricbeat-*\", \"interval\": \">=5m\", \"isModelInvalid\": false, \"series\": [{\"axis_position\": \"right\", \"chart_type\": \"line\", \"color\": \"#3185FC\", \"fill\": 0, \"formatter\": \"bytes\", \"id\": \"94af6a01-eaa8-11e9-9269-d92e2d3f77fd\", \"label\": \"memory\", \"line_width\": 2, \"metrics\": [{\"field\": \"azure.compute_vm.sqlserver_memory_manager_total_server_memory.avg\", \"id\": \"94af6a02-eaa8-11e9-9269-d92e2d3f77fd\", \"type\": \"avg\"}], \"point_size\": 0, \"separate_axis\": 0, \"split_mode\": \"everything\", \"stacked\": \"none\", \"value_template\": \"{{value}}\"}], \"show_grid\": 1, \"show_legend\": 1, \"time_field\": \"@timestamp\", \"type\": \"timeseries\"}, \"title\": \"SQL Server Total Server Memory [Metricbeat Azure]\", \"type\": \"metrics\"}"
            },
            "id": "d7ea4290-eaa8-11e9-90ec-112a988266d5",
            "migrationVersion": {
                "visualization": "7.3.1"
            },
            "references": [],
            "type": "visualization",
            "updated_at": "2019-10-15T11:57:45.878Z",
            "version": "WzMyMTksMV0="
        },
        {
            "attributes": {
                "description": "",
                "kibanaSavedObjectMeta": {
                    "searchSourceJSON": "{\"filter\": [], \"query\": {\"language\": \"kuery\", \"query\": \"\"}}"
                },
                "title": "ASP.NET Application Sessions [Metricbeat Azure]",
                "uiStateJSON": "{}",
                "version": 1,
                "visState": "{\"aggs\": [], \"params\": {\"axis_formatter\": \"number\", \"axis_min\": 0, \"axis_position\": \"left\", \"axis_scale\": \"normal\", \"default_index_pattern\": \"metricbeat-*\", \"default_timefield\": \"@timestamp\", \"filter\": {\"language\": \"kuery\", \"query\": \"azure.resource.type : \\\"Microsoft.Compute/virtualMachines\\\" \"}, \"id\": \"6d6575a0-eaa5-11e9-84ad-5919a47b8f34\", \"index_pattern\": \"metricbeat-*\", \"interval\": \">=5m\", \"isModelInvalid\": false, \"series\": [{\"axis_position\": \"right\", \"chart_type\": \"line\", \"color\": \"#3185FC\", \"fill\": 0, \"formatter\": \"number\", \"id\": \"6d6575a1-eaa5-11e9-84ad-5919a47b8f34\", \"label\": \"active\", \"line_width\": 2, \"metrics\": [{\"field\": \"azure.compute_vm.asp_net_applications_sessions_active.avg\", \"id\": \"6d6575a2-eaa5-11e9-84ad-5919a47b8f34\", \"type\": \"avg\"}], \"point_size\": 0, \"separate_axis\": 0, \"split_mode\": \"everything\", \"stacked\": \"none\", \"value_template\": \"{{value}}\"}, {\"axis_position\": \"right\", \"chart_type\": \"line\", \"color\": \"#DB1374\", \"fill\": 0, \"formatter\": \"number\", \"id\": \"6d6575a3-eaa5-11e9-84ad-5919a47b8f34\", \"label\": \"timed out\", \"line_width\": 2, \"metrics\": [{\"field\": \"azure.compute_vm.asp_net_applications_sessions_timed_out.avg\", \"id\": \"6d6575a4-eaa5-11e9-84ad-5919a47b8f34\", \"type\": \"avg\"}], \"point_size\": 0, \"separate_axis\": 0, \"split_mode\": \"everything\", \"stacked\": \"none\", \"value_template\": \"{{value}}\"}, {\"axis_position\": \"right\", \"chart_type\": \"line\", \"color\": \"#00B3A4\", \"fill\": 0, \"formatter\": \"number\", \"id\": \"6d6575a5-eaa5-11e9-84ad-5919a47b8f34\", \"label\": \"abandoned\", \"line_width\": 2, \"metrics\": [{\"field\": \"azure.compute_vm.asp_net_applications_sessions_abandoned.avg\", \"id\": \"6d6575a6-eaa5-11e9-84ad-5919a47b8f34\", \"type\": \"avg\"}], \"point_size\": 0, \"separate_axis\": 0, \"split_mode\": \"everything\", \"stacked\": \"none\", \"value_template\": \"{{value}}\"}, {\"axis_position\": \"right\", \"chart_type\": \"line\", \"color\": \"#490092\", \"fill\": 0, \"formatter\": \"number\", \"id\": \"6d6575a7-eaa5-11e9-84ad-5919a47b8f34\", \"label\": \"total\", \"line_width\": 2, \"metrics\": [{\"field\": \"azure.compute_vm.asp_net_applications_sessions_total.avg\", \"id\": \"6d6575a8-eaa5-11e9-84ad-5919a47b8f34\", \"type\": \"avg\"}], \"point_size\": 0, \"separate_axis\": 0, \"split_mode\": \"everything\", \"stacked\": \"none\", \"value_template\": \"{{value}}\"}], \"show_grid\": 1, \"show_legend\": 1, \"time_field\": \"@timestamp\", \"type\": \"timeseries\"}, \"title\": \"ASP.NET Application Sessions [Metricbeat Azure]\", \"type\": \"metrics\"}"
            },
            "id": "b9aa9b20-eaa5-11e9-90ec-112a988266d5",
            "migrationVersion": {
                "visualization": "7.3.1"
            },
            "references": [],
            "type": "visualization",
            "updated_at": "2019-10-15T11:58:04.891Z",
            "version": "WzMyMjEsMV0="
        },
        {
            "attributes": {
                "description": "",
                "kibanaSavedObjectMeta": {
                    "searchSourceJSON": "{\"filter\": [], \"query\": {\"language\": \"kuery\", \"query\": \"\"}}"
                },
                "title": "SQL Server Page Reads/Writes [Metricbeat Azure]",
                "uiStateJSON": "{}",
                "version": 1,
                "visState": "{\"aggs\": [], \"params\": {\"axis_formatter\": \"number\", \"axis_min\": 0, \"axis_position\": \"left\", \"axis_scale\": \"normal\", \"default_index_pattern\": \"metricbeat-*\", \"default_timefield\": \"@timestamp\", \"filter\": {\"language\": \"kuery\", \"query\": \"azure.resource.type : \\\"Microsoft.Compute/virtualMachines\\\" \"}, \"id\": \"35459a30-eaa8-11e9-a379-c33a712c0373\", \"index_pattern\": \"metricbeat-*\", \"interval\": \">=5m\", \"isModelInvalid\": false, \"series\": [{\"axis_position\": \"right\", \"chart_type\": \"line\", \"color\": \"rgba(252,196,0,1)\", \"fill\": 0, \"formatter\": \"number\", \"id\": \"35459a31-eaa8-11e9-a379-c33a712c0373\", \"label\": \"Page Reads/s\", \"line_width\": 2, \"metrics\": [{\"field\": \"azure.compute_vm.sqlserver_buffer_manager_page_reads_per_sec.avg\", \"id\": \"35459a32-eaa8-11e9-a379-c33a712c0373\", \"type\": \"avg\"}], \"point_size\": 0, \"separate_axis\": 0, \"split_mode\": \"everything\", \"stacked\": \"none\", \"value_template\": \"{{value}}\"}, {\"axis_position\": \"right\", \"chart_type\": \"line\", \"color\": \"rgba(176,188,0,1)\", \"fill\": 0, \"formatter\": \"number\", \"id\": \"35459a33-eaa8-11e9-a379-c33a712c0373\", \"label\": \"Page Writes/s\", \"line_width\": 2, \"metrics\": [{\"field\": \"azure.compute_vm.sqlserver_buffer_manager_page_writes_per_sec.avg\", \"id\": \"35459a34-eaa8-11e9-a379-c33a712c0373\", \"type\": \"avg\"}], \"point_size\": 0, \"separate_axis\": 0, \"split_mode\": \"everything\", \"stacked\": \"none\", \"value_template\": \"{{value}}\"}], \"show_grid\": 1, \"show_legend\": 1, \"time_field\": \"@timestamp\", \"type\": \"timeseries\"}, \"title\": \"SQL Server Page Reads/Writes [Metricbeat Azure]\", \"type\": \"metrics\"}"
            },
            "id": "787a0a20-eaa8-11e9-90ec-112a988266d5",
            "migrationVersion": {
                "visualization": "7.3.1"
            },
            "references": [],
            "type": "visualization",
            "updated_at": "2019-10-15T11:58:24.951Z",
            "version": "WzMyMjMsMV0="
        }
    ],
    "version": "7.4.0"
}