{
    "objects": [
        {
            "attributes": {
                "description": "Kafka analysis of topics and consumer groups",
                "hits": 0,
                "kibanaSavedObjectMeta": {
                    "searchSourceJSON": "{\"filter\": [], \"highlightAll\": true, \"query\": {\"language\": \"kuery\", \"query\": \"\"}, \"version\": true}"
                },
                "optionsJSON": "{\"darkTheme\": false, \"hidePanelTitles\": false, \"useMargins\": true}",
                "panelsJSON": "[{\"embeddableConfig\": {}, \"gridData\": {\"h\": 13, \"i\": \"1\", \"w\": 24, \"x\": 0, \"y\": 20}, \"panelIndex\": \"1\", \"panelRefName\": \"panel_0\", \"title\": \"Kafka Topic & Consumer Offsets\", \"version\": \"7.3.0\"}, {\"embeddableConfig\": {}, \"gridData\": {\"h\": 6, \"i\": \"3\", \"w\": 16, \"x\": 0, \"y\": 0}, \"panelIndex\": \"3\", \"panelRefName\": \"panel_1\", \"title\": \"Kafka Controls\", \"version\": \"7.3.0\"}, {\"embeddableConfig\": {}, \"gridData\": {\"h\": 14, \"i\": \"6\", \"w\": 24, \"x\": 0, \"y\": 6}, \"panelIndex\": \"6\", \"panelRefName\": \"panel_2\", \"title\": \"Consumer Group Lag by Topic\", \"version\": \"7.3.0\"}, {\"embeddableConfig\": {\"spy\": null}, \"gridData\": {\"h\": 6, \"i\": \"10\", \"w\": 25, \"x\": 16, \"y\": 0}, \"panelIndex\": \"10\", \"panelRefName\": \"panel_3\", \"title\": \"Kafka Metrics\", \"version\": \"7.3.0\"}, {\"embeddableConfig\": {}, \"gridData\": {\"h\": 7, \"i\": \"12\", \"w\": 24, \"x\": 0, \"y\": 33}, \"panelIndex\": \"12\", \"panelRefName\": \"panel_4\", \"title\": \"Consumer Partition Reassignments\", \"version\": \"7.3.0\"}, {\"embeddableConfig\": {}, \"gridData\": {\"h\": 6, \"i\": \"13\", \"w\": 7, \"x\": 41, \"y\": 0}, \"panelIndex\": \"13\", \"panelRefName\": \"panel_5\", \"title\": \"Consumer Metrics\", \"version\": \"7.3.0\"}, {\"embeddableConfig\": {\"spy\": null, \"vis\": {\"params\": {\"sort\": {\"columnIndex\": null, \"direction\": null}}}}, \"gridData\": {\"h\": 13, \"i\": \"14\", \"w\": 24, \"x\": 24, \"y\": 27}, \"panelIndex\": \"14\", \"panelRefName\": \"panel_6\", \"title\": \"Kafka Consumer Group Clients\", \"version\": \"7.3.0\"}, {\"embeddableConfig\": {}, \"gridData\": {\"h\": 10, \"i\": \"15\", \"w\": 24, \"x\": 24, \"y\": 6}, \"panelIndex\": \"15\", \"panelRefName\": \"panel_7\", \"title\": \"Kafka Brokers\", \"version\": \"7.3.0\"}, {\"embeddableConfig\": {\"table\": {\"sort\": {\"column\": \"26d2cd90-d2f5-11e8-9dd4-c5f03280d7b0\", \"order\": \"desc\"}}}, \"gridData\": {\"h\": 11, \"i\": \"16\", \"w\": 24, \"x\": 24, \"y\": 16}, \"panelIndex\": \"16\", \"panelRefName\": \"panel_8\", \"title\": \"Kafka Topic Details\", \"version\": \"7.3.0\"}]",
                "timeRestore": false,
                "title": "[Metricbeat Kafka] Overview ECS",
                "version": 1
            },
            "id": "ea488d90-8e63-11e8-8fa2-3d5f811fbd0f-ecs",
            "migrationVersion": {
                "dashboard": "7.3.0"
            },
            "references": [
                {
                    "id": "b9d12c80-8e63-11e8-8fa2-3d5f811fbd0f-ecs",
                    "name": "panel_0",
                    "type": "visualization"
                },
                {
                    "id": "8d2f79a0-8e65-11e8-8fa2-3d5f811fbd0f-ecs",
                    "name": "panel_1",
                    "type": "visualization"
                },
                {
                    "id": "944188f0-8e79-11e8-8fa2-3d5f811fbd0f-ecs",
                    "name": "panel_2",
                    "type": "visualization"
                },
                {
                    "id": "dc89f8d0-8e8e-11e8-8fa2-3d5f811fbd0f-ecs",
                    "name": "panel_3",
                    "type": "visualization"
                },
                {
                    "id": "587f2360-8f21-11e8-8fa2-3d5f811fbd0f-ecs",
                    "name": "panel_4",
                    "type": "visualization"
                },
                {
                    "id": "1681f1a0-90e7-11e8-8fa2-3d5f811fbd0f-ecs",
                    "name": "panel_5",
                    "type": "visualization"
                },
                {
                    "id": "9a7576e0-d231-11e8-8766-dbbdc39e7ba9-ecs",
                    "name": "panel_6",
                    "type": "visualization"
                },
                {
                    "id": "27dd5960-d2ed-11e8-8766-dbbdc39e7ba9-ecs",
                    "name": "panel_7",
                    "type": "visualization"
                },
                {
                    "id": "491fee50-d2f5-11e8-8766-dbbdc39e7ba9-ecs",
                    "name": "panel_8",
                    "type": "visualization"
                }
            ],
            "type": "dashboard",
            "updated_at": "2019-11-29T09:36:17.646Z",
            "version": "WzI2NDgsMV0="
        },
        {
            "attributes": {
                "description": "",
                "kibanaSavedObjectMeta": {
                    "searchSourceJSON": "{}"
                },
                "title": "Kafka Topic & Consumer Offsets [Metricbeat Kafka] ECS",
                "uiStateJSON": "{}",
                "version": 1,
                "visState": "{\"aggs\": [], \"params\": {\"axis_formatter\": \"number\", \"axis_position\": \"left\", \"background_color_rules\": [{\"id\": \"8b27e6a0-8e61-11e8-b741-c3e458b74a68\"}], \"filter\": {\"language\": \"lucene\", \"query\": \"NOT kafka.topic.name:__consumer_offsets\"}, \"id\": \"61ca57f0-469d-11e7-af02-69e470af7417\", \"index_pattern\": \"metricbeat-*\", \"interval\": \"auto\", \"series\": [{\"axis_position\": \"right\", \"chart_type\": \"bar\", \"color\": \"rgba(244,78,59,1)\", \"fill\": \"0.1\", \"filter\": {\"language\": \"lucene\", \"query\": \"metricset.name: partition AND kafka.partition.partition.is_leader: true\"}, \"formatter\": \"number\", \"id\": \"61ca57f1-469d-11e7-af02-69e470af7417\", \"label\": \"Topic Offsets\", \"line_width\": \"0.5\", \"metrics\": [{\"field\": \"kafka.partition.offset.newest\", \"id\": \"61ca57f2-469d-11e7-af02-69e470af7417\", \"type\": \"sum\"}], \"point_size\": \"0\", \"seperate_axis\": 0, \"split_color_mode\": \"rainbow\", \"split_mode\": \"terms\", \"stacked\": \"none\", \"terms_field\": \"kafka.topic.name\", \"terms_order_by\": \"_term\", \"value_template\": \"{{value}}\"}, {\"axis_position\": \"right\", \"chart_type\": \"line\", \"color\": \"rgba(244,78,59,0.52)\", \"fill\": \"0\", \"filter\": {\"language\": \"lucene\", \"query\": \"metricset.name: consumergroup\"}, \"formatter\": \"number\", \"id\": \"d43034c0-8f1e-11e8-8784-cd0acd161a28\", \"label\": \"Consumer Offsets\", \"line_width\": \"1\", \"metrics\": [{\"field\": \"kafka.consumergroup.offset\", \"id\": \"d43034c1-8f1e-11e8-8784-cd0acd161a28\", \"type\": \"sum\"}], \"point_size\": \"1.5\", \"seperate_axis\": 0, \"split_color_mode\": \"rainbow\", \"split_filters\": [{\"color\": \"#68BC00\", \"id\": \"dd41ada0-8f1e-11e8-8784-cd0acd161a28\"}], \"split_mode\": \"terms\", \"stacked\": \"none\", \"terms_field\": \"kafka.consumergroup.id\", \"terms_order_by\": \"_term\", \"value_template\": \"{{value}}\"}], \"show_grid\": 1, \"show_legend\": 1, \"time_field\": \"@timestamp\", \"type\": \"timeseries\"}, \"title\": \"Kafka Topic & Consumer Offsets [Metricbeat Kafka] ECS\", \"type\": \"metrics\"}"
            },
            "id": "b9d12c80-8e63-11e8-8fa2-3d5f811fbd0f-ecs",
            "migrationVersion": {
                "visualization": "7.3.1"
            },
            "references": [],
            "type": "visualization",
            "updated_at": "2019-11-29T09:36:17.646Z",
            "version": "WzI2MzksMV0="
        },
        {
            "attributes": {
                "description": "",
                "kibanaSavedObjectMeta": {
                    "searchSourceJSON": "{}"
                },
                "title": "Kafka Controls [Metricbeat Kafka] ECS",
                "uiStateJSON": "{}",
                "version": 1,
                "visState": "{\"aggs\": [], \"params\": {\"controls\": [{\"fieldName\": \"kafka.topic.name\", \"id\": \"1532342651170\", \"indexPatternRefName\": \"control_0_index_pattern\", \"label\": \"Topic Name\", \"options\": {\"multiselect\": true, \"order\": \"desc\", \"size\": 10, \"type\": \"terms\"}, \"parent\": \"\", \"type\": \"list\"}, {\"fieldName\": \"kafka.partition.id\", \"id\": \"1539799686678\", \"indexPatternRefName\": \"control_1_index_pattern\", \"label\": \"Partition\", \"options\": {\"multiselect\": true, \"order\": \"desc\", \"size\": 5, \"type\": \"terms\"}, \"parent\": \"1532342651170\", \"type\": \"list\"}], \"pinFilters\": false, \"updateFiltersOnChange\": true, \"useTimeFilter\": false}, \"title\": \"Kafka Controls [Metricbeat Kafka] ECS\", \"type\": \"input_control_vis\"}"
            },
            "id": "8d2f79a0-8e65-11e8-8fa2-3d5f811fbd0f-ecs",
            "migrationVersion": {
                "visualization": "7.3.1"
            },
            "references": [
                {
                    "id": "metricbeat-*",
                    "name": "control_0_index_pattern",
                    "type": "index-pattern"
                },
                {
                    "id": "metricbeat-*",
                    "name": "control_1_index_pattern",
                    "type": "index-pattern"
                }
            ],
            "type": "visualization",
            "updated_at": "2019-11-29T09:36:17.646Z",
            "version": "WzI2NDAsMV0="
        },
        {
            "attributes": {
                "description": "",
                "kibanaSavedObjectMeta": {
                    "searchSourceJSON": "{\"filter\": [], \"query\": {\"language\": \"kuery\", \"query\": \"\"}}"
                },
                "title": "Kafka Consumer Group Lag vs Time [Metricbeat Kafka] ECS",
                "uiStateJSON": "{}",
                "version": 1,
                "visState": "{\"aggs\": [], \"params\": {\"axis_formatter\": \"number\", \"axis_position\": \"left\", \"axis_scale\": \"normal\", \"background_color_rules\": [{\"id\": \"1966adf0-1298-11ea-abd7-b5bb8e05b5d6\"}], \"bar_color_rules\": [{\"id\": \"1dbe6f50-1298-11ea-abd7-b5bb8e05b5d6\"}], \"default_index_pattern\": \"metricbeat-*\", \"default_timefield\": \"@timestamp\", \"filter\": {\"language\": \"lucene\", \"query\": \"(metricset.name: consumergroup) AND NOT kafka.consumergroup.topic.name:__consumer_offsets\"}, \"gauge_color_rules\": [{\"id\": \"1eee15b0-1298-11ea-abd7-b5bb8e05b5d6\"}], \"gauge_inner_width\": 10, \"gauge_style\": \"half\", \"gauge_width\": 10, \"id\": \"61ca57f0-469d-11e7-af02-69e470af7417\", \"index_pattern\": \"metricbeat-*\", \"interval\": \"auto\", \"isModelInvalid\": false, \"series\": [{\"axis_position\": \"right\", \"chart_type\": \"line\", \"color\": \"rgba(0,156,224,1)\", \"fill\": \"0.2\", \"formatter\": \"number\", \"id\": \"0dcb8020-8e6d-11e8-bfab-6f29bad3a6f2\", \"label\": \"Consumer Groups\", \"line_width\": 1, \"metrics\": [{\"field\": \"kafka.consumergroup.consumer_lag\", \"id\": \"0dcb8021-8e6d-11e8-bfab-6f29bad3a6f2\", \"type\": \"max\"}], \"point_size\": \"0\", \"seperate_axis\": 0, \"split_color_mode\": \"rainbow\", \"split_mode\": \"terms\", \"stacked\": \"none\", \"terms_field\": \"kafka.consumergroup.topic\", \"type\": \"timeseries\"}], \"show_grid\": 1, \"show_legend\": 1, \"time_field\": \"@timestamp\", \"type\": \"timeseries\"}, \"title\": \"Kafka Consumer Group Lag vs Time [Metricbeat Kafka] ECS\", \"type\": \"metrics\"}"
            },
            "id": "944188f0-8e79-11e8-8fa2-3d5f811fbd0f-ecs",
            "migrationVersion": {
                "visualization": "7.3.1"
            },
            "references": [],
            "type": "visualization",
            "updated_at": "2019-11-29T11:07:58.021Z",
            "version": "WzI4MjMsMV0="
        },
        {
            "attributes": {
                "description": "",
                "kibanaSavedObjectMeta": {
                    "searchSourceJSON": "{\"filter\": [{\"$state\": {\"store\": \"appState\"}, \"meta\": {\"alias\": \"Partition Metricset\", \"disabled\": false, \"indexRefName\": \"kibanaSavedObjectMeta.searchSourceJSON.filter[0].meta.index\", \"key\": \"metricset.name\", \"negate\": false, \"params\": {\"query\": \"partition\", \"type\": \"phrase\"}, \"type\": \"phrase\", \"value\": \"partition\"}, \"query\": {\"match\": {\"metricset.name\": {\"query\": \"partition\", \"type\": \"phrase\"}}}}, {\"$state\": {\"store\": \"appState\"}, \"meta\": {\"alias\": null, \"disabled\": false, \"indexRefName\": \"kibanaSavedObjectMeta.searchSourceJSON.filter[1].meta.index\", \"key\": \"kafka.topic.name\", \"negate\": true, \"params\": {\"query\": \"__consumer_offsets\", \"type\": \"phrase\"}, \"type\": \"phrase\", \"value\": \"__consumer_offsets\"}, \"query\": {\"match\": {\"kafka.topic.name\": {\"query\": \"__consumer_offsets\", \"type\": \"phrase\"}}}}], \"indexRefName\": \"kibanaSavedObjectMeta.searchSourceJSON.index\", \"query\": {\"language\": \"kuery\", \"query\": \"\"}}"
                },
                "title": "Kafka Metrics [Metricbeat Kafka] ECS",
                "uiStateJSON": "{}",
                "version": 1,
                "visState": "{\"aggs\": [{\"enabled\": true, \"id\": \"1\", \"params\": {\"customLabel\": \"Topics\", \"field\": \"kafka.topic.name\"}, \"schema\": \"metric\", \"type\": \"cardinality\"}, {\"enabled\": true, \"id\": \"3\", \"params\": {\"customLabel\": \"Brokers\", \"field\": \"kafka.partition.broker.id\"}, \"schema\": \"metric\", \"type\": \"cardinality\"}, {\"enabled\": true, \"id\": \"5\", \"params\": {\"customLabel\": \"Partitions\", \"field\": \"kafka.partition.topic_id\"}, \"schema\": \"metric\", \"type\": \"cardinality\"}, {\"enabled\": true, \"id\": \"6\", \"params\": {\"customLabel\": \"Replicas\", \"field\": \"kafka.partition.topic_broker_id\"}, \"schema\": \"metric\", \"type\": \"cardinality\"}], \"params\": {\"addLegend\": false, \"addTooltip\": true, \"metric\": {\"colorSchema\": \"Green to Red\", \"colorsRange\": [{\"from\": 0, \"to\": 10000}], \"invertColors\": false, \"labels\": {\"show\": true}, \"metricColorMode\": \"None\", \"percentageMode\": false, \"style\": {\"bgColor\": false, \"bgFill\": \"#000\", \"fontSize\": 32, \"labelColor\": false, \"subText\": \"\"}, \"useRanges\": false}, \"type\": \"metric\"}, \"title\": \"Kafka Metrics [Metricbeat Kafka] ECS\", \"type\": \"metric\"}"
            },
            "id": "dc89f8d0-8e8e-11e8-8fa2-3d5f811fbd0f-ecs",
            "migrationVersion": {
                "visualization": "7.3.1"
            },
            "references": [
                {
                    "id": "metricbeat-*",
                    "name": "kibanaSavedObjectMeta.searchSourceJSON.index",
                    "type": "index-pattern"
                },
                {
                    "id": "metricbeat-*",
                    "name": "kibanaSavedObjectMeta.searchSourceJSON.filter[0].meta.index",
                    "type": "index-pattern"
                },
                {
                    "id": "metricbeat-*",
                    "name": "kibanaSavedObjectMeta.searchSourceJSON.filter[1].meta.index",
                    "type": "index-pattern"
                }
            ],
            "type": "visualization",
            "updated_at": "2019-11-29T09:36:17.646Z",
            "version": "WzI2NDIsMV0="
        },
        {
            "attributes": {
                "description": "",
                "kibanaSavedObjectMeta": {
                    "searchSourceJSON": "{}"
                },
                "title": "Consumer Partition Reassignments [Metricbeat Kafka] ECS",
                "uiStateJSON": "{}",
                "version": 1,
                "visState": "{\"aggs\": [], \"params\": {\"axis_formatter\": \"number\", \"axis_max\": \"1\", \"axis_min\": \"-1\", \"axis_position\": \"right\", \"filter\": {\"language\": \"lucene\", \"query\": \"NOT kafka.topic.name:__consumer_offsets\"}, \"id\": \"61ca57f0-469d-11e7-af02-69e470af7417\", \"index_pattern\": \"metricbeat-*\", \"interval\": \"auto\", \"series\": [{\"axis_position\": \"right\", \"chart_type\": \"line\", \"color\": \"#68BC00\", \"fill\": \"0\", \"formatter\": \"number\", \"hide_in_legend\": 0, \"id\": \"61ca57f1-469d-11e7-af02-69e470af7417\", \"label\": \"Consumer -> Partition Reassignment\", \"line_width\": \"1\", \"metrics\": [{\"field\": \"kafka.consumergroup.partition\", \"id\": \"61ca57f2-469d-11e7-af02-69e470af7417\", \"type\": \"sum\"}, {\"field\": \"61ca57f2-469d-11e7-af02-69e470af7417\", \"id\": \"6b69c760-8f20-11e8-8927-d7e991b5b6ab\", \"type\": \"derivative\", \"unit\": \"\"}, {\"id\": \"976f9d80-8f20-11e8-8927-d7e991b5b6ab\", \"script\": \"if (params.sum_partition < 0) { return -1 } else if (params.sum_partition > 0) { return 1 }\", \"type\": \"calculation\", \"variables\": [{\"field\": \"6b69c760-8f20-11e8-8927-d7e991b5b6ab\", \"id\": \"99cc2b20-8f20-11e8-8927-d7e991b5b6ab\", \"name\": \"sum_partition\"}]}], \"point_size\": \"20\", \"seperate_axis\": 0, \"split_color_mode\": \"rainbow\", \"split_mode\": \"terms\", \"stacked\": \"none\", \"terms_field\": \"kafka.consumergroup.id\", \"value_template\": \"\"}], \"show_grid\": 1, \"show_legend\": 1, \"time_field\": \"@timestamp\", \"type\": \"timeseries\"}, \"title\": \"Consumer Partition Reassignments [Metricbeat Kafka] ECS\", \"type\": \"metrics\"}"
            },
            "id": "587f2360-8f21-11e8-8fa2-3d5f811fbd0f-ecs",
            "migrationVersion": {
                "visualization": "7.3.1"
            },
            "references": [],
            "type": "visualization",
            "updated_at": "2019-11-29T09:36:17.646Z",
            "version": "WzI2NDMsMV0="
        },
        {
            "attributes": {
                "description": "",
                "kibanaSavedObjectMeta": {
                    "searchSourceJSON": "{\"filter\": [{\"$state\": {\"store\": \"appState\"}, \"meta\": {\"alias\": null, \"disabled\": false, \"indexRefName\": \"kibanaSavedObjectMeta.searchSourceJSON.filter[0].meta.index\", \"key\": \"kafka.topic.name\", \"negate\": true, \"params\": {\"query\": \"__consumer_offsets\", \"type\": \"phrase\"}, \"type\": \"phrase\", \"value\": \"__consumer_offsets\"}, \"query\": {\"match\": {\"kafka.topic.name\": {\"query\": \"__consumer_offsets\", \"type\": \"phrase\"}}}}], \"indexRefName\": \"kibanaSavedObjectMeta.searchSourceJSON.index\", \"query\": {\"language\": \"kuery\", \"query\": \"\"}}"
                },
                "title": "Consumer Metrics [Metricbeat Kafka] ECS",
                "uiStateJSON": "{}",
                "version": 1,
                "visState": "{\"aggs\": [{\"enabled\": true, \"id\": \"1\", \"params\": {\"customLabel\": \"Consumer Groups\", \"field\": \"kafka.consumergroup.id\"}, \"schema\": \"metric\", \"type\": \"cardinality\"}], \"params\": {\"addLegend\": false, \"addTooltip\": true, \"metric\": {\"colorSchema\": \"Green to Red\", \"colorsRange\": [{\"from\": 0, \"to\": 10000}], \"invertColors\": false, \"labels\": {\"show\": true}, \"metricColorMode\": \"None\", \"percentageMode\": false, \"style\": {\"bgColor\": false, \"bgFill\": \"#000\", \"fontSize\": 32, \"labelColor\": false, \"subText\": \"\"}, \"useRanges\": false}, \"type\": \"metric\"}, \"title\": \"Consumer Metrics [Metricbeat Kafka] ECS\", \"type\": \"metric\"}"
            },
            "id": "1681f1a0-90e7-11e8-8fa2-3d5f811fbd0f-ecs",
            "migrationVersion": {
                "visualization": "7.3.1"
            },
            "references": [
                {
                    "id": "metricbeat-*",
                    "name": "kibanaSavedObjectMeta.searchSourceJSON.index",
                    "type": "index-pattern"
                },
                {
                    "id": "metricbeat-*",
                    "name": "kibanaSavedObjectMeta.searchSourceJSON.filter[0].meta.index",
                    "type": "index-pattern"
                }
            ],
            "type": "visualization",
            "updated_at": "2019-11-29T09:36:17.646Z",
            "version": "WzI2NDQsMV0="
        },
        {
            "attributes": {
                "description": "",
                "kibanaSavedObjectMeta": {
                    "searchSourceJSON": "{\"filter\": [], \"indexRefName\": \"kibanaSavedObjectMeta.searchSourceJSON.index\", \"query\": {\"language\": \"kuery\", \"query\": \"\"}}"
                },
                "title": "Kafka Consumer Group Clients [Metricbeat Kafka] ECS",
                "uiStateJSON": "{\"vis\": {\"params\": {\"sort\": {\"columnIndex\": null, \"direction\": null}}}}",
                "version": 1,
                "visState": "{\"aggs\": [{\"enabled\": true, \"id\": \"1\", \"params\": {\"customLabel\": \"Newest Offset\", \"field\": \"kafka.consumergroup.offset\"}, \"schema\": \"metric\", \"type\": \"max\"}, {\"enabled\": true, \"id\": \"2\", \"params\": {\"customLabel\": \"Consumer group client\", \"field\": \"kafka.consumergroup.client.id\", \"missingBucket\": false, \"missingBucketLabel\": \"Missing\", \"order\": \"desc\", \"orderBy\": \"_term\", \"otherBucket\": false, \"otherBucketLabel\": \"Other\", \"size\": 64}, \"schema\": \"bucket\", \"type\": \"terms\"}, {\"enabled\": true, \"id\": \"3\", \"params\": {\"customLabel\": \"Topic\", \"field\": \"kafka.topic.name\", \"missingBucket\": false, \"missingBucketLabel\": \"Missing\", \"order\": \"desc\", \"orderBy\": \"1\", \"otherBucket\": false, \"otherBucketLabel\": \"Other\", \"size\": 64}, \"schema\": \"bucket\", \"type\": \"terms\"}, {\"enabled\": true, \"id\": \"4\", \"params\": {\"customLabel\": \"Partition\", \"field\": \"kafka.partition.id\", \"missingBucket\": false, \"missingBucketLabel\": \"Missing\", \"order\": \"desc\", \"orderBy\": \"1\", \"otherBucket\": false, \"otherBucketLabel\": \"Other\", \"size\": 256}, \"schema\": \"bucket\", \"type\": \"terms\"}], \"params\": {\"perPage\": 10, \"showMeticsAtAllLevels\": false, \"showPartialRows\": false, \"showTotal\": false, \"sort\": {\"columnIndex\": null, \"direction\": null}, \"totalFunc\": \"sum\"}, \"title\": \"Kafka Consumer Group Clients [Metricbeat Kafka] ECS\", \"type\": \"table\"}"
            },
            "id": "9a7576e0-d231-11e8-8766-dbbdc39e7ba9-ecs",
            "migrationVersion": {
                "visualization": "7.3.1"
            },
            "references": [
                {
                    "id": "metricbeat-*",
                    "name": "kibanaSavedObjectMeta.searchSourceJSON.index",
                    "type": "index-pattern"
                }
            ],
            "type": "visualization",
            "updated_at": "2019-11-29T09:36:17.646Z",
            "version": "WzI2NDUsMV0="
        },
        {
            "attributes": {
                "description": "",
                "kibanaSavedObjectMeta": {
                    "searchSourceJSON": "{}"
                },
                "title": "Kafka Broker Details [Metricbeat Kafka] ECS",
                "uiStateJSON": "{\"table\": {\"sort\": {\"column\": \"cf09c940-d2ec-11e8-88c8-af5b2a9ee6b2\", \"order\": \"asc\"}}}",
                "version": 1,
                "visState": "{\"aggs\": [], \"params\": {\"axis_formatter\": \"number\", \"axis_position\": \"left\", \"bar_color_rules\": [{\"id\": \"7fb31e00-d2ec-11e8-88c8-af5b2a9ee6b2\"}], \"filter\": \"\", \"id\": \"61ca57f0-469d-11e7-af02-69e470af7417\", \"index_pattern\": \"metricbeat-*\", \"interval\": \"auto\", \"pivot_id\": \"kafka.partition.partition.replica\", \"pivot_label\": \"Broker ID\", \"pivot_rows\": \"256\", \"series\": [{\"axis_position\": \"right\", \"chart_type\": \"line\", \"color\": \"#68BC00\", \"fill\": 0.5, \"formatter\": \"number\", \"id\": \"61ca57f1-469d-11e7-af02-69e470af7417\", \"label\": \"Topics\", \"line_width\": 1, \"metrics\": [{\"field\": \"kafka.topic.name\", \"id\": \"61ca57f2-469d-11e7-af02-69e470af7417\", \"type\": \"cardinality\"}], \"point_size\": 1, \"seperate_axis\": 0, \"split_mode\": \"terms\", \"stacked\": \"none\", \"terms_field\": \"kafka.broker.id\", \"terms_size\": \"100\"}, {\"axis_position\": \"right\", \"chart_type\": \"line\", \"color\": \"#68BC00\", \"color_rules\": [{\"id\": \"7e9ee780-d2ef-11e8-9dd4-c5f03280d7b0\"}], \"fill\": 0.5, \"filter\": {\"language\": \"lucene\", \"query\": \"kafka.partition.partition.is_leader: true\"}, \"formatter\": \"number\", \"id\": \"b38e91a0-d2ec-11e8-88c8-af5b2a9ee6b2\", \"label\": \"Leader Partitions\", \"line_width\": 1, \"metrics\": [{\"field\": \"kafka.partition.topic_id\", \"id\": \"b38eb8b0-d2ec-11e8-88c8-af5b2a9ee6b2\", \"type\": \"cardinality\"}], \"point_size\": 1, \"seperate_axis\": 0, \"split_mode\": \"everything\", \"stacked\": \"none\"}, {\"axis_position\": \"right\", \"chart_type\": \"line\", \"color\": \"#68BC00\", \"color_rules\": [{\"id\": \"d4d9d2c0-d2ec-11e8-88c8-af5b2a9ee6b2\"}], \"fill\": 0.5, \"filter\": \"\", \"formatter\": \"number\", \"id\": \"cf09c940-d2ec-11e8-88c8-af5b2a9ee6b2\", \"label\": \"Replicas\", \"line_width\": 1, \"metrics\": [{\"field\": \"kafka.partition.topic_broker_id\", \"id\": \"cf09f050-d2ec-11e8-88c8-af5b2a9ee6b2\", \"type\": \"cardinality\"}], \"point_size\": 1, \"seperate_axis\": 0, \"split_mode\": \"everything\", \"stacked\": \"none\"}], \"show_grid\": 1, \"show_legend\": 1, \"time_field\": \"@timestamp\", \"type\": \"table\"}, \"title\": \"Kafka Broker Details [Metricbeat Kafka] ECS\", \"type\": \"metrics\"}"
            },
            "id": "27dd5960-d2ed-11e8-8766-dbbdc39e7ba9-ecs",
            "migrationVersion": {
                "visualization": "7.3.1"
            },
            "references": [],
            "type": "visualization",
            "updated_at": "2019-11-29T09:36:17.646Z",
            "version": "WzI2NDYsMV0="
        },
        {
            "attributes": {
                "description": "",
                "kibanaSavedObjectMeta": {
                    "searchSourceJSON": "{}"
                },
                "title": "Kafka Topic Details [Metricbeat Kafka] ECS",
                "uiStateJSON": "{\"table\": {\"sort\": {\"column\": \"_default_\", \"order\": \"asc\"}}}",
                "version": 1,
                "visState": "{\"aggs\": [], \"params\": {\"axis_formatter\": \"number\", \"axis_position\": \"left\", \"bar_color_rules\": [{\"id\": \"f81e47a0-d2f3-11e8-9dd4-c5f03280d7b0\"}], \"filter\": {\"language\": \"lucene\", \"query\": \"NOT kafka.topic.name: __consumer_offsets\"}, \"id\": \"61ca57f0-469d-11e7-af02-69e470af7417\", \"index_pattern\": \"metricbeat-*\", \"interval\": \"auto\", \"pivot_id\": \"kafka.topic.name\", \"pivot_label\": \"Topic Name\", \"series\": [{\"axis_position\": \"right\", \"chart_type\": \"line\", \"color\": \"#68BC00\", \"color_rules\": [{\"id\": \"f07881d0-d2f5-11e8-95b9-eb9260148efc\"}], \"fill\": 0.5, \"filter\": {\"language\": \"lucene\", \"query\": \" metricset.name: partition\"}, \"formatter\": \"number\", \"id\": \"61ca57f1-469d-11e7-af02-69e470af7417\", \"label\": \"Brokers\", \"line_width\": 1, \"metrics\": [{\"field\": \"kafka.broker.id\", \"id\": \"61ca57f2-469d-11e7-af02-69e470af7417\", \"type\": \"cardinality\"}], \"point_size\": 1, \"seperate_axis\": 0, \"split_mode\": \"everything\", \"stacked\": \"none\"}, {\"axis_position\": \"right\", \"chart_type\": \"line\", \"color\": \"#68BC00\", \"color_rules\": [{\"id\": \"fb759e10-d2f5-11e8-95b9-eb9260148efc\"}], \"fill\": 0.5, \"filter\": {\"language\": \"lucene\", \"query\": \" metricset.name: partition\"}, \"formatter\": \"number\", \"id\": \"7d640440-d2f4-11e8-9dd4-c5f03280d7b0\", \"label\": \"Partitions\", \"line_width\": 1, \"metrics\": [{\"field\": \"kafka.partition.id\", \"id\": \"7d640441-d2f4-11e8-9dd4-c5f03280d7b0\", \"type\": \"cardinality\"}], \"point_size\": 1, \"seperate_axis\": 0, \"split_mode\": \"everything\", \"stacked\": \"none\"}, {\"axis_position\": \"right\", \"chart_type\": \"line\", \"color\": \"#68BC00\", \"color_rules\": [{\"id\": \"fdb1ab60-d2f5-11e8-95b9-eb9260148efc\"}], \"fill\": 0.5, \"filter\": {\"language\": \"lucene\", \"query\": \" metricset.name: partition\"}, \"formatter\": \"number\", \"id\": \"ad26e260-d2f4-11e8-9dd4-c5f03280d7b0\", \"label\": \"Replicas\", \"line_width\": 1, \"metrics\": [{\"field\": \"kafka.partition.topic_broker_id\", \"id\": \"ad26e261-d2f4-11e8-9dd4-c5f03280d7b0\", \"type\": \"cardinality\"}], \"point_size\": 1, \"seperate_axis\": 0, \"split_mode\": \"everything\", \"stacked\": \"none\"}, {\"axis_position\": \"right\", \"chart_type\": \"line\", \"color\": \"#68BC00\", \"color_rules\": [{\"id\": \"ff90f2b0-d2f5-11e8-95b9-eb9260148efc\"}], \"fill\": 0.5, \"filter\": {\"language\": \"lucene\", \"query\": \" metricset.name: consumergroup\"}, \"formatter\": \"number\", \"id\": \"26d2cd90-d2f5-11e8-9dd4-c5f03280d7b0\", \"label\": \"Consumers\", \"line_width\": 1, \"metrics\": [{\"field\": \"kafka.consumergroup.client.id\", \"id\": \"26d2cd91-d2f5-11e8-9dd4-c5f03280d7b0\", \"type\": \"cardinality\"}], \"point_size\": 1, \"seperate_axis\": 0, \"split_mode\": \"everything\", \"stacked\": \"none\"}, {\"axis_position\": \"right\", \"chart_type\": \"line\", \"color\": \"#68BC00\", \"color_rules\": [{\"id\": \"ea4984e0-d2f4-11e8-9dd4-c5f03280d7b0\"}], \"fill\": 0.5, \"filter\": {\"language\": \"lucene\", \"query\": \" metricset.name: partition\"}, \"formatter\": \"number\", \"id\": \"dc390e20-d2f4-11e8-9dd4-c5f03280d7b0\", \"label\": \"Newest Offset\", \"line_width\": 1, \"metrics\": [{\"field\": \"kafka.partition.offset.newest\", \"id\": \"dc393530-d2f4-11e8-9dd4-c5f03280d7b0\", \"type\": \"max\"}], \"point_size\": 1, \"seperate_axis\": 0, \"split_mode\": \"everything\", \"stacked\": \"none\"}, {\"axis_position\": \"right\", \"chart_type\": \"line\", \"color\": \"#68BC00\", \"color_rules\": [{\"id\": \"043b67f0-d2f6-11e8-95b9-eb9260148efc\"}], \"fill\": 0.5, \"filter\": {\"language\": \"lucene\", \"query\": \" metricset.name: partition\"}, \"formatter\": \"number\", \"id\": \"11366c80-d2f5-11e8-9dd4-c5f03280d7b0\", \"label\": \"Oldest Offset\", \"line_width\": 1, \"metrics\": [{\"field\": \"kafka.partition.offset.oldest\", \"id\": \"11366c81-d2f5-11e8-9dd4-c5f03280d7b0\", \"type\": \"min\"}], \"point_size\": 1, \"seperate_axis\": 0, \"split_mode\": \"everything\", \"stacked\": \"none\"}], \"show_grid\": 1, \"show_legend\": 1, \"time_field\": \"@timestamp\", \"type\": \"table\"}, \"title\": \"Kafka Topic Details [Metricbeat Kafka] ECS\", \"type\": \"metrics\"}"
            },
            "id": "491fee50-d2f5-11e8-8766-dbbdc39e7ba9-ecs",
            "migrationVersion": {
                "visualization": "7.3.1"
            },
            "references": [],
            "type": "visualization",
            "updated_at": "2019-11-29T09:36:17.646Z",
            "version": "WzI2NDcsMV0="
        }
    ],
    "version": "7.4.0"
}