{
    "objects": [
        {
            "attributes": {
                "description": "This dashboard gives an overview of resource costs and forecast",
                "hits": 0,
                "kibanaSavedObjectMeta": {
                    "searchSourceJSON": "{\"filter\": [], \"query\": {\"language\": \"kuery\", \"query\": \"\"}}"
                },
                "optionsJSON": "{\"hidePanelTitles\": false, \"useMargins\": true}",
                "panelsJSON": "[{\"embeddableConfig\": {\"title\": \"\"}, \"gridData\": {\"h\": 5, \"i\": \"3202a4c8-ed88-4592-9d39-73846426413b\", \"w\": 48, \"x\": 0, \"y\": 0}, \"panelIndex\": \"3202a4c8-ed88-4592-9d39-73846426413b\", \"panelRefName\": \"panel_0\", \"version\": \"8.0.0-SNAPSHOT\"}, {\"embeddableConfig\": {\"title\": \"Subscriptions\"}, \"gridData\": {\"h\": 16, \"i\": \"c18f8802-6189-4966-abe5-30bf2c7c6d63\", \"w\": 15, \"x\": 0, \"y\": 5}, \"panelIndex\": \"c18f8802-6189-4966-abe5-30bf2c7c6d63\", \"panelRefName\": \"panel_1\", \"title\": \"Subscriptions\", \"version\": \"8.0.0-SNAPSHOT\"}, {\"embeddableConfig\": {\"title\": \"Resource groups\"}, \"gridData\": {\"h\": 16, \"i\": \"0a93b125-de04-466e-a1d0-7b56d1b31b52\", \"w\": 16, \"x\": 15, \"y\": 5}, \"panelIndex\": \"0a93b125-de04-466e-a1d0-7b56d1b31b52\", \"panelRefName\": \"panel_2\", \"title\": \"Resource groups\", \"version\": \"8.0.0-SNAPSHOT\"}, {\"embeddableConfig\": {\"title\": \"Resources\"}, \"gridData\": {\"h\": 16, \"i\": \"f6b54b8f-b9e5-4c20-9e4c-8f83935ca739\", \"w\": 17, \"x\": 31, \"y\": 5}, \"panelIndex\": \"f6b54b8f-b9e5-4c20-9e4c-8f83935ca739\", \"panelRefName\": \"panel_3\", \"title\": \"Resources\", \"version\": \"8.0.0-SNAPSHOT\"}, {\"embeddableConfig\": {\"title\": \"Forecast\"}, \"gridData\": {\"h\": 17, \"i\": \"323f890e-c4d6-4c84-a3d8-f3d4277d3c2f\", \"w\": 48, \"x\": 0, \"y\": 21}, \"panelIndex\": \"323f890e-c4d6-4c84-a3d8-f3d4277d3c2f\", \"panelRefName\": \"panel_4\", \"title\": \"Forecast\", \"version\": \"8.0.0-SNAPSHOT\"}, {\"embeddableConfig\": {\"title\": \"Daily usage\"}, \"gridData\": {\"h\": 15, \"i\": \"fb121db4-1343-4e4d-b1a3-e3f3531ae045\", \"w\": 48, \"x\": 0, \"y\": 38}, \"panelIndex\": \"fb121db4-1343-4e4d-b1a3-e3f3531ae045\", \"panelRefName\": \"panel_5\", \"title\": \"Daily usage\", \"version\": \"8.0.0-SNAPSHOT\"}]",
                "timeRestore": false,
                "title": "[Metricbeat Azure] Billing overview",
                "version": 1
            },
            "id": "d3efeb30-c1c7-11ea-b7e7-0f48178cdb3c",
            "migrationVersion": {
                "dashboard": "7.3.0"
            },
            "references": [
                {
                    "id": "82a51dd0-c1d7-11ea-b7e7-0f48178cdb3c",
                    "name": "panel_0",
                    "type": "visualization"
                },
                {
                    "id": "6ffa7e20-c1da-11ea-b7e7-0f48178cdb3c",
                    "name": "panel_1",
                    "type": "visualization"
                },
                {
                    "id": "b18053b0-c1da-11ea-b7e7-0f48178cdb3c",
                    "name": "panel_2",
                    "type": "visualization"
                },
                {
                    "id": "c8016f70-c1da-11ea-b7e7-0f48178cdb3c",
                    "name": "panel_3",
                    "type": "visualization"
                },
                {
                    "id": "9142aca0-c1c7-11ea-b7e7-0f48178cdb3c",
                    "name": "panel_4",
                    "type": "visualization"
                },
                {
                    "id": "05d5b3e0-c1c9-11ea-b7e7-0f48178cdb3c",
                    "name": "panel_5",
                    "type": "visualization"
                }
            ],
            "type": "dashboard",
            "updated_at": "2020-07-09T12:59:36.436Z",
            "version": "WzMyNjMsOF0="
        },
        {
            "attributes": {
                "description": "",
                "kibanaSavedObjectMeta": {
                    "searchSourceJSON": "{\"filter\": [], \"query\": {\"language\": \"kuery\", \"query\": \"\"}}"
                },
                "title": "Billing Filters [Metricbeat Azure]",
                "uiStateJSON": "{}",
                "version": 1,
                "visState": "{\"aggs\": [], \"params\": {\"controls\": [{\"fieldName\": \"azure.billing.department_name\", \"id\": \"1594294278147\", \"indexPatternRefName\": \"control_0_index_pattern\", \"label\": \"Department\", \"options\": {\"dynamicOptions\": true, \"multiselect\": true, \"order\": \"desc\", \"size\": 5, \"type\": \"terms\"}, \"parent\": \"\", \"type\": \"list\"}, {\"fieldName\": \"azure.billing.account_name\", \"id\": \"1594294329560\", \"indexPatternRefName\": \"control_1_index_pattern\", \"label\": \"Account\", \"options\": {\"dynamicOptions\": true, \"multiselect\": true, \"order\": \"desc\", \"size\": 5, \"type\": \"terms\"}, \"parent\": \"\", \"type\": \"list\"}, {\"fieldName\": \"azure.subscription_id\", \"id\": \"1549397251041\", \"indexPatternRefName\": \"control_2_index_pattern\", \"label\": \"Subscription\", \"options\": {\"dynamicOptions\": true, \"multiselect\": false, \"order\": \"desc\", \"size\": 5, \"type\": \"terms\"}, \"parent\": \"\", \"type\": \"list\"}, {\"fieldName\": \"azure.resource.group\", \"id\": \"1549512142947\", \"indexPatternRefName\": \"control_3_index_pattern\", \"label\": \"Resource Group\", \"options\": {\"dynamicOptions\": true, \"multiselect\": true, \"order\": \"desc\", \"size\": 5, \"type\": \"terms\"}, \"parent\": \"\", \"type\": \"list\"}, {\"fieldName\": \"azure.resource.name\", \"id\": \"1578578146383\", \"indexPatternRefName\": \"control_4_index_pattern\", \"label\": \"Resource Name\", \"options\": {\"dynamicOptions\": true, \"multiselect\": true, \"order\": \"desc\", \"size\": 5, \"type\": \"terms\"}, \"parent\": \"\", \"type\": \"list\"}], \"pinFilters\": false, \"updateFiltersOnChange\": true, \"useTimeFilter\": false}, \"title\": \"Billing Filters [Metricbeat Azure]\", \"type\": \"input_control_vis\"}"
            },
            "id": "82a51dd0-c1d7-11ea-b7e7-0f48178cdb3c",
            "migrationVersion": {
                "visualization": "7.4.2"
            },
            "references": [
                {
                    "id": "metricbeat-*",
                    "name": "control_0_index_pattern",
                    "type": "index-pattern"
                },
                {
                    "id": "metricbeat-*",
                    "name": "control_1_index_pattern",
                    "type": "index-pattern"
                },
                {
                    "id": "metricbeat-*",
                    "name": "control_2_index_pattern",
                    "type": "index-pattern"
                },
                {
                    "id": "metricbeat-*",
                    "name": "control_3_index_pattern",
                    "type": "index-pattern"
                },
                {
                    "id": "metricbeat-*",
                    "name": "control_4_index_pattern",
                    "type": "index-pattern"
                }
            ],
            "type": "visualization",
            "updated_at": "2020-07-09T11:41:03.757Z",
            "version": "WzMxMzksOF0="
        },
        {
            "attributes": {
                "description": "",
                "kibanaSavedObjectMeta": {
                    "searchSourceJSON": "{\"filter\": [], \"indexRefName\": \"kibanaSavedObjectMeta.searchSourceJSON.index\", \"query\": {\"language\": \"kuery\", \"query\": \"\"}}"
                },
                "title": "Billing subscriptions [Metricbeat Azure]",
                "uiStateJSON": "{}",
                "version": 1,
                "visState": "{\"aggs\": [{\"enabled\": true, \"id\": \"1\", \"params\": {\"customLabel\": \"Total costs\", \"field\": \"azure.billing.pretax_cost\"}, \"schema\": \"metric\", \"type\": \"sum\"}, {\"enabled\": true, \"id\": \"2\", \"params\": {\"field\": \"azure.subscription_id\", \"missingBucket\": false, \"missingBucketLabel\": \"Missing\", \"order\": \"desc\", \"orderBy\": \"1\", \"otherBucket\": false, \"otherBucketLabel\": \"Other\", \"size\": 5}, \"schema\": \"segment\", \"type\": \"terms\"}], \"params\": {\"addLegend\": true, \"addTooltip\": true, \"isDonut\": true, \"labels\": {\"last_level\": true, \"show\": false, \"truncate\": 100, \"values\": true}, \"legendPosition\": \"right\", \"type\": \"pie\"}, \"title\": \"Billing subscriptions [Metricbeat Azure]\", \"type\": \"pie\"}"
            },
            "id": "6ffa7e20-c1da-11ea-b7e7-0f48178cdb3c",
            "migrationVersion": {
                "visualization": "7.4.2"
            },
            "references": [
                {
                    "id": "metricbeat-*",
                    "name": "kibanaSavedObjectMeta.searchSourceJSON.index",
                    "type": "index-pattern"
                }
            ],
            "type": "visualization",
            "updated_at": "2020-07-09T11:50:51.393Z",
            "version": "WzMyMjYsOF0="
        },
        {
            "attributes": {
                "description": "",
                "kibanaSavedObjectMeta": {
                    "searchSourceJSON": "{\"filter\": [], \"indexRefName\": \"kibanaSavedObjectMeta.searchSourceJSON.index\", \"query\": {\"language\": \"kuery\", \"query\": \"\"}}"
                },
                "title": "Billing resource groups [Metricbeat Azure]",
                "uiStateJSON": "{}",
                "version": 1,
                "visState": "{\"aggs\": [{\"enabled\": true, \"id\": \"1\", \"params\": {\"customLabel\": \"Total costs\", \"field\": \"azure.billing.pretax_cost\"}, \"schema\": \"metric\", \"type\": \"sum\"}, {\"enabled\": true, \"id\": \"2\", \"params\": {\"field\": \"azure.resource.group\", \"missingBucket\": false, \"missingBucketLabel\": \"Missing\", \"order\": \"desc\", \"orderBy\": \"1\", \"otherBucket\": false, \"otherBucketLabel\": \"Other\", \"size\": 5}, \"schema\": \"segment\", \"type\": \"terms\"}], \"params\": {\"addLegend\": true, \"addTooltip\": true, \"isDonut\": true, \"labels\": {\"last_level\": true, \"show\": false, \"truncate\": 100, \"values\": true}, \"legendPosition\": \"right\", \"row\": true, \"type\": \"pie\"}, \"title\": \"Billing resource groups [Metricbeat Azure]\", \"type\": \"pie\"}"
            },
            "id": "b18053b0-c1da-11ea-b7e7-0f48178cdb3c",
            "migrationVersion": {
                "visualization": "7.4.2"
            },
            "references": [
                {
                    "id": "metricbeat-*",
                    "name": "kibanaSavedObjectMeta.searchSourceJSON.index",
                    "type": "index-pattern"
                }
            ],
            "type": "visualization",
            "updated_at": "2020-07-09T11:52:41.323Z",
            "version": "WzMyMjcsOF0="
        },
        {
            "attributes": {
                "description": "",
                "kibanaSavedObjectMeta": {
                    "searchSourceJSON": "{\"filter\": [], \"indexRefName\": \"kibanaSavedObjectMeta.searchSourceJSON.index\", \"query\": {\"language\": \"kuery\", \"query\": \"\"}}"
                },
                "title": "Billing resource names [Metricbeat Azure]",
                "uiStateJSON": "{}",
                "version": 1,
                "visState": "{\"aggs\": [{\"enabled\": true, \"id\": \"1\", \"params\": {\"customLabel\": \"Total costs\", \"field\": \"azure.billing.pretax_cost\"}, \"schema\": \"metric\", \"type\": \"sum\"}, {\"enabled\": true, \"id\": \"2\", \"params\": {\"field\": \"azure.resource.name\", \"missingBucket\": false, \"missingBucketLabel\": \"Missing\", \"order\": \"desc\", \"orderBy\": \"1\", \"otherBucket\": false, \"otherBucketLabel\": \"Other\", \"size\": 5}, \"schema\": \"segment\", \"type\": \"terms\"}], \"params\": {\"addLegend\": true, \"addTooltip\": true, \"isDonut\": true, \"labels\": {\"last_level\": true, \"show\": false, \"truncate\": 100, \"values\": true}, \"legendPosition\": \"right\", \"row\": true, \"type\": \"pie\"}, \"title\": \"Billing resource names [Metricbeat Azure]\", \"type\": \"pie\"}"
            },
            "id": "c8016f70-c1da-11ea-b7e7-0f48178cdb3c",
            "migrationVersion": {
                "visualization": "7.4.2"
            },
            "references": [
                {
                    "id": "metricbeat-*",
                    "name": "kibanaSavedObjectMeta.searchSourceJSON.index",
                    "type": "index-pattern"
                }
            ],
            "type": "visualization",
            "updated_at": "2020-07-09T11:53:19.079Z",
            "version": "WzMyMjgsOF0="
        },
        {
            "attributes": {
                "description": "",
                "kibanaSavedObjectMeta": {
                    "searchSourceJSON": "{\"filter\": [], \"query\": {\"language\": \"kuery\", \"query\": \"\"}}"
                },
                "title": "Charges Forecast [Metricbeat Azure]",
                "uiStateJSON": "{}",
                "version": 1,
                "visState": "{\"aggs\": [], \"params\": {\"axis_formatter\": \"number\", \"axis_position\": \"left\", \"axis_scale\": \"normal\", \"background_color_rules\": [{\"id\": \"1f64e4e0-c1c7-11ea-879f-d1f118e66220\"}], \"bar_color_rules\": [{\"id\": \"20dbcd70-c1c7-11ea-879f-d1f118e66220\"}], \"default_index_pattern\": \"metricbeat-*\", \"default_timefield\": \"@timestamp\", \"drop_last_bucket\": 1, \"gauge_color_rules\": [{\"id\": \"22692430-c1c7-11ea-879f-d1f118e66220\"}], \"gauge_inner_width\": 10, \"gauge_style\": \"half\", \"gauge_width\": 10, \"id\": \"61ca57f0-469d-11e7-af02-69e470af7417\", \"index_pattern\": \"metricbeat-*\", \"interval\": \"24h\", \"isModelInvalid\": false, \"series\": [{\"axis_position\": \"right\", \"chart_type\": \"line\", \"color\": \"rgba(25,77,51,1)\", \"fill\": \"0.7\", \"formatter\": \"number\", \"hide_in_legend\": 0, \"id\": \"61ca57f1-469d-11e7-af02-69e470af7417\", \"label\": \"Actual costs\", \"line_width\": 1, \"metrics\": [{\"agg_with\": \"avg\", \"field\": \"azure.billing.actual_cost\", \"id\": \"61ca57f2-469d-11e7-af02-69e470af7417\", \"order\": \"desc\", \"order_by\": \"@timestamp\", \"size\": 1, \"type\": \"top_hit\"}], \"override_index_pattern\": 0, \"point_size\": 1, \"separate_axis\": 0, \"split_color_mode\": \"kibana\", \"split_mode\": \"everything\", \"stacked\": \"none\", \"steps\": 1, \"terms_field\": \"azure.billing.usage_date\", \"type\": \"timeseries\", \"value_template\": \"{{value}}\"}, {\"axis_position\": \"right\", \"chart_type\": \"line\", \"color\": \"rgba(104,188,0,1)\", \"fill\": \"0.5\", \"formatter\": \"number\", \"id\": \"d09632c0-c120-11ea-b262-d3ff1f3885f8\", \"label\": \"Forecast costs\", \"line_width\": \"2\", \"metrics\": [{\"agg_with\": \"avg\", \"field\": \"azure.billing.forecast_cost\", \"id\": \"d09632c1-c120-11ea-b262-d3ff1f3885f8\", \"order\": \"desc\", \"order_by\": \"@timestamp\", \"size\": 1, \"type\": \"top_hit\"}], \"offset_time\": \"\", \"point_size\": 1, \"separate_axis\": 0, \"split_color_mode\": \"kibana\", \"split_mode\": \"everything\", \"stacked\": \"none\", \"steps\": 0, \"type\": \"timeseries\", \"value_template\": \"{{value}}\"}], \"show_grid\": 1, \"show_legend\": 1, \"time_field\": \"azure.billing.usage_date\", \"tooltip_mode\": \"show_all\", \"type\": \"timeseries\"}, \"title\": \"Charges Forecast [Metricbeat Azure]\", \"type\": \"metrics\"}"
            },
            "id": "9142aca0-c1c7-11ea-b7e7-0f48178cdb3c",
            "migrationVersion": {
                "visualization": "7.4.2"
            },
            "references": [],
            "type": "visualization",
            "updated_at": "2020-07-09T09:45:25.575Z",
            "version": "WzMwMTEsOF0="
        },
        {
            "attributes": {
                "description": "",
                "kibanaSavedObjectMeta": {
                    "searchSourceJSON": "{\"filter\": [], \"query\": {\"language\": \"kuery\", \"query\": \"\"}}"
                },
                "title": "Usage Details [Metricbeat Azure]",
                "uiStateJSON": "{}",
                "version": 1,
                "visState": "{\"aggs\": [], \"params\": {\"axis_formatter\": \"number\", \"axis_position\": \"left\", \"axis_scale\": \"normal\", \"background_color_rules\": [{\"id\": \"1f64e4e0-c1c7-11ea-879f-d1f118e66220\"}], \"bar_color_rules\": [{\"id\": \"20dbcd70-c1c7-11ea-879f-d1f118e66220\"}], \"default_index_pattern\": \"metricbeat-*\", \"default_timefield\": \"@timestamp\", \"drop_last_bucket\": 1, \"gauge_color_rules\": [{\"id\": \"22692430-c1c7-11ea-879f-d1f118e66220\"}], \"gauge_inner_width\": 10, \"gauge_style\": \"half\", \"gauge_width\": 10, \"id\": \"61ca57f0-469d-11e7-af02-69e470af7417\", \"index_pattern\": \"metricbeat-*\", \"interval\": \"24h\", \"isModelInvalid\": false, \"series\": [{\"axis_position\": \"right\", \"chart_type\": \"bar\", \"color\": \"rgba(22,165,165,1)\", \"fill\": \"0.5\", \"formatter\": \"number\", \"id\": \"d09632c0-c120-11ea-b262-d3ff1f3885f8\", \"label\": \"Usage Details\", \"line_width\": \"2\", \"metrics\": [{\"agg_with\": \"sum\", \"field\": \"azure.billing.pretax_cost\", \"id\": \"d09632c1-c120-11ea-b262-d3ff1f3885f8\", \"order\": \"desc\", \"order_by\": \"@timestamp\", \"size\": 1, \"type\": \"sum\"}], \"offset_time\": \"\", \"point_size\": 1, \"separate_axis\": 0, \"split_color_mode\": \"kibana\", \"split_mode\": \"everything\", \"stacked\": \"none\", \"steps\": 0, \"type\": \"timeseries\", \"value_template\": \"{{value}}\"}], \"show_grid\": 1, \"show_legend\": 1, \"time_field\": \"azure.billing.usage_start\", \"tooltip_mode\": \"show_all\", \"type\": \"timeseries\"}, \"title\": \"Usage Details [Metricbeat Azure]\", \"type\": \"metrics\"}"
            },
            "id": "05d5b3e0-c1c9-11ea-b7e7-0f48178cdb3c",
            "migrationVersion": {
                "visualization": "7.4.2"
            },
            "references": [],
            "type": "visualization",
            "updated_at": "2020-07-09T11:36:42.328Z",
            "version": "WzMwOTQsOF0="
        }
    ],
    "version": "8.0.0-SNAPSHOT"
}