{
    "objects": [
        {
            "attributes": {
                "description": "This dashboard shows metrics for the IIS server.",
                "hits": 0,
                "kibanaSavedObjectMeta": {
                    "searchSourceJSON": "{\"filter\": [], \"query\": {\"language\": \"kuery\", \"query\": \"\"}}"
                },
                "optionsJSON": "{\"hidePanelTitles\": false, \"useMargins\": true}",
                "panelsJSON": "[{\"embeddableConfig\": {\"title\": \"\"}, \"gridData\": {\"h\": 5, \"i\": \"55b62196-f0fa-4473-a578-c5197ae7581c\", \"w\": 10, \"x\": 0, \"y\": 0}, \"panelIndex\": \"55b62196-f0fa-4473-a578-c5197ae7581c\", \"panelRefName\": \"panel_0\", \"version\": \"7.6.2\"}, {\"embeddableConfig\": {\"title\": \"\"}, \"gridData\": {\"h\": 9, \"i\": \"9f1c724a-e57a-4667-8930-b60997efeee5\", \"w\": 9, \"x\": 10, \"y\": 0}, \"panelIndex\": \"9f1c724a-e57a-4667-8930-b60997efeee5\", \"panelRefName\": \"panel_1\", \"version\": \"7.6.2\"}, {\"embeddableConfig\": {\"title\": \"\"}, \"gridData\": {\"h\": 9, \"i\": \"5aeeab99-314c-4732-b731-ebd390fa9210\", \"w\": 10, \"x\": 19, \"y\": 0}, \"panelIndex\": \"5aeeab99-314c-4732-b731-ebd390fa9210\", \"panelRefName\": \"panel_2\", \"version\": \"7.6.2\"}, {\"embeddableConfig\": {\"title\": \"\"}, \"gridData\": {\"h\": 9, \"i\": \"88113bca-98b0-4877-b768-46f9b1c29751\", \"w\": 10, \"x\": 29, \"y\": 0}, \"panelIndex\": \"88113bca-98b0-4877-b768-46f9b1c29751\", \"panelRefName\": \"panel_3\", \"version\": \"7.6.2\"}, {\"embeddableConfig\": {\"title\": \"\"}, \"gridData\": {\"h\": 9, \"i\": \"0add6210-d7d5-4b66-afaa-bcec0bc445d9\", \"w\": 9, \"x\": 39, \"y\": 0}, \"panelIndex\": \"0add6210-d7d5-4b66-afaa-bcec0bc445d9\", \"panelRefName\": \"panel_4\", \"version\": \"7.6.2\"}, {\"embeddableConfig\": {\"title\": \"\"}, \"gridData\": {\"h\": 8, \"i\": \"e809e015-29b2-496b-aaf1-f461d59b1568\", \"w\": 5, \"x\": 0, \"y\": 5}, \"panelIndex\": \"e809e015-29b2-496b-aaf1-f461d59b1568\", \"panelRefName\": \"panel_5\", \"version\": \"7.6.2\"}, {\"embeddableConfig\": {\"title\": \"\"}, \"gridData\": {\"h\": 8, \"i\": \"6ebec04f-3df0-4995-ae9c-836774f05ea7\", \"w\": 5, \"x\": 5, \"y\": 5}, \"panelIndex\": \"6ebec04f-3df0-4995-ae9c-836774f05ea7\", \"panelRefName\": \"panel_6\", \"version\": \"7.6.2\"}, {\"embeddableConfig\": {\"title\": \"Total Requests\"}, \"gridData\": {\"h\": 12, \"i\": \"41de633b-40aa-4456-967a-5737d139a374\", \"w\": 38, \"x\": 10, \"y\": 9}, \"panelIndex\": \"41de633b-40aa-4456-967a-5737d139a374\", \"panelRefName\": \"panel_7\", \"title\": \"Total Requests\", \"version\": \"7.6.2\"}, {\"embeddableConfig\": {\"title\": \"\"}, \"gridData\": {\"h\": 8, \"i\": \"3e1276ed-2f8f-4a07-948c-cf5ae0de9fc3\", \"w\": 5, \"x\": 0, \"y\": 13}, \"panelIndex\": \"3e1276ed-2f8f-4a07-948c-cf5ae0de9fc3\", \"panelRefName\": \"panel_8\", \"version\": \"7.6.2\"}, {\"embeddableConfig\": {\"title\": \"\"}, \"gridData\": {\"h\": 8, \"i\": \"983e0c36-04f7-4ec0-b6a6-8d2599a63065\", \"w\": 5, \"x\": 5, \"y\": 13}, \"panelIndex\": \"983e0c36-04f7-4ec0-b6a6-8d2599a63065\", \"panelRefName\": \"panel_9\", \"version\": \"7.6.2\"}, {\"embeddableConfig\": {\"title\": \"Total Bytes Transferred\"}, \"gridData\": {\"h\": 14, \"i\": \"aa567463-86ec-4bbe-bf0f-b0d4d1d57bb0\", \"w\": 24, \"x\": 24, \"y\": 21}, \"panelIndex\": \"aa567463-86ec-4bbe-bf0f-b0d4d1d57bb0\", \"panelRefName\": \"panel_10\", \"title\": \"Total Bytes Transferred\", \"version\": \"7.6.2\"}, {\"embeddableConfig\": {\"title\": \"Bytes Transferred/sec\"}, \"gridData\": {\"h\": 14, \"i\": \"623596fb-3f1f-4f2e-b15b-800d197ce1aa\", \"w\": 24, \"x\": 0, \"y\": 21}, \"panelIndex\": \"623596fb-3f1f-4f2e-b15b-800d197ce1aa\", \"panelRefName\": \"panel_11\", \"title\": \"Bytes Transferred/sec\", \"version\": \"7.6.2\"}]",
                "timeRestore": false,
                "title": "[Metricbeat IIS] Webserver Overview",
                "version": 1
            },
            "id": "ebc23240-8572-11ea-91bc-ab084c7ec0e7",
            "migrationVersion": {
                "dashboard": "7.3.0"
            },
            "references": [
                {
                    "id": "40614070-8573-11ea-91bc-ab084c7ec0e7",
                    "name": "panel_0",
                    "type": "visualization"
                },
                {
                    "id": "82f1d7d0-858a-11ea-91bc-ab084c7ec0e7",
                    "name": "panel_1",
                    "type": "visualization"
                },
                {
                    "id": "c92e0b80-8574-11ea-91bc-ab084c7ec0e7",
                    "name": "panel_2",
                    "type": "visualization"
                },
                {
                    "id": "348c4fe0-8575-11ea-91bc-ab084c7ec0e7",
                    "name": "panel_3",
                    "type": "visualization"
                },
                {
                    "id": "461a8640-8576-11ea-91bc-ab084c7ec0e7",
                    "name": "panel_4",
                    "type": "visualization"
                },
                {
                    "id": "c8e467d0-8d55-11ea-817c-a9b6d42fd8a0",
                    "name": "panel_5",
                    "type": "visualization"
                },
                {
                    "id": "df9d0e50-8d55-11ea-817c-a9b6d42fd8a0",
                    "name": "panel_6",
                    "type": "visualization"
                },
                {
                    "id": "75812480-857f-11ea-91bc-ab084c7ec0e7",
                    "name": "panel_7",
                    "type": "visualization"
                },
                {
                    "id": "14e77b40-8d56-11ea-817c-a9b6d42fd8a0",
                    "name": "panel_8",
                    "type": "visualization"
                },
                {
                    "id": "2d802c60-8d56-11ea-817c-a9b6d42fd8a0",
                    "name": "panel_9",
                    "type": "visualization"
                },
                {
                    "id": "68a9df20-8581-11ea-91bc-ab084c7ec0e7",
                    "name": "panel_10",
                    "type": "visualization"
                },
                {
                    "id": "92acc3e0-8582-11ea-91bc-ab084c7ec0e7",
                    "name": "panel_11",
                    "type": "visualization"
                }
            ],
            "type": "dashboard",
            "updated_at": "2020-05-03T16:20:16.383Z",
            "version": "WzEyNDUsMV0="
        },
        {
            "attributes": {
                "description": "",
                "kibanaSavedObjectMeta": {
                    "searchSourceJSON": "{\"filter\": [], \"query\": {\"language\": \"kuery\", \"query\": \"\"}}"
                },
                "title": "Navigation Webserver Overview [Metricbeat IIS]",
                "uiStateJSON": "{}",
                "version": 1,
                "visState": "{\"aggs\": [], \"params\": {\"fontSize\": 10, \"markdown\": \"### IIS\\n\\n[**Webserver**](#/dashboard/ebc23240-8572-11ea-91bc-ab084c7ec0e7)| [Webserver processes](#/dashboard/2c171500-858b-11ea-91bc-ab084c7ec0e7) | [Websites](#/dashboard/4b975820-85a1-11ea-91bc-ab084c7ec0e7) | [Application Pools](#/dashboard/b4108810-861c-11ea-91bc-ab084c7ec0e7) \\n\\n\\n\\n\", \"openLinksInNewTab\": false}, \"title\": \"Navigation Webserver Overview [Metricbeat IIS]\", \"type\": \"markdown\"}"
            },
            "id": "40614070-8573-11ea-91bc-ab084c7ec0e7",
            "migrationVersion": {
                "visualization": "7.4.2"
            },
            "references": [],
            "type": "visualization",
            "updated_at": "2020-04-24T13:07:24.547Z",
            "version": "WzUwOSwxXQ=="
        },
        {
            "attributes": {
                "description": "",
                "kibanaSavedObjectMeta": {
                    "searchSourceJSON": "{\"filter\": [], \"query\": {\"language\": \"kuery\", \"query\": \"\"}}"
                },
                "title": "Webserver Service Uptime [Metricbeat IIS]",
                "uiStateJSON": "{}",
                "version": 1,
                "visState": "{\"aggs\": [], \"params\": {\"axis_formatter\": \"number\", \"axis_min\": 0, \"axis_position\": \"left\", \"axis_scale\": \"normal\", \"background_color\": null, \"background_color_rules\": [{\"id\": \"71978870-32e4-11ea-af9e-d70582a45bda\"}], \"bar_color_rules\": [{\"id\": \"f11cfd90-32e5-11ea-af9e-d70582a45bda\"}], \"default_index_pattern\": \"metricbeat-*\", \"default_timefield\": \"@timestamp\", \"drilldown_url\": \"\", \"filter\": {\"language\": \"kuery\", \"query\": \"\"}, \"gauge_color_rules\": [{\"id\": \"9c09ed50-32e4-11ea-af9e-d70582a45bda\"}], \"gauge_inner_color\": null, \"gauge_inner_width\": \"6\", \"gauge_style\": \"circle\", \"gauge_width\": \"10\", \"id\": \"61fb4190-32e4-11ea-b9f8-4d0b340ad993\", \"index_pattern\": \"metricbeat-*\", \"interval\": \"60m\", \"isModelInvalid\": false, \"pivot_id\": \"cloud.instance.name\", \"pivot_label\": \"Resource Name\", \"pivot_rows\": \"30\", \"pivot_type\": \"string\", \"series\": [{\"axis_position\": \"right\", \"chart_type\": \"line\", \"color\": \"rgba(211,49,21,1)\", \"fill\": \"1.2\", \"filter\": {\"language\": \"kuery\", \"query\": \"\"}, \"formatter\": \"s,h,\", \"id\": \"61fb4191-32e4-11ea-b9f8-4d0b340ad993\", \"label\": \"Service Uptime\", \"line_width\": 2, \"metrics\": [{\"agg_with\": \"avg\", \"field\": \"iis.webserver.network.service_uptime\", \"id\": \"61fb4192-32e4-11ea-b9f8-4d0b340ad993\", \"order\": \"desc\", \"order_by\": \"@timestamp\", \"size\": 1, \"type\": \"top_hit\"}], \"point_size\": 0, \"separate_axis\": 0, \"split_color_mode\": \"gradient\", \"split_mode\": \"everything\", \"stacked\": \"none\", \"terms_field\": \"cloud.instance.name\", \"terms_order_by\": \"61fb4192-32e4-11ea-b9f8-4d0b340ad993\", \"type\": \"timeseries\", \"value_template\": \"{{value}} h\"}], \"show_grid\": 1, \"show_legend\": 1, \"time_field\": \"@timestamp\", \"time_range_mode\": \"entire_time_range\", \"type\": \"gauge\"}, \"title\": \"Webserver Service Uptime [Metricbeat IIS]\", \"type\": \"metrics\"}"
            },
            "id": "82f1d7d0-858a-11ea-91bc-ab084c7ec0e7",
            "migrationVersion": {
                "visualization": "7.4.2"
            },
            "references": [],
            "type": "visualization",
            "updated_at": "2020-04-24T13:07:24.547Z",
            "version": "WzUxMCwxXQ=="
        },
        {
            "attributes": {
                "description": "",
                "kibanaSavedObjectMeta": {
                    "searchSourceJSON": "{\"filter\": [], \"query\": {\"language\": \"kuery\", \"query\": \"\"}}"
                },
                "title": "Webserver Current Connections [Metricbeat IIS]",
                "uiStateJSON": "{}",
                "version": 1,
                "visState": "{\"aggs\": [], \"params\": {\"axis_formatter\": \"number\", \"axis_min\": 0, \"axis_position\": \"left\", \"axis_scale\": \"normal\", \"background_color\": null, \"background_color_rules\": [{\"id\": \"71978870-32e4-11ea-af9e-d70582a45bda\"}], \"bar_color_rules\": [{\"id\": \"f11cfd90-32e5-11ea-af9e-d70582a45bda\"}], \"default_index_pattern\": \"metricbeat-*\", \"default_timefield\": \"@timestamp\", \"drilldown_url\": \"\", \"filter\": {\"language\": \"kuery\", \"query\": \"\"}, \"gauge_color_rules\": [{\"id\": \"9c09ed50-32e4-11ea-af9e-d70582a45bda\"}], \"gauge_inner_color\": null, \"gauge_inner_width\": \"6\", \"gauge_style\": \"circle\", \"gauge_width\": \"10\", \"id\": \"61fb4190-32e4-11ea-b9f8-4d0b340ad993\", \"index_pattern\": \"metricbeat-*\", \"interval\": \"60m\", \"isModelInvalid\": false, \"pivot_id\": \"cloud.instance.name\", \"pivot_label\": \"Resource Name\", \"pivot_rows\": \"30\", \"pivot_type\": \"string\", \"series\": [{\"axis_position\": \"right\", \"chart_type\": \"line\", \"color\": \"rgba(104,188,0,1)\", \"fill\": \"1.2\", \"filter\": {\"language\": \"kuery\", \"query\": \"\"}, \"formatter\": \"number\", \"id\": \"61fb4191-32e4-11ea-b9f8-4d0b340ad993\", \"label\": \"Current Connections\", \"line_width\": 2, \"metrics\": [{\"agg_with\": \"avg\", \"field\": \"iis.webserver.network.current_connections\", \"id\": \"61fb4192-32e4-11ea-b9f8-4d0b340ad993\", \"order\": \"desc\", \"order_by\": \"@timestamp\", \"size\": 1, \"type\": \"top_hit\"}], \"point_size\": 0, \"separate_axis\": 0, \"split_color_mode\": \"gradient\", \"split_mode\": \"everything\", \"stacked\": \"none\", \"terms_field\": \"cloud.instance.name\", \"terms_order_by\": \"61fb4192-32e4-11ea-b9f8-4d0b340ad993\", \"type\": \"timeseries\", \"value_template\": \"{{value}}\"}], \"show_grid\": 1, \"show_legend\": 1, \"time_field\": \"@timestamp\", \"time_range_mode\": \"entire_time_range\", \"type\": \"gauge\"}, \"title\": \"Webserver Current Connections [Metricbeat IIS]\", \"type\": \"metrics\"}"
            },
            "id": "c92e0b80-8574-11ea-91bc-ab084c7ec0e7",
            "migrationVersion": {
                "visualization": "7.4.2"
            },
            "references": [],
            "type": "visualization",
            "updated_at": "2020-04-24T13:07:24.547Z",
            "version": "WzUxMSwxXQ=="
        },
        {
            "attributes": {
                "description": "",
                "kibanaSavedObjectMeta": {
                    "searchSourceJSON": "{\"filter\": [], \"query\": {\"language\": \"kuery\", \"query\": \"\"}}"
                },
                "title": "Webserver Maximum Connections [Metricbeat IIS]",
                "uiStateJSON": "{}",
                "version": 1,
                "visState": "{\"aggs\": [], \"params\": {\"axis_formatter\": \"number\", \"axis_min\": 0, \"axis_position\": \"left\", \"axis_scale\": \"normal\", \"background_color\": null, \"background_color_rules\": [{\"id\": \"71978870-32e4-11ea-af9e-d70582a45bda\"}], \"bar_color_rules\": [{\"id\": \"f11cfd90-32e5-11ea-af9e-d70582a45bda\"}], \"default_index_pattern\": \"metricbeat-*\", \"default_timefield\": \"@timestamp\", \"drilldown_url\": \"\", \"filter\": {\"language\": \"kuery\", \"query\": \"\"}, \"gauge_color_rules\": [{\"id\": \"9c09ed50-32e4-11ea-af9e-d70582a45bda\"}], \"gauge_inner_color\": null, \"gauge_inner_width\": \"6\", \"gauge_style\": \"circle\", \"gauge_width\": \"10\", \"id\": \"61fb4190-32e4-11ea-b9f8-4d0b340ad993\", \"index_pattern\": \"metricbeat-*\", \"interval\": \"60m\", \"isModelInvalid\": false, \"pivot_id\": \"cloud.instance.name\", \"pivot_label\": \"Resource Name\", \"pivot_rows\": \"30\", \"pivot_type\": \"string\", \"series\": [{\"axis_position\": \"right\", \"chart_type\": \"line\", \"color\": \"rgba(104,204,202,1)\", \"fill\": \"1.2\", \"filter\": {\"language\": \"kuery\", \"query\": \"\"}, \"formatter\": \"number\", \"id\": \"61fb4191-32e4-11ea-b9f8-4d0b340ad993\", \"label\": \"Maximum Connections\", \"line_width\": 2, \"metrics\": [{\"agg_with\": \"avg\", \"field\": \"iis.webserver.network.maximum_connections\", \"id\": \"61fb4192-32e4-11ea-b9f8-4d0b340ad993\", \"order\": \"desc\", \"order_by\": \"@timestamp\", \"size\": 1, \"type\": \"top_hit\"}], \"point_size\": 0, \"separate_axis\": 0, \"split_color_mode\": \"gradient\", \"split_mode\": \"everything\", \"stacked\": \"none\", \"terms_field\": \"cloud.instance.name\", \"terms_order_by\": \"61fb4192-32e4-11ea-b9f8-4d0b340ad993\", \"type\": \"timeseries\", \"value_template\": \"{{value}}\"}], \"show_grid\": 1, \"show_legend\": 1, \"time_field\": \"@timestamp\", \"time_range_mode\": \"entire_time_range\", \"type\": \"gauge\"}, \"title\": \"Webserver Maximum Connections [Metricbeat IIS]\", \"type\": \"metrics\"}"
            },
            "id": "348c4fe0-8575-11ea-91bc-ab084c7ec0e7",
            "migrationVersion": {
                "visualization": "7.4.2"
            },
            "references": [],
            "type": "visualization",
            "updated_at": "2020-04-24T13:07:24.547Z",
            "version": "WzUxMiwxXQ=="
        },
        {
            "attributes": {
                "description": "",
                "kibanaSavedObjectMeta": {
                    "searchSourceJSON": "{\"filter\": [], \"query\": {\"language\": \"kuery\", \"query\": \"\"}}"
                },
                "title": "Webserver Total Connection Attempts [Metricbeat IIS]",
                "uiStateJSON": "{}",
                "version": 1,
                "visState": "{\"aggs\": [], \"params\": {\"axis_formatter\": \"number\", \"axis_min\": 0, \"axis_position\": \"left\", \"axis_scale\": \"normal\", \"background_color\": null, \"background_color_rules\": [{\"id\": \"71978870-32e4-11ea-af9e-d70582a45bda\"}], \"bar_color_rules\": [{\"id\": \"f11cfd90-32e5-11ea-af9e-d70582a45bda\"}], \"default_index_pattern\": \"metricbeat-*\", \"default_timefield\": \"@timestamp\", \"drilldown_url\": \"\", \"filter\": {\"language\": \"kuery\", \"query\": \"\"}, \"gauge_color_rules\": [{\"id\": \"9c09ed50-32e4-11ea-af9e-d70582a45bda\"}], \"gauge_inner_color\": null, \"gauge_inner_width\": \"6\", \"gauge_style\": \"circle\", \"gauge_width\": \"10\", \"id\": \"61fb4190-32e4-11ea-b9f8-4d0b340ad993\", \"index_pattern\": \"metricbeat-*\", \"interval\": \"60m\", \"isModelInvalid\": false, \"pivot_id\": \"cloud.instance.name\", \"pivot_label\": \"Resource Name\", \"pivot_rows\": \"30\", \"pivot_type\": \"string\", \"series\": [{\"axis_position\": \"right\", \"chart_type\": \"line\", \"color\": \"rgba(251,158,0,1)\", \"fill\": \"1.2\", \"filter\": {\"language\": \"kuery\", \"query\": \"\"}, \"formatter\": \"number\", \"id\": \"61fb4191-32e4-11ea-b9f8-4d0b340ad993\", \"label\": \"Total Connection Attempts\", \"line_width\": 2, \"metrics\": [{\"agg_with\": \"avg\", \"field\": \"iis.webserver.network.total_connection_attempts\", \"id\": \"61fb4192-32e4-11ea-b9f8-4d0b340ad993\", \"order\": \"desc\", \"order_by\": \"@timestamp\", \"size\": 1, \"type\": \"top_hit\"}], \"point_size\": 0, \"separate_axis\": 0, \"split_color_mode\": \"gradient\", \"split_mode\": \"everything\", \"stacked\": \"none\", \"terms_field\": \"cloud.instance.name\", \"terms_order_by\": \"61fb4192-32e4-11ea-b9f8-4d0b340ad993\", \"type\": \"timeseries\", \"value_template\": \"{{value}}\"}], \"show_grid\": 1, \"show_legend\": 1, \"time_field\": \"@timestamp\", \"time_range_mode\": \"entire_time_range\", \"type\": \"gauge\"}, \"title\": \"Webserver Total Connection Attempts [Metricbeat IIS]\", \"type\": \"metrics\"}"
            },
            "id": "461a8640-8576-11ea-91bc-ab084c7ec0e7",
            "migrationVersion": {
                "visualization": "7.4.2"
            },
            "references": [],
            "type": "visualization",
            "updated_at": "2020-04-24T13:07:24.547Z",
            "version": "WzUxMywxXQ=="
        },
        {
            "attributes": {
                "description": "",
                "kibanaSavedObjectMeta": {
                    "searchSourceJSON": "{\"filter\": [], \"query\": {\"language\": \"kuery\", \"query\": \"\"}}"
                },
                "title": "Webserver Overview Current Anonymous Users [Metricbeat IIS]",
                "uiStateJSON": "{}",
                "version": 1,
                "visState": "{\"aggs\": [], \"params\": {\"axis_formatter\": \"number\", \"axis_min\": 0, \"axis_position\": \"left\", \"axis_scale\": \"normal\", \"background_color\": null, \"background_color_rules\": [{\"id\": \"71978870-32e4-11ea-af9e-d70582a45bda\"}], \"bar_color_rules\": [{\"id\": \"f11cfd90-32e5-11ea-af9e-d70582a45bda\"}], \"default_index_pattern\": \"metricbeat-*\", \"default_timefield\": \"@timestamp\", \"drilldown_url\": \"\", \"filter\": {\"language\": \"kuery\", \"query\": \"\"}, \"gauge_color_rules\": [{\"id\": \"9c09ed50-32e4-11ea-af9e-d70582a45bda\"}], \"gauge_inner_color\": null, \"gauge_inner_width\": \"6\", \"gauge_style\": \"circle\", \"gauge_width\": \"10\", \"id\": \"61fb4190-32e4-11ea-b9f8-4d0b340ad993\", \"index_pattern\": \"metricbeat-*\", \"interval\": \"60m\", \"isModelInvalid\": false, \"pivot_id\": \"cloud.instance.name\", \"pivot_label\": \"Resource Name\", \"pivot_rows\": \"30\", \"pivot_type\": \"string\", \"series\": [{\"axis_position\": \"right\", \"chart_type\": \"line\", \"color\": \"rgba(49,211,21,1)\", \"fill\": \"1.2\", \"filter\": {\"language\": \"kuery\", \"query\": \"\"}, \"formatter\": \"number\", \"id\": \"61fb4191-32e4-11ea-b9f8-4d0b340ad993\", \"label\": \"Current Anonymous Users\", \"line_width\": 2, \"metrics\": [{\"agg_with\": \"avg\", \"field\": \"iis.webserver.network.current_anonymous_users\", \"id\": \"61fb4192-32e4-11ea-b9f8-4d0b340ad993\", \"order\": \"desc\", \"order_by\": \"@timestamp\", \"size\": 1, \"type\": \"top_hit\"}], \"point_size\": 0, \"separate_axis\": 0, \"split_color_mode\": \"gradient\", \"split_mode\": \"everything\", \"stacked\": \"none\", \"terms_field\": \"cloud.instance.name\", \"terms_order_by\": \"61fb4192-32e4-11ea-b9f8-4d0b340ad993\", \"type\": \"timeseries\", \"value_template\": \"{{value}} \"}], \"show_grid\": 1, \"show_legend\": 1, \"time_field\": \"@timestamp\", \"time_range_mode\": \"entire_time_range\", \"type\": \"gauge\"}, \"title\": \"Webserver Overview Current Anonymous Users [Metricbeat IIS]\", \"type\": \"metrics\"}"
            },
            "id": "c8e467d0-8d55-11ea-817c-a9b6d42fd8a0",
            "migrationVersion": {
                "visualization": "7.4.2"
            },
            "references": [],
            "type": "visualization",
            "updated_at": "2020-05-03T15:50:17.034Z",
            "version": "WzEwNjcsMV0="
        },
        {
            "attributes": {
                "description": "",
                "kibanaSavedObjectMeta": {
                    "searchSourceJSON": "{\"filter\": [], \"query\": {\"language\": \"kuery\", \"query\": \"\"}}"
                },
                "title": "Webserver Overview Total Anonymous Users [Metricbeat IIS]",
                "uiStateJSON": "{}",
                "version": 1,
                "visState": "{\"aggs\": [], \"params\": {\"axis_formatter\": \"number\", \"axis_min\": 0, \"axis_position\": \"left\", \"axis_scale\": \"normal\", \"background_color\": null, \"background_color_rules\": [{\"id\": \"71978870-32e4-11ea-af9e-d70582a45bda\"}], \"bar_color_rules\": [{\"id\": \"f11cfd90-32e5-11ea-af9e-d70582a45bda\"}], \"default_index_pattern\": \"metricbeat-*\", \"default_timefield\": \"@timestamp\", \"drilldown_url\": \"\", \"filter\": {\"language\": \"kuery\", \"query\": \"\"}, \"gauge_color_rules\": [{\"id\": \"9c09ed50-32e4-11ea-af9e-d70582a45bda\"}], \"gauge_inner_color\": null, \"gauge_inner_width\": \"6\", \"gauge_style\": \"circle\", \"gauge_width\": \"10\", \"id\": \"61fb4190-32e4-11ea-b9f8-4d0b340ad993\", \"index_pattern\": \"metricbeat-*\", \"interval\": \"60m\", \"isModelInvalid\": false, \"pivot_id\": \"cloud.instance.name\", \"pivot_label\": \"Resource Name\", \"pivot_rows\": \"30\", \"pivot_type\": \"string\", \"series\": [{\"axis_position\": \"right\", \"chart_type\": \"line\", \"color\": \"rgba(21,68,211,1)\", \"fill\": \"1.2\", \"filter\": {\"language\": \"kuery\", \"query\": \"\"}, \"formatter\": \"number\", \"id\": \"61fb4191-32e4-11ea-b9f8-4d0b340ad993\", \"label\": \"Total Anonymous Users\", \"line_width\": 2, \"metrics\": [{\"agg_with\": \"avg\", \"field\": \"iis.webserver.network.total_anonymous_users\", \"id\": \"61fb4192-32e4-11ea-b9f8-4d0b340ad993\", \"order\": \"desc\", \"order_by\": \"@timestamp\", \"size\": 1, \"type\": \"top_hit\"}], \"point_size\": 0, \"separate_axis\": 0, \"split_color_mode\": \"gradient\", \"split_mode\": \"everything\", \"stacked\": \"none\", \"terms_field\": \"cloud.instance.name\", \"terms_order_by\": \"61fb4192-32e4-11ea-b9f8-4d0b340ad993\", \"type\": \"timeseries\", \"value_template\": \"{{value}} \"}], \"show_grid\": 1, \"show_legend\": 1, \"time_field\": \"@timestamp\", \"time_range_mode\": \"entire_time_range\", \"type\": \"gauge\"}, \"title\": \"Webserver Overview Total Anonymous Users [Metricbeat IIS]\", \"type\": \"metrics\"}"
            },
            "id": "df9d0e50-8d55-11ea-817c-a9b6d42fd8a0",
            "migrationVersion": {
                "visualization": "7.4.2"
            },
            "references": [],
            "type": "visualization",
            "updated_at": "2020-05-03T15:50:55.156Z",
            "version": "WzEwNzMsMV0="
        },
        {
            "attributes": {
                "description": "",
                "kibanaSavedObjectMeta": {
                    "searchSourceJSON": "{\"filter\": [], \"query\": {\"language\": \"kuery\", \"query\": \"\"}}"
                },
                "title": "Webserver Total Requests [Metricbeat IIS]",
                "uiStateJSON": "{}",
                "version": 1,
                "visState": "{\"aggs\": [], \"params\": {\"axis_formatter\": \"number\", \"axis_min\": 0, \"axis_position\": \"left\", \"axis_scale\": \"normal\", \"default_index_pattern\": \"metricbeat-*\", \"default_timefield\": \"@timestamp\", \"filter\": {\"language\": \"kuery\", \"query\": \"\"}, \"id\": \"c9fd65d0-32e8-11ea-84f4-e9593f8ba8f6\", \"index_pattern\": \"metricbeat-*\", \"interval\": \"\", \"isModelInvalid\": false, \"series\": [{\"axis_position\": \"right\", \"chart_type\": \"line\", \"color\": \"#3185FC\", \"fill\": \"0\", \"formatter\": \"number\", \"id\": \"c9fd8ce0-32e8-11ea-84f4-e9593f8ba8f6\", \"label\": \"Total Get Requests\", \"line_width\": \"2\", \"metrics\": [{\"field\": \"iis.webserver.network.total_get_requests\", \"id\": \"c9fd8ce1-32e8-11ea-84f4-e9593f8ba8f6\", \"type\": \"avg\"}], \"point_size\": 0, \"separate_axis\": 0, \"split_color_mode\": \"rainbow\", \"split_mode\": \"everything\", \"stacked\": \"none\", \"terms_field\": null, \"type\": \"timeseries\", \"value_template\": \"{{value}}\"}, {\"axis_position\": \"right\", \"chart_type\": \"line\", \"color\": \"#68BC00\", \"fill\": \"0\", \"formatter\": \"number\", \"id\": \"55ef6fb0-857e-11ea-87b6-db4d36ae5839\", \"label\": \"Total Post Requests\", \"line_width\": \"2\", \"metrics\": [{\"field\": \"iis.webserver.network.total_post_requests\", \"id\": \"55ef6fb1-857e-11ea-87b6-db4d36ae5839\", \"type\": \"avg\"}], \"point_size\": \"0\", \"separate_axis\": 0, \"split_mode\": \"everything\", \"stacked\": \"none\", \"type\": \"timeseries\"}, {\"axis_position\": \"right\", \"chart_type\": \"line\", \"color\": \"rgba(149,0,188,1)\", \"fill\": \"0\", \"formatter\": \"number\", \"id\": \"7501b0c0-857e-11ea-87b6-db4d36ae5839\", \"label\": \"Total Delete Requests\", \"line_width\": \"2\", \"metrics\": [{\"field\": \"iis.webserver.network.total_delete_requests\", \"id\": \"7501b0c1-857e-11ea-87b6-db4d36ae5839\", \"type\": \"avg\"}], \"point_size\": \"\", \"separate_axis\": 0, \"split_mode\": \"everything\", \"stacked\": \"none\", \"type\": \"timeseries\"}], \"show_grid\": 1, \"show_legend\": 1, \"time_field\": \"@timestamp\", \"type\": \"timeseries\"}, \"title\": \"Webserver Total Requests [Metricbeat IIS]\", \"type\": \"metrics\"}"
            },
            "id": "75812480-857f-11ea-91bc-ab084c7ec0e7",
            "migrationVersion": {
                "visualization": "7.4.2"
            },
            "references": [],
            "type": "visualization",
            "updated_at": "2020-04-24T13:07:24.547Z",
            "version": "WzUxNSwxXQ=="
        },
        {
            "attributes": {
                "description": "",
                "kibanaSavedObjectMeta": {
                    "searchSourceJSON": "{\"filter\": [], \"query\": {\"language\": \"kuery\", \"query\": \"\"}}"
                },
                "title": "Webserver Overview Current Non Anonymous Users [Metricbeat IIS]",
                "uiStateJSON": "{}",
                "version": 1,
                "visState": "{\"aggs\": [], \"params\": {\"axis_formatter\": \"number\", \"axis_min\": 0, \"axis_position\": \"left\", \"axis_scale\": \"normal\", \"background_color\": null, \"background_color_rules\": [{\"id\": \"71978870-32e4-11ea-af9e-d70582a45bda\"}], \"bar_color_rules\": [{\"id\": \"f11cfd90-32e5-11ea-af9e-d70582a45bda\"}], \"default_index_pattern\": \"metricbeat-*\", \"default_timefield\": \"@timestamp\", \"drilldown_url\": \"\", \"filter\": {\"language\": \"kuery\", \"query\": \"\"}, \"gauge_color_rules\": [{\"id\": \"9c09ed50-32e4-11ea-af9e-d70582a45bda\"}], \"gauge_inner_color\": null, \"gauge_inner_width\": \"6\", \"gauge_style\": \"circle\", \"gauge_width\": \"10\", \"id\": \"61fb4190-32e4-11ea-b9f8-4d0b340ad993\", \"index_pattern\": \"metricbeat-*\", \"interval\": \"60m\", \"isModelInvalid\": false, \"pivot_id\": \"cloud.instance.name\", \"pivot_label\": \"Resource Name\", \"pivot_rows\": \"30\", \"pivot_type\": \"string\", \"series\": [{\"axis_position\": \"right\", \"chart_type\": \"line\", \"color\": \"rgba(171,21,211,1)\", \"fill\": \"1.2\", \"filter\": {\"language\": \"kuery\", \"query\": \"\"}, \"formatter\": \"number\", \"id\": \"61fb4191-32e4-11ea-b9f8-4d0b340ad993\", \"label\": \"Current Non Anonymous Users\", \"line_width\": 2, \"metrics\": [{\"agg_with\": \"avg\", \"field\": \"iis.webserver.network.current_non_anonymous_users\", \"id\": \"61fb4192-32e4-11ea-b9f8-4d0b340ad993\", \"order\": \"desc\", \"order_by\": \"@timestamp\", \"size\": 1, \"type\": \"top_hit\"}], \"point_size\": 0, \"separate_axis\": 0, \"split_color_mode\": \"gradient\", \"split_mode\": \"everything\", \"stacked\": \"none\", \"terms_field\": \"cloud.instance.name\", \"terms_order_by\": \"61fb4192-32e4-11ea-b9f8-4d0b340ad993\", \"type\": \"timeseries\", \"value_template\": \"{{value}} \"}], \"show_grid\": 1, \"show_legend\": 1, \"time_field\": \"@timestamp\", \"time_range_mode\": \"entire_time_range\", \"type\": \"gauge\"}, \"title\": \"Webserver Overview Current Non Anonymous Users [Metricbeat IIS]\", \"type\": \"metrics\"}"
            },
            "id": "14e77b40-8d56-11ea-817c-a9b6d42fd8a0",
            "migrationVersion": {
                "visualization": "7.4.2"
            },
            "references": [],
            "type": "visualization",
            "updated_at": "2020-05-03T15:52:24.564Z",
            "version": "WzEwOTcsMV0="
        },
        {
            "attributes": {
                "description": "",
                "kibanaSavedObjectMeta": {
                    "searchSourceJSON": "{\"filter\": [], \"query\": {\"language\": \"kuery\", \"query\": \"\"}}"
                },
                "title": "Webserver Overview Total Non Anonymous Users [Metricbeat IIS]",
                "uiStateJSON": "{}",
                "version": 1,
                "visState": "{\"aggs\": [], \"params\": {\"axis_formatter\": \"number\", \"axis_min\": 0, \"axis_position\": \"left\", \"axis_scale\": \"normal\", \"background_color\": null, \"background_color_rules\": [{\"id\": \"71978870-32e4-11ea-af9e-d70582a45bda\"}], \"bar_color_rules\": [{\"id\": \"f11cfd90-32e5-11ea-af9e-d70582a45bda\"}], \"default_index_pattern\": \"metricbeat-*\", \"default_timefield\": \"@timestamp\", \"drilldown_url\": \"\", \"filter\": {\"language\": \"kuery\", \"query\": \"\"}, \"gauge_color_rules\": [{\"id\": \"9c09ed50-32e4-11ea-af9e-d70582a45bda\"}], \"gauge_inner_color\": null, \"gauge_inner_width\": \"6\", \"gauge_style\": \"circle\", \"gauge_width\": \"10\", \"id\": \"61fb4190-32e4-11ea-b9f8-4d0b340ad993\", \"index_pattern\": \"metricbeat-*\", \"interval\": \"60m\", \"isModelInvalid\": false, \"pivot_id\": \"cloud.instance.name\", \"pivot_label\": \"Resource Name\", \"pivot_rows\": \"30\", \"pivot_type\": \"string\", \"series\": [{\"axis_position\": \"right\", \"chart_type\": \"line\", \"color\": \"rgba(211,21,105,1)\", \"fill\": \"1.2\", \"filter\": {\"language\": \"kuery\", \"query\": \"\"}, \"formatter\": \"number\", \"id\": \"61fb4191-32e4-11ea-b9f8-4d0b340ad993\", \"label\": \"Total Non Anonymous Users\", \"line_width\": 2, \"metrics\": [{\"agg_with\": \"avg\", \"field\": \"iis.webserver.network.total_non_anonymous_users\", \"id\": \"61fb4192-32e4-11ea-b9f8-4d0b340ad993\", \"order\": \"desc\", \"order_by\": \"@timestamp\", \"size\": 1, \"type\": \"top_hit\"}], \"point_size\": 0, \"separate_axis\": 0, \"split_color_mode\": \"gradient\", \"split_mode\": \"everything\", \"stacked\": \"none\", \"terms_field\": \"cloud.instance.name\", \"terms_order_by\": \"61fb4192-32e4-11ea-b9f8-4d0b340ad993\", \"type\": \"timeseries\", \"value_template\": \"{{value}} \"}], \"show_grid\": 1, \"show_legend\": 1, \"time_field\": \"@timestamp\", \"time_range_mode\": \"entire_time_range\", \"type\": \"gauge\"}, \"title\": \"Webserver Overview Total Non Anonymous Users [Metricbeat IIS]\", \"type\": \"metrics\"}"
            },
            "id": "2d802c60-8d56-11ea-817c-a9b6d42fd8a0",
            "migrationVersion": {
                "visualization": "7.4.2"
            },
            "references": [],
            "type": "visualization",
            "updated_at": "2020-05-03T15:53:05.830Z",
            "version": "WzExMDQsMV0="
        },
        {
            "attributes": {
                "description": "",
                "kibanaSavedObjectMeta": {
                    "searchSourceJSON": "{\"filter\": [], \"query\": {\"language\": \"kuery\", \"query\": \"\"}}"
                },
                "title": "Webserver Total Bytes Transfered [Metricbeat IIS]",
                "uiStateJSON": "{}",
                "version": 1,
                "visState": "{\"aggs\": [], \"params\": {\"axis_formatter\": \"number\", \"axis_min\": 0, \"axis_position\": \"left\", \"axis_scale\": \"normal\", \"background_color\": null, \"background_color_rules\": [{\"id\": \"71978870-32e4-11ea-af9e-d70582a45bda\"}], \"bar_color_rules\": [{\"id\": \"f11cfd90-32e5-11ea-af9e-d70582a45bda\"}], \"default_index_pattern\": \"metricbeat-*\", \"default_timefield\": \"@timestamp\", \"drilldown_url\": \"\", \"filter\": {\"language\": \"kuery\", \"query\": \"\"}, \"gauge_color_rules\": [{\"id\": \"9c09ed50-32e4-11ea-af9e-d70582a45bda\"}], \"gauge_inner_color\": null, \"gauge_inner_width\": \"6\", \"gauge_style\": \"circle\", \"gauge_width\": \"10\", \"id\": \"61fb4190-32e4-11ea-b9f8-4d0b340ad993\", \"index_pattern\": \"metricbeat-*\", \"interval\": \"\", \"isModelInvalid\": false, \"pivot_id\": \"cloud.instance.name\", \"pivot_label\": \"Resource Name\", \"pivot_rows\": \"30\", \"pivot_type\": \"string\", \"series\": [{\"axis_position\": \"right\", \"chart_type\": \"line\", \"color\": \"rgba(251,158,0,1)\", \"fill\": \"0\", \"filter\": {\"language\": \"kuery\", \"query\": \"\"}, \"formatter\": \"bytes\", \"id\": \"61fb4191-32e4-11ea-b9f8-4d0b340ad993\", \"label\": \"Total Bytes Sent \", \"line_width\": 2, \"metrics\": [{\"agg_with\": \"avg\", \"field\": \"iis.webserver.network.total_bytes_sent\", \"id\": \"61fb4192-32e4-11ea-b9f8-4d0b340ad993\", \"order\": \"desc\", \"order_by\": \"@timestamp\", \"size\": 1, \"type\": \"avg\"}], \"point_size\": 0, \"separate_axis\": 0, \"split_color_mode\": \"gradient\", \"split_mode\": \"everything\", \"stacked\": \"none\", \"terms_field\": \"cloud.instance.name\", \"terms_order_by\": \"61fb4192-32e4-11ea-b9f8-4d0b340ad993\", \"type\": \"timeseries\", \"value_template\": \"{{value}}\"}, {\"axis_position\": \"right\", \"chart_type\": \"line\", \"color\": \"#68BC00\", \"fill\": \"0\", \"formatter\": \"bytes\", \"id\": \"cb6910f0-8580-11ea-8d9f-cf59f8572d31\", \"label\": \"Total Bytes Received\", \"line_width\": \"2\", \"metrics\": [{\"field\": \"iis.webserver.network.total_bytes_received\", \"id\": \"cb693800-8580-11ea-8d9f-cf59f8572d31\", \"type\": \"avg\"}], \"point_size\": \"\", \"separate_axis\": 0, \"split_mode\": \"everything\", \"stacked\": \"none\", \"type\": \"timeseries\"}], \"show_grid\": 1, \"show_legend\": 1, \"time_field\": \"@timestamp\", \"time_range_mode\": \"entire_time_range\", \"type\": \"timeseries\"}, \"title\": \"Webserver Total Bytes Transfered [Metricbeat IIS]\", \"type\": \"metrics\"}"
            },
            "id": "68a9df20-8581-11ea-91bc-ab084c7ec0e7",
            "migrationVersion": {
                "visualization": "7.4.2"
            },
            "references": [],
            "type": "visualization",
            "updated_at": "2020-04-24T13:07:24.547Z",
            "version": "WzUxNywxXQ=="
        },
        {
            "attributes": {
                "description": "",
                "kibanaSavedObjectMeta": {
                    "searchSourceJSON": "{\"filter\": [], \"query\": {\"language\": \"kuery\", \"query\": \"\"}}"
                },
                "title": "Webserver Bytes Transfered Per Sec [Metricbeat IIS]",
                "uiStateJSON": "{}",
                "version": 1,
                "visState": "{\"aggs\": [], \"params\": {\"axis_formatter\": \"number\", \"axis_min\": 0, \"axis_position\": \"left\", \"axis_scale\": \"normal\", \"background_color\": null, \"background_color_rules\": [{\"id\": \"71978870-32e4-11ea-af9e-d70582a45bda\"}], \"bar_color_rules\": [{\"id\": \"f11cfd90-32e5-11ea-af9e-d70582a45bda\"}], \"default_index_pattern\": \"metricbeat-*\", \"default_timefield\": \"@timestamp\", \"drilldown_url\": \"\", \"filter\": {\"language\": \"kuery\", \"query\": \"\"}, \"gauge_color_rules\": [{\"id\": \"9c09ed50-32e4-11ea-af9e-d70582a45bda\"}], \"gauge_inner_color\": null, \"gauge_inner_width\": \"6\", \"gauge_style\": \"circle\", \"gauge_width\": \"10\", \"id\": \"61fb4190-32e4-11ea-b9f8-4d0b340ad993\", \"index_pattern\": \"metricbeat-*\", \"interval\": \"\", \"isModelInvalid\": false, \"pivot_id\": \"cloud.instance.name\", \"pivot_label\": \"Resource Name\", \"pivot_rows\": \"30\", \"pivot_type\": \"string\", \"series\": [{\"axis_position\": \"right\", \"chart_type\": \"line\", \"color\": \"rgba(22,165,165,1)\", \"fill\": \"0\", \"filter\": {\"language\": \"kuery\", \"query\": \"\"}, \"formatter\": \"number\", \"id\": \"61fb4191-32e4-11ea-b9f8-4d0b340ad993\", \"label\": \"Bytes Sent/sec\", \"line_width\": 2, \"metrics\": [{\"agg_with\": \"avg\", \"field\": \"iis.webserver.network.bytes_sent_per_sec\", \"id\": \"61fb4192-32e4-11ea-b9f8-4d0b340ad993\", \"order\": \"desc\", \"order_by\": \"@timestamp\", \"size\": 1, \"type\": \"avg\"}], \"point_size\": 0, \"separate_axis\": 0, \"split_color_mode\": \"gradient\", \"split_mode\": \"everything\", \"stacked\": \"none\", \"terms_field\": \"cloud.instance.name\", \"terms_order_by\": \"61fb4192-32e4-11ea-b9f8-4d0b340ad993\", \"type\": \"timeseries\", \"value_template\": \"{{value}}/s\"}, {\"axis_position\": \"right\", \"chart_type\": \"line\", \"color\": \"rgba(250,40,255,1)\", \"fill\": \"0\", \"formatter\": \"number\", \"id\": \"cb6910f0-8580-11ea-8d9f-cf59f8572d31\", \"label\": \"Bytes Received/sec\", \"line_width\": \"2\", \"metrics\": [{\"field\": \"iis.webserver.network.bytes_received_per_sec\", \"id\": \"cb693800-8580-11ea-8d9f-cf59f8572d31\", \"type\": \"avg\"}], \"point_size\": \"\", \"separate_axis\": 0, \"split_mode\": \"everything\", \"stacked\": \"none\", \"type\": \"timeseries\", \"value_template\": \"{{value}}/s\"}], \"show_grid\": 1, \"show_legend\": 1, \"time_field\": \"@timestamp\", \"time_range_mode\": \"entire_time_range\", \"type\": \"timeseries\"}, \"title\": \"Webserver Bytes Transfered Per Sec [Metricbeat IIS]\", \"type\": \"metrics\"}"
            },
            "id": "92acc3e0-8582-11ea-91bc-ab084c7ec0e7",
            "migrationVersion": {
                "visualization": "7.4.2"
            },
            "references": [],
            "type": "visualization",
            "updated_at": "2020-04-24T13:07:24.547Z",
            "version": "WzUxNiwxXQ=="
        }
    ],
    "version": "7.6.2"
}