{
    "objects": [
        {
            "attributes": {
                "description": "Overview of GCP Storage Metrics",
                "hits": 0,
                "kibanaSavedObjectMeta": {
                    "searchSourceJSON": "{\"filter\": [], \"query\": {\"language\": \"kuery\", \"query\": \"\"}}"
                },
                "optionsJSON": "{\"hidePanelTitles\": false, \"useMargins\": true}",
                "panelsJSON": "[{\"embeddableConfig\": {\"title\": \"Filters\"}, \"gridData\": {\"h\": 15, \"i\": \"8d4e63d8-5747-4ebc-aeae-02d20e304526\", \"w\": 10, \"x\": 0, \"y\": 0}, \"panelIndex\": \"8d4e63d8-5747-4ebc-aeae-02d20e304526\", \"panelRefName\": \"panel_0\", \"title\": \"Filters\", \"version\": \"7.6.2\"}, {\"embeddableConfig\": {\"title\": \"Total Size of Objects\"}, \"gridData\": {\"h\": 15, \"i\": \"70c46ee3-be59-4fb1-a437-c8e92a1d0b2a\", \"w\": 38, \"x\": 10, \"y\": 0}, \"panelIndex\": \"70c46ee3-be59-4fb1-a437-c8e92a1d0b2a\", \"panelRefName\": \"panel_1\", \"title\": \"Total Size of Objects\", \"version\": \"7.6.2\"}, {\"embeddableConfig\": {\"title\": \"Total Number of Objects\"}, \"gridData\": {\"h\": 15, \"i\": \"ba356b1b-ec2b-4a05-8a70-19a43b3dc3a8\", \"w\": 24, \"x\": 0, \"y\": 15}, \"panelIndex\": \"ba356b1b-ec2b-4a05-8a70-19a43b3dc3a8\", \"panelRefName\": \"panel_2\", \"title\": \"Total Number of Objects\", \"version\": \"7.6.2\"}, {\"embeddableConfig\": {\"title\": \"API Request Count\"}, \"gridData\": {\"h\": 15, \"i\": \"77f185ba-74ad-4102-bca7-08587cd1bf6c\", \"w\": 24, \"x\": 24, \"y\": 15}, \"panelIndex\": \"77f185ba-74ad-4102-bca7-08587cd1bf6c\", \"panelRefName\": \"panel_3\", \"title\": \"API Request Count\", \"version\": \"7.6.2\"}, {\"embeddableConfig\": {\"title\": \"Number of Bytes Received Over Network\"}, \"gridData\": {\"h\": 15, \"i\": \"f2ab3410-44b0-4b01-bb93-1394d6a64257\", \"w\": 24, \"x\": 0, \"y\": 30}, \"panelIndex\": \"f2ab3410-44b0-4b01-bb93-1394d6a64257\", \"panelRefName\": \"panel_4\", \"title\": \"Number of Bytes Received Over Network\", \"version\": \"7.6.2\"}, {\"embeddableConfig\": {\"title\": \"Number of Bytes Sent Over Network\"}, \"gridData\": {\"h\": 15, \"i\": \"75d342a5-f67b-4c61-b31d-b0b2db2ab50a\", \"w\": 24, \"x\": 24, \"y\": 30}, \"panelIndex\": \"75d342a5-f67b-4c61-b31d-b0b2db2ab50a\", \"panelRefName\": \"panel_5\", \"title\": \"Number of Bytes Sent Over Network\", \"version\": \"7.6.2\"}]",
                "timeRestore": false,
                "title": "[Metricbeat GCP] Storage Overview",
                "version": 1
            },
            "id": "ca401040-8e52-11ea-9fa6-4d675d5290dc",
            "migrationVersion": {
                "dashboard": "7.3.0"
            },
            "references": [
                {
                    "id": "4b44b2b0-8e51-11ea-9fa6-4d675d5290dc",
                    "name": "panel_0",
                    "type": "visualization"
                },
                {
                    "id": "239e2290-8e52-11ea-9fa6-4d675d5290dc",
                    "name": "panel_1",
                    "type": "visualization"
                },
                {
                    "id": "02b3c620-8e52-11ea-9fa6-4d675d5290dc",
                    "name": "panel_2",
                    "type": "visualization"
                },
                {
                    "id": "91eb8d10-8e51-11ea-9fa6-4d675d5290dc",
                    "name": "panel_3",
                    "type": "visualization"
                },
                {
                    "id": "d4cc5ec0-8e51-11ea-9fa6-4d675d5290dc",
                    "name": "panel_4",
                    "type": "visualization"
                },
                {
                    "id": "e9e44d90-8e51-11ea-9fa6-4d675d5290dc",
                    "name": "panel_5",
                    "type": "visualization"
                }
            ],
            "type": "dashboard",
            "updated_at": "2020-05-12T22:08:40.264Z",
            "version": "Wzg5OCwyXQ=="
        },
        {
            "attributes": {
                "description": "",
                "kibanaSavedObjectMeta": {
                    "searchSourceJSON": "{}"
                },
                "title": "Storage Filters [Metricbeat GCP]",
                "uiStateJSON": "{}",
                "version": 1,
                "visState": "{\"aggs\": [], \"params\": {\"controls\": [{\"fieldName\": \"gcp.labels.resource.bucket_name\", \"id\": \"1588628954328\", \"indexPatternRefName\": \"control_0_index_pattern\", \"label\": \"Bucket Name\", \"options\": {\"dynamicOptions\": true, \"multiselect\": true, \"order\": \"desc\", \"size\": 5, \"type\": \"terms\"}, \"parent\": \"\", \"type\": \"list\"}, {\"fieldName\": \"gcp.labels.resource.location\", \"id\": \"1588628981768\", \"indexPatternRefName\": \"control_1_index_pattern\", \"label\": \"Location\", \"options\": {\"dynamicOptions\": true, \"multiselect\": true, \"order\": \"desc\", \"size\": 5, \"type\": \"terms\"}, \"parent\": \"\", \"type\": \"list\"}, {\"fieldName\": \"gcp.labels.metrics.storage_class\", \"id\": \"1588629001851\", \"indexPatternRefName\": \"control_2_index_pattern\", \"label\": \"Storage Class\", \"options\": {\"dynamicOptions\": true, \"multiselect\": true, \"order\": \"desc\", \"size\": 5, \"type\": \"terms\"}, \"parent\": \"\", \"type\": \"list\"}], \"pinFilters\": false, \"updateFiltersOnChange\": false, \"useTimeFilter\": false}, \"title\": \"Storage Filters [Metricbeat GCP]\", \"type\": \"input_control_vis\"}"
            },
            "id": "4b44b2b0-8e51-11ea-9fa6-4d675d5290dc",
            "migrationVersion": {
                "visualization": "7.4.2"
            },
            "references": [
                {
                    "id": "metricbeat-*",
                    "name": "control_0_index_pattern",
                    "type": "index-pattern"
                },
                {
                    "id": "metricbeat-*",
                    "name": "control_1_index_pattern",
                    "type": "index-pattern"
                },
                {
                    "id": "metricbeat-*",
                    "name": "control_2_index_pattern",
                    "type": "index-pattern"
                }
            ],
            "type": "visualization",
            "updated_at": "2020-05-12T20:42:02.393Z",
            "version": "WzQ2NiwyXQ=="
        },
        {
            "attributes": {
                "description": "",
                "kibanaSavedObjectMeta": {
                    "searchSourceJSON": "{}"
                },
                "title": "Storage Total Bytes [Metricbeat GCP]",
                "uiStateJSON": "{}",
                "version": 1,
                "visState": "{\"aggs\": [], \"params\": {\"axis_formatter\": \"number\", \"axis_position\": \"left\", \"axis_scale\": \"normal\", \"background_color_rules\": [{\"id\": \"8ec10ba0-8e52-11ea-8164-1ddf506ac7af\"}], \"bar_color_rules\": [{\"id\": \"8fdd7820-8e52-11ea-8164-1ddf506ac7af\"}], \"default_index_pattern\": \"metricbeat-*\", \"default_timefield\": \"@timestamp\", \"drop_last_bucket\": 1, \"id\": \"61ca57f0-469d-11e7-af02-69e470af7417\", \"index_pattern\": \"metricbeat-*\", \"interval\": \">=15m\", \"isModelInvalid\": false, \"series\": [{\"axis_position\": \"right\", \"chart_type\": \"line\", \"color\": \"#68BC00\", \"fill\": \"0\", \"filter\": {\"language\": \"kuery\", \"query\": \"gcp.storage.storage.total_bytes.value : * \"}, \"formatter\": \"bytes\", \"id\": \"61ca57f1-469d-11e7-af02-69e470af7417\", \"label\": \"\", \"line_width\": \"2\", \"metrics\": [{\"field\": \"gcp.storage.storage.total_bytes.value\", \"id\": \"61ca57f2-469d-11e7-af02-69e470af7417\", \"type\": \"avg\"}], \"point_size\": \"3\", \"separate_axis\": 0, \"split_color_mode\": \"rainbow\", \"split_mode\": \"terms\", \"stacked\": \"none\", \"terms_field\": \"gcp.labels.resource.bucket_name\", \"terms_include\": \"\", \"terms_order_by\": \"61ca57f2-469d-11e7-af02-69e470af7417\", \"type\": \"timeseries\"}], \"show_grid\": 1, \"show_legend\": 1, \"time_field\": \"\", \"time_range_mode\": \"last_value\", \"type\": \"top_n\"}, \"title\": \"Storage Total Bytes [Metricbeat GCP]\", \"type\": \"metrics\"}"
            },
            "id": "239e2290-8e52-11ea-9fa6-4d675d5290dc",
            "migrationVersion": {
                "visualization": "7.4.2"
            },
            "references": [],
            "type": "visualization",
            "updated_at": "2020-05-12T22:08:00.766Z",
            "version": "Wzg5NSwyXQ=="
        },
        {
            "attributes": {
                "description": "",
                "kibanaSavedObjectMeta": {
                    "searchSourceJSON": "{}"
                },
                "title": "Storage Object Count [Metricbeat GCP]",
                "uiStateJSON": "{}",
                "version": 1,
                "visState": "{\"aggs\": [], \"params\": {\"axis_formatter\": \"number\", \"axis_position\": \"left\", \"axis_scale\": \"normal\", \"bar_color_rules\": [{\"id\": \"23042750-8e64-11ea-9fba-216938b39761\"}], \"default_index_pattern\": \"metricbeat-*\", \"default_timefield\": \"@timestamp\", \"gauge_color_rules\": [{\"id\": \"2268f8c0-8e64-11ea-9fba-216938b39761\"}], \"gauge_inner_width\": 10, \"gauge_style\": \"half\", \"gauge_width\": 10, \"id\": \"61ca57f0-469d-11e7-af02-69e470af7417\", \"index_pattern\": \"metricbeat-*\", \"interval\": \">=15m\", \"isModelInvalid\": false, \"series\": [{\"axis_position\": \"right\", \"chart_type\": \"line\", \"color\": \"#68BC00\", \"fill\": \"0\", \"filter\": {\"language\": \"kuery\", \"query\": \"gcp.storage.storage.object_count.value : * \"}, \"formatter\": \"number\", \"id\": \"61ca57f1-469d-11e7-af02-69e470af7417\", \"label\": \"\", \"line_width\": \"2\", \"metrics\": [{\"field\": \"gcp.storage.storage.object_count.value\", \"id\": \"61ca57f2-469d-11e7-af02-69e470af7417\", \"type\": \"avg\"}], \"point_size\": \"3\", \"separate_axis\": 0, \"split_color_mode\": \"rainbow\", \"split_mode\": \"terms\", \"stacked\": \"none\", \"terms_field\": \"gcp.labels.resource.bucket_name\", \"terms_order_by\": \"61ca57f2-469d-11e7-af02-69e470af7417\", \"type\": \"timeseries\"}], \"show_grid\": 1, \"show_legend\": 1, \"time_field\": \"\", \"type\": \"top_n\"}, \"title\": \"Storage Object Count [Metricbeat GCP]\", \"type\": \"metrics\"}"
            },
            "id": "02b3c620-8e52-11ea-9fa6-4d675d5290dc",
            "migrationVersion": {
                "visualization": "7.4.2"
            },
            "references": [],
            "type": "visualization",
            "updated_at": "2020-05-12T22:08:13.670Z",
            "version": "Wzg5NiwyXQ=="
        },
        {
            "attributes": {
                "description": "",
                "kibanaSavedObjectMeta": {
                    "searchSourceJSON": "{}"
                },
                "title": "Storage API Request Count [Metricbeat GCP]",
                "uiStateJSON": "{}",
                "version": 1,
                "visState": "{\"aggs\": [], \"params\": {\"axis_formatter\": \"number\", \"axis_position\": \"left\", \"axis_scale\": \"normal\", \"default_index_pattern\": \"metricbeat-*\", \"default_timefield\": \"@timestamp\", \"id\": \"61ca57f0-469d-11e7-af02-69e470af7417\", \"index_pattern\": \"metricbeat-*\", \"interval\": \">=5m\", \"isModelInvalid\": false, \"series\": [{\"axis_position\": \"right\", \"chart_type\": \"line\", \"color\": \"#68BC00\", \"fill\": \"0\", \"formatter\": \"number\", \"id\": \"61ca57f1-469d-11e7-af02-69e470af7417\", \"label\": \"\", \"line_width\": \"2\", \"metrics\": [{\"field\": \"gcp.storage.api.request_count.value\", \"id\": \"61ca57f2-469d-11e7-af02-69e470af7417\", \"type\": \"avg\"}], \"point_size\": \"3\", \"separate_axis\": 0, \"split_color_mode\": \"rainbow\", \"split_mode\": \"terms\", \"stacked\": \"none\", \"terms_field\": \"gcp.labels.resource.bucket_name\", \"terms_order_by\": \"61ca57f2-469d-11e7-af02-69e470af7417\", \"type\": \"timeseries\"}], \"show_grid\": 1, \"show_legend\": 1, \"time_field\": \"\", \"type\": \"timeseries\"}, \"title\": \"Storage API Request Count [Metricbeat GCP]\", \"type\": \"metrics\"}"
            },
            "id": "91eb8d10-8e51-11ea-9fa6-4d675d5290dc",
            "migrationVersion": {
                "visualization": "7.4.2"
            },
            "references": [],
            "type": "visualization",
            "updated_at": "2020-05-12T22:08:30.520Z",
            "version": "Wzg5NywyXQ=="
        },
        {
            "attributes": {
                "description": "",
                "kibanaSavedObjectMeta": {
                    "searchSourceJSON": "{}"
                },
                "title": "Storage Network Received Bytes [Metricbeat GCP]",
                "uiStateJSON": "{}",
                "version": 1,
                "visState": "{\"aggs\": [], \"params\": {\"axis_formatter\": \"number\", \"axis_position\": \"left\", \"axis_scale\": \"normal\", \"default_index_pattern\": \"metricbeat-*\", \"default_timefield\": \"@timestamp\", \"id\": \"61ca57f0-469d-11e7-af02-69e470af7417\", \"index_pattern\": \"metricbeat-*\", \"interval\": \">=5m\", \"isModelInvalid\": false, \"series\": [{\"axis_position\": \"right\", \"chart_type\": \"line\", \"color\": \"#68BC00\", \"fill\": \"0\", \"formatter\": \"bytes\", \"id\": \"61ca57f1-469d-11e7-af02-69e470af7417\", \"label\": \"\", \"line_width\": \"2\", \"metrics\": [{\"field\": \"gcp.storage.network.received_bytes_count.value\", \"id\": \"61ca57f2-469d-11e7-af02-69e470af7417\", \"type\": \"avg\"}], \"point_size\": \"3\", \"separate_axis\": 0, \"split_color_mode\": \"rainbow\", \"split_mode\": \"terms\", \"stacked\": \"none\", \"terms_field\": \"gcp.labels.resource.bucket_name\", \"terms_order_by\": \"61ca57f2-469d-11e7-af02-69e470af7417\", \"type\": \"timeseries\"}], \"show_grid\": 1, \"show_legend\": 1, \"time_field\": \"\", \"type\": \"timeseries\"}, \"title\": \"Storage Network Received Bytes [Metricbeat GCP]\", \"type\": \"metrics\"}"
            },
            "id": "d4cc5ec0-8e51-11ea-9fa6-4d675d5290dc",
            "migrationVersion": {
                "visualization": "7.4.2"
            },
            "references": [],
            "type": "visualization",
            "updated_at": "2020-05-12T22:07:26.735Z",
            "version": "Wzg5NCwyXQ=="
        },
        {
            "attributes": {
                "description": "",
                "kibanaSavedObjectMeta": {
                    "searchSourceJSON": "{}"
                },
                "title": "Storage Network Sent Bytes [Metricbeat GCP]",
                "uiStateJSON": "{}",
                "version": 1,
                "visState": "{\"aggs\": [], \"params\": {\"axis_formatter\": \"number\", \"axis_position\": \"left\", \"axis_scale\": \"normal\", \"default_index_pattern\": \"metricbeat-*\", \"default_timefield\": \"@timestamp\", \"id\": \"61ca57f0-469d-11e7-af02-69e470af7417\", \"index_pattern\": \"metricbeat-*\", \"interval\": \">=5m\", \"isModelInvalid\": false, \"series\": [{\"axis_position\": \"right\", \"chart_type\": \"line\", \"color\": \"#68BC00\", \"fill\": \"0\", \"formatter\": \"bytes\", \"id\": \"61ca57f1-469d-11e7-af02-69e470af7417\", \"label\": \"\", \"line_width\": \"2\", \"metrics\": [{\"field\": \"gcp.storage.network.sent_bytes_count.value\", \"id\": \"61ca57f2-469d-11e7-af02-69e470af7417\", \"type\": \"avg\"}], \"point_size\": \"3\", \"separate_axis\": 0, \"split_color_mode\": \"rainbow\", \"split_mode\": \"terms\", \"stacked\": \"none\", \"terms_field\": \"gcp.labels.resource.bucket_name\", \"terms_order_by\": \"61ca57f2-469d-11e7-af02-69e470af7417\", \"type\": \"timeseries\"}], \"show_grid\": 1, \"show_legend\": 1, \"time_field\": \"\", \"type\": \"timeseries\"}, \"title\": \"Storage Network Sent Bytes [Metricbeat GCP]\", \"type\": \"metrics\"}"
            },
            "id": "e9e44d90-8e51-11ea-9fa6-4d675d5290dc",
            "migrationVersion": {
                "visualization": "7.4.2"
            },
            "references": [],
            "type": "visualization",
            "updated_at": "2020-05-12T22:06:26.974Z",
            "version": "Wzg3NywyXQ=="
        }
    ],
    "version": "7.6.2"
}