{
    "objects": [
        {
            "attributes": {
                "description": "The dashboard presents metric data describing ActiveMQ topics. Metrics show statistics of exchanged messages, consumers, producers and memory usage.",
                "hits": 0,
                "kibanaSavedObjectMeta": {
                    "searchSourceJSON": "{\"filter\": [], \"query\": {\"language\": \"kuery\", \"query\": \"\"}}"
                },
                "optionsJSON": "{\"hidePanelTitles\": false, \"useMargins\": true}",
                "panelsJSON": "[{\"embeddableConfig\": {}, \"gridData\": {\"h\": 15, \"i\": \"099a7d74-8287-4717-b1d1-77f7ed2b67d0\", \"w\": 24, \"x\": 0, \"y\": 0}, \"panelIndex\": \"099a7d74-8287-4717-b1d1-77f7ed2b67d0\", \"panelRefName\": \"panel_0\", \"version\": \"7.4.0\"}, {\"embeddableConfig\": {}, \"gridData\": {\"h\": 15, \"i\": \"c22e6794-6c79-4f2d-b942-f4a4bb73948e\", \"w\": 24, \"x\": 24, \"y\": 0}, \"panelIndex\": \"c22e6794-6c79-4f2d-b942-f4a4bb73948e\", \"panelRefName\": \"panel_1\", \"version\": \"7.4.0\"}, {\"embeddableConfig\": {}, \"gridData\": {\"h\": 15, \"i\": \"adb64a5b-bfe9-4225-a712-f51ad30cab9d\", \"w\": 24, \"x\": 0, \"y\": 15}, \"panelIndex\": \"adb64a5b-bfe9-4225-a712-f51ad30cab9d\", \"panelRefName\": \"panel_2\", \"version\": \"7.4.0\"}, {\"embeddableConfig\": {}, \"gridData\": {\"h\": 15, \"i\": \"09ea3c98-d808-4c5f-9d04-7a94fd3cc2c8\", \"w\": 24, \"x\": 24, \"y\": 30}, \"panelIndex\": \"09ea3c98-d808-4c5f-9d04-7a94fd3cc2c8\", \"panelRefName\": \"panel_3\", \"version\": \"7.4.0\"}, {\"embeddableConfig\": {}, \"gridData\": {\"h\": 15, \"i\": \"43902672-df24-4be2-beb5-34961f190b5c\", \"w\": 24, \"x\": 0, \"y\": 30}, \"panelIndex\": \"43902672-df24-4be2-beb5-34961f190b5c\", \"panelRefName\": \"panel_4\", \"version\": \"7.4.0\"}, {\"embeddableConfig\": {}, \"gridData\": {\"h\": 15, \"i\": \"ddce0ec5-f393-4479-a8a9-e1c7ffc339cb\", \"w\": 24, \"x\": 24, \"y\": 45}, \"panelIndex\": \"ddce0ec5-f393-4479-a8a9-e1c7ffc339cb\", \"panelRefName\": \"panel_5\", \"version\": \"7.4.0\"}, {\"embeddableConfig\": {}, \"gridData\": {\"h\": 15, \"i\": \"c591ef68-9215-49de-a548-30196faa31bd\", \"w\": 24, \"x\": 0, \"y\": 45}, \"panelIndex\": \"c591ef68-9215-49de-a548-30196faa31bd\", \"panelRefName\": \"panel_6\", \"version\": \"7.4.0\"}, {\"embeddableConfig\": {}, \"gridData\": {\"h\": 15, \"i\": \"88a65079-a0b4-49c7-abbe-6e181c5dbbc3\", \"w\": 24, \"x\": 24, \"y\": 15}, \"panelIndex\": \"88a65079-a0b4-49c7-abbe-6e181c5dbbc3\", \"panelRefName\": \"panel_7\", \"version\": \"7.4.0\"}]",
                "timeRestore": false,
                "title": "[Metricbeat ActiveMQ] Topics Overview",
                "version": 1
            },
            "id": "d97b7520-0bbe-11ea-81bb-cf244189d349",
            "migrationVersion": {
                "dashboard": "7.3.0"
            },
            "references": [
                {
                    "id": "a85c09b0-0bbd-11ea-81bb-cf244189d349",
                    "name": "panel_0",
                    "type": "visualization"
                },
                {
                    "id": "e91f2b80-0bbd-11ea-81bb-cf244189d349",
                    "name": "panel_1",
                    "type": "visualization"
                },
                {
                    "id": "d22e5e00-0bbd-11ea-81bb-cf244189d349",
                    "name": "panel_2",
                    "type": "visualization"
                },
                {
                    "id": "8ae8aa90-0bc8-11ea-81bb-cf244189d349",
                    "name": "panel_3",
                    "type": "visualization"
                },
                {
                    "id": "21fb23a0-0bbe-11ea-81bb-cf244189d349",
                    "name": "panel_4",
                    "type": "visualization"
                },
                {
                    "id": "89de30b0-0bce-11ea-81bb-cf244189d349",
                    "name": "panel_5",
                    "type": "visualization"
                },
                {
                    "id": "e73c2af0-0bce-11ea-81bb-cf244189d349",
                    "name": "panel_6",
                    "type": "visualization"
                },
                {
                    "id": "3db29790-0bd7-11ea-81bb-cf244189d349",
                    "name": "panel_7",
                    "type": "visualization"
                }
            ],
            "type": "dashboard",
            "updated_at": "2019-11-21T13:34:10.940Z",
            "version": "WzQ1MSwxXQ=="
        },
        {
            "attributes": {
                "description": "",
                "kibanaSavedObjectMeta": {
                    "searchSourceJSON": "{\"filter\": [], \"query\": {\"language\": \"kuery\", \"query\": \"\"}}"
                },
                "title": "Topics Messages Dequeue [Metricbeat ActiveMQ]",
                "uiStateJSON": "{}",
                "version": 1,
                "visState": "{\"aggs\": [], \"params\": {\"axis_formatter\": \"number\", \"axis_min\": \"0\", \"axis_position\": \"left\", \"axis_scale\": \"normal\", \"default_index_pattern\": \"metricbeat-*\", \"default_timefield\": \"@timestamp\", \"id\": \"61ca57f0-469d-11e7-af02-69e470af7417\", \"index_pattern\": \"metricbeat-*\", \"interval\": \"\", \"isModelInvalid\": false, \"series\": [{\"axis_position\": \"right\", \"chart_type\": \"line\", \"color\": \"#68BC00\", \"fill\": 0.5, \"formatter\": \"number\", \"id\": \"61ca57f1-469d-11e7-af02-69e470af7417\", \"label\": \"Dequeue\", \"line_width\": 1, \"metrics\": [{\"field\": \"activemq.topic.messages.dequeue.count\", \"id\": \"61ca57f2-469d-11e7-af02-69e470af7417\", \"type\": \"max\"}, {\"field\": \"61ca57f2-469d-11e7-af02-69e470af7417\", \"id\": \"4f39bd50-0bbd-11ea-b87b-6d4c24968040\", \"type\": \"derivative\", \"unit\": \"\"}], \"point_size\": 1, \"separate_axis\": 0, \"split_mode\": \"terms\", \"stacked\": \"none\", \"terms_field\": \"activemq.topic.name\", \"terms_order_by\": \"61ca57f2-469d-11e7-af02-69e470af7417\", \"type\": \"timeseries\"}], \"show_grid\": 1, \"show_legend\": 1, \"time_field\": \"\", \"type\": \"timeseries\"}, \"title\": \"Topics Messages Dequeue [Metricbeat ActiveMQ]\", \"type\": \"metrics\"}"
            },
            "id": "a85c09b0-0bbd-11ea-81bb-cf244189d349",
            "migrationVersion": {
                "visualization": "7.3.1"
            },
            "references": [],
            "type": "visualization",
            "updated_at": "2019-11-21T13:34:10.940Z",
            "version": "WzQ1MiwxXQ=="
        },
        {
            "attributes": {
                "description": "",
                "kibanaSavedObjectMeta": {
                    "searchSourceJSON": "{\"filter\": [], \"query\": {\"language\": \"kuery\", \"query\": \"\"}}"
                },
                "title": "Topics Messages Enqueue [Metricbeat ActiveMQ]",
                "uiStateJSON": "{}",
                "version": 1,
                "visState": "{\"aggs\": [], \"params\": {\"axis_formatter\": \"number\", \"axis_min\": \"0\", \"axis_position\": \"left\", \"axis_scale\": \"normal\", \"default_index_pattern\": \"metricbeat-*\", \"default_timefield\": \"@timestamp\", \"id\": \"61ca57f0-469d-11e7-af02-69e470af7417\", \"index_pattern\": \"metricbeat-*\", \"interval\": \"\", \"isModelInvalid\": false, \"series\": [{\"axis_position\": \"right\", \"chart_type\": \"line\", \"color\": \"rgba(115,216,255,1)\", \"fill\": 0.5, \"formatter\": \"number\", \"id\": \"61ca57f1-469d-11e7-af02-69e470af7417\", \"label\": \"Enqueue\", \"line_width\": 1, \"metrics\": [{\"field\": \"activemq.topic.messages.enqueue.count\", \"id\": \"61ca57f2-469d-11e7-af02-69e470af7417\", \"type\": \"max\"}, {\"field\": \"61ca57f2-469d-11e7-af02-69e470af7417\", \"id\": \"4f39bd50-0bbd-11ea-b87b-6d4c24968040\", \"type\": \"derivative\", \"unit\": \"\"}], \"point_size\": 1, \"separate_axis\": 0, \"split_mode\": \"terms\", \"stacked\": \"none\", \"terms_field\": \"activemq.topic.name\", \"terms_order_by\": \"61ca57f2-469d-11e7-af02-69e470af7417\", \"type\": \"timeseries\"}], \"show_grid\": 1, \"show_legend\": 1, \"time_field\": \"\", \"type\": \"timeseries\"}, \"title\": \"Topics Messages Enqueue [Metricbeat ActiveMQ]\", \"type\": \"metrics\"}"
            },
            "id": "e91f2b80-0bbd-11ea-81bb-cf244189d349",
            "migrationVersion": {
                "visualization": "7.3.1"
            },
            "references": [],
            "type": "visualization",
            "updated_at": "2019-11-21T13:34:10.940Z",
            "version": "WzQ1MywxXQ=="
        },
        {
            "attributes": {
                "description": "",
                "kibanaSavedObjectMeta": {
                    "searchSourceJSON": "{\"filter\": [], \"query\": {\"language\": \"kuery\", \"query\": \"\"}}"
                },
                "title": "Topics Messages Dispatch [Metricbeat ActiveMQ]",
                "uiStateJSON": "{}",
                "version": 1,
                "visState": "{\"aggs\": [], \"params\": {\"axis_formatter\": \"number\", \"axis_min\": \"0\", \"axis_position\": \"left\", \"axis_scale\": \"normal\", \"default_index_pattern\": \"metricbeat-*\", \"default_timefield\": \"@timestamp\", \"id\": \"61ca57f0-469d-11e7-af02-69e470af7417\", \"index_pattern\": \"metricbeat-*\", \"interval\": \"\", \"isModelInvalid\": false, \"series\": [{\"axis_position\": \"right\", \"chart_type\": \"line\", \"color\": \"rgba(104,204,202,1)\", \"fill\": 0.5, \"formatter\": \"number\", \"id\": \"61ca57f1-469d-11e7-af02-69e470af7417\", \"label\": \"Dispatch\", \"line_width\": 1, \"metrics\": [{\"field\": \"activemq.topic.messages.dispatch.count\", \"id\": \"61ca57f2-469d-11e7-af02-69e470af7417\", \"type\": \"max\"}, {\"field\": \"61ca57f2-469d-11e7-af02-69e470af7417\", \"id\": \"4f39bd50-0bbd-11ea-b87b-6d4c24968040\", \"type\": \"derivative\", \"unit\": \"\"}], \"point_size\": 1, \"separate_axis\": 0, \"split_mode\": \"terms\", \"stacked\": \"none\", \"terms_field\": \"activemq.topic.name\", \"terms_order_by\": \"61ca57f2-469d-11e7-af02-69e470af7417\", \"type\": \"timeseries\"}], \"show_grid\": 1, \"show_legend\": 1, \"time_field\": \"\", \"type\": \"timeseries\"}, \"title\": \"Topics Messages Dispatch [Metricbeat ActiveMQ]\", \"type\": \"metrics\"}"
            },
            "id": "d22e5e00-0bbd-11ea-81bb-cf244189d349",
            "migrationVersion": {
                "visualization": "7.3.1"
            },
            "references": [],
            "type": "visualization",
            "updated_at": "2019-11-21T13:34:10.940Z",
            "version": "WzQ1NCwxXQ=="
        },
        {
            "attributes": {
                "description": "",
                "kibanaSavedObjectMeta": {
                    "searchSourceJSON": "{\"filter\": [], \"query\": {\"language\": \"kuery\", \"query\": \"\"}}"
                },
                "title": "Topics Messages Enqueue Time [Metricbeat ActiveMQ]",
                "uiStateJSON": "{}",
                "version": 1,
                "visState": "{\"aggs\": [], \"params\": {\"axis_formatter\": \"number\", \"axis_min\": \"0\", \"axis_position\": \"left\", \"axis_scale\": \"normal\", \"default_index_pattern\": \"metricbeat-*\", \"default_timefield\": \"@timestamp\", \"id\": \"61ca57f0-469d-11e7-af02-69e470af7417\", \"index_pattern\": \"metricbeat-*\", \"interval\": \"\", \"isModelInvalid\": false, \"series\": [{\"axis_position\": \"right\", \"chart_type\": \"line\", \"color\": \"rgba(226,115,0,1)\", \"fill\": 0.5, \"formatter\": \"ms,ms,\", \"id\": \"61ca57f1-469d-11e7-af02-69e470af7417\", \"label\": \"\", \"line_width\": 1, \"metrics\": [{\"field\": \"activemq.topic.messages.enqueue.time.avg\", \"id\": \"61ca57f2-469d-11e7-af02-69e470af7417\", \"type\": \"avg\"}], \"point_size\": 1, \"separate_axis\": 0, \"split_mode\": \"terms\", \"stacked\": \"none\", \"terms_field\": \"activemq.topic.name\", \"terms_order_by\": \"61ca57f2-469d-11e7-af02-69e470af7417\", \"type\": \"timeseries\"}], \"show_grid\": 1, \"show_legend\": 1, \"time_field\": \"\", \"type\": \"timeseries\"}, \"title\": \"Topics Messages Enqueue Time [Metricbeat ActiveMQ]\", \"type\": \"metrics\"}"
            },
            "id": "8ae8aa90-0bc8-11ea-81bb-cf244189d349",
            "migrationVersion": {
                "visualization": "7.3.1"
            },
            "references": [],
            "type": "visualization",
            "updated_at": "2019-11-22T12:42:45.591Z",
            "version": "WzUyNiwyXQ=="
        },
        {
            "attributes": {
                "description": "",
                "kibanaSavedObjectMeta": {
                    "searchSourceJSON": "{\"filter\": [], \"query\": {\"language\": \"kuery\", \"query\": \"\"}}"
                },
                "title": "Topics Messages In-flight [Metricbeat ActiveMQ]",
                "uiStateJSON": "{}",
                "version": 1,
                "visState": "{\"aggs\": [], \"params\": {\"axis_formatter\": \"number\", \"axis_min\": \"0\", \"axis_position\": \"left\", \"axis_scale\": \"normal\", \"default_index_pattern\": \"metricbeat-*\", \"default_timefield\": \"@timestamp\", \"id\": \"61ca57f0-469d-11e7-af02-69e470af7417\", \"index_pattern\": \"metricbeat-*\", \"interval\": \"\", \"isModelInvalid\": false, \"series\": [{\"axis_position\": \"right\", \"chart_type\": \"line\", \"color\": \"rgba(211,49,21,1)\", \"fill\": 0.5, \"formatter\": \"number\", \"id\": \"61ca57f1-469d-11e7-af02-69e470af7417\", \"label\": \"In-flight\", \"line_width\": 1, \"metrics\": [{\"field\": \"activemq.topic.messages.inflight.count\", \"id\": \"61ca57f2-469d-11e7-af02-69e470af7417\", \"type\": \"max\"}, {\"field\": \"61ca57f2-469d-11e7-af02-69e470af7417\", \"id\": \"4f39bd50-0bbd-11ea-b87b-6d4c24968040\", \"type\": \"derivative\", \"unit\": \"\"}], \"point_size\": 1, \"separate_axis\": 0, \"split_mode\": \"terms\", \"stacked\": \"none\", \"terms_field\": \"activemq.topic.name\", \"terms_order_by\": \"61ca57f2-469d-11e7-af02-69e470af7417\", \"type\": \"timeseries\"}], \"show_grid\": 1, \"show_legend\": 1, \"time_field\": \"\", \"type\": \"timeseries\"}, \"title\": \"Topics Messages In-flight [Metricbeat ActiveMQ]\", \"type\": \"metrics\"}"
            },
            "id": "21fb23a0-0bbe-11ea-81bb-cf244189d349",
            "migrationVersion": {
                "visualization": "7.3.1"
            },
            "references": [],
            "type": "visualization",
            "updated_at": "2019-11-21T13:34:10.940Z",
            "version": "WzQ1NiwxXQ=="
        },
        {
            "attributes": {
                "description": "",
                "kibanaSavedObjectMeta": {
                    "searchSourceJSON": "{\"filter\": [], \"query\": {\"language\": \"kuery\", \"query\": \"\"}}"
                },
                "title": "Topics Producers [Metricbeat ActiveMQ]",
                "uiStateJSON": "{}",
                "version": 1,
                "visState": "{\"aggs\": [], \"params\": {\"axis_formatter\": \"number\", \"axis_min\": \"0\", \"axis_position\": \"left\", \"axis_scale\": \"normal\", \"default_index_pattern\": \"metricbeat-*\", \"default_timefield\": \"@timestamp\", \"id\": \"61ca57f0-469d-11e7-af02-69e470af7417\", \"index_pattern\": \"metricbeat-*\", \"interval\": \"\", \"isModelInvalid\": false, \"series\": [{\"axis_position\": \"right\", \"chart_type\": \"line\", \"color\": \"rgba(0,156,224,1)\", \"fill\": 0.5, \"formatter\": \"number\", \"id\": \"61ca57f1-469d-11e7-af02-69e470af7417\", \"label\": \"Producers\", \"line_width\": 1, \"metrics\": [{\"field\": \"activemq.topic.producers.count\", \"id\": \"61ca57f2-469d-11e7-af02-69e470af7417\", \"type\": \"max\"}], \"point_size\": 1, \"separate_axis\": 0, \"split_mode\": \"terms\", \"stacked\": \"none\", \"terms_field\": \"activemq.topic.name\", \"terms_order_by\": \"61ca57f2-469d-11e7-af02-69e470af7417\", \"type\": \"timeseries\"}], \"show_grid\": 1, \"show_legend\": 1, \"time_field\": \"\", \"type\": \"timeseries\"}, \"title\": \"Topics Producers [Metricbeat ActiveMQ]\", \"type\": \"metrics\"}"
            },
            "id": "89de30b0-0bce-11ea-81bb-cf244189d349",
            "migrationVersion": {
                "visualization": "7.3.1"
            },
            "references": [],
            "type": "visualization",
            "updated_at": "2019-11-21T13:34:10.940Z",
            "version": "WzQ1NywxXQ=="
        },
        {
            "attributes": {
                "description": "",
                "kibanaSavedObjectMeta": {
                    "searchSourceJSON": "{\"filter\": [], \"query\": {\"language\": \"kuery\", \"query\": \"\"}}"
                },
                "title": "Topics Consumers [Metricbeat ActiveMQ]",
                "uiStateJSON": "{}",
                "version": 1,
                "visState": "{\"aggs\": [], \"params\": {\"axis_formatter\": \"number\", \"axis_min\": \"0\", \"axis_position\": \"left\", \"axis_scale\": \"normal\", \"default_index_pattern\": \"metricbeat-*\", \"default_timefield\": \"@timestamp\", \"id\": \"61ca57f0-469d-11e7-af02-69e470af7417\", \"index_pattern\": \"metricbeat-*\", \"interval\": \"\", \"isModelInvalid\": false, \"series\": [{\"axis_position\": \"right\", \"chart_type\": \"line\", \"color\": \"rgba(104,188,0,1)\", \"fill\": 0.5, \"formatter\": \"number\", \"id\": \"61ca57f1-469d-11e7-af02-69e470af7417\", \"label\": \"Consumers\", \"line_width\": 1, \"metrics\": [{\"field\": \"activemq.topic.consumers.count\", \"id\": \"61ca57f2-469d-11e7-af02-69e470af7417\", \"type\": \"max\"}], \"point_size\": 1, \"separate_axis\": 0, \"split_mode\": \"terms\", \"stacked\": \"none\", \"terms_field\": \"activemq.topic.name\", \"terms_order_by\": \"61ca57f2-469d-11e7-af02-69e470af7417\", \"type\": \"timeseries\"}], \"show_grid\": 1, \"show_legend\": 1, \"time_field\": \"\", \"type\": \"timeseries\"}, \"title\": \"Topics Consumers [Metricbeat ActiveMQ]\", \"type\": \"metrics\"}"
            },
            "id": "e73c2af0-0bce-11ea-81bb-cf244189d349",
            "migrationVersion": {
                "visualization": "7.3.1"
            },
            "references": [],
            "type": "visualization",
            "updated_at": "2019-11-21T13:34:10.940Z",
            "version": "WzQ1OCwxXQ=="
        },
        {
            "attributes": {
                "description": "",
                "kibanaSavedObjectMeta": {
                    "searchSourceJSON": "{\"filter\": [], \"query\": {\"language\": \"kuery\", \"query\": \"\"}}"
                },
                "title": "Topics Messages Expired [Metricbeat ActiveMQ]",
                "uiStateJSON": "{}",
                "version": 1,
                "visState": "{\"aggs\": [], \"params\": {\"axis_formatter\": \"number\", \"axis_min\": \"0\", \"axis_position\": \"left\", \"axis_scale\": \"normal\", \"default_index_pattern\": \"metricbeat-*\", \"default_timefield\": \"@timestamp\", \"id\": \"61ca57f0-469d-11e7-af02-69e470af7417\", \"index_pattern\": \"metricbeat-*\", \"interval\": \"\", \"isModelInvalid\": false, \"series\": [{\"axis_position\": \"right\", \"chart_type\": \"line\", \"color\": \"rgba(174,161,255,1)\", \"fill\": 0.5, \"formatter\": \"number\", \"id\": \"61ca57f1-469d-11e7-af02-69e470af7417\", \"label\": \"Expired\", \"line_width\": 1, \"metrics\": [{\"field\": \"activemq.topic.messages.expired.count\", \"id\": \"61ca57f2-469d-11e7-af02-69e470af7417\", \"type\": \"max\"}, {\"field\": \"61ca57f2-469d-11e7-af02-69e470af7417\", \"id\": \"4f39bd50-0bbd-11ea-b87b-6d4c24968040\", \"type\": \"derivative\", \"unit\": \"\"}], \"point_size\": 1, \"separate_axis\": 0, \"split_mode\": \"terms\", \"stacked\": \"none\", \"terms_field\": \"activemq.topic.name\", \"terms_order_by\": \"61ca57f2-469d-11e7-af02-69e470af7417\", \"type\": \"timeseries\"}], \"show_grid\": 1, \"show_legend\": 1, \"time_field\": \"\", \"type\": \"timeseries\"}, \"title\": \"Topics Messages Expired [Metricbeat ActiveMQ]\", \"type\": \"metrics\"}"
            },
            "id": "3db29790-0bd7-11ea-81bb-cf244189d349",
            "migrationVersion": {
                "visualization": "7.3.1"
            },
            "references": [],
            "type": "visualization",
            "updated_at": "2019-11-21T13:34:10.940Z",
            "version": "WzQ1OSwxXQ=="
        }
    ],
    "version": "7.4.0"
}