{
    "objects": [
        {
            "attributes": {
                "description": "",
                "kibanaSavedObjectMeta": {
                    "searchSourceJSON": "{\"filter\": []}"
                },
                "savedSearchId": "Metricbeat-Redis-ecs",
                "title": "Clients [Metricbeat Redis] ECS",
                "uiStateJSON": "{\"vis\": {\"defaultColors\": {\"0 - 100\": \"rgb(0,104,55)\"}}}",
                "version": 1,
                "visState": "{\"aggs\": [{\"enabled\": true, \"id\": \"1\", \"params\": {\"customLabel\": \"Connected clients\", \"field\": \"redis.info.clients.connected\"}, \"schema\": \"metric\", \"type\": \"max\"}], \"listeners\": {}, \"params\": {\"addLegend\": false, \"addTooltip\": true, \"fontSize\": 60, \"gauge\": {\"autoExtend\": false, \"backStyle\": \"Full\", \"colorSchema\": \"Green to Red\", \"colorsRange\": [{\"from\": 0, \"to\": 100}], \"gaugeColorMode\": \"None\", \"gaugeStyle\": \"Full\", \"gaugeType\": \"Metric\", \"invertColors\": false, \"labels\": {\"color\": \"black\", \"show\": true}, \"orientation\": \"vertical\", \"percentageMode\": false, \"scale\": {\"color\": \"#333\", \"labels\": false, \"show\": false, \"width\": 2}, \"style\": {\"bgColor\": false, \"fontSize\": 60, \"labelColor\": false, \"subText\": \"\"}, \"type\": \"simple\", \"useRange\": false, \"verticalSplit\": false}, \"handleNoResults\": true, \"type\": \"gauge\"}, \"title\": \"Clients [Metricbeat Redis] ECS\", \"type\": \"metric\"}"
            },
            "col": 1,
            "id": "Redis-Clients-Metrics-ecs",
            "panelIndex": 2,
            "row": 1,
            "size_x": 3,
            "size_y": 3,
            "type": "visualization",
            "version": 2
        },
        {
            "attributes": {
                "description": "",
                "kibanaSavedObjectMeta": {
                    "searchSourceJSON": "{\"filter\": []}"
                },
                "savedSearchId": "Metricbeat-Redis-ecs",
                "title": "Connected clients [Metricbeat Redis] ECS",
                "uiStateJSON": "{\"vis\": {\"colors\": {\"Blocked\": \"#C15C17\"}}}",
                "version": 1,
                "visState": "{\"aggs\": [{\"enabled\": true, \"id\": \"1\", \"params\": {\"customLabel\": \"Connected\", \"field\": \"redis.info.clients.connected\"}, \"schema\": \"metric\", \"type\": \"max\"}, {\"enabled\": true, \"id\": \"2\", \"params\": {\"customInterval\": \"2h\", \"extended_bounds\": {}, \"field\": \"@timestamp\", \"interval\": \"auto\", \"min_doc_count\": 1}, \"schema\": \"segment\", \"type\": \"date_histogram\"}, {\"enabled\": true, \"id\": \"3\", \"params\": {\"customLabel\": \"Blocked\", \"field\": \"redis.info.clients.blocked\"}, \"schema\": \"metric\", \"type\": \"max\"}], \"listeners\": {}, \"params\": {\"addLegend\": true, \"addTimeMarker\": false, \"addTooltip\": true, \"categoryAxes\": [{\"id\": \"CategoryAxis-1\", \"labels\": {\"show\": true, \"truncate\": 100}, \"position\": \"bottom\", \"scale\": {\"type\": \"linear\"}, \"show\": true, \"style\": {}, \"title\": {}, \"type\": \"category\"}], \"defaultYExtents\": false, \"grid\": {\"categoryLines\": false, \"style\": {\"color\": \"#eee\"}}, \"legendPosition\": \"right\", \"mode\": \"grouped\", \"scale\": \"linear\", \"seriesParams\": [{\"data\": {\"id\": \"1\", \"label\": \"Count\"}, \"drawLinesBetweenPoints\": true, \"mode\": \"stacked\", \"show\": \"true\", \"showCircles\": true, \"type\": \"histogram\", \"valueAxis\": \"ValueAxis-1\"}], \"setYExtents\": false, \"shareYAxis\": true, \"times\": [], \"valueAxes\": [{\"id\": \"ValueAxis-1\", \"labels\": {\"filter\": false, \"rotate\": 0, \"show\": true, \"truncate\": 100}, \"name\": \"LeftAxis-1\", \"position\": \"left\", \"scale\": {\"mode\": \"normal\", \"type\": \"linear\"}, \"show\": true, \"style\": {}, \"title\": {\"text\": \"Count\"}, \"type\": \"value\"}], \"yAxis\": {}}, \"title\": \"Connected clients [Metricbeat Redis] ECS\", \"type\": \"histogram\"}"
            },
            "col": 4,
            "id": "Redis-Connected-clients-ecs",
            "panelIndex": 1,
            "row": 1,
            "size_x": 5,
            "size_y": 3,
            "type": "visualization",
            "version": 2
        },
        {
            "attributes": {
                "description": "",
                "kibanaSavedObjectMeta": {
                    "searchSourceJSON": "{\"filter\": []}"
                },
                "savedSearchId": "Metricbeat-Redis-ecs",
                "title": "Hosts [Metricbeat Redis] ECS",
                "uiStateJSON": "{\"vis\": {\"params\": {\"sort\": {\"columnIndex\": null, \"direction\": null}}}}",
                "version": 1,
                "visState": "{\"aggs\": [{\"enabled\": true, \"id\": \"2\", \"params\": {\"field\": \"service.address\", \"order\": \"desc\", \"orderBy\": \"1\", \"size\": 5}, \"schema\": \"bucket\", \"type\": \"terms\"}, {\"enabled\": true, \"id\": \"3\", \"params\": {\"customLabel\": \"Uptime (s)\", \"field\": \"redis.info.server.uptime\"}, \"schema\": \"metric\", \"type\": \"max\"}, {\"enabled\": true, \"id\": \"6\", \"params\": {\"customLabel\": \"PID\", \"field\": \"process.pid\"}, \"schema\": \"metric\", \"type\": \"max\"}, {\"enabled\": true, \"id\": \"1\", \"params\": {\"customLabel\": \"Memory\", \"field\": \"redis.info.memory.used.peak\"}, \"schema\": \"metric\", \"type\": \"max\"}, {\"enabled\": true, \"id\": \"4\", \"params\": {\"customLabel\": \"CPU used (user)\", \"field\": \"redis.info.cpu.used.user\"}, \"schema\": \"metric\", \"type\": \"max\"}, {\"enabled\": true, \"id\": \"5\", \"params\": {\"customLabel\": \"CPU used (system)\", \"field\": \"redis.info.cpu.used.sys\"}, \"schema\": \"metric\", \"type\": \"max\"}], \"listeners\": {}, \"params\": {\"perPage\": 10, \"showMeticsAtAllLevels\": false, \"showPartialRows\": false, \"showTotal\": false, \"sort\": {\"columnIndex\": null, \"direction\": null}, \"totalFunc\": \"sum\"}, \"title\": \"Hosts [Metricbeat Redis] ECS\", \"type\": \"table\"}"
            },
            "col": 1,
            "id": "Redis-hosts-ecs",
            "panelIndex": 3,
            "row": 4,
            "size_x": 12,
            "size_y": 2,
            "type": "visualization",
            "version": 2
        },
        {
            "attributes": {
                "description": "",
                "kibanaSavedObjectMeta": {
                    "searchSourceJSON": "{\"filter\": []}"
                },
                "savedSearchId": "Metricbeat-Redis-ecs",
                "title": "Server Versions [Metricbeat Redis] ECS",
                "uiStateJSON": "{}",
                "version": 1,
                "visState": "{\"aggs\": [{\"enabled\": true, \"id\": \"1\", \"params\": {\"customLabel\": \"Hosts\", \"field\": \"service.address\"}, \"schema\": \"metric\", \"type\": \"cardinality\"}, {\"enabled\": true, \"id\": \"2\", \"params\": {\"customLabel\": \"Multiplexing API\", \"field\": \"service.version\", \"order\": \"desc\", \"orderBy\": \"1\", \"size\": 5}, \"schema\": \"segment\", \"type\": \"terms\"}], \"listeners\": {}, \"params\": {\"addLegend\": true, \"addTooltip\": true, \"isDonut\": false, \"legendPosition\": \"right\", \"shareYAxis\": true}, \"title\": \"Server Versions [Metricbeat Redis] ECS\", \"type\": \"pie\"}"
            },
            "col": 1,
            "id": "Redis-Server-Versions-ecs",
            "panelIndex": 4,
            "row": 6,
            "size_x": 4,
            "size_y": 2,
            "type": "visualization",
            "version": 2
        },
        {
            "attributes": {
                "description": "",
                "kibanaSavedObjectMeta": {
                    "searchSourceJSON": "{\"filter\": []}"
                },
                "savedSearchId": "Metricbeat-Redis-ecs",
                "title": "Server mode [Metricbeat Redis] ECS",
                "uiStateJSON": "{}",
                "version": 1,
                "visState": "{\"aggs\": [{\"enabled\": true, \"id\": \"1\", \"params\": {\"customLabel\": \"Hosts\", \"field\": \"service.address\"}, \"schema\": \"metric\", \"type\": \"cardinality\"}, {\"enabled\": true, \"id\": \"2\", \"params\": {\"customLabel\": \"Server mode\", \"field\": \"redis.info.server.mode\", \"order\": \"desc\", \"orderBy\": \"1\", \"size\": 5}, \"schema\": \"segment\", \"type\": \"terms\"}], \"listeners\": {}, \"params\": {\"addLegend\": true, \"addTooltip\": true, \"isDonut\": false, \"legendPosition\": \"right\", \"shareYAxis\": true}, \"title\": \"Server mode [Metricbeat Redis] ECS\", \"type\": \"pie\"}"
            },
            "col": 5,
            "id": "Redis-server-mode-ecs",
            "panelIndex": 5,
            "row": 6,
            "size_x": 4,
            "size_y": 2,
            "type": "visualization",
            "version": 2
        },
        {
            "attributes": {
                "description": "",
                "kibanaSavedObjectMeta": {
                    "searchSourceJSON": "{\"filter\": []}"
                },
                "savedSearchId": "Metricbeat-Redis-ecs",
                "title": "Multiplexing API [Metricbeat Redis] ECS",
                "uiStateJSON": "{}",
                "version": 1,
                "visState": "{\"aggs\": [{\"enabled\": true, \"id\": \"1\", \"params\": {\"customLabel\": \"Hosts\", \"field\": \"service.address\"}, \"schema\": \"metric\", \"type\": \"cardinality\"}, {\"enabled\": true, \"id\": \"2\", \"params\": {\"customLabel\": \"Multiplexing API\", \"field\": \"redis.info.server.multiplexing_api\", \"order\": \"desc\", \"orderBy\": \"1\", \"size\": 5}, \"schema\": \"segment\", \"type\": \"terms\"}], \"listeners\": {}, \"params\": {\"addLegend\": true, \"addTooltip\": true, \"isDonut\": false, \"legendPosition\": \"right\", \"shareYAxis\": true}, \"title\": \"Multiplexing API [Metricbeat Redis] ECS\", \"type\": \"pie\"}"
            },
            "col": 9,
            "id": "Redis-multiplexing-API-ecs",
            "panelIndex": 6,
            "row": 6,
            "size_x": 3,
            "size_y": 2,
            "type": "visualization",
            "version": 2
        },
        {
            "attributes": {
                "description": "",
                "kibanaSavedObjectMeta": {
                    "searchSourceJSON": "{\"filter\": []}"
                },
                "savedSearchId": "Metricbeat-Redis-ecs",
                "title": "Keyspaces [Metricbeat Redis] ECS",
                "uiStateJSON": "{}",
                "version": 1,
                "visState": "{\"aggs\": [{\"enabled\": true, \"id\": \"1\", \"params\": {\"customLabel\": \"Number of keys\", \"field\": \"redis.keyspace.keys\"}, \"schema\": \"metric\", \"type\": \"avg\"}, {\"enabled\": true, \"id\": \"2\", \"params\": {\"customInterval\": \"2h\", \"extended_bounds\": {}, \"field\": \"@timestamp\", \"interval\": \"auto\", \"min_doc_count\": 1}, \"schema\": \"segment\", \"type\": \"date_histogram\"}, {\"enabled\": true, \"id\": \"3\", \"params\": {\"customLabel\": \"Keyspaces\", \"field\": \"redis.keyspace.id\", \"order\": \"desc\", \"orderBy\": \"1\", \"size\": 5}, \"schema\": \"group\", \"type\": \"terms\"}], \"listeners\": {}, \"params\": {\"addLegend\": true, \"addTimeMarker\": false, \"addTooltip\": true, \"categoryAxes\": [{\"id\": \"CategoryAxis-1\", \"labels\": {\"show\": true, \"truncate\": 100}, \"position\": \"bottom\", \"scale\": {\"type\": \"linear\"}, \"show\": true, \"style\": {}, \"title\": {}, \"type\": \"category\"}], \"defaultYExtents\": false, \"grid\": {\"categoryLines\": false, \"style\": {\"color\": \"#eee\"}}, \"interpolate\": \"linear\", \"legendPosition\": \"right\", \"mode\": \"stacked\", \"scale\": \"linear\", \"seriesParams\": [{\"data\": {\"id\": \"1\", \"label\": \"Count\"}, \"drawLinesBetweenPoints\": true, \"interpolate\": \"linear\", \"mode\": \"stacked\", \"show\": \"true\", \"showCircles\": true, \"type\": \"area\", \"valueAxis\": \"ValueAxis-1\"}], \"setYExtents\": false, \"shareYAxis\": true, \"smoothLines\": false, \"times\": [], \"valueAxes\": [{\"id\": \"ValueAxis-1\", \"labels\": {\"filter\": false, \"rotate\": 0, \"show\": true, \"truncate\": 100}, \"name\": \"LeftAxis-1\", \"position\": \"left\", \"scale\": {\"mode\": \"normal\", \"type\": \"linear\"}, \"show\": true, \"style\": {}, \"title\": {\"text\": \"Count\"}, \"type\": \"value\"}], \"yAxis\": {}}, \"title\": \"Keyspaces [Metricbeat Redis] ECS\", \"type\": \"area\"}"
            },
            "col": 9,
            "id": "Redis-Keyspaces-ecs",
            "panelIndex": 7,
            "row": 1,
            "size_x": 4,
            "size_y": 3,
            "type": "visualization",
            "version": 2
        },
        {
            "attributes": {
                "columns": [
                    "_source"
                ],
                "description": "",
                "hits": 0,
                "kibanaSavedObjectMeta": {
                    "searchSourceJSON": "{\"filter\": [], \"highlight\": {\"fields\": {\"*\": {}}, \"fragment_size\": 2147483647, \"post_tags\": [\"@/kibana-highlighted-field@\"], \"pre_tags\": [\"@kibana-highlighted-field@\"], \"require_field_match\": false}, \"index\": \"metricbeat-*\", \"query\": {\"language\": \"kuery\", \"query\": \"event.module:redis\"}}"
                },
                "sort": [
                    "@timestamp",
                    "desc"
                ],
                "title": "Metricbeat Redis ECS",
                "version": 1
            },
            "id": "Metricbeat-Redis-ecs",
            "type": "search",
            "version": 7
        },
        {
            "attributes": {
                "description": "Overview of Redis server metrics",
                "hits": 0,
                "kibanaSavedObjectMeta": {
                    "searchSourceJSON": "{\"filter\": [], \"query\": {\"language\": \"kuery\", \"query\": \"\"}, \"highlightAll\": true, \"version\": true}"
                },
                "optionsJSON": "{\"darkTheme\": false}",
                "panelsJSON": "[{\"col\": 1, \"id\": \"Redis-Clients-Metrics-ecs\", \"panelIndex\": 2, \"row\": 1, \"size_x\": 3, \"size_y\": 3, \"type\": \"visualization\"}, {\"col\": 4, \"id\": \"Redis-Connected-clients-ecs\", \"panelIndex\": 1, \"row\": 1, \"size_x\": 5, \"size_y\": 3, \"type\": \"visualization\"}, {\"col\": 1, \"id\": \"Redis-hosts-ecs\", \"panelIndex\": 3, \"row\": 4, \"size_x\": 12, \"size_y\": 2, \"type\": \"visualization\"}, {\"col\": 1, \"id\": \"Redis-Server-Versions-ecs\", \"panelIndex\": 4, \"row\": 6, \"size_x\": 4, \"size_y\": 2, \"type\": \"visualization\"}, {\"col\": 5, \"id\": \"Redis-server-mode-ecs\", \"panelIndex\": 5, \"row\": 6, \"size_x\": 4, \"size_y\": 2, \"type\": \"visualization\"}, {\"col\": 9, \"id\": \"Redis-multiplexing-API-ecs\", \"panelIndex\": 6, \"row\": 6, \"size_x\": 3, \"size_y\": 2, \"type\": \"visualization\"}, {\"col\": 9, \"id\": \"Redis-Keyspaces-ecs\", \"panelIndex\": 7, \"row\": 1, \"size_x\": 4, \"size_y\": 3, \"type\": \"visualization\"}]",
                "timeRestore": false,
                "title": "[Metricbeat Redis] Overview ECS",
                "uiStateJSON": "{\"P-2\": {\"vis\": {\"defaultColors\": {\"0 - 100\": \"rgb(0,104,55)\"}}}, \"P-3\": {\"vis\": {\"params\": {\"sort\": {\"columnIndex\": null, \"direction\": null}}}}, \"P-4\": {\"vis\": {\"legendOpen\": true}}}",
                "version": 1
            },
            "id": "AV4YjZ5pux-M-tCAunxK-ecs",
            "type": "dashboard",
            "version": 1
        }
    ],
    "version": "5.6.0-SNAPSHOT"
}