{
    "objects": [
        {
            "attributes": {
                "description": "",
                "kibanaSavedObjectMeta": {
                    "searchSourceJSON": "{\"filter\": [], \"index\": \"metricbeat-*\", \"query\": {\"language\": \"kuery\", \"query\": \"\"}}"
                },
                "title": "Service States [Metricbeat Windows] ECS",
                "uiStateJSON": "{\"vis\": {\"params\": {\"sort\": {\"columnIndex\": null, \"direction\": null}}}}",
                "version": 1,
                "visState": "{\"aggs\": [{\"enabled\": true, \"id\": \"1\", \"params\": {\"aggregate\": \"concat\", \"customLabel\": \"Latest Report\", \"field\": \"@timestamp\", \"size\": 1, \"sortField\": \"@timestamp\", \"sortOrder\": \"desc\"}, \"schema\": \"metric\", \"type\": \"top_hits\"}, {\"enabled\": true, \"id\": \"2\", \"params\": {\"customLabel\": \"Service\", \"field\": \"windows.service.display_name\", \"order\": \"asc\", \"orderBy\": \"_term\", \"size\": 100}, \"schema\": \"bucket\", \"type\": \"terms\"}, {\"enabled\": true, \"id\": \"5\", \"params\": {\"customLabel\": \"Host\", \"field\": \"host.name\", \"order\": \"desc\", \"orderBy\": \"_term\", \"size\": 5}, \"schema\": \"bucket\", \"type\": \"terms\"}, {\"enabled\": true, \"id\": \"3\", \"params\": {\"customLabel\": \"State\", \"field\": \"windows.service.state\", \"order\": \"desc\", \"orderAgg\": {\"enabled\": true, \"id\": \"3-orderAgg\", \"params\": {\"field\": \"@timestamp\"}, \"schema\": {\"aggFilter\": [\"!top_hits\", \"!percentiles\", \"!median\", \"!std_dev\", \"!derivative\", \"!moving_avg\", \"!serial_diff\", \"!cumulative_sum\", \"!avg_bucket\", \"!max_bucket\", \"!min_bucket\", \"!sum_bucket\"], \"deprecate\": false, \"editor\": false, \"group\": \"none\", \"hideCustomLabel\": true, \"max\": null, \"min\": 0, \"name\": \"orderAgg\", \"params\": [], \"title\": \"Order Agg\"}, \"type\": \"max\"}, \"orderBy\": \"custom\", \"size\": 1}, \"schema\": \"bucket\", \"type\": \"terms\"}, {\"enabled\": true, \"id\": \"4\", \"params\": {\"customLabel\": \"Startup Type\", \"field\": \"windows.service.start_type\", \"order\": \"desc\", \"orderAgg\": {\"enabled\": true, \"id\": \"4-orderAgg\", \"params\": {\"field\": \"@timestamp\"}, \"schema\": {\"aggFilter\": [\"!top_hits\", \"!percentiles\", \"!median\", \"!std_dev\", \"!derivative\", \"!moving_avg\", \"!serial_diff\", \"!cumulative_sum\", \"!avg_bucket\", \"!max_bucket\", \"!min_bucket\", \"!sum_bucket\"], \"deprecate\": false, \"editor\": false, \"group\": \"none\", \"hideCustomLabel\": true, \"max\": null, \"min\": 0, \"name\": \"orderAgg\", \"params\": [], \"title\": \"Order Agg\"}, \"type\": \"max\"}, \"orderBy\": \"custom\", \"size\": 1}, \"schema\": \"bucket\", \"type\": \"terms\"}], \"params\": {\"perPage\": 10, \"showMeticsAtAllLevels\": false, \"showPartialRows\": false, \"showTotal\": false, \"sort\": {\"columnIndex\": null, \"direction\": null}, \"totalFunc\": \"sum\"}, \"title\": \"Service States [Metricbeat Windows] ECS\", \"type\": \"table\"}"
            },
            "id": "eb8277d0-c98c-11e7-9835-2f31fe08873b-ecs",
            "type": "visualization",
            "version": 1
        },
        {
            "attributes": {
                "description": "",
                "kibanaSavedObjectMeta": {
                    "searchSourceJSON": "{\"filter\": [], \"query\": {\"language\": \"kuery\", \"query\": \"\"}}"
                },
                "savedSearchId": "b6b7ccc0-c98d-11e7-9835-2f31fe08873b-ecs",
                "title": "Hosts [Metricbeat Windows] ECS",
                "uiStateJSON": "{\"vis\": {\"params\": {\"sort\": {\"columnIndex\": null, \"direction\": null}}}}",
                "version": 1,
                "visState": "{\"aggs\": [{\"enabled\": true, \"id\": \"1\", \"params\": {\"customLabel\": \"Total Services\", \"field\": \"windows.service.id\"}, \"schema\": \"metric\", \"type\": \"cardinality\"}, {\"enabled\": true, \"id\": \"2\", \"params\": {\"customLabel\": \"Host\", \"field\": \"host.name\", \"order\": \"desc\", \"orderBy\": \"1\", \"size\": 100}, \"schema\": \"bucket\", \"type\": \"terms\"}], \"params\": {\"perPage\": 10, \"showMeticsAtAllLevels\": false, \"showPartialRows\": false, \"showTotal\": false, \"sort\": {\"columnIndex\": null, \"direction\": null}, \"totalFunc\": \"sum\"}, \"title\": \"Hosts [Metricbeat Windows] ECS\", \"type\": \"table\"}"
            },
            "id": "23a5fff0-c98e-11e7-9835-2f31fe08873b-ecs",
            "type": "visualization",
            "version": 2
        },
        {
            "attributes": {
                "description": "",
                "kibanaSavedObjectMeta": {
                    "searchSourceJSON": "{\"filter\": [], \"query\": {\"language\": \"kuery\", \"query\": \"\"}}"
                },
                "savedSearchId": "b6b7ccc0-c98d-11e7-9835-2f31fe08873b-ecs",
                "title": "Startup States [Metricbeat Windows] ECS",
                "uiStateJSON": "{}",
                "version": 1,
                "visState": "{\"aggs\": [{\"enabled\": true, \"id\": \"1\", \"params\": {\"customLabel\": \"Service Count\", \"field\": \"windows.service.id\"}, \"schema\": \"metric\", \"type\": \"cardinality\"}, {\"enabled\": true, \"id\": \"4\", \"params\": {\"customLabel\": \"Startup Type\", \"field\": \"windows.service.start_type\", \"order\": \"desc\", \"orderBy\": \"1\", \"size\": 5}, \"schema\": \"segment\", \"type\": \"terms\"}, {\"enabled\": true, \"id\": \"3\", \"params\": {\"customLabel\": \"State\", \"field\": \"windows.service.state\", \"order\": \"desc\", \"orderBy\": \"1\", \"size\": 5}, \"schema\": \"segment\", \"type\": \"terms\"}], \"params\": {\"addLegend\": true, \"addTooltip\": true, \"isDonut\": true, \"legendPosition\": \"right\", \"type\": \"pie\"}, \"title\": \"Startup States [Metricbeat Windows] ECS\", \"type\": \"pie\"}"
            },
            "id": "830c45f0-c991-11e7-9835-2f31fe08873b-ecs",
            "type": "visualization",
            "version": 2
        },
        {
            "attributes": {
                "description": "",
                "kibanaSavedObjectMeta": {
                    "searchSourceJSON": "{\"filter\": [], \"query\": {\"language\": \"kuery\", \"query\": \"\"}}"
                },
                "savedSearchId": "b6b7ccc0-c98d-11e7-9835-2f31fe08873b-ecs",
                "title": "Unique Services [Metricbeat Windows] ECS",
                "uiStateJSON": "{\"vis\": {\"defaultColors\": {\"0 - 100\": \"rgb(0,104,55)\"}}}",
                "version": 1,
                "visState": "{\"aggs\": [{\"enabled\": true, \"id\": \"1\", \"params\": {\"customLabel\": \"Services\", \"field\": \"windows.service.id\"}, \"schema\": \"metric\", \"type\": \"cardinality\"}], \"params\": {\"addLegend\": false, \"addTooltip\": true, \"gauge\": {\"autoExtend\": false, \"backStyle\": \"Full\", \"colorSchema\": \"Green to Red\", \"colorsRange\": [{\"from\": 0, \"to\": 100}], \"gaugeColorMode\": \"None\", \"gaugeStyle\": \"Full\", \"gaugeType\": \"Metric\", \"invertColors\": false, \"labels\": {\"color\": \"black\", \"show\": false}, \"orientation\": \"vertical\", \"percentageMode\": false, \"scale\": {\"color\": \"#333\", \"labels\": false, \"show\": false, \"width\": 2}, \"style\": {\"bgColor\": false, \"fontSize\": 60, \"labelColor\": false, \"subText\": \"\"}, \"type\": \"simple\", \"useRange\": false, \"verticalSplit\": false}, \"type\": \"gauge\"}, \"title\": \"Unique Services [Metricbeat Windows] ECS\", \"type\": \"metric\"}"
            },
            "id": "35f5ad60-c996-11e7-9835-2f31fe08873b-ecs",
            "type": "visualization",
            "version": 2
        },
        {
            "attributes": {
                "description": "",
                "kibanaSavedObjectMeta": {
                    "searchSourceJSON": "{\"filter\": [{\"$state\": {\"store\": \"appState\"}, \"exists\": {\"field\": \"windows.service.exit_code\"}, \"meta\": {\"alias\": null, \"disabled\": false, \"index\": \"metricbeat-*\", \"key\": \"windows.service.exit_code\", \"negate\": false, \"type\": \"exists\", \"value\": \"exists\"}}, {\"$state\": {\"store\": \"appState\"}, \"meta\": {\"alias\": null, \"disabled\": false, \"index\": \"metricbeat-*\", \"key\": \"windows.service.exit_code\", \"negate\": true, \"params\": {\"query\": \"0\", \"type\": \"phrase\"}, \"type\": \"phrase\", \"value\": \"0\"}, \"query\": {\"match\": {\"windows.service.exit_code\": {\"query\": \"0\", \"type\": \"phrase\"}}}}, {\"$state\": {\"store\": \"appState\"}, \"meta\": {\"alias\": null, \"disabled\": false, \"index\": \"metricbeat-*\", \"key\": \"windows.service.exit_code\", \"negate\": true, \"params\": {\"query\": \"ERROR_SERVICE_NEVER_STARTED\", \"type\": \"phrase\"}, \"type\": \"phrase\", \"value\": \"ERROR_SERVICE_NEVER_STARTED\"}, \"query\": {\"match\": {\"windows.service.exit_code\": {\"query\": \"ERROR_SERVICE_NEVER_STARTED\", \"type\": \"phrase\"}}}}], \"query\": {\"language\": \"kuery\", \"query\": \"\"}}"
                },
                "savedSearchId": "b6b7ccc0-c98d-11e7-9835-2f31fe08873b-ecs",
                "title": "Non-zero Service Exit Codes [Metricbeat Windows] ECS",
                "uiStateJSON": "{\"vis\": {\"defaultColors\": {\"0 - 100\": \"rgb(0,104,55)\"}}}",
                "version": 1,
                "visState": "{\"aggs\": [{\"enabled\": true, \"id\": \"1\", \"params\": {\"customLabel\": \"Non-zero Exit Codes\", \"field\": \"windows.service.id\"}, \"schema\": \"metric\", \"type\": \"cardinality\"}], \"params\": {\"addLegend\": false, \"addTooltip\": true, \"gauge\": {\"autoExtend\": false, \"backStyle\": \"Full\", \"colorSchema\": \"Green to Red\", \"colorsRange\": [{\"from\": 0, \"to\": 100}], \"gaugeColorMode\": \"None\", \"gaugeStyle\": \"Full\", \"gaugeType\": \"Metric\", \"invertColors\": false, \"labels\": {\"color\": \"black\", \"show\": false}, \"orientation\": \"vertical\", \"percentageMode\": false, \"scale\": {\"color\": \"#333\", \"labels\": false, \"show\": false, \"width\": 2}, \"style\": {\"bgColor\": false, \"fontSize\": 60, \"labelColor\": false, \"subText\": \"\"}, \"type\": \"simple\", \"useRange\": false, \"verticalSplit\": false}, \"type\": \"gauge\"}, \"title\": \"Non-zero Service Exit Codes [Metricbeat Windows] ECS\", \"type\": \"metric\"}"
            },
            "id": "c36b2ba0-ca29-11e7-9835-2f31fe08873b-ecs",
            "type": "visualization",
            "version": 1
        },
        {
            "attributes": {
                "columns": [
                    "host.name",
                    "windows.service.display_name",
                    "windows.service.state",
                    "windows.service.start_type",
                    "windows.service.uptime.ms",
                    "windows.service.pid",
                    "windows.service.exit_code"
                ],
                "description": "",
                "hits": 0,
                "kibanaSavedObjectMeta": {
                    "searchSourceJSON": "{\"filter\": [{\"$state\": {\"store\": \"appState\"}, \"meta\": {\"alias\": null, \"disabled\": false, \"index\": \"metricbeat-*\", \"key\": \"event.module\", \"negate\": false, \"params\": {\"query\": \"windows\", \"type\": \"phrase\"}, \"type\": \"phrase\", \"value\": \"windows\"}, \"query\": {\"match\": {\"event.module\": {\"query\": \"windows\", \"type\": \"phrase\"}}}}, {\"$state\": {\"store\": \"appState\"}, \"meta\": {\"alias\": null, \"disabled\": false, \"index\": \"metricbeat-*\", \"key\": \"metricset.name\", \"negate\": false, \"params\": {\"query\": \"service\", \"type\": \"phrase\"}, \"type\": \"phrase\", \"value\": \"service\"}, \"query\": {\"match\": {\"metricset.name\": {\"query\": \"service\", \"type\": \"phrase\"}}}}], \"highlightAll\": true, \"index\": \"metricbeat-*\", \"query\": {\"language\": \"kuery\", \"query\": \"\"}, \"version\": true}"
                },
                "sort": [
                    "@timestamp",
                    "desc"
                ],
                "title": "Services [Metricbeat Windows] ECS",
                "version": 1
            },
            "id": "b6b7ccc0-c98d-11e7-9835-2f31fe08873b-ecs",
            "type": "search",
            "version": 2
        },
        {
            "attributes": {
                "description": "Overview of the Windows Service States",
                "hits": 0,
                "kibanaSavedObjectMeta": {
                    "searchSourceJSON": "{\"filter\": [], \"highlightAll\": true, \"query\": {\"language\": \"kuery\", \"query\": \"\"}, \"version\": true}"
                },
                "optionsJSON": "{\"darkTheme\": false}",
                "panelsJSON": "[{\"col\": 4, \"id\": \"eb8277d0-c98c-11e7-9835-2f31fe08873b-ecs\", \"panelIndex\": 1, \"row\": 4, \"size_x\": 9, \"size_y\": 5, \"type\": \"visualization\"}, {\"col\": 1, \"id\": \"23a5fff0-c98e-11e7-9835-2f31fe08873b-ecs\", \"panelIndex\": 2, \"row\": 4, \"size_x\": 3, \"size_y\": 5, \"type\": \"visualization\"}, {\"col\": 1, \"id\": \"830c45f0-c991-11e7-9835-2f31fe08873b-ecs\", \"panelIndex\": 3, \"row\": 1, \"size_x\": 4, \"size_y\": 3, \"type\": \"visualization\"}, {\"col\": 5, \"id\": \"35f5ad60-c996-11e7-9835-2f31fe08873b-ecs\", \"panelIndex\": 4, \"row\": 1, \"size_x\": 4, \"size_y\": 3, \"type\": \"visualization\"}, {\"col\": 9, \"id\": \"c36b2ba0-ca29-11e7-9835-2f31fe08873b-ecs\", \"panelIndex\": 5, \"row\": 1, \"size_x\": 4, \"size_y\": 3, \"type\": \"visualization\"}]",
                "timeRestore": false,
                "title": "[Metricbeat Windows] Services ECS",
                "uiStateJSON": "{\"P-1\": {\"vis\": {\"params\": {\"sort\": {\"columnIndex\": null, \"direction\": null}}}}, \"P-2\": {\"vis\": {\"params\": {\"sort\": {\"columnIndex\": null, \"direction\": null}}}}, \"P-4\": {\"vis\": {\"defaultColors\": {\"0 - 100\": \"rgb(0,104,55)\"}}}, \"P-5\": {\"vis\": {\"defaultColors\": {\"0 - 100\": \"rgb(0,104,55)\"}}}}",
                "version": 1
            },
            "id": "d9eba730-c991-11e7-9835-2f31fe08873b-ecs",
            "type": "dashboard",
            "version": 6
        }
    ],
    "version": "6.0.0"
}