{
    "objects": [
        {
            "attributes": {
                "description": "Istio traffic statistics based on metrics collected from istio proxies",
                "hits": 0,
                "kibanaSavedObjectMeta": {
                    "searchSourceJSON": "{\"filter\": [], \"query\": {\"language\": \"kuery\", \"query\": \"\"}}"
                },
                "optionsJSON": "{\"hidePanelTitles\": false, \"useMargins\": true}",
                "panelsJSON": "[{\"embeddableConfig\": {\"title\": \"\"}, \"gridData\": {\"h\": 3, \"i\": \"fbc3815e-eb3a-46dd-b37a-a61b741b754e\", \"w\": 10, \"x\": 0, \"y\": 0}, \"panelIndex\": \"fbc3815e-eb3a-46dd-b37a-a61b741b754e\", \"panelRefName\": \"panel_0\", \"version\": \"7.9.0\"}, {\"embeddableConfig\": {\"hidePanelTitles\": false, \"title\": \"Number of requests per source\"}, \"gridData\": {\"h\": 11, \"i\": \"1f88dc8b-1c21-40e0-8507-b468643d5507\", \"w\": 15, \"x\": 10, \"y\": 0}, \"panelIndex\": \"1f88dc8b-1c21-40e0-8507-b468643d5507\", \"panelRefName\": \"panel_1\", \"title\": \"Number of requests per source\", \"version\": \"7.9.0\"}, {\"embeddableConfig\": {\"hidePanelTitles\": false, \"title\": \"Number of requests per destination\"}, \"gridData\": {\"h\": 11, \"i\": \"7c7c491b-c55c-4892-a73e-3bfb5af9a610\", \"w\": 23, \"x\": 25, \"y\": 0}, \"panelIndex\": \"7c7c491b-c55c-4892-a73e-3bfb5af9a610\", \"panelRefName\": \"panel_2\", \"title\": \"Number of requests per destination\", \"version\": \"7.9.0\"}, {\"embeddableConfig\": {\"title\": \"Destination Apps\"}, \"gridData\": {\"h\": 8, \"i\": \"c87dc307-71f1-4642-8d2a-60066f5ab114\", \"w\": 10, \"x\": 0, \"y\": 3}, \"panelIndex\": \"c87dc307-71f1-4642-8d2a-60066f5ab114\", \"panelRefName\": \"panel_3\", \"title\": \"Destination Apps\", \"version\": \"7.9.0\"}, {\"embeddableConfig\": {\"hidePanelTitles\": false, \"title\": \"Duration of requests per destination\"}, \"gridData\": {\"h\": 10, \"i\": \"894e458b-c822-4df1-ae43-aa99d73bfedc\", \"w\": 12, \"x\": 12, \"y\": 11}, \"panelIndex\": \"894e458b-c822-4df1-ae43-aa99d73bfedc\", \"panelRefName\": \"panel_4\", \"title\": \"Duration of requests per destination\", \"version\": \"7.9.0\"}, {\"embeddableConfig\": {\"hidePanelTitles\": false, \"title\": \"Size of requests per source\"}, \"gridData\": {\"h\": 10, \"i\": \"28d6f60d-1b2c-4688-9cbc-5ebf3d587469\", \"w\": 12, \"x\": 24, \"y\": 11}, \"panelIndex\": \"28d6f60d-1b2c-4688-9cbc-5ebf3d587469\", \"panelRefName\": \"panel_5\", \"title\": \"Size of requests per source\", \"version\": \"7.9.0\"}, {\"embeddableConfig\": {\"hidePanelTitles\": false, \"title\": \"Size of requests per destination\"}, \"gridData\": {\"h\": 10, \"i\": \"1b1f0dcb-613d-4b71-a8a9-e30f79734ede\", \"w\": 12, \"x\": 36, \"y\": 11}, \"panelIndex\": \"1b1f0dcb-613d-4b71-a8a9-e30f79734ede\", \"panelRefName\": \"panel_6\", \"title\": \"Size of requests per destination\", \"version\": \"7.9.0\"}, {\"embeddableConfig\": {\"hidePanelTitles\": false, \"title\": \"Duration of requests per source\"}, \"gridData\": {\"h\": 10, \"i\": \"ae905bb4-456f-4122-8f5c-44a9ced608f1\", \"w\": 12, \"x\": 0, \"y\": 11}, \"panelIndex\": \"ae905bb4-456f-4122-8f5c-44a9ced608f1\", \"panelRefName\": \"panel_7\", \"title\": \"Duration of requests per source\", \"version\": \"7.9.0\"}, {\"embeddableConfig\": {\"hidePanelTitles\": false, \"title\": \"Size of response per source\"}, \"gridData\": {\"h\": 10, \"i\": \"3f4222fc-a243-4141-8787-1dd41d9f1661\", \"w\": 17, \"x\": 12, \"y\": 21}, \"panelIndex\": \"3f4222fc-a243-4141-8787-1dd41d9f1661\", \"panelRefName\": \"panel_8\", \"title\": \"Size of response per source\", \"version\": \"7.9.0\"}, {\"embeddableConfig\": {\"hidePanelTitles\": false, \"title\": \"Size of response per destination\"}, \"gridData\": {\"h\": 10, \"i\": \"4c498b69-296c-4e30-8a35-1510566ea5ef\", \"w\": 19, \"x\": 29, \"y\": 21}, \"panelIndex\": \"4c498b69-296c-4e30-8a35-1510566ea5ef\", \"panelRefName\": \"panel_9\", \"title\": \"Size of response per destination\", \"version\": \"7.9.0\"}, {\"embeddableConfig\": {\"hidePanelTitles\": false, \"title\": \"Response Codes\"}, \"gridData\": {\"h\": 10, \"i\": \"2a128040-ef73-40a2-8b52-62c8180bcad7\", \"w\": 12, \"x\": 0, \"y\": 21}, \"panelIndex\": \"2a128040-ef73-40a2-8b52-62c8180bcad7\", \"panelRefName\": \"panel_10\", \"title\": \"Response Codes\", \"version\": \"7.9.0\"}]",
                "timeRestore": false,
                "title": "[Metricbeat Istio] Traffic",
                "version": 1
            },
            "id": "3b88a120-0c7c-11eb-a3fd-1b45ec532bb3",
            "migrationVersion": {
                "dashboard": "7.3.0"
            },
            "namespaces": [
                "default"
            ],
            "references": [
                {
                    "id": "96c4a5c0-0c7c-11eb-a3fd-1b45ec532bb3",
                    "name": "panel_0",
                    "type": "visualization"
                },
                {
                    "id": "e14e3560-0c78-11eb-a3fd-1b45ec532bb3",
                    "name": "panel_1",
                    "type": "visualization"
                },
                {
                    "id": "c7468af0-0c78-11eb-a3fd-1b45ec532bb3",
                    "name": "panel_2",
                    "type": "visualization"
                },
                {
                    "id": "1d076a90-0c7e-11eb-a3fd-1b45ec532bb3",
                    "name": "panel_3",
                    "type": "visualization"
                },
                {
                    "id": "3ae9b3f0-0c7a-11eb-a3fd-1b45ec532bb3",
                    "name": "panel_4",
                    "type": "visualization"
                },
                {
                    "id": "60dacbe0-0c79-11eb-a3fd-1b45ec532bb3",
                    "name": "panel_5",
                    "type": "visualization"
                },
                {
                    "id": "78375380-0c79-11eb-a3fd-1b45ec532bb3",
                    "name": "panel_6",
                    "type": "visualization"
                },
                {
                    "id": "5fd462f0-0c7a-11eb-a3fd-1b45ec532bb3",
                    "name": "panel_7",
                    "type": "visualization"
                },
                {
                    "id": "b4235550-0c7a-11eb-a3fd-1b45ec532bb3",
                    "name": "panel_8",
                    "type": "visualization"
                },
                {
                    "id": "8d818070-0c7a-11eb-a3fd-1b45ec532bb3",
                    "name": "panel_9",
                    "type": "visualization"
                },
                {
                    "id": "09404610-0c7b-11eb-a3fd-1b45ec532bb3",
                    "name": "panel_10",
                    "type": "visualization"
                }
            ],
            "type": "dashboard",
            "updated_at": "2020-10-13T13:18:36.737Z",
            "version": "WzUxNSwxXQ=="
        },
        {
            "attributes": {
                "description": "",
                "kibanaSavedObjectMeta": {
                    "searchSourceJSON": "{\"filter\": [], \"query\": {\"language\": \"kuery\", \"query\": \"\"}}"
                },
                "title": "Dashboards Navigation Overview Traffic [Metricbeat Istio]",
                "uiStateJSON": "{}",
                "version": 1,
                "visState": "{\"aggs\": [], \"params\": {\"fontSize\": 12, \"markdown\": \"[Overview](#/dashboard/d899d3f0-0883-11eb-a3fd-1b45ec532bb3) | **Traffic**\", \"openLinksInNewTab\": false}, \"title\": \"Dashboards Navigation Overview Traffic [Metricbeat Istio]\", \"type\": \"markdown\"}"
            },
            "id": "96c4a5c0-0c7c-11eb-a3fd-1b45ec532bb3",
            "migrationVersion": {
                "visualization": "7.8.0"
            },
            "namespaces": [
                "default"
            ],
            "references": [],
            "type": "visualization",
            "updated_at": "2020-10-13T12:53:51.894Z",
            "version": "WzYxLDFd"
        },
        {
            "attributes": {
                "description": "",
                "kibanaSavedObjectMeta": {
                    "searchSourceJSON": "{}"
                },
                "title": "Number of requests per source [Metricbeat Istio]",
                "uiStateJSON": "{}",
                "version": 1,
                "visState": "{\"aggs\": [], \"params\": {\"axis_formatter\": \"number\", \"axis_min\": 0, \"axis_position\": \"left\", \"axis_scale\": \"normal\", \"default_index_pattern\": \"metricbeat-*\", \"default_timefield\": \"@timestamp\", \"filter\": {\"language\": \"kuery\", \"query\": \"\"}, \"id\": \"7ccbe640-07d8-11eb-985d-2f490d4c2901\", \"index_pattern\": \"metricbeat-*\", \"interval\": \"auto\", \"isModelInvalid\": false, \"series\": [{\"axis_position\": \"right\", \"chart_type\": \"line\", \"color\": \"#6092C0\", \"fill\": 0, \"formatter\": \"number\", \"id\": \"7ccbe641-07d8-11eb-985d-2f490d4c2901\", \"label\": \"Number of requests\", \"line_width\": 2, \"metrics\": [{\"field\": \"prometheus.istio_requests_total.rate\", \"id\": \"7ccbe642-07d8-11eb-985d-2f490d4c2901\", \"percentiles\": [{\"id\": \"88c0d000-07d8-11eb-86d1-6521145f6524\", \"mode\": \"line\", \"percentile\": \"\", \"shade\": 0.2, \"value\": \"50\"}, {\"id\": \"95c750d0-07d8-11eb-86d1-6521145f6524\", \"mode\": \"line\", \"percentile\": \"\", \"shade\": 0.2, \"value\": \"25\"}, {\"id\": \"9c5ec900-07d8-11eb-86d1-6521145f6524\", \"mode\": \"line\", \"percentile\": \"\", \"shade\": 0.2, \"value\": \"75\"}, {\"id\": \"9f8e3700-07d8-11eb-86d1-6521145f6524\", \"mode\": \"line\", \"percentile\": \"\", \"shade\": 0.2, \"value\": \"95\"}, {\"id\": \"a3581040-07d8-11eb-86d1-6521145f6524\", \"mode\": \"line\", \"percentile\": \"\", \"shade\": 0.2, \"value\": \"99\"}], \"type\": \"max\"}], \"point_size\": 0, \"separate_axis\": 0, \"split_mode\": \"terms\", \"stacked\": \"none\", \"terms_field\": \"prometheus.labels.source_app\", \"type\": \"timeseries\", \"value_template\": \"{{value}}\"}], \"show_grid\": 1, \"show_legend\": 1, \"time_field\": \"@timestamp\", \"type\": \"timeseries\"}, \"title\": \"Number of requests per source [Metricbeat Istio]\", \"type\": \"metrics\"}"
            },
            "id": "e14e3560-0c78-11eb-a3fd-1b45ec532bb3",
            "migrationVersion": {
                "visualization": "7.8.0"
            },
            "namespaces": [
                "default"
            ],
            "references": [],
            "type": "visualization",
            "updated_at": "2020-10-13T12:53:51.894Z",
            "version": "WzYyLDFd"
        },
        {
            "attributes": {
                "description": "",
                "kibanaSavedObjectMeta": {
                    "searchSourceJSON": "{}"
                },
                "title": "Number of requests per destination [Metricbeat Istio]",
                "uiStateJSON": "{}",
                "version": 1,
                "visState": "{\"aggs\": [], \"params\": {\"axis_formatter\": \"number\", \"axis_min\": 0, \"axis_position\": \"left\", \"axis_scale\": \"normal\", \"default_index_pattern\": \"metricbeat-*\", \"default_timefield\": \"@timestamp\", \"filter\": {\"language\": \"kuery\", \"query\": \"\"}, \"id\": \"7ccbe640-07d8-11eb-985d-2f490d4c2901\", \"index_pattern\": \"metricbeat-*\", \"interval\": \"auto\", \"isModelInvalid\": false, \"series\": [{\"axis_position\": \"right\", \"chart_type\": \"line\", \"color\": \"#6092C0\", \"fill\": 0, \"formatter\": \"number\", \"id\": \"7ccbe641-07d8-11eb-985d-2f490d4c2901\", \"label\": \"Number of requests\", \"line_width\": 2, \"metrics\": [{\"field\": \"prometheus.istio_requests_total.rate\", \"id\": \"7ccbe642-07d8-11eb-985d-2f490d4c2901\", \"percentiles\": [{\"id\": \"88c0d000-07d8-11eb-86d1-6521145f6524\", \"mode\": \"line\", \"percentile\": \"\", \"shade\": 0.2, \"value\": \"50\"}, {\"id\": \"95c750d0-07d8-11eb-86d1-6521145f6524\", \"mode\": \"line\", \"percentile\": \"\", \"shade\": 0.2, \"value\": \"25\"}, {\"id\": \"9c5ec900-07d8-11eb-86d1-6521145f6524\", \"mode\": \"line\", \"percentile\": \"\", \"shade\": 0.2, \"value\": \"75\"}, {\"id\": \"9f8e3700-07d8-11eb-86d1-6521145f6524\", \"mode\": \"line\", \"percentile\": \"\", \"shade\": 0.2, \"value\": \"95\"}, {\"id\": \"a3581040-07d8-11eb-86d1-6521145f6524\", \"mode\": \"line\", \"percentile\": \"\", \"shade\": 0.2, \"value\": \"99\"}], \"type\": \"max\"}], \"point_size\": 0, \"separate_axis\": 0, \"split_mode\": \"terms\", \"stacked\": \"none\", \"terms_field\": \"prometheus.labels.destination_app\", \"type\": \"timeseries\", \"value_template\": \"{{value}}\"}], \"show_grid\": 1, \"show_legend\": 1, \"time_field\": \"@timestamp\", \"type\": \"timeseries\"}, \"title\": \"Number of requests per destination [Metricbeat Istio]\", \"type\": \"metrics\"}"
            },
            "id": "c7468af0-0c78-11eb-a3fd-1b45ec532bb3",
            "migrationVersion": {
                "visualization": "7.8.0"
            },
            "namespaces": [
                "default"
            ],
            "references": [],
            "type": "visualization",
            "updated_at": "2020-10-13T12:53:51.894Z",
            "version": "WzYzLDFd"
        },
        {
            "attributes": {
                "description": "",
                "kibanaSavedObjectMeta": {
                    "searchSourceJSON": "{\"filter\": [], \"indexRefName\": \"kibanaSavedObjectMeta.searchSourceJSON.index\", \"query\": {\"language\": \"kuery\", \"query\": \"\"}}"
                },
                "title": "Destination Apps [Metricbeat Istio]",
                "uiStateJSON": "{}",
                "version": 1,
                "visState": "{\"aggs\": [{\"enabled\": true, \"id\": \"1\", \"params\": {\"customLabel\": \"some\"}, \"schema\": \"metric\", \"type\": \"count\"}, {\"enabled\": true, \"id\": \"2\", \"params\": {\"field\": \"prometheus.labels.destination_app\", \"missingBucket\": false, \"missingBucketLabel\": \"Missing\", \"order\": \"desc\", \"orderBy\": \"1\", \"otherBucket\": false, \"otherBucketLabel\": \"Other\", \"size\": 25}, \"schema\": \"segment\", \"type\": \"terms\"}], \"params\": {\"maxFontSize\": 49, \"minFontSize\": 13, \"orientation\": \"single\", \"scale\": \"linear\", \"showLabel\": false}, \"title\": \"Destination Apps [Metricbeat Istio]\", \"type\": \"tagcloud\"}"
            },
            "id": "1d076a90-0c7e-11eb-a3fd-1b45ec532bb3",
            "migrationVersion": {
                "visualization": "7.8.0"
            },
            "namespaces": [
                "default"
            ],
            "references": [
                {
                    "id": "metricbeat-*",
                    "name": "kibanaSavedObjectMeta.searchSourceJSON.index",
                    "type": "index-pattern"
                }
            ],
            "type": "visualization",
            "updated_at": "2020-10-13T12:53:51.894Z",
            "version": "WzY0LDFd"
        },
        {
            "attributes": {
                "description": "",
                "kibanaSavedObjectMeta": {
                    "searchSourceJSON": "{\"filter\": [], \"query\": {\"language\": \"kuery\", \"query\": \"\"}}"
                },
                "title": "Duration of requests per destination [Metricbeat Istio]",
                "uiStateJSON": "{}",
                "version": 1,
                "visState": "{\"aggs\": [], \"params\": {\"axis_formatter\": \"number\", \"axis_min\": 0, \"axis_position\": \"left\", \"axis_scale\": \"normal\", \"default_index_pattern\": \"metricbeat-*\", \"default_timefield\": \"@timestamp\", \"filter\": {\"language\": \"kuery\", \"query\": \"\"}, \"id\": \"7ccbe640-07d8-11eb-985d-2f490d4c2901\", \"index_pattern\": \"metricbeat-*\", \"interval\": \"auto\", \"isModelInvalid\": false, \"series\": [{\"axis_position\": \"right\", \"chart_type\": \"line\", \"color\": \"#6092C0\", \"fill\": 0, \"formatter\": \"ms,s,2\", \"id\": \"7ccbe641-07d8-11eb-985d-2f490d4c2901\", \"label\": \"Duration of Requests\", \"line_width\": 2, \"metrics\": [{\"field\": \"prometheus.istio_request_duration_milliseconds.histogram\", \"id\": \"7ccbe642-07d8-11eb-985d-2f490d4c2901\", \"percentiles\": [{\"id\": \"257a4bc0-0c79-11eb-a187-45e4454f723b\", \"mode\": \"line\", \"percentile\": \"\", \"shade\": 0.2, \"value\": \"99\"}], \"type\": \"percentile\"}], \"point_size\": 0, \"separate_axis\": 0, \"split_mode\": \"terms\", \"stacked\": \"none\", \"terms_field\": \"prometheus.labels.destination_app\", \"terms_size\": \"100\", \"type\": \"timeseries\", \"value_template\": \"{{value}}\"}], \"show_grid\": 1, \"show_legend\": 1, \"time_field\": \"@timestamp\", \"tooltip_mode\": \"show_all\", \"type\": \"timeseries\"}, \"title\": \"Duration of requests per destination [Metricbeat Istio]\", \"type\": \"metrics\"}"
            },
            "id": "3ae9b3f0-0c7a-11eb-a3fd-1b45ec532bb3",
            "migrationVersion": {
                "visualization": "7.8.0"
            },
            "namespaces": [
                "default"
            ],
            "references": [],
            "type": "visualization",
            "updated_at": "2020-10-13T13:04:46.542Z",
            "version": "WzM0MiwxXQ=="
        },
        {
            "attributes": {
                "description": "",
                "kibanaSavedObjectMeta": {
                    "searchSourceJSON": "{\"filter\": [], \"query\": {\"language\": \"kuery\", \"query\": \"\"}}"
                },
                "title": "Size of requests per source [Metricbeat Istio]",
                "uiStateJSON": "{}",
                "version": 1,
                "visState": "{\"aggs\": [], \"params\": {\"axis_formatter\": \"number\", \"axis_min\": 0, \"axis_position\": \"left\", \"axis_scale\": \"normal\", \"default_index_pattern\": \"metricbeat-*\", \"default_timefield\": \"@timestamp\", \"filter\": {\"language\": \"kuery\", \"query\": \"\"}, \"id\": \"7ccbe640-07d8-11eb-985d-2f490d4c2901\", \"index_pattern\": \"metricbeat-*\", \"interval\": \"auto\", \"isModelInvalid\": false, \"series\": [{\"axis_position\": \"right\", \"chart_type\": \"line\", \"color\": \"#6092C0\", \"fill\": 0, \"formatter\": \"bytes\", \"id\": \"7ccbe641-07d8-11eb-985d-2f490d4c2901\", \"label\": \"Size of Requests\", \"line_width\": 2, \"metrics\": [{\"field\": \"prometheus.istio_request_bytes.histogram\", \"id\": \"7ccbe642-07d8-11eb-985d-2f490d4c2901\", \"percentiles\": [{\"id\": \"257a4bc0-0c79-11eb-a187-45e4454f723b\", \"mode\": \"line\", \"percentile\": \"\", \"shade\": 0.2, \"value\": \"99\"}], \"type\": \"percentile\", \"values\": [\"99\"]}], \"point_size\": 0, \"separate_axis\": 0, \"split_mode\": \"terms\", \"stacked\": \"none\", \"terms_field\": \"prometheus.labels.source_app\", \"terms_size\": \"100\", \"type\": \"timeseries\", \"value_template\": \"{{value}}\"}], \"show_grid\": 1, \"show_legend\": 1, \"time_field\": \"@timestamp\", \"tooltip_mode\": \"show_all\", \"type\": \"timeseries\"}, \"title\": \"Size of requests per source [Metricbeat Istio]\", \"type\": \"metrics\"}"
            },
            "id": "60dacbe0-0c79-11eb-a3fd-1b45ec532bb3",
            "migrationVersion": {
                "visualization": "7.8.0"
            },
            "namespaces": [
                "default"
            ],
            "references": [],
            "type": "visualization",
            "updated_at": "2020-10-13T13:15:39.548Z",
            "version": "WzQ4NywxXQ=="
        },
        {
            "attributes": {
                "description": "",
                "kibanaSavedObjectMeta": {
                    "searchSourceJSON": "{\"filter\": [], \"query\": {\"language\": \"kuery\", \"query\": \"\"}}"
                },
                "title": "Size of requests per destination [Metricbeat Istio]",
                "uiStateJSON": "{}",
                "version": 1,
                "visState": "{\"aggs\": [], \"params\": {\"axis_formatter\": \"number\", \"axis_min\": 0, \"axis_position\": \"left\", \"axis_scale\": \"normal\", \"default_index_pattern\": \"metricbeat-*\", \"default_timefield\": \"@timestamp\", \"filter\": {\"language\": \"kuery\", \"query\": \"\"}, \"id\": \"7ccbe640-07d8-11eb-985d-2f490d4c2901\", \"index_pattern\": \"metricbeat-*\", \"interval\": \"auto\", \"isModelInvalid\": false, \"series\": [{\"axis_position\": \"right\", \"chart_type\": \"line\", \"color\": \"#6092C0\", \"fill\": 0, \"formatter\": \"bytes\", \"id\": \"7ccbe641-07d8-11eb-985d-2f490d4c2901\", \"label\": \"Size of Requests\", \"line_width\": 2, \"metrics\": [{\"field\": \"prometheus.istio_request_bytes.histogram\", \"id\": \"7ccbe642-07d8-11eb-985d-2f490d4c2901\", \"percentiles\": [{\"id\": \"257a4bc0-0c79-11eb-a187-45e4454f723b\", \"mode\": \"line\", \"percentile\": \"\", \"shade\": 0.2, \"value\": \"99\"}], \"type\": \"percentile\", \"values\": [\"99\"]}], \"point_size\": 0, \"separate_axis\": 0, \"split_mode\": \"terms\", \"stacked\": \"none\", \"terms_field\": \"prometheus.labels.destination_app\", \"terms_size\": \"100\", \"type\": \"timeseries\", \"value_template\": \"{{value}}\"}], \"show_grid\": 1, \"show_legend\": 1, \"time_field\": \"@timestamp\", \"tooltip_mode\": \"show_all\", \"type\": \"timeseries\"}, \"title\": \"Size of requests per destination [Metricbeat Istio]\", \"type\": \"metrics\"}"
            },
            "id": "78375380-0c79-11eb-a3fd-1b45ec532bb3",
            "migrationVersion": {
                "visualization": "7.8.0"
            },
            "namespaces": [
                "default"
            ],
            "references": [],
            "type": "visualization",
            "updated_at": "2020-10-13T13:15:47.103Z",
            "version": "WzQ5MCwxXQ=="
        },
        {
            "attributes": {
                "description": "",
                "kibanaSavedObjectMeta": {
                    "searchSourceJSON": "{\"filter\": [], \"query\": {\"language\": \"kuery\", \"query\": \"\"}}"
                },
                "title": "Duration of requests per source [Metricbeat Istio]",
                "uiStateJSON": "{}",
                "version": 1,
                "visState": "{\"aggs\": [], \"params\": {\"axis_formatter\": \"number\", \"axis_min\": 0, \"axis_position\": \"left\", \"axis_scale\": \"normal\", \"default_index_pattern\": \"metricbeat-*\", \"default_timefield\": \"@timestamp\", \"filter\": {\"language\": \"kuery\", \"query\": \"\"}, \"id\": \"7ccbe640-07d8-11eb-985d-2f490d4c2901\", \"index_pattern\": \"metricbeat-*\", \"interval\": \"auto\", \"isModelInvalid\": false, \"series\": [{\"axis_position\": \"right\", \"chart_type\": \"line\", \"color\": \"#6092C0\", \"fill\": 0, \"formatter\": \"ms,s,2\", \"id\": \"7ccbe641-07d8-11eb-985d-2f490d4c2901\", \"label\": \"Duration of Requests\", \"line_width\": 2, \"metrics\": [{\"field\": \"prometheus.istio_request_duration_milliseconds.histogram\", \"id\": \"7ccbe642-07d8-11eb-985d-2f490d4c2901\", \"percentiles\": [{\"id\": \"257a4bc0-0c79-11eb-a187-45e4454f723b\", \"mode\": \"line\", \"percentile\": \"\", \"shade\": 0.2, \"value\": \"99\"}], \"type\": \"percentile\"}], \"point_size\": 0, \"separate_axis\": 0, \"split_mode\": \"terms\", \"stacked\": \"none\", \"terms_field\": \"prometheus.labels.source_app\", \"terms_size\": \"100\", \"type\": \"timeseries\", \"value_template\": \"{{value}}\"}], \"show_grid\": 1, \"show_legend\": 1, \"time_field\": \"@timestamp\", \"tooltip_mode\": \"show_all\", \"type\": \"timeseries\"}, \"title\": \"Duration of requests per source [Metricbeat Istio]\", \"type\": \"metrics\"}"
            },
            "id": "5fd462f0-0c7a-11eb-a3fd-1b45ec532bb3",
            "migrationVersion": {
                "visualization": "7.8.0"
            },
            "namespaces": [
                "default"
            ],
            "references": [],
            "type": "visualization",
            "updated_at": "2020-10-13T13:03:54.986Z",
            "version": "WzMyNywxXQ=="
        },
        {
            "attributes": {
                "description": "",
                "kibanaSavedObjectMeta": {
                    "searchSourceJSON": "{\"filter\": [], \"query\": {\"language\": \"kuery\", \"query\": \"\"}}"
                },
                "title": "Size of response per source [Metricbeat Istio]",
                "uiStateJSON": "{}",
                "version": 1,
                "visState": "{\"aggs\": [], \"params\": {\"axis_formatter\": \"number\", \"axis_min\": 0, \"axis_position\": \"left\", \"axis_scale\": \"normal\", \"default_index_pattern\": \"metricbeat-*\", \"default_timefield\": \"@timestamp\", \"filter\": {\"language\": \"kuery\", \"query\": \"\"}, \"id\": \"7ccbe640-07d8-11eb-985d-2f490d4c2901\", \"index_pattern\": \"metricbeat-*\", \"interval\": \"auto\", \"isModelInvalid\": false, \"series\": [{\"axis_position\": \"right\", \"chart_type\": \"line\", \"color\": \"#6092C0\", \"fill\": 0, \"formatter\": \"bytes\", \"id\": \"7ccbe641-07d8-11eb-985d-2f490d4c2901\", \"label\": \"Size of Responses\", \"line_width\": 2, \"metrics\": [{\"field\": \"prometheus.istio_response_bytes.histogram\", \"id\": \"7ccbe642-07d8-11eb-985d-2f490d4c2901\", \"percentiles\": [{\"id\": \"257a4bc0-0c79-11eb-a187-45e4454f723b\", \"mode\": \"line\", \"percentile\": \"\", \"shade\": 0.2, \"value\": \"99\"}], \"type\": \"percentile_rank\", \"values\": [\"99\"]}], \"point_size\": 0, \"separate_axis\": 0, \"split_mode\": \"terms\", \"stacked\": \"none\", \"terms_field\": \"prometheus.labels.source_app\", \"terms_size\": \"100\", \"type\": \"timeseries\", \"value_template\": \"{{value}}\"}], \"show_grid\": 1, \"show_legend\": 1, \"time_field\": \"@timestamp\", \"tooltip_mode\": \"show_all\", \"type\": \"timeseries\"}, \"title\": \"Size of response per source [Metricbeat Istio]\", \"type\": \"metrics\"}"
            },
            "id": "b4235550-0c7a-11eb-a3fd-1b45ec532bb3",
            "migrationVersion": {
                "visualization": "7.8.0"
            },
            "namespaces": [
                "default"
            ],
            "references": [],
            "type": "visualization",
            "updated_at": "2020-10-13T13:13:05.112Z",
            "version": "WzQ0NSwxXQ=="
        },
        {
            "attributes": {
                "description": "",
                "kibanaSavedObjectMeta": {
                    "searchSourceJSON": "{\"filter\": [], \"query\": {\"language\": \"kuery\", \"query\": \"\"}}"
                },
                "title": "Size of response per destination [Metricbeat Istio]",
                "uiStateJSON": "{}",
                "version": 1,
                "visState": "{\"aggs\": [], \"params\": {\"axis_formatter\": \"number\", \"axis_min\": 0, \"axis_position\": \"left\", \"axis_scale\": \"normal\", \"default_index_pattern\": \"metricbeat-*\", \"default_timefield\": \"@timestamp\", \"filter\": {\"language\": \"kuery\", \"query\": \"\"}, \"id\": \"7ccbe640-07d8-11eb-985d-2f490d4c2901\", \"index_pattern\": \"metricbeat-*\", \"interval\": \"auto\", \"isModelInvalid\": false, \"series\": [{\"axis_position\": \"right\", \"chart_type\": \"line\", \"color\": \"#6092C0\", \"fill\": 0, \"formatter\": \"bytes\", \"id\": \"7ccbe641-07d8-11eb-985d-2f490d4c2901\", \"label\": \"Size of Responses\", \"line_width\": 2, \"metrics\": [{\"field\": \"prometheus.istio_response_bytes.histogram\", \"id\": \"7ccbe642-07d8-11eb-985d-2f490d4c2901\", \"percentiles\": [{\"id\": \"257a4bc0-0c79-11eb-a187-45e4454f723b\", \"mode\": \"line\", \"percentile\": \"\", \"shade\": 0.2, \"value\": \"99\"}], \"type\": \"percentile\", \"values\": [\"99\"]}], \"point_size\": 0, \"separate_axis\": 0, \"split_mode\": \"terms\", \"stacked\": \"none\", \"terms_field\": \"prometheus.labels.destination_app\", \"terms_size\": \"100\", \"type\": \"timeseries\", \"value_template\": \"{{value}}\"}], \"show_grid\": 1, \"show_legend\": 1, \"time_field\": \"@timestamp\", \"tooltip_mode\": \"show_all\", \"type\": \"timeseries\"}, \"title\": \"Size of response per destination [Metricbeat Istio]\", \"type\": \"metrics\"}"
            },
            "id": "8d818070-0c7a-11eb-a3fd-1b45ec532bb3",
            "migrationVersion": {
                "visualization": "7.8.0"
            },
            "namespaces": [
                "default"
            ],
            "references": [],
            "type": "visualization",
            "updated_at": "2020-10-13T13:16:05.893Z",
            "version": "WzQ5NywxXQ=="
        },
        {
            "attributes": {
                "description": "",
                "kibanaSavedObjectMeta": {
                    "searchSourceJSON": "{}"
                },
                "title": "Response Codes [Metricbeat Istio]",
                "uiStateJSON": "{}",
                "version": 1,
                "visState": "{\"aggs\": [], \"params\": {\"axis_formatter\": \"number\", \"axis_min\": 0, \"axis_position\": \"left\", \"axis_scale\": \"normal\", \"default_index_pattern\": \"metricbeat-*\", \"default_timefield\": \"@timestamp\", \"filter\": {\"language\": \"kuery\", \"query\": \"\"}, \"id\": \"7ccbe640-07d8-11eb-985d-2f490d4c2901\", \"index_pattern\": \"metricbeat-*\", \"interval\": \"auto\", \"isModelInvalid\": false, \"series\": [{\"axis_position\": \"right\", \"chart_type\": \"line\", \"color\": \"#6092C0\", \"fill\": 0, \"formatter\": \"number\", \"id\": \"7ccbe641-07d8-11eb-985d-2f490d4c2901\", \"label\": \"Response Codes\", \"line_width\": 2, \"metrics\": [{\"field\": \"prometheus.istio_response_bytes.histogram.values\", \"id\": \"7ccbe642-07d8-11eb-985d-2f490d4c2901\", \"percentiles\": [{\"id\": \"88c0d000-07d8-11eb-86d1-6521145f6524\", \"mode\": \"line\", \"percentile\": \"\", \"shade\": 0.2, \"value\": \"25\"}, {\"id\": \"95c750d0-07d8-11eb-86d1-6521145f6524\", \"mode\": \"line\", \"percentile\": \"\", \"shade\": 0.2, \"value\": \"50\"}, {\"id\": \"9c5ec900-07d8-11eb-86d1-6521145f6524\", \"mode\": \"line\", \"percentile\": \"\", \"shade\": 0.2, \"value\": \"75\"}, {\"id\": \"a3581040-07d8-11eb-86d1-6521145f6524\", \"mode\": \"line\", \"percentile\": \"\", \"shade\": 0.2, \"value\": \"95\"}, {\"id\": \"257a4bc0-0c79-11eb-a187-45e4454f723b\", \"mode\": \"line\", \"percentile\": \"\", \"shade\": 0.2, \"value\": \"99\"}], \"type\": \"count\"}], \"point_size\": 0, \"separate_axis\": 0, \"split_mode\": \"terms\", \"stacked\": \"none\", \"terms_field\": \"prometheus.labels.response_code\", \"terms_size\": \"100\", \"type\": \"timeseries\", \"value_template\": \"{{value}}\"}], \"show_grid\": 1, \"show_legend\": 1, \"time_field\": \"@timestamp\", \"type\": \"timeseries\"}, \"title\": \"Response Codes [Metricbeat Istio]\", \"type\": \"metrics\"}"
            },
            "id": "09404610-0c7b-11eb-a3fd-1b45ec532bb3",
            "migrationVersion": {
                "visualization": "7.8.0"
            },
            "namespaces": [
                "default"
            ],
            "references": [],
            "type": "visualization",
            "updated_at": "2020-10-13T12:53:51.894Z",
            "version": "WzcxLDFd"
        }
    ],
    "version": "7.9.0"
}