{
    "objects": [
        {
            "attributes": {
                "description": "Overview of AWS Transit Gateway Metrics",
                "hits": 0,
                "kibanaSavedObjectMeta": {
                    "searchSourceJSON": "{\"filter\": [], \"query\": {\"language\": \"kuery\", \"query\": \"\"}}"
                },
                "optionsJSON": "{\"hidePanelTitles\": false, \"useMargins\": true}",
                "panelsJSON": "[{\"embeddableConfig\": {\"title\": \"filters\"}, \"gridData\": {\"h\": 5, \"i\": \"af1453d8-04d3-4b44-a3b0-138111255a23\", \"w\": 48, \"x\": 0, \"y\": 0}, \"panelIndex\": \"af1453d8-04d3-4b44-a3b0-138111255a23\", \"panelRefName\": \"panel_0\", \"title\": \"filters\", \"version\": \"7.6.1\"}, {\"embeddableConfig\": {\"title\": \"Bytes In\"}, \"gridData\": {\"h\": 12, \"i\": \"14555108-559d-4c07-b240-6e6b14254f16\", \"w\": 24, \"x\": 0, \"y\": 5}, \"panelIndex\": \"14555108-559d-4c07-b240-6e6b14254f16\", \"panelRefName\": \"panel_1\", \"title\": \"Bytes In\", \"version\": \"7.6.1\"}, {\"embeddableConfig\": {\"title\": \"Packets In\"}, \"gridData\": {\"h\": 12, \"i\": \"9c605367-60e3-4e9c-8036-a6191dbafe4a\", \"w\": 24, \"x\": 24, \"y\": 5}, \"panelIndex\": \"9c605367-60e3-4e9c-8036-a6191dbafe4a\", \"panelRefName\": \"panel_2\", \"title\": \"Packets In\", \"version\": \"7.6.1\"}, {\"embeddableConfig\": {\"title\": \"Bytes Out\"}, \"gridData\": {\"h\": 12, \"i\": \"271558e6-b208-4e2c-abfb-0a6b2dbb0c66\", \"w\": 24, \"x\": 0, \"y\": 17}, \"panelIndex\": \"271558e6-b208-4e2c-abfb-0a6b2dbb0c66\", \"panelRefName\": \"panel_3\", \"title\": \"Bytes Out\", \"version\": \"7.6.1\"}, {\"embeddableConfig\": {\"title\": \"Packets Out\"}, \"gridData\": {\"h\": 12, \"i\": \"41002ab1-845b-469e-9283-8a46a90e4662\", \"w\": 24, \"x\": 24, \"y\": 17}, \"panelIndex\": \"41002ab1-845b-469e-9283-8a46a90e4662\", \"panelRefName\": \"panel_4\", \"title\": \"Packets Out\", \"version\": \"7.6.1\"}, {\"embeddableConfig\": {\"title\": \"Bytes Dropped - no route\"}, \"gridData\": {\"h\": 12, \"i\": \"b141f90b-739e-46f3-83c9-9c4661183837\", \"w\": 24, \"x\": 0, \"y\": 29}, \"panelIndex\": \"b141f90b-739e-46f3-83c9-9c4661183837\", \"panelRefName\": \"panel_5\", \"title\": \"Bytes Dropped - no route\", \"version\": \"7.6.1\"}, {\"embeddableConfig\": {\"title\": \"Packets Dropped - no route\"}, \"gridData\": {\"h\": 12, \"i\": \"c6a76f92-248b-4cae-a03f-7d34d58098ae\", \"w\": 24, \"x\": 24, \"y\": 29}, \"panelIndex\": \"c6a76f92-248b-4cae-a03f-7d34d58098ae\", \"panelRefName\": \"panel_6\", \"title\": \"Packets Dropped - no route\", \"version\": \"7.6.1\"}, {\"embeddableConfig\": {\"title\": \"Bytes Dropped - black hole\"}, \"gridData\": {\"h\": 12, \"i\": \"1d08d3b8-3bd7-4f90-854d-be08cb119273\", \"w\": 24, \"x\": 0, \"y\": 41}, \"panelIndex\": \"1d08d3b8-3bd7-4f90-854d-be08cb119273\", \"panelRefName\": \"panel_7\", \"title\": \"Bytes Dropped - black hole\", \"version\": \"7.6.1\"}, {\"embeddableConfig\": {\"title\": \"Packets Dropped - black hole\"}, \"gridData\": {\"h\": 12, \"i\": \"40e82e50-b30c-40eb-bbee-9bbfc3d3311f\", \"w\": 24, \"x\": 24, \"y\": 41}, \"panelIndex\": \"40e82e50-b30c-40eb-bbee-9bbfc3d3311f\", \"panelRefName\": \"panel_8\", \"title\": \"Packets Dropped - black hole\", \"version\": \"7.6.1\"}]",
                "timeRestore": false,
                "title": "[Metricbeat AWS] TransitGateway Overview",
                "version": 1
            },
            "id": "0eb5a6a0-694f-11ea-b0ac-95d4ecb1fecd",
            "migrationVersion": {
                "dashboard": "7.3.0"
            },
            "references": [
                {
                    "id": "415fed40-694f-11ea-b0ac-95d4ecb1fecd",
                    "name": "panel_0",
                    "type": "visualization"
                },
                {
                    "id": "cd6419c0-6949-11ea-b0ac-95d4ecb1fecd",
                    "name": "panel_1",
                    "type": "visualization"
                },
                {
                    "id": "0a36b590-694c-11ea-b0ac-95d4ecb1fecd",
                    "name": "panel_2",
                    "type": "visualization"
                },
                {
                    "id": "dc5f65b0-6949-11ea-b0ac-95d4ecb1fecd",
                    "name": "panel_3",
                    "type": "visualization"
                },
                {
                    "id": "10e0f270-694c-11ea-b0ac-95d4ecb1fecd",
                    "name": "panel_4",
                    "type": "visualization"
                },
                {
                    "id": "01ed5990-694a-11ea-b0ac-95d4ecb1fecd",
                    "name": "panel_5",
                    "type": "visualization"
                },
                {
                    "id": "007ceec0-694c-11ea-b0ac-95d4ecb1fecd",
                    "name": "panel_6",
                    "type": "visualization"
                },
                {
                    "id": "f7c17000-6949-11ea-b0ac-95d4ecb1fecd",
                    "name": "panel_7",
                    "type": "visualization"
                },
                {
                    "id": "c1db9b80-694b-11ea-b0ac-95d4ecb1fecd",
                    "name": "panel_8",
                    "type": "visualization"
                }
            ],
            "type": "dashboard",
            "updated_at": "2020-03-18T19:39:04.715Z",
            "version": "Wzk0MSwyXQ=="
        },
        {
            "attributes": {
                "description": "",
                "kibanaSavedObjectMeta": {
                    "searchSourceJSON": "{\"filter\": [], \"query\": {\"language\": \"kuery\", \"query\": \"\"}}"
                },
                "title": "TransitGateway Filters [Metricbeat AWS]",
                "uiStateJSON": "{}",
                "version": 1,
                "visState": "{\"aggs\": [], \"params\": {\"controls\": [{\"fieldName\": \"cloud.account.name\", \"id\": \"1565034367477\", \"indexPatternRefName\": \"control_0_index_pattern\", \"label\": \"account name\", \"options\": {\"dynamicOptions\": true, \"multiselect\": true, \"order\": \"desc\", \"size\": 5, \"type\": \"terms\"}, \"parent\": \"\", \"type\": \"list\"}, {\"fieldName\": \"cloud.region\", \"id\": \"1584478324642\", \"indexPatternRefName\": \"control_1_index_pattern\", \"label\": \"region\", \"options\": {\"dynamicOptions\": true, \"multiselect\": true, \"order\": \"desc\", \"size\": 5, \"type\": \"terms\"}, \"parent\": \"\", \"type\": \"list\"}, {\"fieldName\": \"aws.dimensions.TransitGateway\", \"id\": \"1584479118709\", \"indexPatternRefName\": \"control_2_index_pattern\", \"label\": \"transit gateway\", \"options\": {\"dynamicOptions\": true, \"multiselect\": true, \"order\": \"desc\", \"size\": 5, \"type\": \"terms\"}, \"parent\": \"\", \"type\": \"list\"}], \"pinFilters\": false, \"updateFiltersOnChange\": true, \"useTimeFilter\": true}, \"title\": \"TransitGateway Filters [Metricbeat AWS]\", \"type\": \"input_control_vis\"}"
            },
            "id": "415fed40-694f-11ea-b0ac-95d4ecb1fecd",
            "migrationVersion": {
                "visualization": "7.4.2"
            },
            "references": [
                {
                    "id": "metricbeat-*",
                    "name": "control_0_index_pattern",
                    "type": "index-pattern"
                },
                {
                    "id": "metricbeat-*",
                    "name": "control_1_index_pattern",
                    "type": "index-pattern"
                },
                {
                    "id": "metricbeat-*",
                    "name": "control_2_index_pattern",
                    "type": "index-pattern"
                }
            ],
            "type": "visualization",
            "updated_at": "2020-03-18T19:32:50.836Z",
            "version": "Wzk0MCwyXQ=="
        },
        {
            "attributes": {
                "description": "",
                "kibanaSavedObjectMeta": {
                    "searchSourceJSON": "{}"
                },
                "title": "Transit Gateway Bytes In [Metricbeat AWS]",
                "uiStateJSON": "{}",
                "version": 1,
                "visState": "{\"aggs\": [], \"params\": {\"axis_formatter\": \"number\", \"axis_position\": \"left\", \"axis_scale\": \"normal\", \"default_index_pattern\": \"metricbeat-*\", \"default_timefield\": \"@timestamp\", \"drop_last_bucket\": 0, \"id\": \"61ca57f0-469d-11e7-af02-69e470af7417\", \"index_pattern\": \"metricbeat-*\", \"interval\": \"1m\", \"isModelInvalid\": false, \"series\": [{\"axis_position\": \"right\", \"chart_type\": \"line\", \"color\": \"#68BC00\", \"fill\": \"0\", \"formatter\": \"bytes\", \"id\": \"61ca57f1-469d-11e7-af02-69e470af7417\", \"label\": \"\", \"line_width\": \"2\", \"metrics\": [{\"field\": \"aws.transitgateway.metrics.BytesIn.sum\", \"id\": \"61ca57f2-469d-11e7-af02-69e470af7417\", \"type\": \"avg\"}], \"point_size\": \"3\", \"separate_axis\": 0, \"split_mode\": \"terms\", \"stacked\": \"none\", \"terms_field\": \"aws.dimensions.TransitGateway\", \"terms_order_by\": \"61ca57f2-469d-11e7-af02-69e470af7417\", \"type\": \"timeseries\"}], \"show_grid\": 1, \"show_legend\": 1, \"time_field\": \"\", \"type\": \"timeseries\"}, \"title\": \"Transit Gateway Bytes In [Metricbeat AWS]\", \"type\": \"metrics\"}"
            },
            "id": "cd6419c0-6949-11ea-b0ac-95d4ecb1fecd",
            "migrationVersion": {
                "visualization": "7.4.2"
            },
            "references": [],
            "type": "visualization",
            "updated_at": "2020-03-18T18:53:48.764Z",
            "version": "WzkyNCwyXQ=="
        },
        {
            "attributes": {
                "description": "",
                "kibanaSavedObjectMeta": {
                    "searchSourceJSON": "{}"
                },
                "title": "Transit Gateway Packets In [Metricbeat AWS]",
                "uiStateJSON": "{}",
                "version": 1,
                "visState": "{\"aggs\": [], \"params\": {\"axis_formatter\": \"number\", \"axis_position\": \"left\", \"axis_scale\": \"normal\", \"default_index_pattern\": \"metricbeat-*\", \"default_timefield\": \"@timestamp\", \"drop_last_bucket\": 0, \"id\": \"61ca57f0-469d-11e7-af02-69e470af7417\", \"index_pattern\": \"metricbeat-*\", \"interval\": \"1m\", \"isModelInvalid\": false, \"series\": [{\"axis_position\": \"right\", \"chart_type\": \"line\", \"color\": \"#68BC00\", \"fill\": \"0\", \"formatter\": \"bytes\", \"id\": \"61ca57f1-469d-11e7-af02-69e470af7417\", \"label\": \"\", \"line_width\": \"2\", \"metrics\": [{\"field\": \"aws.transitgateway.metrics.PacketsIn.sum\", \"id\": \"61ca57f2-469d-11e7-af02-69e470af7417\", \"type\": \"avg\"}], \"point_size\": \"3\", \"separate_axis\": 0, \"split_mode\": \"terms\", \"stacked\": \"none\", \"terms_field\": \"aws.dimensions.TransitGateway\", \"terms_order_by\": \"61ca57f2-469d-11e7-af02-69e470af7417\", \"type\": \"timeseries\"}], \"show_grid\": 1, \"show_legend\": 1, \"time_field\": \"\", \"type\": \"timeseries\"}, \"title\": \"Transit Gateway Packets In [Metricbeat AWS]\", \"type\": \"metrics\"}"
            },
            "id": "0a36b590-694c-11ea-b0ac-95d4ecb1fecd",
            "migrationVersion": {
                "visualization": "7.4.2"
            },
            "references": [],
            "type": "visualization",
            "updated_at": "2020-03-18T19:09:49.801Z",
            "version": "WzkzNCwyXQ=="
        },
        {
            "attributes": {
                "description": "",
                "kibanaSavedObjectMeta": {
                    "searchSourceJSON": "{}"
                },
                "title": "Transit Gateway Bytes Out [Metricbeat AWS]",
                "uiStateJSON": "{}",
                "version": 1,
                "visState": "{\"aggs\": [], \"params\": {\"axis_formatter\": \"number\", \"axis_position\": \"left\", \"axis_scale\": \"normal\", \"default_index_pattern\": \"metricbeat-*\", \"default_timefield\": \"@timestamp\", \"drop_last_bucket\": 0, \"id\": \"61ca57f0-469d-11e7-af02-69e470af7417\", \"index_pattern\": \"metricbeat-*\", \"interval\": \"1m\", \"isModelInvalid\": false, \"series\": [{\"axis_position\": \"right\", \"chart_type\": \"line\", \"color\": \"#68BC00\", \"fill\": \"0\", \"formatter\": \"bytes\", \"id\": \"61ca57f1-469d-11e7-af02-69e470af7417\", \"label\": \"\", \"line_width\": \"2\", \"metrics\": [{\"field\": \"aws.transitgateway.metrics.BytesOut.sum\", \"id\": \"61ca57f2-469d-11e7-af02-69e470af7417\", \"type\": \"avg\"}], \"point_size\": \"3\", \"separate_axis\": 0, \"split_mode\": \"terms\", \"stacked\": \"none\", \"terms_field\": \"aws.dimensions.TransitGateway\", \"terms_order_by\": \"61ca57f2-469d-11e7-af02-69e470af7417\", \"type\": \"timeseries\"}], \"show_grid\": 1, \"show_legend\": 1, \"time_field\": \"\", \"type\": \"timeseries\"}, \"title\": \"Transit Gateway Bytes Out [Metricbeat AWS]\", \"type\": \"metrics\"}"
            },
            "id": "dc5f65b0-6949-11ea-b0ac-95d4ecb1fecd",
            "migrationVersion": {
                "visualization": "7.4.2"
            },
            "references": [],
            "type": "visualization",
            "updated_at": "2020-03-18T18:54:13.899Z",
            "version": "WzkyNSwyXQ=="
        },
        {
            "attributes": {
                "description": "",
                "kibanaSavedObjectMeta": {
                    "searchSourceJSON": "{}"
                },
                "title": "Transit Gateway Packets Out [Metricbeat AWS]",
                "uiStateJSON": "{}",
                "version": 1,
                "visState": "{\"aggs\": [], \"params\": {\"axis_formatter\": \"number\", \"axis_position\": \"left\", \"axis_scale\": \"normal\", \"default_index_pattern\": \"metricbeat-*\", \"default_timefield\": \"@timestamp\", \"drop_last_bucket\": 0, \"id\": \"61ca57f0-469d-11e7-af02-69e470af7417\", \"index_pattern\": \"metricbeat-*\", \"interval\": \"1m\", \"isModelInvalid\": false, \"series\": [{\"axis_position\": \"right\", \"chart_type\": \"line\", \"color\": \"#68BC00\", \"fill\": \"0\", \"formatter\": \"bytes\", \"id\": \"61ca57f1-469d-11e7-af02-69e470af7417\", \"label\": \"\", \"line_width\": \"2\", \"metrics\": [{\"field\": \"aws.transitgateway.metrics.PacketsOut.sum\", \"id\": \"61ca57f2-469d-11e7-af02-69e470af7417\", \"type\": \"avg\"}], \"point_size\": \"3\", \"separate_axis\": 0, \"split_mode\": \"terms\", \"stacked\": \"none\", \"terms_field\": \"aws.dimensions.TransitGateway\", \"terms_order_by\": \"61ca57f2-469d-11e7-af02-69e470af7417\", \"type\": \"timeseries\"}], \"show_grid\": 1, \"show_legend\": 1, \"time_field\": \"\", \"type\": \"timeseries\"}, \"title\": \"Transit Gateway Packets Out [Metricbeat AWS]\", \"type\": \"metrics\"}"
            },
            "id": "10e0f270-694c-11ea-b0ac-95d4ecb1fecd",
            "migrationVersion": {
                "visualization": "7.4.2"
            },
            "references": [],
            "type": "visualization",
            "updated_at": "2020-03-18T19:10:00.983Z",
            "version": "WzkzNSwyXQ=="
        },
        {
            "attributes": {
                "description": "",
                "kibanaSavedObjectMeta": {
                    "searchSourceJSON": "{}"
                },
                "title": "Transit Gateway Bytes Drop Count No Route [Metricbeat AWS]",
                "uiStateJSON": "{}",
                "version": 1,
                "visState": "{\"aggs\": [], \"params\": {\"axis_formatter\": \"number\", \"axis_position\": \"left\", \"axis_scale\": \"normal\", \"default_index_pattern\": \"metricbeat-*\", \"default_timefield\": \"@timestamp\", \"drop_last_bucket\": 0, \"id\": \"61ca57f0-469d-11e7-af02-69e470af7417\", \"index_pattern\": \"metricbeat-*\", \"interval\": \"1m\", \"isModelInvalid\": false, \"series\": [{\"axis_position\": \"right\", \"chart_type\": \"line\", \"color\": \"#68BC00\", \"fill\": \"0\", \"formatter\": \"bytes\", \"id\": \"61ca57f1-469d-11e7-af02-69e470af7417\", \"label\": \"\", \"line_width\": \"2\", \"metrics\": [{\"field\": \"aws.transitgateway.metrics.BytesDropCountNoRoute.sum\", \"id\": \"61ca57f2-469d-11e7-af02-69e470af7417\", \"type\": \"avg\"}], \"point_size\": \"3\", \"separate_axis\": 0, \"split_mode\": \"terms\", \"stacked\": \"none\", \"terms_field\": \"aws.dimensions.TransitGateway\", \"terms_order_by\": \"61ca57f2-469d-11e7-af02-69e470af7417\", \"type\": \"timeseries\"}], \"show_grid\": 1, \"show_legend\": 1, \"time_field\": \"\", \"type\": \"timeseries\"}, \"title\": \"Transit Gateway Bytes Drop Count No Route [Metricbeat AWS]\", \"type\": \"metrics\"}"
            },
            "id": "01ed5990-694a-11ea-b0ac-95d4ecb1fecd",
            "migrationVersion": {
                "visualization": "7.4.2"
            },
            "references": [],
            "type": "visualization",
            "updated_at": "2020-03-18T18:55:16.905Z",
            "version": "WzkyNywyXQ=="
        },
        {
            "attributes": {
                "description": "",
                "kibanaSavedObjectMeta": {
                    "searchSourceJSON": "{}"
                },
                "title": "Transit Gateway Packets Drop Count No Route [Metricbeat AWS]",
                "uiStateJSON": "{}",
                "version": 1,
                "visState": "{\"aggs\": [], \"params\": {\"axis_formatter\": \"number\", \"axis_position\": \"left\", \"axis_scale\": \"normal\", \"default_index_pattern\": \"metricbeat-*\", \"default_timefield\": \"@timestamp\", \"drop_last_bucket\": 0, \"id\": \"61ca57f0-469d-11e7-af02-69e470af7417\", \"index_pattern\": \"metricbeat-*\", \"interval\": \"1m\", \"isModelInvalid\": false, \"series\": [{\"axis_position\": \"right\", \"chart_type\": \"line\", \"color\": \"#68BC00\", \"fill\": \"0\", \"formatter\": \"bytes\", \"id\": \"61ca57f1-469d-11e7-af02-69e470af7417\", \"label\": \"\", \"line_width\": \"2\", \"metrics\": [{\"field\": \"aws.transitgateway.metrics.PacketDropCountNoRoute.sum\", \"id\": \"61ca57f2-469d-11e7-af02-69e470af7417\", \"type\": \"avg\"}], \"point_size\": \"3\", \"separate_axis\": 0, \"split_mode\": \"terms\", \"stacked\": \"none\", \"terms_field\": \"aws.dimensions.TransitGateway\", \"terms_order_by\": \"61ca57f2-469d-11e7-af02-69e470af7417\", \"type\": \"timeseries\"}], \"show_grid\": 1, \"show_legend\": 1, \"time_field\": \"\", \"type\": \"timeseries\"}, \"title\": \"Transit Gateway Packets Drop Count No Route [Metricbeat AWS]\", \"type\": \"metrics\"}"
            },
            "id": "007ceec0-694c-11ea-b0ac-95d4ecb1fecd",
            "migrationVersion": {
                "visualization": "7.4.2"
            },
            "references": [],
            "type": "visualization",
            "updated_at": "2020-03-18T19:09:33.484Z",
            "version": "WzkzMywyXQ=="
        },
        {
            "attributes": {
                "description": "",
                "kibanaSavedObjectMeta": {
                    "searchSourceJSON": "{}"
                },
                "title": "Transit Gateway Bytes Drop Count Blackhole [Metricbeat AWS]",
                "uiStateJSON": "{}",
                "version": 1,
                "visState": "{\"aggs\": [], \"params\": {\"axis_formatter\": \"number\", \"axis_position\": \"left\", \"axis_scale\": \"normal\", \"default_index_pattern\": \"metricbeat-*\", \"default_timefield\": \"@timestamp\", \"drop_last_bucket\": 0, \"id\": \"61ca57f0-469d-11e7-af02-69e470af7417\", \"index_pattern\": \"metricbeat-*\", \"interval\": \"1m\", \"isModelInvalid\": false, \"series\": [{\"axis_position\": \"right\", \"chart_type\": \"line\", \"color\": \"#68BC00\", \"fill\": \"0\", \"formatter\": \"bytes\", \"id\": \"61ca57f1-469d-11e7-af02-69e470af7417\", \"label\": \"\", \"line_width\": \"2\", \"metrics\": [{\"field\": \"aws.transitgateway.metrics.BytesDropCountBlackhole.sum\", \"id\": \"61ca57f2-469d-11e7-af02-69e470af7417\", \"type\": \"avg\"}], \"point_size\": \"3\", \"separate_axis\": 0, \"split_mode\": \"terms\", \"stacked\": \"none\", \"terms_field\": \"aws.dimensions.TransitGateway\", \"terms_order_by\": \"61ca57f2-469d-11e7-af02-69e470af7417\", \"type\": \"timeseries\"}], \"show_grid\": 1, \"show_legend\": 1, \"time_field\": \"\", \"type\": \"timeseries\"}, \"title\": \"Transit Gateway Bytes Drop Count Blackhole [Metricbeat AWS]\", \"type\": \"metrics\"}"
            },
            "id": "f7c17000-6949-11ea-b0ac-95d4ecb1fecd",
            "migrationVersion": {
                "visualization": "7.4.2"
            },
            "references": [],
            "type": "visualization",
            "updated_at": "2020-03-18T18:54:59.840Z",
            "version": "WzkyNiwyXQ=="
        },
        {
            "attributes": {
                "description": "",
                "kibanaSavedObjectMeta": {
                    "searchSourceJSON": "{}"
                },
                "title": "Transit Gateway Packets Drop Count Blackhole [Metricbeat AWS]",
                "uiStateJSON": "{}",
                "version": 1,
                "visState": "{\"aggs\": [], \"params\": {\"axis_formatter\": \"number\", \"axis_position\": \"left\", \"axis_scale\": \"normal\", \"default_index_pattern\": \"metricbeat-*\", \"default_timefield\": \"@timestamp\", \"drop_last_bucket\": 0, \"id\": \"61ca57f0-469d-11e7-af02-69e470af7417\", \"index_pattern\": \"metricbeat-*\", \"interval\": \"1m\", \"isModelInvalid\": false, \"series\": [{\"axis_position\": \"right\", \"chart_type\": \"line\", \"color\": \"#68BC00\", \"fill\": \"0\", \"formatter\": \"bytes\", \"id\": \"61ca57f1-469d-11e7-af02-69e470af7417\", \"label\": \"\", \"line_width\": \"2\", \"metrics\": [{\"field\": \"aws.transitgateway.metrics.PacketDropCountBlackhole.sum\", \"id\": \"61ca57f2-469d-11e7-af02-69e470af7417\", \"type\": \"avg\"}], \"point_size\": \"3\", \"separate_axis\": 0, \"split_mode\": \"terms\", \"stacked\": \"none\", \"terms_field\": \"aws.dimensions.TransitGateway\", \"terms_order_by\": \"61ca57f2-469d-11e7-af02-69e470af7417\", \"type\": \"timeseries\"}], \"show_grid\": 1, \"show_legend\": 1, \"time_field\": \"\", \"type\": \"timeseries\"}, \"title\": \"Transit Gateway Packets Drop Count Blackhole [Metricbeat AWS]\", \"type\": \"metrics\"}"
            },
            "id": "c1db9b80-694b-11ea-b0ac-95d4ecb1fecd",
            "migrationVersion": {
                "visualization": "7.4.2"
            },
            "references": [],
            "type": "visualization",
            "updated_at": "2020-03-18T19:07:48.408Z",
            "version": "WzkzMiwyXQ=="
        }
    ],
    "version": "7.6.1"
}