{
    "objects": [
        {
            "attributes": {
                "description": "Overview of AWS Lambda Metrics",
                "hits": 0,
                "kibanaSavedObjectMeta": {
                    "searchSourceJSON": "{\"filter\": [], \"query\": {\"language\": \"kuery\", \"query\": \"\"}}"
                },
                "optionsJSON": "{\"hidePanelTitles\": false, \"useMargins\": true}",
                "panelsJSON": "[{\"embeddableConfig\": {\"title\": \"AWS Account Filter\"}, \"gridData\": {\"h\": 5, \"i\": \"8f2d1b8f-fef3-4a9a-9cc8-7f0e2c65e35a\", \"w\": 14, \"x\": 0, \"y\": 0}, \"panelIndex\": \"8f2d1b8f-fef3-4a9a-9cc8-7f0e2c65e35a\", \"panelRefName\": \"panel_0\", \"title\": \"AWS Account Filter\", \"version\": \"7.3.0\"}, {\"embeddableConfig\": {\"title\": \"Top Errors\"}, \"gridData\": {\"h\": 10, \"i\": \"443a9699-3451-44f7-8415-99a16c3f45b3\", \"w\": 34, \"x\": 14, \"y\": 0}, \"panelIndex\": \"443a9699-3451-44f7-8415-99a16c3f45b3\", \"panelRefName\": \"panel_1\", \"title\": \"Top Errors\", \"version\": \"7.3.0\"}, {\"embeddableConfig\": {\"title\": \"AWS Region Filter\"}, \"gridData\": {\"h\": 5, \"i\": \"60a16bf0-2979-467a-b30e-05ea29547b41\", \"w\": 14, \"x\": 0, \"y\": 5}, \"panelIndex\": \"60a16bf0-2979-467a-b30e-05ea29547b41\", \"panelRefName\": \"panel_2\", \"title\": \"AWS Region Filter\", \"version\": \"7.3.0\"}, {\"embeddableConfig\": {\"title\": \"Lambda Function Duration in Milliseconds\"}, \"gridData\": {\"h\": 14, \"i\": \"349ef0d1-fea1-4b91-b95d-7a668914e10b\", \"w\": 48, \"x\": 0, \"y\": 10}, \"panelIndex\": \"349ef0d1-fea1-4b91-b95d-7a668914e10b\", \"panelRefName\": \"panel_3\", \"title\": \"Lambda Function Duration in Milliseconds\", \"version\": \"7.3.0\"}, {\"embeddableConfig\": {\"title\": \"Top Invoked Lambda Functions\"}, \"gridData\": {\"h\": 9, \"i\": \"048b1577-5aed-48e5-8f90-147aa3d56c1a\", \"w\": 24, \"x\": 0, \"y\": 24}, \"panelIndex\": \"048b1577-5aed-48e5-8f90-147aa3d56c1a\", \"panelRefName\": \"panel_4\", \"title\": \"Top Invoked Lambda Functions\", \"version\": \"7.3.0\"}, {\"embeddableConfig\": {\"title\": \"Top Throttled Lambda Functions\"}, \"gridData\": {\"h\": 9, \"i\": \"4c8e471c-45da-47be-a866-c5bfc6d28a05\", \"w\": 24, \"x\": 24, \"y\": 24}, \"panelIndex\": \"4c8e471c-45da-47be-a866-c5bfc6d28a05\", \"panelRefName\": \"panel_5\", \"title\": \"Top Throttled Lambda Functions\", \"version\": \"7.3.0\"}]",
                "timeRestore": false,
                "title": "[Metricbeat AWS] Lambda Overview",
                "version": 1
            },
            "id": "7ac8e1d0-28d2-11ea-ba6c-49a884eb104f",
            "migrationVersion": {
                "dashboard": "7.3.0"
            },
            "references": [
                {
                    "id": "deab0260-2981-11e9-86eb-a3a07a77f530",
                    "name": "panel_0",
                    "type": "visualization"
                },
                {
                    "id": "4bf0a740-28d1-11ea-ba6c-49a884eb104f",
                    "name": "panel_1",
                    "type": "visualization"
                },
                {
                    "id": "b5308940-7347-11e9-816b-07687310a99a",
                    "name": "panel_2",
                    "type": "visualization"
                },
                {
                    "id": "39dfc8d0-28cf-11ea-ba6c-49a884eb104f",
                    "name": "panel_3",
                    "type": "visualization"
                },
                {
                    "id": "1f3f00c0-28d1-11ea-ba6c-49a884eb104f",
                    "name": "panel_4",
                    "type": "visualization"
                },
                {
                    "id": "915bcd50-28d1-11ea-ba6c-49a884eb104f",
                    "name": "panel_5",
                    "type": "visualization"
                }
            ],
            "type": "dashboard",
            "updated_at": "2020-01-09T23:14:56.640Z",
            "version": "WzI3MDAsM10="
        },
        {
            "attributes": {
                "description": "",
                "kibanaSavedObjectMeta": {
                    "searchSourceJSON": "{\"filter\": [], \"query\": {\"language\": \"kuery\", \"query\": \"\"}}"
                },
                "title": "AWS Account Filter [Metricbeat AWS]",
                "uiStateJSON": "{}",
                "version": 1,
                "visState": "{\"aggs\": [], \"params\": {\"controls\": [{\"fieldName\": \"cloud.account.name\", \"id\": \"1549397251041\", \"indexPatternRefName\": \"control_0_index_pattern\", \"label\": \"account name\", \"options\": {\"dynamicOptions\": true, \"multiselect\": true, \"order\": \"desc\", \"size\": 5, \"type\": \"terms\"}, \"parent\": \"\", \"type\": \"list\"}], \"pinFilters\": false, \"updateFiltersOnChange\": true, \"useTimeFilter\": false}, \"title\": \"AWS Account Filter [Metricbeat AWS]\", \"type\": \"input_control_vis\"}"
            },
            "id": "deab0260-2981-11e9-86eb-a3a07a77f530",
            "migrationVersion": {
                "visualization": "7.3.0"
            },
            "references": [
                {
                    "id": "metricbeat-*",
                    "name": "control_0_index_pattern",
                    "type": "index-pattern"
                }
            ],
            "type": "visualization",
            "updated_at": "2020-01-09T22:47:51.746Z",
            "version": "WzIzMTUsM10="
        },
        {
            "attributes": {
                "description": "",
                "kibanaSavedObjectMeta": {
                    "searchSourceJSON": "{\"filter\": [], \"query\": {\"language\": \"kuery\", \"query\": \"\"}}"
                },
                "title": "Lambda Top Errors [Metricbeat AWS]",
                "uiStateJSON": "{}",
                "version": 1,
                "visState": "{\"aggs\": [], \"params\": {\"axis_formatter\": \"number\", \"axis_min\": 0, \"axis_position\": \"left\", \"axis_scale\": \"normal\", \"background_color_rules\": [{\"id\": \"fbf0eac0-28d0-11ea-8789-f72e3366fb25\"}], \"bar_color_rules\": [{\"id\": \"f679afa0-28d0-11ea-8789-f72e3366fb25\"}], \"default_index_pattern\": \"filebeat-*\", \"default_timefield\": \"@timestamp\", \"filter\": {\"language\": \"kuery\", \"query\": \"\"}, \"gauge_color_rules\": [{\"id\": \"3eabbde0-28d1-11ea-8789-f72e3366fb25\"}], \"gauge_inner_width\": 10, \"gauge_style\": \"half\", \"gauge_width\": 10, \"id\": \"ca2e4c60-28cd-11ea-822d-3ba2c0089081\", \"index_pattern\": \"metricbeat-*\", \"interval\": \"5m\", \"isModelInvalid\": false, \"series\": [{\"axis_position\": \"right\", \"chart_type\": \"line\", \"color\": \"#3185FC\", \"fill\": 0, \"filter\": {\"language\": \"kuery\", \"query\": \"\"}, \"formatter\": \"number\", \"id\": \"ca2e4c61-28cd-11ea-822d-3ba2c0089081\", \"label\": \"avg(aws.metrics.Duration.avg)\", \"line_width\": 2, \"metrics\": [{\"field\": \"aws.lambda.metrics.Errors.avg\", \"id\": \"ca2e4c62-28cd-11ea-822d-3ba2c0089081\", \"type\": \"max\"}], \"point_size\": \"4\", \"separate_axis\": 0, \"split_color_mode\": \"rainbow\", \"split_mode\": \"terms\", \"stacked\": \"none\", \"terms_field\": \"aws.dimensions.FunctionName\", \"terms_order_by\": \"ca2e4c62-28cd-11ea-822d-3ba2c0089081\", \"type\": \"timeseries\", \"value_template\": \"{{value}}\"}], \"show_grid\": 1, \"show_legend\": 1, \"time_field\": \"@timestamp\", \"type\": \"timeseries\"}, \"title\": \"Lambda Top Errors [Metricbeat AWS]\", \"type\": \"metrics\"}"
            },
            "id": "4bf0a740-28d1-11ea-ba6c-49a884eb104f",
            "migrationVersion": {
                "visualization": "7.3.0"
            },
            "references": [],
            "type": "visualization",
            "updated_at": "2020-01-09T22:58:19.013Z",
            "version": "WzI2OTAsM10="
        },
        {
            "attributes": {
                "description": "",
                "kibanaSavedObjectMeta": {
                    "searchSourceJSON": "{\"filter\": [], \"query\": {\"language\": \"kuery\", \"query\": \"\"}}"
                },
                "title": "AWS Region Filter [Metricbeat AWS]",
                "uiStateJSON": "{}",
                "version": 1,
                "visState": "{\"aggs\": [], \"params\": {\"controls\": [{\"fieldName\": \"cloud.region\", \"id\": \"1549397251041\", \"indexPatternRefName\": \"control_0_index_pattern\", \"label\": \"region name\", \"options\": {\"dynamicOptions\": true, \"multiselect\": true, \"order\": \"desc\", \"size\": 5, \"type\": \"terms\"}, \"parent\": \"\", \"type\": \"list\"}], \"pinFilters\": false, \"updateFiltersOnChange\": true, \"useTimeFilter\": false}, \"title\": \"AWS Region Filter\", \"type\": \"input_control_vis\"}"
            },
            "id": "b5308940-7347-11e9-816b-07687310a99a",
            "migrationVersion": {
                "visualization": "7.3.0"
            },
            "references": [
                {
                    "id": "metricbeat-*",
                    "name": "control_0_index_pattern",
                    "type": "index-pattern"
                }
            ],
            "type": "visualization",
            "updated_at": "2020-01-09T22:47:51.746Z",
            "version": "WzIzMTIsM10="
        },
        {
            "attributes": {
                "description": "",
                "kibanaSavedObjectMeta": {
                    "searchSourceJSON": "{\"filter\": [], \"query\": {\"language\": \"kuery\", \"query\": \"\"}}"
                },
                "title": "Lambda Duration in Milliseconds [Metricbeat AWS]",
                "uiStateJSON": "{}",
                "version": 1,
                "visState": "{\"aggs\": [], \"params\": {\"axis_formatter\": \"number\", \"axis_min\": 0, \"axis_position\": \"left\", \"axis_scale\": \"normal\", \"default_index_pattern\": \"filebeat-*\", \"default_timefield\": \"@timestamp\", \"filter\": {\"language\": \"kuery\", \"query\": \"\"}, \"id\": \"ca2e4c60-28cd-11ea-822d-3ba2c0089081\", \"index_pattern\": \"metricbeat-*\", \"interval\": \"5m\", \"isModelInvalid\": false, \"series\": [{\"axis_position\": \"right\", \"chart_type\": \"line\", \"color\": \"#3185FC\", \"fill\": 0, \"filter\": {\"language\": \"kuery\", \"query\": \"\"}, \"formatter\": \"number\", \"id\": \"ca2e4c61-28cd-11ea-822d-3ba2c0089081\", \"label\": \"avg(aws.metrics.Duration.avg)\", \"line_width\": 2, \"metrics\": [{\"field\": \"aws.lambda.metrics.Duration.avg\", \"id\": \"ca2e4c62-28cd-11ea-822d-3ba2c0089081\", \"type\": \"avg\"}], \"point_size\": \"4\", \"separate_axis\": 0, \"split_color_mode\": \"rainbow\", \"split_mode\": \"terms\", \"stacked\": \"none\", \"terms_field\": \"aws.dimensions.FunctionName\", \"terms_order_by\": \"ca2e4c62-28cd-11ea-822d-3ba2c0089081\", \"type\": \"timeseries\", \"value_template\": \"{{value}}\"}], \"show_grid\": 1, \"show_legend\": 1, \"time_field\": \"@timestamp\", \"type\": \"timeseries\"}, \"title\": \"Lambda Duration in Milliseconds [Metricbeat AWS]\", \"type\": \"metrics\"}"
            },
            "id": "39dfc8d0-28cf-11ea-ba6c-49a884eb104f",
            "migrationVersion": {
                "visualization": "7.3.0"
            },
            "references": [],
            "type": "visualization",
            "updated_at": "2020-01-09T23:09:15.122Z",
            "version": "WzI2OTgsM10="
        },
        {
            "attributes": {
                "description": "",
                "kibanaSavedObjectMeta": {
                    "searchSourceJSON": "{\"filter\": [], \"query\": {\"language\": \"kuery\", \"query\": \"\"}}"
                },
                "title": "Lambda Top Invoked Functions [Metricbeat AWS]",
                "uiStateJSON": "{}",
                "version": 1,
                "visState": "{\"aggs\": [], \"params\": {\"axis_formatter\": \"number\", \"axis_min\": 0, \"axis_position\": \"left\", \"axis_scale\": \"normal\", \"background_color_rules\": [{\"id\": \"fbf0eac0-28d0-11ea-8789-f72e3366fb25\"}], \"bar_color_rules\": [{\"id\": \"f679afa0-28d0-11ea-8789-f72e3366fb25\"}], \"default_index_pattern\": \"filebeat-*\", \"default_timefield\": \"@timestamp\", \"filter\": {\"language\": \"kuery\", \"query\": \"\"}, \"id\": \"ca2e4c60-28cd-11ea-822d-3ba2c0089081\", \"index_pattern\": \"metricbeat-*\", \"interval\": \"5m\", \"isModelInvalid\": false, \"series\": [{\"axis_position\": \"right\", \"chart_type\": \"line\", \"color\": \"#3185FC\", \"fill\": 0, \"filter\": {\"language\": \"kuery\", \"query\": \"\"}, \"formatter\": \"number\", \"id\": \"ca2e4c61-28cd-11ea-822d-3ba2c0089081\", \"label\": \"avg(aws.metrics.Duration.avg)\", \"line_width\": 2, \"metrics\": [{\"field\": \"aws.lambda.metrics.Invocations.avg\", \"id\": \"ca2e4c62-28cd-11ea-822d-3ba2c0089081\", \"type\": \"max\"}], \"point_size\": \"4\", \"separate_axis\": 0, \"split_color_mode\": \"rainbow\", \"split_mode\": \"terms\", \"stacked\": \"none\", \"terms_field\": \"aws.dimensions.FunctionName\", \"terms_order_by\": \"ca2e4c62-28cd-11ea-822d-3ba2c0089081\", \"type\": \"timeseries\", \"value_template\": \"{{value}}\"}], \"show_grid\": 1, \"show_legend\": 1, \"time_field\": \"@timestamp\", \"type\": \"top_n\"}, \"title\": \"Lambda Top Invoked Functions [Metricbeat AWS]\", \"type\": \"metrics\"}"
            },
            "id": "1f3f00c0-28d1-11ea-ba6c-49a884eb104f",
            "migrationVersion": {
                "visualization": "7.3.0"
            },
            "references": [],
            "type": "visualization",
            "updated_at": "2020-01-09T22:59:29.714Z",
            "version": "WzI2OTEsM10="
        },
        {
            "attributes": {
                "description": "",
                "kibanaSavedObjectMeta": {
                    "searchSourceJSON": "{\"filter\": [], \"query\": {\"language\": \"kuery\", \"query\": \"\"}}"
                },
                "title": "Lambda Top Throttles [Metricbeat AWS]",
                "uiStateJSON": "{}",
                "version": 1,
                "visState": "{\"aggs\": [], \"params\": {\"axis_formatter\": \"number\", \"axis_min\": 0, \"axis_position\": \"left\", \"axis_scale\": \"normal\", \"background_color_rules\": [{\"id\": \"fbf0eac0-28d0-11ea-8789-f72e3366fb25\"}], \"bar_color_rules\": [{\"id\": \"f679afa0-28d0-11ea-8789-f72e3366fb25\"}], \"default_index_pattern\": \"filebeat-*\", \"default_timefield\": \"@timestamp\", \"filter\": {\"language\": \"kuery\", \"query\": \"\"}, \"gauge_color_rules\": [{\"id\": \"3eabbde0-28d1-11ea-8789-f72e3366fb25\"}], \"gauge_inner_width\": 10, \"gauge_style\": \"half\", \"gauge_width\": 10, \"id\": \"ca2e4c60-28cd-11ea-822d-3ba2c0089081\", \"index_pattern\": \"metricbeat-*\", \"interval\": \"5m\", \"isModelInvalid\": false, \"series\": [{\"axis_position\": \"right\", \"chart_type\": \"line\", \"color\": \"#3185FC\", \"fill\": 0, \"filter\": {\"language\": \"kuery\", \"query\": \"\"}, \"formatter\": \"number\", \"id\": \"ca2e4c61-28cd-11ea-822d-3ba2c0089081\", \"label\": \"avg(aws.metrics.Duration.avg)\", \"line_width\": 2, \"metrics\": [{\"field\": \"aws.lambda.metrics.Duration.avg\", \"id\": \"ca2e4c62-28cd-11ea-822d-3ba2c0089081\", \"type\": \"max\"}], \"point_size\": \"4\", \"separate_axis\": 0, \"split_color_mode\": \"rainbow\", \"split_mode\": \"terms\", \"stacked\": \"none\", \"terms_field\": \"aws.dimensions.FunctionName\", \"terms_order_by\": \"ca2e4c62-28cd-11ea-822d-3ba2c0089081\", \"type\": \"timeseries\", \"value_template\": \"{{value}}\"}], \"show_grid\": 1, \"show_legend\": 1, \"time_field\": \"@timestamp\", \"type\": \"top_n\"}, \"title\": \"Lambda Top Throttles [Metricbeat AWS]\", \"type\": \"metrics\"}"
            },
            "id": "915bcd50-28d1-11ea-ba6c-49a884eb104f",
            "migrationVersion": {
                "visualization": "7.3.0"
            },
            "references": [],
            "type": "visualization",
            "updated_at": "2020-01-09T22:59:58.449Z",
            "version": "WzI2OTIsM10="
        }
    ],
    "version": "7.3.0"
}