{
    "objects": [
        {
            "attributes": {
                "description": "This dashboard visualized relevant metrics for VMs running on Azure cloud.",
                "hits": 0,
                "kibanaSavedObjectMeta": {
                    "searchSourceJSON": "{\"filter\": [], \"query\": {\"language\": \"kuery\", \"query\": \"\"}}"
                },
                "optionsJSON": "{\"hidePanelTitles\": false, \"useMargins\": true}",
                "panelsJSON": "[{\"embeddableConfig\": {\"title\": \"Filters\"}, \"gridData\": {\"h\": 12, \"i\": \"d84767cd-3fc9-438c-a969-f15c4d5fc9c5\", \"w\": 6, \"x\": 0, \"y\": 0}, \"panelIndex\": \"d84767cd-3fc9-438c-a969-f15c4d5fc9c5\", \"panelRefName\": \"panel_0\", \"title\": \"Filters\", \"version\": \"7.4.0\"}, {\"embeddableConfig\": {\"title\": \"Percentage CPU\"}, \"gridData\": {\"h\": 12, \"i\": \"127eff01-d34c-4bda-8f19-4cf06982989f\", \"w\": 20, \"x\": 6, \"y\": 0}, \"panelIndex\": \"127eff01-d34c-4bda-8f19-4cf06982989f\", \"panelRefName\": \"panel_1\", \"title\": \"Percentage CPU\", \"version\": \"7.4.0\"}, {\"embeddableConfig\": {\"title\": \"Available Memory\"}, \"gridData\": {\"h\": 12, \"i\": \"2f85c4f1-a575-49a1-99d3-fbed8a2806ec\", \"w\": 22, \"x\": 26, \"y\": 0}, \"panelIndex\": \"2f85c4f1-a575-49a1-99d3-fbed8a2806ec\", \"panelRefName\": \"panel_2\", \"title\": \"Available Memory\", \"version\": \"7.4.0\"}, {\"embeddableConfig\": {\"title\": \"Disk Reads\"}, \"gridData\": {\"h\": 11, \"i\": \"6cbc30b4-658e-4f7a-a888-221775fd0af3\", \"w\": 12, \"x\": 36, \"y\": 12}, \"panelIndex\": \"6cbc30b4-658e-4f7a-a888-221775fd0af3\", \"panelRefName\": \"panel_3\", \"title\": \"Disk Reads\", \"version\": \"7.4.0\"}, {\"embeddableConfig\": {\"title\": \"Network In Total\"}, \"gridData\": {\"h\": 11, \"i\": \"e195e7ba-c736-4bf7-9f23-c96f4acd9b6b\", \"w\": 12, \"x\": 0, \"y\": 12}, \"panelIndex\": \"e195e7ba-c736-4bf7-9f23-c96f4acd9b6b\", \"panelRefName\": \"panel_4\", \"title\": \"Network In Total\", \"version\": \"7.4.0\"}, {\"embeddableConfig\": {\"title\": \"Network Out Total\"}, \"gridData\": {\"h\": 11, \"i\": \"64fc0214-97f7-4d52-a9bd-a91449293f1c\", \"w\": 12, \"x\": 12, \"y\": 12}, \"panelIndex\": \"64fc0214-97f7-4d52-a9bd-a91449293f1c\", \"panelRefName\": \"panel_5\", \"title\": \"Network Out Total\", \"version\": \"7.4.0\"}, {\"embeddableConfig\": {\"title\": \"Disk Writes\"}, \"gridData\": {\"h\": 11, \"i\": \"12c9c185-81ed-4313-b274-b3384de2d396\", \"w\": 12, \"x\": 24, \"y\": 12}, \"panelIndex\": \"12c9c185-81ed-4313-b274-b3384de2d396\", \"panelRefName\": \"panel_6\", \"title\": \"Disk Writes\", \"version\": \"7.4.0\"}, {\"embeddableConfig\": {\"title\": \"Disk Read Operations/s\"}, \"gridData\": {\"h\": 15, \"i\": \"200ae92b-4184-4aed-9868-6ce5e16e7a8d\", \"w\": 24, \"x\": 0, \"y\": 23}, \"panelIndex\": \"200ae92b-4184-4aed-9868-6ce5e16e7a8d\", \"panelRefName\": \"panel_7\", \"title\": \"Disk Read Operations/s\", \"version\": \"7.4.0\"}, {\"embeddableConfig\": {\"title\": \"Disk Write Operations/s\"}, \"gridData\": {\"h\": 15, \"i\": \"36c46a84-3e6b-4a7e-9246-357ae9d10d1e\", \"w\": 24, \"x\": 24, \"y\": 23}, \"panelIndex\": \"36c46a84-3e6b-4a7e-9246-357ae9d10d1e\", \"panelRefName\": \"panel_8\", \"title\": \"Disk Write Operations/s\", \"version\": \"7.4.0\"}]",
                "timeRestore": false,
                "title": "[Metricbeat Azure] VM Scale Sets Overview ",
                "version": 1
            },
            "id": "91afcc50-eaad-11e9-90ec-112a988266d5",
            "migrationVersion": {
                "dashboard": "7.3.0"
            },
            "references": [
                {
                    "id": "686bc990-ea92-11e9-90ec-112a988266d5",
                    "name": "panel_0",
                    "type": "visualization"
                },
                {
                    "id": "33500790-eaaf-11e9-90ec-112a988266d5",
                    "name": "panel_1",
                    "type": "visualization"
                },
                {
                    "id": "cecd6680-eb41-11e9-90ec-112a988266d5",
                    "name": "panel_2",
                    "type": "visualization"
                },
                {
                    "id": "42cc28d0-ea9a-11e9-90ec-112a988266d5",
                    "name": "panel_3",
                    "type": "visualization"
                },
                {
                    "id": "64266ec0-eb42-11e9-90ec-112a988266d5",
                    "name": "panel_4",
                    "type": "visualization"
                },
                {
                    "id": "b45fd8e0-eb42-11e9-90ec-112a988266d5",
                    "name": "panel_5",
                    "type": "visualization"
                },
                {
                    "id": "0d03a670-eb43-11e9-90ec-112a988266d5",
                    "name": "panel_6",
                    "type": "visualization"
                },
                {
                    "id": "9c1a1910-ea9a-11e9-90ec-112a988266d5",
                    "name": "panel_7",
                    "type": "visualization"
                },
                {
                    "id": "cfaedaf0-eb43-11e9-90ec-112a988266d5",
                    "name": "panel_8",
                    "type": "visualization"
                }
            ],
            "type": "dashboard",
            "updated_at": "2019-10-15T11:55:55.792Z",
            "version": "WzMyMDksMV0="
        },
        {
            "attributes": {
                "description": "",
                "kibanaSavedObjectMeta": {
                    "searchSourceJSON": "{\"filter\": [], \"query\": {\"language\": \"kuery\", \"query\": \"\"}}"
                },
                "title": "VMSS Filters [Metricbeat Azure]",
                "uiStateJSON": "{}",
                "version": 1,
                "visState": "{\"aggs\": [], \"params\": {\"controls\": [{\"fieldName\": \"cloud.region\", \"id\": \"1549397251041\", \"indexPatternRefName\": \"control_0_index_pattern\", \"label\": \"Region\", \"options\": {\"dynamicOptions\": true, \"multiselect\": true, \"order\": \"desc\", \"size\": 5, \"type\": \"terms\"}, \"parent\": \"\", \"type\": \"list\"}, {\"fieldName\": \"azure.resource.group\", \"id\": \"1549512142947\", \"indexPatternRefName\": \"control_1_index_pattern\", \"label\": \"Resource Group\", \"options\": {\"dynamicOptions\": true, \"multiselect\": true, \"order\": \"desc\", \"size\": 5, \"type\": \"terms\"}, \"parent\": \"\", \"type\": \"list\"}, {\"fieldName\": \"azure.dimensions.vmname\", \"id\": \"1570711989416\", \"indexPatternRefName\": \"control_2_index_pattern\", \"label\": \"VM Name (dimension)\", \"options\": {\"dynamicOptions\": true, \"multiselect\": true, \"order\": \"desc\", \"size\": 5, \"type\": \"terms\"}, \"parent\": \"\", \"type\": \"list\"}], \"pinFilters\": false, \"updateFiltersOnChange\": true, \"useTimeFilter\": false}, \"title\": \"VMSS Filters [Metricbeat Azure]\", \"type\": \"input_control_vis\"}"
            },
            "id": "686bc990-ea92-11e9-90ec-112a988266d5",
            "migrationVersion": {
                "visualization": "7.3.1"
            },
            "references": [
                {
                    "id": "metricbeat-*",
                    "name": "control_0_index_pattern",
                    "type": "index-pattern"
                },
                {
                    "id": "metricbeat-*",
                    "name": "control_1_index_pattern",
                    "type": "index-pattern"
                },
                {
                    "id": "metricbeat-*",
                    "name": "control_2_index_pattern",
                    "type": "index-pattern"
                }
            ],
            "type": "visualization",
            "updated_at": "2019-10-10T13:24:24.225Z",
            "version": "WzE0MTMsMV0="
        },
        {
            "attributes": {
                "description": "",
                "kibanaSavedObjectMeta": {
                    "searchSourceJSON": "{\"filter\": [], \"query\": {\"language\": \"kuery\", \"query\": \"\"}}"
                },
                "title": "VMSS CPU Utilization [Metricbeat Azure]",
                "uiStateJSON": "{}",
                "version": 1,
                "visState": "{\"aggs\": [], \"params\": {\"axis_formatter\": \"number\", \"axis_min\": 0, \"axis_position\": \"left\", \"axis_scale\": \"normal\", \"default_index_pattern\": \"metricbeat-*\", \"default_timefield\": \"@timestamp\", \"filter\": {\"language\": \"kuery\", \"query\": \"azure.resource.type :\\\"Microsoft.Compute/virtualMachineScaleSets\\\" \"}, \"id\": \"7666abc0-eaae-11e9-a083-57ad7f0b1ec1\", \"index_pattern\": \"metricbeat-*\", \"interval\": \">=5m\", \"isModelInvalid\": false, \"series\": [{\"axis_position\": \"right\", \"chart_type\": \"line\", \"color\": \"#3185FC\", \"fill\": 0, \"formatter\": \"number\", \"id\": \"7666abc1-eaae-11e9-a083-57ad7f0b1ec1\", \"label\": \"avg(azure.compute_vm_scaleset.percentage_cpu.avg)\", \"line_width\": 2, \"metrics\": [{\"field\": \"azure.compute_vm_scaleset.percentage_cpu.avg\", \"id\": \"7666abc2-eaae-11e9-a083-57ad7f0b1ec1\", \"type\": \"avg\"}], \"point_size\": 0, \"separate_axis\": 0, \"split_color_mode\": \"rainbow\", \"split_mode\": \"terms\", \"stacked\": \"none\", \"terms_field\": \"azure.resource.name\", \"value_template\": \"{{value}}\"}], \"show_grid\": 1, \"show_legend\": 1, \"time_field\": \"@timestamp\", \"type\": \"timeseries\"}, \"title\": \"VMSS CPU Utilization [Metricbeat Azure]\", \"type\": \"metrics\"}"
            },
            "id": "33500790-eaaf-11e9-90ec-112a988266d5",
            "migrationVersion": {
                "visualization": "7.3.1"
            },
            "references": [],
            "type": "visualization",
            "updated_at": "2019-10-15T11:53:31.250Z",
            "version": "WzMxOTMsMV0="
        },
        {
            "attributes": {
                "description": "",
                "kibanaSavedObjectMeta": {
                    "searchSourceJSON": "{\"filter\": [], \"query\": {\"language\": \"kuery\", \"query\": \"\"}}"
                },
                "title": "VMSS Available Memory [Metricbeat Azure]",
                "uiStateJSON": "{}",
                "version": 1,
                "visState": "{\"aggs\": [], \"params\": {\"axis_formatter\": \"number\", \"axis_min\": 0, \"axis_position\": \"left\", \"axis_scale\": \"normal\", \"default_index_pattern\": \"metricbeat-*\", \"default_timefield\": \"@timestamp\", \"filter\": {\"language\": \"kuery\", \"query\": \"azure.resource.type :\\\"Microsoft.Compute/virtualMachineScaleSets\\\" \"}, \"id\": \"e25fa710-eb3e-11e9-8bf6-ff656bce9010\", \"index_pattern\": \"metricbeat-*\", \"interval\": \">=5m\", \"isModelInvalid\": false, \"series\": [{\"axis_position\": \"right\", \"chart_type\": \"line\", \"color\": \"rgba(22,165,165,1)\", \"fill\": 0, \"formatter\": \"bytes\", \"id\": \"e25fa711-eb3e-11e9-8bf6-ff656bce9010\", \"label\": \"avg(azure.compute_vm_scaleset.memory_available_bytes.avg)\", \"line_width\": 2, \"metrics\": [{\"field\": \"azure.compute_vm_scaleset.memory_available_bytes.avg\", \"id\": \"e25fa712-eb3e-11e9-8bf6-ff656bce9010\", \"type\": \"avg\"}], \"point_size\": 0, \"separate_axis\": 0, \"split_mode\": \"terms\", \"stacked\": \"none\", \"terms_field\": \"azure.resource.name\", \"value_template\": \"{{value}}\"}], \"show_grid\": 1, \"show_legend\": 1, \"time_field\": \"@timestamp\", \"type\": \"timeseries\"}, \"title\": \"VMSS Available Memory [Metricbeat Azure]\", \"type\": \"metrics\"}"
            },
            "id": "cecd6680-eb41-11e9-90ec-112a988266d5",
            "migrationVersion": {
                "visualization": "7.3.1"
            },
            "references": [],
            "type": "visualization",
            "updated_at": "2019-10-15T11:53:55.061Z",
            "version": "WzMxOTUsMV0="
        },
        {
            "attributes": {
                "description": "",
                "kibanaSavedObjectMeta": {
                    "searchSourceJSON": "{\"filter\": [], \"query\": {\"language\": \"kuery\", \"query\": \"\"}}"
                },
                "title": "VMSS Disk Reads [Metricbeat Azure]",
                "uiStateJSON": "{}",
                "version": 1,
                "visState": "{\"aggs\": [], \"params\": {\"axis_formatter\": \"number\", \"axis_min\": 0, \"axis_position\": \"left\", \"axis_scale\": \"normal\", \"default_index_pattern\": \"metricbeat-*\", \"default_timefield\": \"@timestamp\", \"filter\": {\"language\": \"kuery\", \"query\": \"azure.resource.type :\\\"Microsoft.Compute/virtualMachineScaleSets\\\" \"}, \"id\": \"39b6adc0-ea99-11e9-8328-799c817fb96b\", \"index_pattern\": \"metricbeat-*\", \"interval\": \">=5m\", \"isModelInvalid\": false, \"series\": [{\"axis_position\": \"right\", \"chart_type\": \"line\", \"color\": \"rgba(252,196,0,1)\", \"fill\": 0, \"formatter\": \"bytes\", \"id\": \"39b6adc1-ea99-11e9-8328-799c817fb96b\", \"label\": \"VM Disk Read bytes\", \"line_width\": 2, \"metrics\": [{\"field\": \"azure.compute_vm_scaleset.disk_read_bytes.total\", \"id\": \"39b6adc2-ea99-11e9-8328-799c817fb96b\", \"type\": \"avg\"}], \"point_size\": 0, \"separate_axis\": 0, \"split_mode\": \"terms\", \"stacked\": \"none\", \"terms_field\": \"azure.resource.name\", \"type\": \"timeseries\", \"value_template\": \"{{value}}\"}], \"show_grid\": 1, \"show_legend\": 1, \"time_field\": \"@timestamp\", \"type\": \"timeseries\"}, \"title\": \"VMSS Disk Reads [Metricbeat Azure]\", \"type\": \"metrics\"}"
            },
            "id": "42cc28d0-ea9a-11e9-90ec-112a988266d5",
            "migrationVersion": {
                "visualization": "7.3.1"
            },
            "references": [],
            "type": "visualization",
            "updated_at": "2019-10-15T11:55:06.753Z",
            "version": "WzMyMDMsMV0="
        },
        {
            "attributes": {
                "description": "",
                "kibanaSavedObjectMeta": {
                    "searchSourceJSON": "{\"filter\": [], \"query\": {\"language\": \"kuery\", \"query\": \"\"}}"
                },
                "title": "VMSS Network In Total [Metricbeat Azure]",
                "uiStateJSON": "{}",
                "version": 1,
                "visState": "{\"aggs\": [], \"params\": {\"axis_formatter\": \"number\", \"axis_min\": 0, \"axis_position\": \"left\", \"axis_scale\": \"normal\", \"default_index_pattern\": \"metricbeat-*\", \"default_timefield\": \"@timestamp\", \"filter\": {\"language\": \"kuery\", \"query\": \"azure.resource.type : \\\"Microsoft.Compute/virtualMachineScaleSets\\\" \"}, \"id\": \"39b6adc0-ea99-11e9-8328-799c817fb96b\", \"index_pattern\": \"metricbeat-*\", \"interval\": \">=5m\", \"isModelInvalid\": false, \"series\": [{\"axis_position\": \"right\", \"chart_type\": \"line\", \"color\": \"rgba(104,204,202,1)\", \"fill\": 0, \"formatter\": \"bytes\", \"id\": \"39b6adc1-ea99-11e9-8328-799c817fb96b\", \"label\": \"Azure VMSS Network In Total\", \"line_width\": 2, \"metrics\": [{\"field\": \"azure.compute_vm_scaleset.network_in_total.total\", \"id\": \"39b6adc2-ea99-11e9-8328-799c817fb96b\", \"type\": \"avg\"}], \"point_size\": 0, \"separate_axis\": 0, \"split_mode\": \"terms\", \"stacked\": \"none\", \"terms_field\": \"azure.resource.name\", \"type\": \"timeseries\", \"value_template\": \"{{value}}\"}], \"show_grid\": 1, \"show_legend\": 1, \"time_field\": \"@timestamp\", \"type\": \"timeseries\"}, \"title\": \"VMSS Network In Total [Metricbeat Azure]\", \"type\": \"metrics\"}"
            },
            "id": "64266ec0-eb42-11e9-90ec-112a988266d5",
            "migrationVersion": {
                "visualization": "7.3.1"
            },
            "references": [],
            "type": "visualization",
            "updated_at": "2019-10-15T11:54:14.745Z",
            "version": "WzMxOTcsMV0="
        },
        {
            "attributes": {
                "description": "",
                "kibanaSavedObjectMeta": {
                    "searchSourceJSON": "{\"filter\": [], \"query\": {\"language\": \"kuery\", \"query\": \"\"}}"
                },
                "title": "VMSS Network Out Total [Metricbeat Azure]",
                "uiStateJSON": "{}",
                "version": 1,
                "visState": "{\"aggs\": [], \"params\": {\"axis_formatter\": \"number\", \"axis_min\": 0, \"axis_position\": \"left\", \"axis_scale\": \"normal\", \"default_index_pattern\": \"metricbeat-*\", \"default_timefield\": \"@timestamp\", \"filter\": {\"language\": \"kuery\", \"query\": \"azure.resource.type : \\\"Microsoft.Compute/virtualMachineScaleSets\\\" \"}, \"id\": \"39b6adc0-ea99-11e9-8328-799c817fb96b\", \"index_pattern\": \"metricbeat-*\", \"interval\": \">=5m\", \"isModelInvalid\": false, \"series\": [{\"axis_position\": \"right\", \"chart_type\": \"line\", \"color\": \"rgba(104,188,0,1)\", \"fill\": 0, \"formatter\": \"bytes\", \"id\": \"39b6adc1-ea99-11e9-8328-799c817fb96b\", \"label\": \"Azure VM Network Out Total\", \"line_width\": 2, \"metrics\": [{\"field\": \"azure.compute_vm_scaleset.network_out_total.total\", \"id\": \"39b6adc2-ea99-11e9-8328-799c817fb96b\", \"type\": \"avg\"}], \"point_size\": 0, \"separate_axis\": 0, \"split_mode\": \"terms\", \"stacked\": \"none\", \"terms_field\": \"azure.resource.name\", \"type\": \"timeseries\", \"value_template\": \"{{value}}\"}], \"show_grid\": 1, \"show_legend\": 1, \"time_field\": \"@timestamp\", \"type\": \"timeseries\"}, \"title\": \"VMSS Network Out Total [Metricbeat Azure]\", \"type\": \"metrics\"}"
            },
            "id": "b45fd8e0-eb42-11e9-90ec-112a988266d5",
            "migrationVersion": {
                "visualization": "7.3.1"
            },
            "references": [],
            "type": "visualization",
            "updated_at": "2019-10-15T11:54:30.361Z",
            "version": "WzMxOTksMV0="
        },
        {
            "attributes": {
                "description": "",
                "kibanaSavedObjectMeta": {
                    "searchSourceJSON": "{\"filter\": [], \"query\": {\"language\": \"kuery\", \"query\": \"\"}}"
                },
                "title": "VMSS Disk Writes [Metricbeat Azure]",
                "uiStateJSON": "{}",
                "version": 1,
                "visState": "{\"aggs\": [], \"params\": {\"axis_formatter\": \"number\", \"axis_min\": 0, \"axis_position\": \"left\", \"axis_scale\": \"normal\", \"default_index_pattern\": \"metricbeat-*\", \"default_timefield\": \"@timestamp\", \"filter\": {\"language\": \"kuery\", \"query\": \"azure.resource.type :\\\"Microsoft.Compute/virtualMachineScaleSets\\\" \"}, \"id\": \"39b6adc0-ea99-11e9-8328-799c817fb96b\", \"index_pattern\": \"metricbeat-*\", \"interval\": \">=5m\", \"isModelInvalid\": false, \"series\": [{\"axis_position\": \"right\", \"chart_type\": \"line\", \"color\": \"rgba(0,180,251,1)\", \"fill\": 0, \"formatter\": \"bytes\", \"id\": \"39b6adc1-ea99-11e9-8328-799c817fb96b\", \"label\": \"VM Disk Writes bytes\", \"line_width\": 2, \"metrics\": [{\"field\": \"azure.compute_vm_scaleset.disk_write_bytes.total\", \"id\": \"39b6adc2-ea99-11e9-8328-799c817fb96b\", \"type\": \"avg\"}], \"point_size\": 0, \"separate_axis\": 0, \"split_mode\": \"terms\", \"stacked\": \"none\", \"terms_field\": \"azure.resource.name\", \"type\": \"timeseries\", \"value_template\": \"{{value}}\"}], \"show_grid\": 1, \"show_legend\": 1, \"time_field\": \"@timestamp\", \"type\": \"timeseries\"}, \"title\": \"VMSS Disk Writes [Metricbeat Azure]\", \"type\": \"metrics\"}"
            },
            "id": "0d03a670-eb43-11e9-90ec-112a988266d5",
            "migrationVersion": {
                "visualization": "7.3.1"
            },
            "references": [],
            "type": "visualization",
            "updated_at": "2019-10-15T11:54:48.472Z",
            "version": "WzMyMDEsMV0="
        },
        {
            "attributes": {
                "description": "",
                "kibanaSavedObjectMeta": {
                    "searchSourceJSON": "{\"filter\": [], \"query\": {\"language\": \"kuery\", \"query\": \"\"}}"
                },
                "title": "VMSS Disk Read Operations [Metricbeat Azure]",
                "uiStateJSON": "{}",
                "version": 1,
                "visState": "{\"aggs\": [], \"params\": {\"axis_formatter\": \"number\", \"axis_min\": 0, \"axis_position\": \"left\", \"axis_scale\": \"normal\", \"default_index_pattern\": \"metricbeat-*\", \"default_timefield\": \"@timestamp\", \"filter\": {\"language\": \"kuery\", \"query\": \"azure.resource.type : \\\"Microsoft.Compute/virtualMachineScaleSets\\\" \"}, \"id\": \"39b6adc0-ea99-11e9-8328-799c817fb96b\", \"index_pattern\": \"metricbeat-*\", \"interval\": \">=5m\", \"isModelInvalid\": false, \"series\": [{\"axis_position\": \"right\", \"chart_type\": \"line\", \"color\": \"rgba(252,196,0,1)\", \"fill\": 0, \"formatter\": \"number\", \"id\": \"39b6adc1-ea99-11e9-8328-799c817fb96b\", \"label\": \"VM Disk Read Operations/s\", \"line_width\": 2, \"metrics\": [{\"field\": \"azure.compute_vm_scaleset.disk_read_operations_per_sec.avg\", \"id\": \"39b6adc2-ea99-11e9-8328-799c817fb96b\", \"type\": \"avg\"}], \"point_size\": 0, \"separate_axis\": 0, \"split_mode\": \"terms\", \"stacked\": \"none\", \"terms_field\": \"azure.resource.name\", \"type\": \"timeseries\", \"value_template\": \"{{value}}\"}], \"show_grid\": 1, \"show_legend\": 1, \"time_field\": \"@timestamp\", \"type\": \"timeseries\"}, \"title\": \"VMSS Disk Read Operations [Metricbeat Azure]\", \"type\": \"metrics\"}"
            },
            "id": "9c1a1910-ea9a-11e9-90ec-112a988266d5",
            "migrationVersion": {
                "visualization": "7.3.1"
            },
            "references": [],
            "type": "visualization",
            "updated_at": "2019-10-15T11:55:26.389Z",
            "version": "WzMyMDUsMV0="
        },
        {
            "attributes": {
                "description": "",
                "kibanaSavedObjectMeta": {
                    "searchSourceJSON": "{\"filter\": [], \"query\": {\"language\": \"kuery\", \"query\": \"\"}}"
                },
                "title": "VMSS Disk Write Operations [Metricbeat Azure]",
                "uiStateJSON": "{}",
                "version": 1,
                "visState": "{\"aggs\": [], \"params\": {\"axis_formatter\": \"number\", \"axis_min\": 0, \"axis_position\": \"left\", \"axis_scale\": \"normal\", \"default_index_pattern\": \"metricbeat-*\", \"default_timefield\": \"@timestamp\", \"filter\": {\"language\": \"kuery\", \"query\": \"azure.resource.type : \\\"Microsoft.Compute/virtualMachineScaleSets\\\" \"}, \"id\": \"39b6adc0-ea99-11e9-8328-799c817fb96b\", \"index_pattern\": \"metricbeat-*\", \"interval\": \">=5m\", \"isModelInvalid\": false, \"series\": [{\"axis_position\": \"right\", \"chart_type\": \"line\", \"color\": \"rgba(104,204,202,1)\", \"fill\": 0, \"formatter\": \"number\", \"id\": \"39b6adc1-ea99-11e9-8328-799c817fb96b\", \"label\": \"VM Disk Write Operations/s\", \"line_width\": 2, \"metrics\": [{\"field\": \"azure.compute_vm_scaleset.disk_write_operations_per_sec.avg\", \"id\": \"39b6adc2-ea99-11e9-8328-799c817fb96b\", \"type\": \"avg\"}], \"point_size\": 0, \"separate_axis\": 0, \"split_mode\": \"terms\", \"stacked\": \"none\", \"terms_field\": \"azure.resource.name\", \"type\": \"timeseries\", \"value_template\": \"{{value}}\"}], \"show_grid\": 1, \"show_legend\": 1, \"time_field\": \"@timestamp\", \"type\": \"timeseries\"}, \"title\": \"VMSS Disk Write Operations [Metricbeat Azure]\", \"type\": \"metrics\"}"
            },
            "id": "cfaedaf0-eb43-11e9-90ec-112a988266d5",
            "migrationVersion": {
                "visualization": "7.3.1"
            },
            "references": [],
            "type": "visualization",
            "updated_at": "2019-10-15T11:55:48.348Z",
            "version": "WzMyMDcsMV0="
        }
    ],
    "version": "7.4.0"
}