{
    "objects": [
        {
            "attributes": {
                "description": "Kubernetes Controller Manager metrics",
                "hits": 0,
                "kibanaSavedObjectMeta": {
                    "searchSourceJSON": "{\"filter\": [{\"$state\": {\"store\": \"appState\"}, \"meta\": {\"alias\": null, \"disabled\": false, \"indexRefName\": \"kibanaSavedObjectMeta.searchSourceJSON.filter[0].meta.index\", \"key\": \"event.dataset\", \"negate\": false, \"params\": {\"query\": \"kubernetes.controllermanager\"}, \"type\": \"phrase\", \"value\": \"kubernetes.controllermanager\"}, \"query\": {\"match\": {\"event.dataset\": {\"query\": \"kubernetes.controllermanager\", \"type\": \"phrase\"}}}}], \"query\": {\"language\": \"kuery\", \"query\": \"\"}}"
                },
                "optionsJSON": "{\"hidePanelTitles\": false, \"useMargins\": true}",
                "panelsJSON": "[{\"embeddableConfig\": {}, \"gridData\": {\"h\": 14, \"i\": \"1\", \"w\": 11, \"x\": 0, \"y\": 0}, \"panelIndex\": \"1\", \"panelRefName\": \"panel_0\", \"version\": \"7.1.1\"}, {\"embeddableConfig\": {}, \"gridData\": {\"h\": 14, \"i\": \"2\", \"w\": 11, \"x\": 11, \"y\": 0}, \"panelIndex\": \"2\", \"panelRefName\": \"panel_1\", \"version\": \"7.1.1\"}, {\"embeddableConfig\": {}, \"gridData\": {\"h\": 14, \"i\": \"3\", \"w\": 26, \"x\": 22, \"y\": 0}, \"panelIndex\": \"3\", \"panelRefName\": \"panel_2\", \"version\": \"7.1.1\"}, {\"embeddableConfig\": {}, \"gridData\": {\"h\": 12, \"i\": \"5\", \"w\": 24, \"x\": 0, \"y\": 39}, \"panelIndex\": \"5\", \"panelRefName\": \"panel_3\", \"version\": \"7.1.1\"}, {\"embeddableConfig\": {}, \"gridData\": {\"h\": 12, \"i\": \"6\", \"w\": 24, \"x\": 24, \"y\": 39}, \"panelIndex\": \"6\", \"panelRefName\": \"panel_4\", \"version\": \"7.1.1\"}, {\"embeddableConfig\": {}, \"gridData\": {\"h\": 13, \"i\": \"7\", \"w\": 24, \"x\": 24, \"y\": 14}, \"panelIndex\": \"7\", \"panelRefName\": \"panel_5\", \"version\": \"7.1.1\"}, {\"embeddableConfig\": {}, \"gridData\": {\"h\": 12, \"i\": \"8\", \"w\": 24, \"x\": 0, \"y\": 27}, \"panelIndex\": \"8\", \"panelRefName\": \"panel_6\", \"version\": \"7.1.1\"}, {\"embeddableConfig\": {}, \"gridData\": {\"h\": 12, \"i\": \"9\", \"w\": 24, \"x\": 24, \"y\": 27}, \"panelIndex\": \"9\", \"panelRefName\": \"panel_7\", \"version\": \"7.1.1\"}, {\"embeddableConfig\": {}, \"gridData\": {\"h\": 13, \"i\": \"10\", \"w\": 24, \"x\": 0, \"y\": 14}, \"panelIndex\": \"10\", \"panelRefName\": \"panel_8\", \"version\": \"7.2.0\"}]",
                "timeRestore": false,
                "title": "[Metricbeat Kubernetes] Controller Manager",
                "version": 1
            },
            "id": "97312060-9c1b-11e9-9dc8-fd27291d427f",
            "migrationVersion": {
                "dashboard": "7.0.0"
            },
            "references": [
                {
                    "id": "metricbeat-*",
                    "name": "kibanaSavedObjectMeta.searchSourceJSON.filter[0].meta.index",
                    "type": "index-pattern"
                },
                {
                    "id": "bcb194a0-9bf8-11e9-9dc8-fd27291d427f",
                    "name": "panel_0",
                    "type": "visualization"
                },
                {
                    "id": "3dbf6230-9c20-11e9-9dc8-fd27291d427f",
                    "name": "panel_1",
                    "type": "visualization"
                },
                {
                    "id": "d86b2da0-9c20-11e9-9dc8-fd27291d427f",
                    "name": "panel_2",
                    "type": "visualization"
                },
                {
                    "id": "0ca95350-9c24-11e9-9dc8-fd27291d427f",
                    "name": "panel_3",
                    "type": "visualization"
                },
                {
                    "id": "3e1e1fd0-9c27-11e9-9dc8-fd27291d427f",
                    "name": "panel_4",
                    "type": "visualization"
                },
                {
                    "id": "2ba628e0-9c2a-11e9-9dc8-fd27291d427f",
                    "name": "panel_5",
                    "type": "visualization"
                },
                {
                    "id": "8a95de50-9c38-11e9-9dc8-fd27291d427f",
                    "name": "panel_6",
                    "type": "visualization"
                },
                {
                    "id": "485c8550-9c3a-11e9-9dc8-fd27291d427f",
                    "name": "panel_7",
                    "type": "visualization"
                },
                {
                    "id": "7d80f790-9d96-11e9-b2ae-49acc4cbcea9",
                    "name": "panel_8",
                    "type": "visualization"
                }
            ],
            "type": "dashboard",
            "updated_at": "2019-07-03T16:33:10.995Z",
            "version": "WzI5OSwyXQ=="
        },
        {
            "attributes": {
                "description": "",
                "kibanaSavedObjectMeta": {
                    "searchSourceJSON": "{\"filter\": [], \"query\": {\"language\": \"kuery\", \"query\": \"\"}}"
                },
                "title": "Host selector [Metricbeat Kubernetes]",
                "uiStateJSON": "{}",
                "version": 1,
                "visState": "{\"aggs\": [], \"params\": {\"controls\": [{\"fieldName\": \"host.hostname\", \"id\": \"1561982488150\", \"indexPatternRefName\": \"control_0_index_pattern\", \"label\": \"Hostname\", \"options\": {\"dynamicOptions\": true, \"multiselect\": true, \"order\": \"desc\", \"size\": 5, \"type\": \"terms\"}, \"parent\": \"\", \"type\": \"list\"}, {\"fieldName\": \"service.address\", \"id\": \"1561982723711\", \"indexPatternRefName\": \"control_1_index_pattern\", \"label\": \"Service address\", \"options\": {\"dynamicOptions\": true, \"multiselect\": false, \"order\": \"desc\", \"size\": 5, \"type\": \"terms\"}, \"parent\": \"\", \"type\": \"list\"}], \"pinFilters\": false, \"updateFiltersOnChange\": false, \"useTimeFilter\": false}, \"title\": \"Host selector [Metricbeat Kubernetes]\", \"type\": \"input_control_vis\"}"
            },
            "id": "bcb194a0-9bf8-11e9-9dc8-fd27291d427f",
            "migrationVersion": {
                "visualization": "7.2.0"
            },
            "references": [
                {
                    "id": "metricbeat-*",
                    "name": "control_0_index_pattern",
                    "type": "index-pattern"
                },
                {
                    "id": "metricbeat-*",
                    "name": "control_1_index_pattern",
                    "type": "index-pattern"
                }
            ],
            "type": "visualization",
            "updated_at": "2019-07-03T07:20:34.226Z",
            "version": "WzEzMywxXQ=="
        },
        {
            "attributes": {
                "description": "",
                "kibanaSavedObjectMeta": {
                    "searchSourceJSON": "{\"filter\": [], \"query\": {\"language\": \"kuery\", \"query\": \"\"}}"
                },
                "title": "Controller Process [Metricbeat Kubernetes]",
                "uiStateJSON": "{}",
                "version": 1,
                "visState": "{\"aggs\": [], \"params\": {\"axis_formatter\": \"number\", \"axis_position\": \"left\", \"axis_scale\": \"normal\", \"default_index_pattern\": \"metricbeat-*\", \"default_timefield\": \"@timestamp\", \"drop_last_bucket\": 1, \"id\": \"61ca57f0-469d-11e7-af02-69e470af7417\", \"index_pattern\": \"metricbeat-*\", \"interval\": \"30s\", \"markdown\": \"|  |   |\\n|---|---|\\n|**Days running**|{{ math.started.last.raw }}|\\n|**File descriptors open**|{{ average_of_kubernetes_controllermanager_process_fds_open_count.fds.last.raw }}|\\n|**Resident Memory**|{{ average_of_kubernetes_controllermanager_process_memory_resident_bytes.resident_memory.last.formatted }}|\\n|**Virtual Memory**|{{ average_of_kubernetes_controllermanager_process_memory_virtual_bytes.virtual_memory.last.formatted }}|\\n\", \"markdown_css\": \"#markdown-61ca57f0-469d-11e7-af02-69e470af7417 table,#markdown-61ca57f0-469d-11e7-af02-69e470af7417 tr,#markdown-61ca57f0-469d-11e7-af02-69e470af7417 td,#markdown-61ca57f0-469d-11e7-af02-69e470af7417 th{border:none}\", \"markdown_less\": \"\\ntable, tr, td, th {\\n    border: none;\\n}\\n\\n\", \"series\": [{\"axis_position\": \"right\", \"chart_type\": \"line\", \"color\": \"#68BC00\", \"fill\": 0.5, \"formatter\": \"number\", \"id\": \"61ca57f1-469d-11e7-af02-69e470af7417\", \"line_width\": 1, \"metrics\": [{\"field\": \"kubernetes.controllermanager.process.started.sec\", \"id\": \"61ca57f2-469d-11e7-af02-69e470af7417\", \"type\": \"max\"}, {\"id\": \"ebfdb1c0-9c1c-11e9-b29f-d55be9348723\", \"script\": \"round( (params._timestamp /1000 - params.started) / 86400, 2)\", \"type\": \"math\", \"variables\": [{\"field\": \"61ca57f2-469d-11e7-af02-69e470af7417\", \"id\": \"ef30a230-9c1c-11e9-b29f-d55be9348723\", \"name\": \"started\"}]}], \"point_size\": 1, \"separate_axis\": 0, \"split_mode\": \"everything\", \"stacked\": \"none\", \"var_name\": \"started\"}, {\"axis_position\": \"right\", \"chart_type\": \"line\", \"color\": \"#68BC00\", \"fill\": 0.5, \"formatter\": \"number\", \"id\": \"1212ba80-9c1e-11e9-b29f-d55be9348723\", \"label\": \"\", \"line_width\": 1, \"metrics\": [{\"field\": \"kubernetes.controllermanager.process.fds.open.count\", \"id\": \"1212ba81-9c1e-11e9-b29f-d55be9348723\", \"type\": \"avg\"}], \"point_size\": 1, \"separate_axis\": 0, \"split_mode\": \"everything\", \"stacked\": \"none\", \"var_name\": \"fds\"}, {\"axis_position\": \"right\", \"chart_type\": \"line\", \"color\": \"#68BC00\", \"fill\": 0.5, \"formatter\": \"bytes\", \"id\": \"3f3b17a0-9c1e-11e9-b29f-d55be9348723\", \"label\": \"\", \"line_width\": 1, \"metrics\": [{\"field\": \"kubernetes.controllermanager.process.memory.resident.bytes\", \"id\": \"3f3b17a1-9c1e-11e9-b29f-d55be9348723\", \"type\": \"avg\"}], \"point_size\": 1, \"separate_axis\": 0, \"split_mode\": \"everything\", \"stacked\": \"none\", \"var_name\": \"resident_memory\"}, {\"axis_position\": \"right\", \"chart_type\": \"line\", \"color\": \"#68BC00\", \"fill\": 0.5, \"formatter\": \"bytes\", \"id\": \"b1a01b50-9c1f-11e9-b29f-d55be9348723\", \"line_width\": 1, \"metrics\": [{\"field\": \"kubernetes.controllermanager.process.memory.virtual.bytes\", \"id\": \"b1a01b51-9c1f-11e9-b29f-d55be9348723\", \"type\": \"avg\"}], \"point_size\": 1, \"separate_axis\": 0, \"split_mode\": \"everything\", \"stacked\": \"none\", \"var_name\": \"virtual_memory\"}], \"show_grid\": 1, \"show_legend\": 1, \"time_field\": \"@timestamp\", \"type\": \"markdown\"}, \"title\": \"Controller Process [Metricbeat Kubernetes]\", \"type\": \"metrics\"}"
            },
            "id": "3dbf6230-9c20-11e9-9dc8-fd27291d427f",
            "migrationVersion": {
                "visualization": "7.2.0"
            },
            "references": [],
            "type": "visualization",
            "updated_at": "2019-07-03T14:46:23.136Z",
            "version": "WzI5MSwyXQ=="
        },
        {
            "attributes": {
                "description": "",
                "kibanaSavedObjectMeta": {
                    "searchSourceJSON": "{\"filter\": [], \"query\": {\"language\": \"kuery\", \"query\": \"\"}}"
                },
                "title": "Controller HTTP request duration [Metricbeat Kubernetes]",
                "uiStateJSON": "{}",
                "version": 1,
                "visState": "{\"aggs\": [], \"params\": {\"axis_formatter\": \"number\", \"axis_position\": \"left\", \"axis_scale\": \"normal\", \"default_index_pattern\": \"metricbeat-*\", \"id\": \"61ca57f0-469d-11e7-af02-69e470af7417\", \"index_pattern\": \"metricbeat-*\", \"interval\": \"auto\", \"series\": [{\"axis_position\": \"right\", \"chart_type\": \"line\", \"color\": \"rgba(165,228,85,1)\", \"fill\": 0.5, \"formatter\": \"us,ms,2\", \"id\": \"61ca57f1-469d-11e7-af02-69e470af7417\", \"label\": \"P99\", \"line_width\": 1, \"metrics\": [{\"field\": \"kubernetes.controllermanager.http.request.duration.us.percentile.99\", \"id\": \"61ca57f2-469d-11e7-af02-69e470af7417\", \"type\": \"avg\"}], \"point_size\": 1, \"separate_axis\": 0, \"split_mode\": \"everything\", \"stacked\": \"none\"}, {\"axis_position\": \"right\", \"chart_type\": \"line\", \"color\": \"#68BC00\", \"fill\": 0.5, \"formatter\": \"us,ms,2\", \"id\": \"24fb4960-9c22-11e9-b29f-d55be9348723\", \"label\": \"P90\", \"line_width\": 1, \"metrics\": [{\"field\": \"kubernetes.controllermanager.http.request.duration.us.percentile.90\", \"id\": \"24fb4961-9c22-11e9-b29f-d55be9348723\", \"type\": \"avg\"}], \"point_size\": 1, \"separate_axis\": 0, \"split_mode\": \"everything\", \"stacked\": \"none\"}, {\"axis_position\": \"right\", \"chart_type\": \"line\", \"color\": \"rgba(65,117,0,1)\", \"fill\": 0.5, \"formatter\": \"us,ms,2\", \"id\": \"2e397790-9c22-11e9-b29f-d55be9348723\", \"label\": \"P50\", \"line_width\": 1, \"metrics\": [{\"field\": \"kubernetes.controllermanager.http.request.duration.us.percentile.50\", \"id\": \"2e397791-9c22-11e9-b29f-d55be9348723\", \"type\": \"avg\"}], \"point_size\": 1, \"separate_axis\": 0, \"split_mode\": \"everything\", \"stacked\": \"none\"}], \"show_grid\": 1, \"show_legend\": 1, \"time_field\": \"@timestamp\", \"type\": \"timeseries\"}, \"title\": \"Controller HTTP request duration [Metricbeat Kubernetes]\", \"type\": \"metrics\"}"
            },
            "id": "d86b2da0-9c20-11e9-9dc8-fd27291d427f",
            "migrationVersion": {
                "visualization": "7.2.0"
            },
            "references": [],
            "type": "visualization",
            "updated_at": "2019-07-03T13:31:57.207Z",
            "version": "WzI2MywyXQ=="
        },
        {
            "attributes": {
                "description": "",
                "kibanaSavedObjectMeta": {
                    "searchSourceJSON": "{\"filter\": [], \"query\": {\"language\": \"kuery\", \"query\": \"\"}}"
                },
                "title": "Controller Longest running processor [Metricbeat Kubernetes]",
                "uiStateJSON": "{}",
                "version": 1,
                "visState": "{\"aggs\": [], \"params\": {\"axis_formatter\": \"number\", \"axis_min\": \"0\", \"axis_position\": \"left\", \"axis_scale\": \"normal\", \"default_index_pattern\": \"metricbeat-*\", \"default_timefield\": \"@timestamp\", \"id\": \"61ca57f0-469d-11e7-af02-69e470af7417\", \"index_pattern\": \"metricbeat-*\", \"interval\": \"auto\", \"series\": [{\"axis_position\": \"right\", \"chart_type\": \"line\", \"color\": \"#68BC00\", \"fill\": 0.5, \"formatter\": \"number\", \"id\": \"61ca57f1-469d-11e7-af02-69e470af7417\", \"label\": \"\", \"line_width\": 1, \"metrics\": [{\"field\": \"kubernetes.controllermanager.workqueue.longestrunning.sec\", \"id\": \"61ca57f2-469d-11e7-af02-69e470af7417\", \"type\": \"avg\"}], \"point_size\": 1, \"separate_axis\": 0, \"split_color_mode\": \"rainbow\", \"split_mode\": \"terms\", \"stacked\": \"none\", \"terms_direction\": \"desc\", \"terms_field\": \"kubernetes.controllermanager.name\", \"terms_order_by\": \"61ca57f2-469d-11e7-af02-69e470af7417\", \"terms_size\": \"5\"}], \"show_grid\": 1, \"show_legend\": 1, \"time_field\": \"@timestamp\", \"type\": \"timeseries\"}, \"title\": \"Controller Longest running processor [Metricbeat Kubernetes]\", \"type\": \"metrics\"}"
            },
            "id": "0ca95350-9c24-11e9-9dc8-fd27291d427f",
            "migrationVersion": {
                "visualization": "7.2.0"
            },
            "references": [],
            "type": "visualization",
            "updated_at": "2019-07-03T16:31:08.744Z",
            "version": "WzI5OCwyXQ=="
        },
        {
            "attributes": {
                "description": "",
                "kibanaSavedObjectMeta": {
                    "searchSourceJSON": "{\"filter\": [], \"query\": {\"language\": \"kuery\", \"query\": \"\"}}"
                },
                "title": "Controller Unfinished jobs sec [Metricbeat Kubernetes]",
                "uiStateJSON": "{}",
                "version": 1,
                "visState": "{\"aggs\": [], \"params\": {\"axis_formatter\": \"number\", \"axis_min\": \"0\", \"axis_position\": \"left\", \"axis_scale\": \"normal\", \"default_index_pattern\": \"metricbeat-*\", \"default_timefield\": \"@timestamp\", \"id\": \"61ca57f0-469d-11e7-af02-69e470af7417\", \"index_pattern\": \"metricbeat-*\", \"interval\": \"auto\", \"series\": [{\"axis_position\": \"right\", \"chart_type\": \"line\", \"color\": \"#68BC00\", \"fill\": 0.5, \"formatter\": \"number\", \"id\": \"61ca57f1-469d-11e7-af02-69e470af7417\", \"line_width\": 1, \"metrics\": [{\"field\": \"kubernetes.controllermanager.workqueue.unfinished.sec\", \"id\": \"61ca57f2-469d-11e7-af02-69e470af7417\", \"type\": \"avg\"}], \"point_size\": 1, \"separate_axis\": 0, \"split_color_mode\": \"rainbow\", \"split_mode\": \"terms\", \"stacked\": \"none\", \"terms_field\": \"kubernetes.controllermanager.name\", \"terms_order_by\": \"61ca57f2-469d-11e7-af02-69e470af7417\", \"terms_size\": \"5\"}], \"show_grid\": 1, \"show_legend\": 1, \"time_field\": \"@timestamp\", \"type\": \"timeseries\"}, \"title\": \"Controller Unfinished jobs sec [Metricbeat Kubernetes]\", \"type\": \"metrics\"}"
            },
            "id": "3e1e1fd0-9c27-11e9-9dc8-fd27291d427f",
            "migrationVersion": {
                "visualization": "7.2.0"
            },
            "references": [],
            "type": "visualization",
            "updated_at": "2019-07-03T16:30:46.554Z",
            "version": "WzI5NywyXQ=="
        },
        {
            "attributes": {
                "description": "",
                "kibanaSavedObjectMeta": {
                    "searchSourceJSON": "{\"filter\": [], \"query\": {\"language\": \"kuery\", \"query\": \"\"}}"
                },
                "title": "Controller Memory [Metricbeat Kubernetes]",
                "uiStateJSON": "{}",
                "version": 1,
                "visState": "{\"aggs\": [], \"params\": {\"axis_formatter\": \"number\", \"axis_position\": \"left\", \"axis_scale\": \"normal\", \"default_index_pattern\": \"metricbeat-*\", \"default_timefield\": \"@timestamp\", \"id\": \"61ca57f0-469d-11e7-af02-69e470af7417\", \"index_pattern\": \"metricbeat-*\", \"interval\": \"auto\", \"series\": [{\"axis_position\": \"right\", \"chart_type\": \"line\", \"color\": \"rgba(251,158,0,1)\", \"fill\": 0.5, \"formatter\": \"bytes\", \"id\": \"61ca57f1-469d-11e7-af02-69e470af7417\", \"label\": \"Resident\", \"line_width\": 1, \"metrics\": [{\"field\": \"kubernetes.controllermanager.process.memory.resident.bytes\", \"id\": \"61ca57f2-469d-11e7-af02-69e470af7417\", \"type\": \"avg\"}], \"point_size\": 1, \"separate_axis\": 0, \"split_mode\": \"everything\", \"stacked\": \"none\"}, {\"axis_position\": \"right\", \"chart_type\": \"line\", \"color\": \"rgba(164,221,0,1)\", \"fill\": 0.5, \"formatter\": \"bytes\", \"id\": \"ac896b30-9c29-11e9-92c1-f7d03186c592\", \"label\": \"Virtual\", \"line_width\": 1, \"metrics\": [{\"field\": \"kubernetes.controllermanager.process.memory.virtual.bytes\", \"id\": \"ac896b31-9c29-11e9-92c1-f7d03186c592\", \"type\": \"avg\"}], \"point_size\": 1, \"separate_axis\": 0, \"split_mode\": \"everything\", \"stacked\": \"none\"}], \"show_grid\": 1, \"show_legend\": 1, \"time_field\": \"@timestamp\", \"type\": \"timeseries\"}, \"title\": \"Controller Memory [Metricset Kubernetes]\", \"type\": \"metrics\"}"
            },
            "id": "2ba628e0-9c2a-11e9-9dc8-fd27291d427f",
            "migrationVersion": {
                "visualization": "7.2.0"
            },
            "references": [],
            "type": "visualization",
            "updated_at": "2019-07-03T14:04:36.575Z",
            "version": "WzI3NSwyXQ=="
        },
        {
            "attributes": {
                "description": "",
                "kibanaSavedObjectMeta": {
                    "searchSourceJSON": "{\"filter\": [], \"query\": {\"language\": \"kuery\", \"query\": \"\"}}"
                },
                "title": "Controller Workqueue adds [Metricbeat Kubernetes]",
                "uiStateJSON": "{}",
                "version": 1,
                "visState": "{\"aggs\": [], \"params\": {\"axis_formatter\": \"number\", \"axis_position\": \"left\", \"axis_scale\": \"normal\", \"default_index_pattern\": \"metricbeat-*\", \"default_timefield\": \"@timestamp\", \"id\": \"61ca57f0-469d-11e7-af02-69e470af7417\", \"index_pattern\": \"metricbeat-*\", \"interval\": \"auto\", \"series\": [{\"axis_position\": \"right\", \"chart_type\": \"line\", \"color\": \"#68BC00\", \"fill\": 0.5, \"formatter\": \"number\", \"id\": \"61ca57f1-469d-11e7-af02-69e470af7417\", \"line_width\": 1, \"metrics\": [{\"field\": \"kubernetes.controllermanager.workqueue.adds.count\", \"id\": \"61ca57f2-469d-11e7-af02-69e470af7417\", \"type\": \"avg\"}, {\"field\": \"61ca57f2-469d-11e7-af02-69e470af7417\", \"id\": \"9b5d85d0-9c38-11e9-92c1-f7d03186c592\", \"type\": \"derivative\", \"unit\": \"\"}], \"point_size\": 1, \"separate_axis\": 0, \"split_color_mode\": \"rainbow\", \"split_mode\": \"terms\", \"stacked\": \"none\", \"terms_field\": \"kubernetes.controllermanager.name\", \"terms_order_by\": \"61ca57f2-469d-11e7-af02-69e470af7417\", \"terms_size\": \"5\"}], \"show_grid\": 1, \"show_legend\": 1, \"time_field\": \"@timestamp\", \"type\": \"timeseries\"}, \"title\": \"Controller Workqueue adds [Metricbeat Kubernetes]\", \"type\": \"metrics\"}"
            },
            "id": "8a95de50-9c38-11e9-9dc8-fd27291d427f",
            "migrationVersion": {
                "visualization": "7.2.0"
            },
            "references": [],
            "type": "visualization",
            "updated_at": "2019-07-03T16:30:20.439Z",
            "version": "WzI5NiwyXQ=="
        },
        {
            "attributes": {
                "description": "",
                "kibanaSavedObjectMeta": {
                    "searchSourceJSON": "{\"filter\": [], \"query\": {\"language\": \"kuery\", \"query\": \"\"}}"
                },
                "title": "Controller Workqueue retries [Metricbeat Kubernetes]",
                "uiStateJSON": "{}",
                "version": 1,
                "visState": "{\"aggs\": [], \"params\": {\"axis_formatter\": \"number\", \"axis_min\": \"0\", \"axis_position\": \"left\", \"axis_scale\": \"normal\", \"default_index_pattern\": \"metricbeat-*\", \"default_timefield\": \"@timestamp\", \"id\": \"61ca57f0-469d-11e7-af02-69e470af7417\", \"index_pattern\": \"metricbeat-*\", \"interval\": \"auto\", \"series\": [{\"axis_position\": \"right\", \"chart_type\": \"line\", \"color\": \"#68BC00\", \"fill\": 0.5, \"formatter\": \"number\", \"id\": \"61ca57f1-469d-11e7-af02-69e470af7417\", \"label\": \"\", \"line_width\": 1, \"metrics\": [{\"field\": \"kubernetes.controllermanager.workqueue.retries.count\", \"id\": \"61ca57f2-469d-11e7-af02-69e470af7417\", \"type\": \"avg\"}, {\"field\": \"61ca57f2-469d-11e7-af02-69e470af7417\", \"id\": \"b3107560-9c39-11e9-92c1-f7d03186c592\", \"type\": \"derivative\", \"unit\": \"\"}], \"point_size\": 1, \"separate_axis\": 0, \"split_color_mode\": \"rainbow\", \"split_mode\": \"terms\", \"stacked\": \"none\", \"terms_direction\": \"desc\", \"terms_field\": \"kubernetes.controllermanager.name\", \"terms_order_by\": \"61ca57f2-469d-11e7-af02-69e470af7417\", \"terms_size\": \"5\"}], \"show_grid\": 1, \"show_legend\": 1, \"time_field\": \"@timestamp\", \"type\": \"timeseries\"}, \"title\": \"Controller Workqueue retries [Metricbeat Kubernetes]\", \"type\": \"metrics\"}"
            },
            "id": "485c8550-9c3a-11e9-9dc8-fd27291d427f",
            "migrationVersion": {
                "visualization": "7.2.0"
            },
            "references": [],
            "type": "visualization",
            "updated_at": "2019-07-03T16:29:29.303Z",
            "version": "WzI5NSwyXQ=="
        },
        {
            "attributes": {
                "description": "",
                "kibanaSavedObjectMeta": {
                    "searchSourceJSON": "{\"filter\": [], \"query\": {\"language\": \"kuery\", \"query\": \"\"}}"
                },
                "title": "Controller CPU [Metricbeat Kubernetes]",
                "uiStateJSON": "{}",
                "version": 1,
                "visState": "{\"aggs\": [], \"params\": {\"axis_formatter\": \"number\", \"axis_min\": \"0\", \"axis_position\": \"left\", \"axis_scale\": \"normal\", \"default_index_pattern\": \"metricbeat-*\", \"default_timefield\": \"@timestamp\", \"id\": \"61ca57f0-469d-11e7-af02-69e470af7417\", \"index_pattern\": \"metricbeat-*\", \"interval\": \"\", \"series\": [{\"axis_position\": \"right\", \"chart_type\": \"line\", \"color\": \"#68BC00\", \"fill\": 0.5, \"formatter\": \"number\", \"id\": \"61ca57f1-469d-11e7-af02-69e470af7417\", \"label\": \"CPU time\", \"line_width\": 1, \"metrics\": [{\"field\": \"kubernetes.controllermanager.process.cpu.sec\", \"id\": \"61ca57f2-469d-11e7-af02-69e470af7417\", \"type\": \"avg\"}, {\"field\": \"61ca57f2-469d-11e7-af02-69e470af7417\", \"id\": \"47731390-9d96-11e9-9e81-115d18bcfeaa\", \"type\": \"derivative\", \"unit\": \"\"}], \"point_size\": 1, \"separate_axis\": 0, \"split_mode\": \"everything\", \"stacked\": \"none\", \"value_template\": \"{{value}} s\"}], \"show_grid\": 1, \"show_legend\": 1, \"time_field\": \"\", \"type\": \"timeseries\"}, \"title\": \"Controller CPU [Metricbeat Kubernetes]\", \"type\": \"metrics\"}"
            },
            "id": "7d80f790-9d96-11e9-b2ae-49acc4cbcea9",
            "migrationVersion": {
                "visualization": "7.2.0"
            },
            "references": [],
            "type": "visualization",
            "updated_at": "2019-07-03T14:12:01.291Z",
            "version": "WzI3OCwyXQ=="
        }
    ],
    "version": "7.2.0"
}