{
    "objects": [
        {
            "attributes": {
                "description": "Overview of AWS SQS Metrics",
                "hits": 0,
                "kibanaSavedObjectMeta": {
                    "searchSourceJSON": "{\"filter\": [], \"query\": {\"language\": \"kuery\", \"query\": \"\"}}"
                },
                "optionsJSON": "{\"hidePanelTitles\": false, \"useMargins\": true}",
                "panelsJSON": "[{\"embeddableConfig\": {\"title\": \"SQS Messages Visible\"}, \"gridData\": {\"h\": 8, \"i\": \"1\", \"w\": 12, \"x\": 12, \"y\": 0}, \"panelIndex\": \"1\", \"panelRefName\": \"panel_0\", \"title\": \"SQS Messages Visible\", \"version\": \"7.6.0\"}, {\"embeddableConfig\": {\"title\": \"SQS Oldest Message Age in Seconds\"}, \"gridData\": {\"h\": 8, \"i\": \"2\", \"w\": 12, \"x\": 36, \"y\": 0}, \"panelIndex\": \"2\", \"panelRefName\": \"panel_1\", \"title\": \"SQS Oldest Message Age in Seconds\", \"version\": \"7.6.0\"}, {\"embeddableConfig\": {\"title\": \"SQS Messages Received\"}, \"gridData\": {\"h\": 8, \"i\": \"3\", \"w\": 24, \"x\": 0, \"y\": 8}, \"panelIndex\": \"3\", \"panelRefName\": \"panel_2\", \"title\": \"SQS Messages Received\", \"version\": \"7.6.0\"}, {\"embeddableConfig\": {\"title\": \"SQS Messages Deleted\"}, \"gridData\": {\"h\": 8, \"i\": \"4\", \"w\": 24, \"x\": 24, \"y\": 8}, \"panelIndex\": \"4\", \"panelRefName\": \"panel_3\", \"title\": \"SQS Messages Deleted\", \"version\": \"7.6.0\"}, {\"embeddableConfig\": {\"title\": \"SQS Messages Delayed\"}, \"gridData\": {\"h\": 8, \"i\": \"7\", \"w\": 24, \"x\": 0, \"y\": 16}, \"panelIndex\": \"7\", \"panelRefName\": \"panel_4\", \"title\": \"SQS Messages Delayed\", \"version\": \"7.6.0\"}, {\"embeddableConfig\": {\"title\": \"SQS Messages Sent\"}, \"gridData\": {\"h\": 8, \"i\": \"8\", \"w\": 24, \"x\": 24, \"y\": 16}, \"panelIndex\": \"8\", \"panelRefName\": \"panel_5\", \"title\": \"SQS Messages Sent\", \"version\": \"7.6.0\"}, {\"embeddableConfig\": {\"title\": \"SQS Filters\"}, \"gridData\": {\"h\": 8, \"i\": \"9\", \"w\": 12, \"x\": 0, \"y\": 0}, \"panelIndex\": \"9\", \"panelRefName\": \"panel_6\", \"title\": \"SQS Filters\", \"version\": \"7.6.0\"}, {\"embeddableConfig\": {\"title\": \"SQS Empty Receives\"}, \"gridData\": {\"h\": 8, \"i\": \"10\", \"w\": 12, \"x\": 24, \"y\": 0}, \"panelIndex\": \"10\", \"panelRefName\": \"panel_7\", \"title\": \"SQS Empty Receives\", \"version\": \"7.6.0\"}]",
                "timeRestore": false,
                "title": "[Metricbeat AWS] SQS Overview",
                "version": 1
            },
            "id": "234aeda0-43b7-11e9-8697-530f39afc6eb",
            "migrationVersion": {
                "dashboard": "7.3.0"
            },
            "references": [
                {
                    "id": "f74eb760-41e8-11e9-b7a0-c99d9d127b61",
                    "name": "panel_0",
                    "type": "visualization"
                },
                {
                    "id": "53730d20-437e-11e9-8697-530f39afc6eb",
                    "name": "panel_1",
                    "type": "visualization"
                },
                {
                    "id": "1235fe50-41e7-11e9-b7a0-c99d9d127b61",
                    "name": "panel_2",
                    "type": "visualization"
                },
                {
                    "id": "be6c4180-41e6-11e9-b7a0-c99d9d127b61",
                    "name": "panel_3",
                    "type": "visualization"
                },
                {
                    "id": "dcd31cd0-41e5-11e9-b7a0-c99d9d127b61",
                    "name": "panel_4",
                    "type": "visualization"
                },
                {
                    "id": "dd2f2a10-41e6-11e9-b7a0-c99d9d127b61",
                    "name": "panel_5",
                    "type": "visualization"
                },
                {
                    "id": "b0afd3e0-43b7-11e9-8697-530f39afc6eb",
                    "name": "panel_6",
                    "type": "visualization"
                },
                {
                    "id": "bb82c4d0-6c25-11e9-81bc-7f4cd8b3d892",
                    "name": "panel_7",
                    "type": "visualization"
                }
            ],
            "type": "dashboard",
            "updated_at": "2020-02-20T15:44:13.514Z",
            "version": "Wzc4NywxXQ=="
        },
        {
            "attributes": {
                "description": "",
                "kibanaSavedObjectMeta": {
                    "searchSourceJSON": "{\"filter\": [], \"query\": {\"language\": \"kuery\", \"query\": \"\"}}"
                },
                "title": "SQS Messages Visible [Metricbeat AWS]",
                "uiStateJSON": "{}",
                "version": 1,
                "visState": "{\"aggs\": [], \"params\": {\"axis_formatter\": \"number\", \"axis_position\": \"left\", \"axis_scale\": \"normal\", \"background_color_rules\": [{\"id\": \"d5b83c70-41e8-11e9-9e94-11d4d21d3f4b\"}], \"bar_color_rules\": [{\"id\": \"d2d14920-41e8-11e9-9e94-11d4d21d3f4b\"}], \"default_index_pattern\": \"metricbeat-*\", \"default_timefield\": \"@timestamp\", \"drop_last_bucket\": 0, \"gauge_color_rules\": [{\"id\": \"d2163680-41e8-11e9-9e94-11d4d21d3f4b\"}], \"gauge_inner_width\": 10, \"gauge_style\": \"half\", \"gauge_width\": 10, \"id\": \"61ca57f0-469d-11e7-af02-69e470af7417\", \"index_pattern\": \"metricbeat-*\", \"interval\": \"5m\", \"isModelInvalid\": false, \"series\": [{\"axis_position\": \"right\", \"chart_type\": \"line\", \"color\": \"#68BC00\", \"fill\": \"0\", \"formatter\": \"number\", \"id\": \"61ca57f1-469d-11e7-af02-69e470af7417\", \"label\": \"SQS Message Visible\", \"line_width\": 1, \"metrics\": [{\"field\": \"aws.sqs.messages.visible\", \"id\": \"61ca57f2-469d-11e7-af02-69e470af7417\", \"type\": \"avg\"}], \"point_size\": 1, \"separate_axis\": 0, \"split_mode\": \"terms\", \"stacked\": \"none\", \"terms_field\": \"aws.sqs.queue.name\", \"terms_order_by\": \"61ca57f2-469d-11e7-af02-69e470af7417\", \"terms_size\": \"5\"}], \"show_grid\": 1, \"show_legend\": 1, \"time_field\": \"@timestamp\", \"type\": \"top_n\"}, \"title\": \"SQS Messages Visible [Metricbeat AWS]\", \"type\": \"metrics\"}"
            },
            "id": "f74eb760-41e8-11e9-b7a0-c99d9d127b61",
            "migrationVersion": {
                "visualization": "7.4.2"
            },
            "references": [],
            "type": "visualization",
            "updated_at": "2020-02-20T15:42:09.980Z",
            "version": "Wzc3MSwxXQ=="
        },
        {
            "attributes": {
                "description": "",
                "kibanaSavedObjectMeta": {
                    "searchSourceJSON": "{\"filter\": [], \"query\": {\"language\": \"kuery\", \"query\": \"\"}}"
                },
                "title": "SQS Oldest Message Age in Seconds [Metricbeat AWS]",
                "uiStateJSON": "{}",
                "version": 1,
                "visState": "{\"aggs\": [], \"params\": {\"axis_formatter\": \"number\", \"axis_position\": \"left\", \"axis_scale\": \"normal\", \"bar_color_rules\": [{\"id\": \"3e3d3610-437e-11e9-a35d-972620e4f790\"}], \"default_index_pattern\": \"metricbeat-*\", \"default_timefield\": \"@timestamp\", \"drop_last_bucket\": 0, \"id\": \"61ca57f0-469d-11e7-af02-69e470af7417\", \"index_pattern\": \"metricbeat-*\", \"interval\": \"5m\", \"isModelInvalid\": false, \"series\": [{\"axis_position\": \"right\", \"chart_type\": \"line\", \"color\": \"#68BC00\", \"fill\": 0.5, \"formatter\": \"number\", \"id\": \"61ca57f1-469d-11e7-af02-69e470af7417\", \"label\": \"AWS SQS Oldest Message Age in Seconds\", \"line_width\": 1, \"metrics\": [{\"field\": \"aws.sqs.oldest_message_age.sec\", \"id\": \"61ca57f2-469d-11e7-af02-69e470af7417\", \"type\": \"max\"}], \"point_size\": 1, \"separate_axis\": 0, \"split_mode\": \"terms\", \"stacked\": \"none\", \"terms_field\": \"aws.sqs.queue.name\", \"terms_order_by\": \"61ca57f2-469d-11e7-af02-69e470af7417\", \"terms_size\": \"5\"}], \"show_grid\": 1, \"show_legend\": 1, \"time_field\": \"@timestamp\", \"type\": \"top_n\"}, \"title\": \"SQS Oldest Message Age in Seconds [Metricbeat AWS]\", \"type\": \"metrics\"}"
            },
            "id": "53730d20-437e-11e9-8697-530f39afc6eb",
            "migrationVersion": {
                "visualization": "7.4.2"
            },
            "references": [],
            "type": "visualization",
            "updated_at": "2020-02-20T15:41:06.771Z",
            "version": "Wzc2MSwxXQ=="
        },
        {
            "attributes": {
                "description": "",
                "kibanaSavedObjectMeta": {
                    "searchSourceJSON": "{\"filter\": [], \"query\": {\"language\": \"kuery\", \"query\": \"\"}}"
                },
                "title": "SQS Messages Received [Metricbeat AWS]",
                "uiStateJSON": "{}",
                "version": 1,
                "visState": "{\"aggs\": [], \"params\": {\"axis_formatter\": \"number\", \"axis_position\": \"left\", \"axis_scale\": \"normal\", \"background_color_rules\": [{\"id\": \"1ccb6710-43b3-11e9-8c70-d17a67455a84\"}], \"bar_color_rules\": [{\"id\": \"57cc0200-43b5-11e9-84e9-a97a63579915\"}], \"default_index_pattern\": \"metricbeat-*\", \"default_timefield\": \"@timestamp\", \"drop_last_bucket\": 0, \"id\": \"61ca57f0-469d-11e7-af02-69e470af7417\", \"index_pattern\": \"metricbeat-*\", \"interval\": \"5m\", \"isModelInvalid\": false, \"series\": [{\"axis_position\": \"right\", \"chart_type\": \"line\", \"color\": \"#68BC00\", \"fill\": \"0\", \"formatter\": \"number\", \"id\": \"61ca57f1-469d-11e7-af02-69e470af7417\", \"line_width\": 1, \"metrics\": [{\"field\": \"aws.sqs.messages.received\", \"id\": \"61ca57f2-469d-11e7-af02-69e470af7417\", \"type\": \"sum\"}], \"point_size\": 1, \"separate_axis\": 0, \"series_drop_last_bucket\": 1, \"split_color_mode\": \"rainbow\", \"split_mode\": \"terms\", \"stacked\": \"none\", \"terms_field\": \"aws.sqs.queue.name\", \"terms_order_by\": \"61ca57f2-469d-11e7-af02-69e470af7417\", \"terms_size\": \"5\"}], \"show_grid\": 1, \"show_legend\": 1, \"time_field\": \"@timestamp\", \"type\": \"timeseries\"}, \"title\": \"SQS Messages Received [Metricbeat AWS]\", \"type\": \"metrics\"}"
            },
            "id": "1235fe50-41e7-11e9-b7a0-c99d9d127b61",
            "migrationVersion": {
                "visualization": "7.4.2"
            },
            "references": [],
            "type": "visualization",
            "updated_at": "2020-02-20T15:43:10.687Z",
            "version": "Wzc4MywxXQ=="
        },
        {
            "attributes": {
                "description": "",
                "kibanaSavedObjectMeta": {
                    "searchSourceJSON": "{\"filter\": [], \"query\": {\"language\": \"kuery\", \"query\": \"\"}}"
                },
                "title": "SQS Messages Deleted [Metricbeat AWS]",
                "uiStateJSON": "{}",
                "version": 1,
                "visState": "{\"aggs\": [], \"params\": {\"axis_formatter\": \"number\", \"axis_position\": \"left\", \"axis_scale\": \"normal\", \"default_index_pattern\": \"metricbeat-*\", \"default_timefield\": \"@timestamp\", \"drop_last_bucket\": 0, \"id\": \"61ca57f0-469d-11e7-af02-69e470af7417\", \"index_pattern\": \"metricbeat-*\", \"interval\": \"5m\", \"isModelInvalid\": false, \"series\": [{\"axis_position\": \"right\", \"chart_type\": \"line\", \"color\": \"#68BC00\", \"fill\": \"0\", \"formatter\": \"number\", \"id\": \"61ca57f1-469d-11e7-af02-69e470af7417\", \"line_width\": 1, \"metrics\": [{\"field\": \"aws.sqs.messages.deleted\", \"id\": \"61ca57f2-469d-11e7-af02-69e470af7417\", \"type\": \"avg\"}], \"point_size\": 1, \"separate_axis\": 0, \"split_color_mode\": \"rainbow\", \"split_mode\": \"terms\", \"stacked\": \"none\", \"terms_field\": \"aws.sqs.queue.name\", \"terms_order_by\": \"61ca57f2-469d-11e7-af02-69e470af7417\", \"terms_size\": \"5\"}], \"show_grid\": 1, \"show_legend\": 1, \"time_field\": \"@timestamp\", \"type\": \"timeseries\"}, \"title\": \"SQS Messages Deleted [Metricbeat AWS]\", \"type\": \"metrics\"}"
            },
            "id": "be6c4180-41e6-11e9-b7a0-c99d9d127b61",
            "migrationVersion": {
                "visualization": "7.4.2"
            },
            "references": [],
            "type": "visualization",
            "updated_at": "2020-02-20T15:43:21.430Z",
            "version": "Wzc4NCwxXQ=="
        },
        {
            "attributes": {
                "description": "",
                "kibanaSavedObjectMeta": {
                    "searchSourceJSON": "{\"filter\": [], \"query\": {\"language\": \"kuery\", \"query\": \"\"}}"
                },
                "title": "SQS Messages Delayed [Metricbeat AWS]",
                "uiStateJSON": "{}",
                "version": 1,
                "visState": "{\"aggs\": [], \"params\": {\"axis_formatter\": \"number\", \"axis_position\": \"left\", \"axis_scale\": \"normal\", \"default_index_pattern\": \"metricbeat-*\", \"default_timefield\": \"@timestamp\", \"drop_last_bucket\": 0, \"id\": \"61ca57f0-469d-11e7-af02-69e470af7417\", \"index_pattern\": \"metricbeat-*\", \"interval\": \"5m\", \"isModelInvalid\": false, \"series\": [{\"axis_position\": \"right\", \"chart_type\": \"line\", \"color\": \"#68BC00\", \"fill\": \"0\", \"formatter\": \"number\", \"id\": \"61ca57f1-469d-11e7-af02-69e470af7417\", \"line_width\": 1, \"metrics\": [{\"field\": \"aws.sqs.messages.delayed\", \"id\": \"61ca57f2-469d-11e7-af02-69e470af7417\", \"type\": \"avg\"}], \"point_size\": 1, \"separate_axis\": 0, \"split_color_mode\": \"rainbow\", \"split_mode\": \"terms\", \"stacked\": \"none\", \"terms_field\": \"aws.sqs.queue.name\", \"terms_order_by\": \"61ca57f2-469d-11e7-af02-69e470af7417\", \"terms_size\": \"5\"}], \"show_grid\": 1, \"show_legend\": 1, \"time_field\": \"@timestamp\", \"type\": \"timeseries\"}, \"title\": \"SQS Messages Delayed [Metricbeat AWS]\", \"type\": \"metrics\"}"
            },
            "id": "dcd31cd0-41e5-11e9-b7a0-c99d9d127b61",
            "migrationVersion": {
                "visualization": "7.4.2"
            },
            "references": [],
            "type": "visualization",
            "updated_at": "2020-02-20T15:44:04.576Z",
            "version": "Wzc4NiwxXQ=="
        },
        {
            "attributes": {
                "description": "",
                "kibanaSavedObjectMeta": {
                    "searchSourceJSON": "{\"filter\": [], \"query\": {\"language\": \"kuery\", \"query\": \"\"}}"
                },
                "title": "SQS Messages Sent [Metricbeat AWS]",
                "uiStateJSON": "{}",
                "version": 1,
                "visState": "{\"aggs\": [], \"params\": {\"axis_formatter\": \"number\", \"axis_position\": \"left\", \"axis_scale\": \"normal\", \"background_color_rules\": [{\"id\": \"d95adba0-6b8a-11e9-98b0-9b2c3d14a4c1\"}], \"default_index_pattern\": \"metricbeat-*\", \"default_timefield\": \"@timestamp\", \"drop_last_bucket\": 0, \"id\": \"61ca57f0-469d-11e7-af02-69e470af7417\", \"index_pattern\": \"metricbeat-*\", \"interval\": \"5m\", \"isModelInvalid\": false, \"series\": [{\"axis_position\": \"right\", \"chart_type\": \"line\", \"color\": \"#68BC00\", \"fill\": \"0\", \"formatter\": \"number\", \"id\": \"61ca57f1-469d-11e7-af02-69e470af7417\", \"line_width\": 1, \"metrics\": [{\"field\": \"aws.sqs.messages.sent\", \"id\": \"61ca57f2-469d-11e7-af02-69e470af7417\", \"type\": \"avg\"}], \"point_size\": 1, \"separate_axis\": 0, \"split_color_mode\": \"rainbow\", \"split_mode\": \"terms\", \"stacked\": \"none\", \"terms_field\": \"aws.sqs.queue.name\", \"terms_order_by\": \"61ca57f2-469d-11e7-af02-69e470af7417\", \"terms_size\": \"5\"}], \"show_grid\": 1, \"show_legend\": 1, \"time_field\": \"@timestamp\", \"type\": \"timeseries\"}, \"title\": \"SQS Messages Sent [Metricbeat AWS]\", \"type\": \"metrics\"}"
            },
            "id": "dd2f2a10-41e6-11e9-b7a0-c99d9d127b61",
            "migrationVersion": {
                "visualization": "7.4.2"
            },
            "references": [],
            "type": "visualization",
            "updated_at": "2020-02-20T15:43:31.048Z",
            "version": "Wzc4NSwxXQ=="
        },
        {
            "attributes": {
                "description": "",
                "kibanaSavedObjectMeta": {
                    "searchSourceJSON": "{\"filter\": [], \"query\": {\"language\": \"kuery\", \"query\": \"\"}}"
                },
                "title": "SQS Filters [Metricbeat AWS]",
                "uiStateJSON": "{}",
                "version": 1,
                "visState": "{\"aggs\": [], \"params\": {\"controls\": [{\"fieldName\": \"cloud.region\", \"id\": \"1549397251041\", \"indexPatternRefName\": \"control_0_index_pattern\", \"label\": \"region\", \"options\": {\"dynamicOptions\": true, \"multiselect\": true, \"order\": \"desc\", \"size\": 5, \"type\": \"terms\"}, \"parent\": \"\", \"type\": \"list\"}, {\"fieldName\": \"aws.sqs.queue.name\", \"id\": \"1549512142947\", \"indexPatternRefName\": \"control_1_index_pattern\", \"label\": \"queue name\", \"options\": {\"dynamicOptions\": true, \"multiselect\": true, \"order\": \"desc\", \"size\": 5, \"type\": \"terms\"}, \"parent\": \"\", \"type\": \"list\"}], \"pinFilters\": false, \"updateFiltersOnChange\": true, \"useTimeFilter\": false}, \"title\": \"AWS SQS Filters\", \"type\": \"input_control_vis\"}"
            },
            "id": "b0afd3e0-43b7-11e9-8697-530f39afc6eb",
            "migrationVersion": {
                "visualization": "7.4.2"
            },
            "references": [
                {
                    "id": "metricbeat-*",
                    "name": "control_0_index_pattern",
                    "type": "index-pattern"
                },
                {
                    "id": "metricbeat-*",
                    "name": "control_1_index_pattern",
                    "type": "index-pattern"
                }
            ],
            "type": "visualization",
            "updated_at": "2020-02-19T19:41:31.612Z",
            "version": "WzIyOSwxXQ=="
        },
        {
            "attributes": {
                "description": "",
                "kibanaSavedObjectMeta": {
                    "searchSourceJSON": "{\"filter\": [], \"query\": {\"language\": \"kuery\", \"query\": \"\"}}"
                },
                "title": "SQS Empty Receives [Metricbeat AWS]",
                "uiStateJSON": "{}",
                "version": 1,
                "visState": "{\"aggs\": [], \"params\": {\"axis_formatter\": \"number\", \"axis_position\": \"left\", \"axis_scale\": \"normal\", \"background_color_rules\": [{\"id\": \"d95adba0-6b8a-11e9-98b0-9b2c3d14a4c1\"}], \"bar_color_rules\": [{\"id\": \"a7e8c370-6c25-11e9-9cd1-3bdb0c7db024\"}], \"default_index_pattern\": \"metricbeat-*\", \"default_timefield\": \"@timestamp\", \"drop_last_bucket\": 0, \"gauge_color_rules\": [{\"id\": \"a778eaa0-6c25-11e9-9cd1-3bdb0c7db024\"}], \"gauge_inner_width\": 10, \"gauge_style\": \"half\", \"gauge_width\": 10, \"id\": \"61ca57f0-469d-11e7-af02-69e470af7417\", \"index_pattern\": \"metricbeat-*\", \"interval\": \"5m\", \"isModelInvalid\": false, \"series\": [{\"axis_position\": \"right\", \"chart_type\": \"line\", \"color\": \"#68BC00\", \"fill\": \"0\", \"formatter\": \"number\", \"id\": \"61ca57f1-469d-11e7-af02-69e470af7417\", \"line_width\": 1, \"metrics\": [{\"field\": \"aws.sqs.empty_receives\", \"id\": \"61ca57f2-469d-11e7-af02-69e470af7417\", \"numerator\": \"\", \"percentiles\": [{\"id\": \"74323cf0-6c25-11e9-9cd1-3bdb0c7db024\", \"mode\": \"line\", \"shade\": 0.2, \"value\": 50}], \"type\": \"avg\"}], \"point_size\": 1, \"separate_axis\": 0, \"split_color_mode\": \"rainbow\", \"split_mode\": \"terms\", \"stacked\": \"none\", \"terms_field\": \"aws.sqs.queue.name\", \"terms_order_by\": \"61ca57f2-469d-11e7-af02-69e470af7417\", \"terms_size\": \"5\"}], \"show_grid\": 1, \"show_legend\": 1, \"time_field\": \"@timestamp\", \"type\": \"top_n\"}, \"title\": \"SQS Empty Receives [Metricbeat AWS]\", \"type\": \"metrics\"}"
            },
            "id": "bb82c4d0-6c25-11e9-81bc-7f4cd8b3d892",
            "migrationVersion": {
                "visualization": "7.4.2"
            },
            "references": [],
            "type": "visualization",
            "updated_at": "2020-02-20T15:41:44.620Z",
            "version": "Wzc2NSwxXQ=="
        }
    ],
    "version": "7.6.0"
}