{
    "objects": [
        {
            "attributes": {
                "description": "This dashboard shows metrics for the container registry in Azure.",
                "hits": 0,
                "kibanaSavedObjectMeta": {
                    "searchSourceJSON": "{\"filter\": [], \"query\": {\"language\": \"kuery\", \"query\": \"\"}}"
                },
                "optionsJSON": "{\"hidePanelTitles\": false, \"useMargins\": true}",
                "panelsJSON": "[{\"embeddableConfig\": {\"title\": \"\"}, \"gridData\": {\"h\": 5, \"i\": \"51fee31f-97e1-4f8e-aeb2-daeca1ccf9be\", \"w\": 9, \"x\": 0, \"y\": 0}, \"panelIndex\": \"51fee31f-97e1-4f8e-aeb2-daeca1ccf9be\", \"panelRefName\": \"panel_0\", \"version\": \"7.6.0\"}, {\"embeddableConfig\": {\"title\": \"Container Registry Successful Pull Count\"}, \"gridData\": {\"h\": 16, \"i\": \"dde974c7-6d81-4580-9b7f-c7a999ecc19e\", \"w\": 18, \"x\": 9, \"y\": 0}, \"panelIndex\": \"dde974c7-6d81-4580-9b7f-c7a999ecc19e\", \"panelRefName\": \"panel_1\", \"title\": \"Container Registry Successful Pull Count\", \"version\": \"7.6.0\"}, {\"embeddableConfig\": {\"title\": \"Container Registry Successful Push Count\"}, \"gridData\": {\"h\": 16, \"i\": \"25a02616-f735-494a-97f7-4a56531e9e5e\", \"w\": 21, \"x\": 27, \"y\": 0}, \"panelIndex\": \"25a02616-f735-494a-97f7-4a56531e9e5e\", \"panelRefName\": \"panel_2\", \"title\": \"Container Registry Successful Push Count\", \"version\": \"7.6.0\"}, {\"embeddableConfig\": {\"title\": \"Containers Filters\"}, \"gridData\": {\"h\": 11, \"i\": \"ec183a66-545b-4a67-bfb4-568def660612\", \"w\": 9, \"x\": 0, \"y\": 5}, \"panelIndex\": \"ec183a66-545b-4a67-bfb4-568def660612\", \"panelRefName\": \"panel_3\", \"title\": \"Containers Filters\", \"version\": \"7.6.0\"}, {\"embeddableConfig\": {\"title\": \"Container Registry Total Pull Count\"}, \"gridData\": {\"h\": 15, \"i\": \"7f508c43-afd7-4874-86ef-c6976700759b\", \"w\": 24, \"x\": 0, \"y\": 16}, \"panelIndex\": \"7f508c43-afd7-4874-86ef-c6976700759b\", \"panelRefName\": \"panel_4\", \"title\": \"Container Registry Total Pull Count\", \"version\": \"7.6.0\"}, {\"embeddableConfig\": {\"title\": \"Container Registry Total Push Count\"}, \"gridData\": {\"h\": 15, \"i\": \"97a048da-9b56-420b-af8c-1f0d568f0f94\", \"w\": 24, \"x\": 24, \"y\": 16}, \"panelIndex\": \"97a048da-9b56-420b-af8c-1f0d568f0f94\", \"panelRefName\": \"panel_5\", \"title\": \"Container Registry Total Push Count\", \"version\": \"7.6.0\"}]",
                "timeRestore": false,
                "title": "[Metricbeat Azure] Container Registry Overview",
                "version": 1
            },
            "id": "6f2393f0-6d08-11ea-8fe8-71add5fd7c38",
            "migrationVersion": {
                "dashboard": "7.3.0"
            },
            "references": [
                {
                    "id": "1e70dc50-6d22-11ea-8fe8-71add5fd7c38",
                    "name": "panel_0",
                    "type": "visualization"
                },
                {
                    "id": "7972b260-6d07-11ea-8fe8-71add5fd7c38",
                    "name": "panel_1",
                    "type": "visualization"
                },
                {
                    "id": "b88b7f90-6d07-11ea-8fe8-71add5fd7c38",
                    "name": "panel_2",
                    "type": "visualization"
                },
                {
                    "id": "0fa31060-6aae-11ea-af5c-73e8f396b3e9",
                    "name": "panel_3",
                    "type": "visualization"
                },
                {
                    "id": "ff303710-6d07-11ea-8fe8-71add5fd7c38",
                    "name": "panel_4",
                    "type": "visualization"
                },
                {
                    "id": "ddea7430-6d07-11ea-8fe8-71add5fd7c38",
                    "name": "panel_5",
                    "type": "visualization"
                }
            ],
            "type": "dashboard",
            "updated_at": "2020-03-24T13:49:52.134Z",
            "version": "WzY1NDUsN10="
        },
        {
            "attributes": {
                "description": "",
                "kibanaSavedObjectMeta": {
                    "searchSourceJSON": "{}"
                },
                "title": "Navigation Container Registry Overview [Metricbeat Azure]",
                "uiStateJSON": "{}",
                "version": 1,
                "visState": "{\"aggs\": [], \"params\": {\"fontSize\": 12, \"markdown\": \"### Azure Containers\\n\\n[Instances](#/dashboard/9c11ac60-6cf6-11ea-8fe8-71add5fd7c38) |\\n[**Registries**](#/dashboard/6f2393f0-6d08-11ea-8fe8-71add5fd7c38) |\\n[Services](#/dashboard/dae20ed0-6d0a-11ea-8fe8-71add5fd7c38) \", \"openLinksInNewTab\": false}, \"title\": \"Navigation Container Registry Overview [Metricbeat Azure]\", \"type\": \"markdown\"}"
            },
            "id": "1e70dc50-6d22-11ea-8fe8-71add5fd7c38",
            "migrationVersion": {
                "visualization": "7.4.2"
            },
            "references": [],
            "type": "visualization",
            "updated_at": "2020-03-23T18:59:05.580Z",
            "version": "WzY0MjksNV0="
        },
        {
            "attributes": {
                "description": "",
                "kibanaSavedObjectMeta": {
                    "searchSourceJSON": "{}"
                },
                "title": "Container Registry Successful Pull Count [Metricbeat Azure]",
                "uiStateJSON": "{}",
                "version": 1,
                "visState": "{\"aggs\": [], \"params\": {\"axis_formatter\": \"number\", \"axis_position\": \"left\", \"axis_scale\": \"normal\", \"default_index_pattern\": \"filebeat-*\", \"default_timefield\": \"@timestamp\", \"filter\": {\"language\": \"kuery\", \"query\": \"azure.resource.type : \\\"Microsoft.ContainerRegistry/registries\\\" \"}, \"id\": \"61ca57f0-469d-11e7-af02-69e470af7417\", \"index_pattern\": \"metricbeat-*\", \"interval\": \">=5m\", \"isModelInvalid\": false, \"series\": [{\"axis_position\": \"right\", \"chart_type\": \"line\", \"color\": \"rgba(188,74,0,1)\", \"fill\": \"0\", \"formatter\": \"number\", \"id\": \"61ca57f1-469d-11e7-af02-69e470af7417\", \"label\": \"Container Registry Successful Pull Count\", \"line_width\": \"02\", \"metrics\": [{\"field\": \"azure.container_registry.successful_pull_count.avg\", \"id\": \"61ca57f2-469d-11e7-af02-69e470af7417\", \"type\": \"avg\"}], \"point_size\": \"\", \"separate_axis\": 0, \"split_mode\": \"terms\", \"stacked\": \"none\", \"terms_field\": \"azure.resource.name\", \"type\": \"timeseries\"}], \"show_grid\": 1, \"show_legend\": 1, \"time_field\": \"@timestamp\", \"type\": \"timeseries\"}, \"title\": \"Container Registry Successful Pull Count [Metricbeat Azure]\", \"type\": \"metrics\"}"
            },
            "id": "7972b260-6d07-11ea-8fe8-71add5fd7c38",
            "migrationVersion": {
                "visualization": "7.4.2"
            },
            "references": [],
            "type": "visualization",
            "updated_at": "2020-03-23T16:26:30.797Z",
            "version": "WzYzMTEsNV0="
        },
        {
            "attributes": {
                "description": "",
                "kibanaSavedObjectMeta": {
                    "searchSourceJSON": "{}"
                },
                "title": "Container Registry Successful Push Count [Metricbeat Azure]",
                "uiStateJSON": "{}",
                "version": 1,
                "visState": "{\"aggs\": [], \"params\": {\"axis_formatter\": \"number\", \"axis_position\": \"left\", \"axis_scale\": \"normal\", \"default_index_pattern\": \"filebeat-*\", \"default_timefield\": \"@timestamp\", \"filter\": {\"language\": \"kuery\", \"query\": \"azure.resource.type : \\\"Microsoft.ContainerRegistry/registries\\\" \"}, \"id\": \"61ca57f0-469d-11e7-af02-69e470af7417\", \"index_pattern\": \"metricbeat-*\", \"interval\": \">=5m\", \"isModelInvalid\": false, \"series\": [{\"axis_position\": \"right\", \"chart_type\": \"line\", \"color\": \"rgba(128,137,0,1)\", \"fill\": \"0\", \"formatter\": \"number\", \"id\": \"61ca57f1-469d-11e7-af02-69e470af7417\", \"label\": \"Container Registry Successful Push Count\", \"line_width\": \"02\", \"metrics\": [{\"field\": \"azure.container_registry.successful_push_count.avg\", \"id\": \"61ca57f2-469d-11e7-af02-69e470af7417\", \"type\": \"avg\"}], \"point_size\": \"\", \"separate_axis\": 0, \"split_mode\": \"terms\", \"stacked\": \"none\", \"terms_field\": \"azure.resource.name\", \"type\": \"timeseries\"}], \"show_grid\": 1, \"show_legend\": 1, \"time_field\": \"@timestamp\", \"type\": \"timeseries\"}, \"title\": \"Container Registry Successful Push Count [Metricbeat Azure]\", \"type\": \"metrics\"}"
            },
            "id": "b88b7f90-6d07-11ea-8fe8-71add5fd7c38",
            "migrationVersion": {
                "visualization": "7.4.2"
            },
            "references": [],
            "type": "visualization",
            "updated_at": "2020-03-23T16:27:11.947Z",
            "version": "WzYzMTgsNV0="
        },
        {
            "attributes": {
                "description": "",
                "kibanaSavedObjectMeta": {
                    "searchSourceJSON": "{}"
                },
                "title": "Containers Filters [Metricbeat Azure]",
                "uiStateJSON": "{}",
                "version": 1,
                "visState": "{\"aggs\": [], \"params\": {\"controls\": [{\"fieldName\": \"azure.subscription_id\", \"id\": \"1584710440054\", \"indexPatternRefName\": \"control_0_index_pattern\", \"label\": \"Subscription\", \"options\": {\"dynamicOptions\": true, \"multiselect\": false, \"order\": \"desc\", \"size\": 5, \"type\": \"terms\"}, \"parent\": \"\", \"type\": \"list\"}, {\"fieldName\": \"azure.resource.group\", \"id\": \"1584710497045\", \"indexPatternRefName\": \"control_1_index_pattern\", \"label\": \"Resource Group\", \"options\": {\"dynamicOptions\": true, \"multiselect\": false, \"order\": \"desc\", \"size\": 5, \"type\": \"terms\"}, \"parent\": \"\", \"type\": \"list\"}, {\"fieldName\": \"azure.resource.name\", \"id\": \"1584710535722\", \"indexPatternRefName\": \"control_2_index_pattern\", \"label\": \"Resource\", \"options\": {\"dynamicOptions\": true, \"multiselect\": false, \"order\": \"desc\", \"size\": 5, \"type\": \"terms\"}, \"parent\": \"\", \"type\": \"list\"}], \"pinFilters\": false, \"updateFiltersOnChange\": true, \"useTimeFilter\": false}, \"title\": \"Containers Filters [Metricbeat Azure]\", \"type\": \"input_control_vis\"}"
            },
            "id": "0fa31060-6aae-11ea-af5c-73e8f396b3e9",
            "migrationVersion": {
                "visualization": "7.4.2"
            },
            "references": [
                {
                    "id": "metricbeat-*",
                    "name": "control_0_index_pattern",
                    "type": "index-pattern"
                },
                {
                    "id": "metricbeat-*",
                    "name": "control_1_index_pattern",
                    "type": "index-pattern"
                },
                {
                    "id": "metricbeat-*",
                    "name": "control_2_index_pattern",
                    "type": "index-pattern"
                }
            ],
            "type": "visualization",
            "updated_at": "2020-03-23T18:32:43.461Z",
            "version": "WzY0MDAsNV0="
        },
        {
            "attributes": {
                "description": "",
                "kibanaSavedObjectMeta": {
                    "searchSourceJSON": "{}"
                },
                "title": "Container Registry Total Pull Count [Metricbeat Azure]",
                "uiStateJSON": "{}",
                "version": 1,
                "visState": "{\"aggs\": [], \"params\": {\"axis_formatter\": \"number\", \"axis_position\": \"left\", \"axis_scale\": \"normal\", \"default_index_pattern\": \"filebeat-*\", \"default_timefield\": \"@timestamp\", \"filter\": {\"language\": \"kuery\", \"query\": \"azure.resource.type : \\\"Microsoft.ContainerRegistry/registries\\\" \"}, \"id\": \"61ca57f0-469d-11e7-af02-69e470af7417\", \"index_pattern\": \"metricbeat-*\", \"interval\": \">=5m\", \"isModelInvalid\": false, \"series\": [{\"axis_position\": \"right\", \"chart_type\": \"line\", \"color\": \"rgba(254,146,0,1)\", \"fill\": \"0\", \"formatter\": \"number\", \"id\": \"61ca57f1-469d-11e7-af02-69e470af7417\", \"label\": \"Container Registry Total Pull Count\", \"line_width\": \"02\", \"metrics\": [{\"field\": \"azure.container_registry.total_pull_count.avg\", \"id\": \"61ca57f2-469d-11e7-af02-69e470af7417\", \"type\": \"avg\"}], \"point_size\": \"\", \"separate_axis\": 0, \"split_mode\": \"terms\", \"stacked\": \"none\", \"terms_field\": \"azure.resource.name\", \"type\": \"timeseries\"}], \"show_grid\": 1, \"show_legend\": 1, \"time_field\": \"@timestamp\", \"type\": \"timeseries\"}, \"title\": \"Container Registry Total Pull Count [Metricbeat Azure]\", \"type\": \"metrics\"}"
            },
            "id": "ff303710-6d07-11ea-8fe8-71add5fd7c38",
            "migrationVersion": {
                "visualization": "7.4.2"
            },
            "references": [],
            "type": "visualization",
            "updated_at": "2020-03-23T13:13:17.642Z",
            "version": "WzYwNDQsNV0="
        },
        {
            "attributes": {
                "description": "",
                "kibanaSavedObjectMeta": {
                    "searchSourceJSON": "{}"
                },
                "title": "Container Registry Total Push Count [Metricbeat Azure]",
                "uiStateJSON": "{}",
                "version": 1,
                "visState": "{\"aggs\": [], \"params\": {\"axis_formatter\": \"number\", \"axis_position\": \"left\", \"axis_scale\": \"normal\", \"default_index_pattern\": \"filebeat-*\", \"default_timefield\": \"@timestamp\", \"filter\": {\"language\": \"kuery\", \"query\": \"azure.resource.type : \\\"Microsoft.ContainerRegistry/registries\\\" \"}, \"id\": \"61ca57f0-469d-11e7-af02-69e470af7417\", \"index_pattern\": \"metricbeat-*\", \"interval\": \">=5m\", \"isModelInvalid\": false, \"series\": [{\"axis_position\": \"right\", \"chart_type\": \"line\", \"color\": \"rgba(252,196,0,1)\", \"fill\": \"0\", \"formatter\": \"number\", \"id\": \"61ca57f1-469d-11e7-af02-69e470af7417\", \"label\": \"Container Registry Total Push Count\", \"line_width\": \"02\", \"metrics\": [{\"field\": \"azure.container_registry.total_push_count.avg\", \"id\": \"61ca57f2-469d-11e7-af02-69e470af7417\", \"type\": \"avg\"}], \"point_size\": \"\", \"separate_axis\": 0, \"split_mode\": \"terms\", \"stacked\": \"none\", \"terms_field\": \"azure.resource.name\", \"type\": \"timeseries\"}], \"show_grid\": 1, \"show_legend\": 1, \"time_field\": \"@timestamp\", \"type\": \"timeseries\"}, \"title\": \"Container Registry Total Push Count [Metricbeat Azure]\", \"type\": \"metrics\"}"
            },
            "id": "ddea7430-6d07-11ea-8fe8-71add5fd7c38",
            "migrationVersion": {
                "visualization": "7.4.2"
            },
            "references": [],
            "type": "visualization",
            "updated_at": "2020-03-23T13:12:37.912Z",
            "version": "WzYwMzYsNV0="
        }
    ],
    "version": "7.6.0"
}