{
    "objects": [
        {
            "attributes": {
                "description": "",
                "kibanaSavedObjectMeta": {
                    "searchSourceJSON": "{\"filter\": [], \"index\": \"metricbeat-*\", \"query\": {\"language\": \"kuery\", \"query\": \"\"}}"
                },
                "title": "User Connections [Metricbeat MSSQL] ECS",
                "uiStateJSON": "{\"vis\": {\"legendOpen\": false}}",
                "version": 1,
                "visState": "{\"aggs\": [{\"enabled\": true, \"id\": \"1\", \"params\": {\"customLabel\": \"\", \"field\": \"mssql.performance.user_connections\"}, \"schema\": \"metric\", \"type\": \"avg\"}, {\"enabled\": true, \"id\": \"2\", \"params\": {\"customInterval\": \"2h\", \"drop_partials\": false, \"extended_bounds\": {}, \"field\": \"@timestamp\", \"interval\": \"auto\", \"min_doc_count\": 1, \"time_zone\": \"Europe/Madrid\", \"useNormalizedEsInterval\": true}, \"schema\": \"segment\", \"type\": \"date_histogram\"}], \"params\": {\"addLegend\": true, \"addTimeMarker\": false, \"addTooltip\": true, \"categoryAxes\": [{\"id\": \"CategoryAxis-1\", \"labels\": {\"show\": true, \"truncate\": 100}, \"position\": \"bottom\", \"scale\": {\"type\": \"linear\"}, \"show\": true, \"style\": {}, \"title\": {}, \"type\": \"category\"}], \"grid\": {\"categoryLines\": true, \"style\": {\"color\": \"#eee\"}, \"valueAxis\": \"ValueAxis-1\"}, \"legendPosition\": \"right\", \"seriesParams\": [{\"data\": {\"id\": \"1\", \"label\": \"Average mssql.performance.user_connections\"}, \"drawLinesBetweenPoints\": true, \"interpolate\": \"linear\", \"mode\": \"normal\", \"show\": \"true\", \"showCircles\": true, \"type\": \"line\", \"valueAxis\": \"ValueAxis-1\"}], \"times\": [], \"type\": \"line\", \"valueAxes\": [{\"id\": \"ValueAxis-1\", \"labels\": {\"filter\": false, \"rotate\": 0, \"show\": true, \"truncate\": 100}, \"name\": \"LeftAxis-1\", \"position\": \"left\", \"scale\": {\"mode\": \"normal\", \"type\": \"linear\"}, \"show\": true, \"style\": {}, \"title\": {\"text\": \"\"}, \"type\": \"value\"}]}, \"title\": \"User Connections [Metricbeat MSSQL] ECS\", \"type\": \"line\"}"
            },
            "id": "7784db10-18ba-11e9-9836-f37dedd3b411-ecs",
            "type": "visualization",
            "updated_at": "2019-01-22T13:04:43.827Z",
            "version": 8
        },
        {
            "attributes": {
                "description": "",
                "kibanaSavedObjectMeta": {
                    "searchSourceJSON": "{\"filter\": [], \"index\": \"metricbeat-*\", \"query\": {\"language\": \"kuery\", \"query\": \"\"}}"
                },
                "title": "Transactions [Metricbeat MSSQL] ECS",
                "uiStateJSON": "{\"vis\": {\"legendOpen\": false}}",
                "version": 1,
                "visState": "{\"aggs\": [{\"enabled\": true, \"id\": \"1\", \"params\": {\"customLabel\": \"\", \"field\": \"mssql.performance.transactions\"}, \"schema\": \"metric\", \"type\": \"avg\"}, {\"enabled\": true, \"id\": \"2\", \"params\": {\"customInterval\": \"2h\", \"drop_partials\": false, \"extended_bounds\": {}, \"field\": \"@timestamp\", \"interval\": \"auto\", \"min_doc_count\": 1, \"time_zone\": \"Europe/Madrid\", \"useNormalizedEsInterval\": true}, \"schema\": \"segment\", \"type\": \"date_histogram\"}], \"params\": {\"addLegend\": true, \"addTimeMarker\": false, \"addTooltip\": true, \"categoryAxes\": [{\"id\": \"CategoryAxis-1\", \"labels\": {\"show\": true, \"truncate\": 100}, \"position\": \"bottom\", \"scale\": {\"type\": \"linear\"}, \"show\": true, \"style\": {}, \"title\": {}, \"type\": \"category\"}], \"grid\": {\"categoryLines\": true, \"style\": {\"color\": \"#eee\"}, \"valueAxis\": \"ValueAxis-1\"}, \"legendPosition\": \"right\", \"seriesParams\": [{\"data\": {\"id\": \"1\", \"label\": \"Average mssql.performance.transactions\"}, \"drawLinesBetweenPoints\": true, \"interpolate\": \"linear\", \"mode\": \"normal\", \"show\": \"true\", \"showCircles\": true, \"type\": \"line\", \"valueAxis\": \"ValueAxis-1\"}], \"times\": [], \"type\": \"line\", \"valueAxes\": [{\"id\": \"ValueAxis-1\", \"labels\": {\"filter\": false, \"rotate\": 0, \"show\": true, \"truncate\": 100}, \"name\": \"LeftAxis-1\", \"position\": \"left\", \"scale\": {\"mode\": \"normal\", \"type\": \"linear\"}, \"show\": true, \"style\": {}, \"title\": {\"text\": \"\"}, \"type\": \"value\"}]}, \"title\": \"Transactions [Metricbeat MSSQL] ECS\", \"type\": \"line\"}"
            },
            "id": "910f3f30-18ba-11e9-9836-f37dedd3b411-ecs",
            "type": "visualization",
            "updated_at": "2019-01-22T13:04:34.757Z",
            "version": 8
        },
        {
            "attributes": {
                "description": "",
                "kibanaSavedObjectMeta": {
                    "searchSourceJSON": "{\"filter\": [], \"index\": \"metricbeat-*\", \"query\": {\"language\": \"kuery\", \"query\": \"\"}}"
                },
                "title": "Lock Waits/sec [Metricbeat MSSQL] ECS",
                "uiStateJSON": "{\"vis\": {\"legendOpen\": false}}",
                "version": 1,
                "visState": "{\"aggs\": [{\"enabled\": true, \"id\": \"1\", \"params\": {\"customLabel\": \"\", \"field\": \"mssql.performance.lock_waits_per_sec\"}, \"schema\": \"metric\", \"type\": \"avg\"}, {\"enabled\": true, \"id\": \"2\", \"params\": {\"customInterval\": \"2h\", \"drop_partials\": false, \"extended_bounds\": {}, \"field\": \"@timestamp\", \"interval\": \"auto\", \"min_doc_count\": 1, \"time_zone\": \"Europe/Madrid\", \"useNormalizedEsInterval\": true}, \"schema\": \"segment\", \"type\": \"date_histogram\"}], \"params\": {\"addLegend\": true, \"addTimeMarker\": false, \"addTooltip\": true, \"categoryAxes\": [{\"id\": \"CategoryAxis-1\", \"labels\": {\"show\": true, \"truncate\": 100}, \"position\": \"bottom\", \"scale\": {\"type\": \"linear\"}, \"show\": true, \"style\": {}, \"title\": {}, \"type\": \"category\"}], \"grid\": {\"categoryLines\": true, \"style\": {\"color\": \"#eee\"}, \"valueAxis\": \"ValueAxis-1\"}, \"legendPosition\": \"right\", \"seriesParams\": [{\"data\": {\"id\": \"1\", \"label\": \"Average mssql.performance.lock_waits_per_sec\"}, \"drawLinesBetweenPoints\": true, \"interpolate\": \"linear\", \"mode\": \"normal\", \"show\": \"true\", \"showCircles\": true, \"type\": \"line\", \"valueAxis\": \"ValueAxis-1\"}], \"times\": [], \"type\": \"line\", \"valueAxes\": [{\"id\": \"ValueAxis-1\", \"labels\": {\"filter\": false, \"rotate\": 0, \"show\": true, \"truncate\": 100}, \"name\": \"LeftAxis-1\", \"position\": \"left\", \"scale\": {\"mode\": \"normal\", \"type\": \"linear\"}, \"show\": true, \"style\": {}, \"title\": {\"text\": \"\"}, \"type\": \"value\"}]}, \"title\": \"Lock Waits/sec [Metricbeat MSSQL] ECS\", \"type\": \"line\"}"
            },
            "id": "5bd5c230-18ba-11e9-9836-f37dedd3b411-ecs",
            "type": "visualization",
            "updated_at": "2019-01-22T13:04:24.139Z",
            "version": 7
        },
        {
            "attributes": {
                "description": "",
                "kibanaSavedObjectMeta": {
                    "searchSourceJSON": "{\"filter\": [], \"index\": \"metricbeat-*\", \"query\": {\"language\": \"kuery\", \"query\": \"\"}}"
                },
                "title": "Batch Requests/sec [Metricbeat MSSQL] ECS",
                "uiStateJSON": "{}",
                "version": 1,
                "visState": "{\"aggs\": [{\"enabled\": true, \"id\": \"1\", \"params\": {\"customLabel\": \"\", \"customMetric\": {\"enabled\": true, \"id\": \"1-metric\", \"params\": {\"field\": \"mssql.performance.batch_requests_per_sec\"}, \"schema\": \"metricAgg\", \"type\": \"avg\"}, \"metricAgg\": \"custom\"}, \"schema\": \"metric\", \"type\": \"derivative\"}, {\"enabled\": true, \"id\": \"2\", \"params\": {\"customInterval\": \"2h\", \"drop_partials\": false, \"extended_bounds\": {}, \"field\": \"@timestamp\", \"interval\": \"auto\", \"min_doc_count\": 0, \"time_zone\": \"Europe/Madrid\", \"useNormalizedEsInterval\": true}, \"schema\": \"segment\", \"type\": \"date_histogram\"}], \"params\": {\"addLegend\": true, \"addTimeMarker\": false, \"addTooltip\": true, \"categoryAxes\": [{\"id\": \"CategoryAxis-1\", \"labels\": {\"show\": true, \"truncate\": 100}, \"position\": \"bottom\", \"scale\": {\"type\": \"linear\"}, \"show\": true, \"style\": {}, \"title\": {}, \"type\": \"category\"}], \"grid\": {\"categoryLines\": true, \"style\": {\"color\": \"#eee\"}, \"valueAxis\": \"ValueAxis-1\"}, \"legendPosition\": \"right\", \"seriesParams\": [{\"data\": {\"id\": \"1\", \"label\": \"Derivative of Average mssql.performance.batch_requests_per_sec\"}, \"drawLinesBetweenPoints\": true, \"interpolate\": \"linear\", \"mode\": \"normal\", \"show\": \"true\", \"showCircles\": true, \"type\": \"line\", \"valueAxis\": \"ValueAxis-1\"}], \"times\": [], \"type\": \"line\", \"valueAxes\": [{\"id\": \"ValueAxis-1\", \"labels\": {\"filter\": false, \"rotate\": 0, \"show\": true, \"truncate\": 100}, \"name\": \"LeftAxis-1\", \"position\": \"left\", \"scale\": {\"mode\": \"normal\", \"type\": \"linear\"}, \"show\": true, \"style\": {}, \"title\": {\"text\": \"\"}, \"type\": \"value\"}]}, \"title\": \"Batch Requests/sec [Metricbeat MSSQL] ECS\", \"type\": \"line\"}"
            },
            "id": "b29a2160-18ba-11e9-9836-f37dedd3b411-ecs",
            "type": "visualization",
            "updated_at": "2019-01-22T13:03:10.853Z",
            "version": 9
        },
        {
            "attributes": {
                "description": "",
                "kibanaSavedObjectMeta": {
                    "searchSourceJSON": "{\"filter\": [], \"index\": \"metricbeat-*\", \"query\": {\"language\": \"kuery\", \"query\": \"\"}}"
                },
                "title": "Buffer Cache Hit Ratio [Metricbeat MSSQL] ECS",
                "uiStateJSON": "{\"vis\": {\"legendOpen\": false}}",
                "version": 1,
                "visState": "{\"aggs\": [{\"enabled\": true, \"id\": \"1\", \"params\": {\"field\": \"mssql.performance.buffer.cache_hit.pct\", \"percents\": [50]}, \"schema\": \"metric\", \"type\": \"median\"}, {\"enabled\": true, \"id\": \"2\", \"params\": {\"customInterval\": \"2h\", \"drop_partials\": false, \"extended_bounds\": {}, \"field\": \"@timestamp\", \"interval\": \"auto\", \"min_doc_count\": 0, \"time_zone\": \"Europe/Madrid\", \"useNormalizedEsInterval\": true}, \"schema\": \"segment\", \"type\": \"date_histogram\"}], \"params\": {\"addLegend\": true, \"addTimeMarker\": false, \"addTooltip\": true, \"categoryAxes\": [{\"id\": \"CategoryAxis-1\", \"labels\": {\"show\": true, \"truncate\": 100}, \"position\": \"bottom\", \"scale\": {\"type\": \"linear\"}, \"show\": true, \"style\": {}, \"title\": {}, \"type\": \"category\"}], \"grid\": {\"categoryLines\": true, \"style\": {\"color\": \"#eee\"}, \"valueAxis\": \"ValueAxis-1\"}, \"legendPosition\": \"right\", \"seriesParams\": [{\"data\": {\"id\": \"1\", \"label\": \"Median mssql.performance.buffer.cache_hit.pct\"}, \"drawLinesBetweenPoints\": true, \"interpolate\": \"linear\", \"mode\": \"normal\", \"show\": \"true\", \"showCircles\": true, \"type\": \"line\", \"valueAxis\": \"ValueAxis-1\"}], \"times\": [], \"type\": \"line\", \"valueAxes\": [{\"id\": \"ValueAxis-1\", \"labels\": {\"filter\": false, \"rotate\": 0, \"show\": true, \"truncate\": 100}, \"name\": \"LeftAxis-1\", \"position\": \"left\", \"scale\": {\"defaultYExtents\": false, \"mode\": \"normal\", \"type\": \"linear\"}, \"show\": true, \"style\": {}, \"title\": {\"text\": \"\"}, \"type\": \"value\"}]}, \"title\": \"Buffer Cache Hit Ratio [Metricbeat MSSQL] ECS\", \"type\": \"line\"}"
            },
            "id": "2e795230-1b2a-11e9-8b36-136038bb307a-ecs",
            "type": "visualization",
            "updated_at": "2019-01-22T13:04:16.184Z",
            "version": 8
        },
        {
            "attributes": {
                "description": "A dashboard with key metrics about a MSSQL instance performance",
                "hits": 0,
                "kibanaSavedObjectMeta": {
                    "searchSourceJSON": "{\"filter\": [], \"query\": {\"language\": \"kuery\", \"query\": \"\"}}"
                },
                "optionsJSON": "{\"darkTheme\": false, \"hidePanelTitles\": false, \"useMargins\": true}",
                "panelsJSON": "[{\"embeddableConfig\": {\"vis\": {\"legendOpen\": false}}, \"gridData\": {\"h\": 15, \"i\": \"1\", \"w\": 16, \"x\": 0, \"y\": 0}, \"id\": \"7784db10-18ba-11e9-9836-f37dedd3b411-ecs\", \"panelIndex\": \"1\", \"title\": \"User Connections\", \"type\": \"visualization\", \"version\": \"7.0.0-alpha2\"}, {\"embeddableConfig\": {\"vis\": {\"legendOpen\": false}}, \"gridData\": {\"h\": 15, \"i\": \"2\", \"w\": 32, \"x\": 16, \"y\": 15}, \"id\": \"910f3f30-18ba-11e9-9836-f37dedd3b411-ecs\", \"panelIndex\": \"2\", \"title\": \"Transactions\", \"type\": \"visualization\", \"version\": \"7.0.0-alpha2\"}, {\"embeddableConfig\": {\"vis\": {\"legendOpen\": false}}, \"gridData\": {\"h\": 15, \"i\": \"3\", \"w\": 16, \"x\": 32, \"y\": 0}, \"id\": \"5bd5c230-18ba-11e9-9836-f37dedd3b411-ecs\", \"panelIndex\": \"3\", \"title\": \"Lock Waits/sec\", \"type\": \"visualization\", \"version\": \"7.0.0-alpha2\"}, {\"embeddableConfig\": {\"vis\": {\"legendOpen\": false}}, \"gridData\": {\"h\": 15, \"i\": \"4\", \"w\": 16, \"x\": 16, \"y\": 0}, \"id\": \"b29a2160-18ba-11e9-9836-f37dedd3b411-ecs\", \"panelIndex\": \"4\", \"title\": \"Batch Requests/sec\", \"type\": \"visualization\", \"version\": \"7.0.0-alpha2\"}, {\"embeddableConfig\": {}, \"gridData\": {\"h\": 15, \"i\": \"5\", \"w\": 16, \"x\": 0, \"y\": 15}, \"id\": \"2e795230-1b2a-11e9-8b36-136038bb307a-ecs\", \"panelIndex\": \"5\", \"title\": \"Buffer Cache Hit Ratio\", \"type\": \"visualization\", \"version\": \"7.0.0-alpha2\"}]",
                "timeRestore": false,
                "title": "[Metricbeat MSSQL] Performance ECS",
                "version": 1
            },
            "id": "a2ead240-18bb-11e9-9836-f37dedd3b411-ecs",
            "type": "dashboard",
            "updated_at": "2019-01-22T12:55:59.857Z",
            "version": 11
        }
    ],
    "version": "7.0.0-alpha2"
}