{
    "objects": [
        {
            "attributes": {
                "description": "Overview of system metrics",
                "hits": 0,
                "kibanaSavedObjectMeta": {
                    "searchSourceJSON": "{\"filter\": [], \"highlightAll\": true, \"query\": {\"language\": \"kuery\", \"query\": \"\"}, \"version\": true}"
                },
                "optionsJSON": "{\"darkTheme\": false}",
                "panelsJSON": "[{\"embeddableConfig\": {}, \"gridData\": {\"h\": 4, \"i\": \"9\", \"w\": 48, \"x\": 0, \"y\": 0}, \"panelIndex\": \"9\", \"panelRefName\": \"panel_0\", \"version\": \"7.6.0\"}, {\"embeddableConfig\": {\"vis\": {\"defaultColors\": {\"0 - 100\": \"rgb(0,104,55)\"}}}, \"gridData\": {\"h\": 8, \"i\": \"11\", \"w\": 8, \"x\": 0, \"y\": 4}, \"panelIndex\": \"11\", \"panelRefName\": \"panel_1\", \"version\": \"7.6.0\"}, {\"embeddableConfig\": {\"vis\": {\"defaultColors\": {\"0 - 100\": \"rgb(0,104,55)\"}}}, \"gridData\": {\"h\": 20, \"i\": \"12\", \"w\": 24, \"x\": 24, \"y\": 12}, \"panelIndex\": \"12\", \"panelRefName\": \"panel_2\", \"version\": \"7.6.0\"}, {\"embeddableConfig\": {}, \"gridData\": {\"h\": 20, \"i\": \"13\", \"w\": 24, \"x\": 0, \"y\": 12}, \"panelIndex\": \"13\", \"panelRefName\": \"panel_3\", \"version\": \"7.6.0\"}, {\"embeddableConfig\": {\"vis\": {\"defaultColors\": {\"0% - 15%\": \"rgb(247,252,245)\", \"15% - 30%\": \"rgb(199,233,192)\", \"30% - 45%\": \"rgb(116,196,118)\", \"45% - 60%\": \"rgb(35,139,69)\"}}}, \"gridData\": {\"h\": 24, \"i\": \"14\", \"w\": 48, \"x\": 0, \"y\": 32}, \"panelIndex\": \"14\", \"panelRefName\": \"panel_4\", \"version\": \"7.6.0\"}, {\"embeddableConfig\": {\"vis\": {\"defaultColors\": {\"0 - 100\": \"rgb(0,104,55)\"}}}, \"gridData\": {\"h\": 8, \"i\": \"16\", \"w\": 8, \"x\": 32, \"y\": 4}, \"panelIndex\": \"16\", \"panelRefName\": \"panel_5\", \"version\": \"7.6.0\"}, {\"embeddableConfig\": {}, \"gridData\": {\"h\": 8, \"i\": \"17\", \"w\": 8, \"x\": 40, \"y\": 4}, \"panelIndex\": \"17\", \"panelRefName\": \"panel_6\", \"version\": \"7.6.0\"}, {\"embeddableConfig\": {}, \"gridData\": {\"h\": 8, \"i\": \"18\", \"w\": 8, \"x\": 24, \"y\": 4}, \"panelIndex\": \"18\", \"panelRefName\": \"panel_7\", \"version\": \"7.6.0\"}, {\"embeddableConfig\": {}, \"gridData\": {\"h\": 8, \"i\": \"19\", \"w\": 8, \"x\": 16, \"y\": 4}, \"panelIndex\": \"19\", \"panelRefName\": \"panel_8\", \"version\": \"7.6.0\"}, {\"embeddableConfig\": {}, \"gridData\": {\"h\": 8, \"i\": \"20\", \"w\": 8, \"x\": 8, \"y\": 4}, \"panelIndex\": \"20\", \"panelRefName\": \"panel_9\", \"version\": \"7.6.0\"}]",
                "timeRestore": false,
                "title": "[Metricbeat System] Overview ECS",
                "version": 1
            },
            "id": "Metricbeat-system-overview-ecs",
            "migrationVersion": {
                "dashboard": "7.3.0"
            },
            "references": [
                {
                    "id": "System-Navigation-ecs",
                    "name": "panel_0",
                    "type": "visualization"
                },
                {
                    "id": "c6f2ffd0-4d17-11e7-a196-69b9a7a020a9-ecs",
                    "name": "panel_1",
                    "type": "visualization"
                },
                {
                    "id": "fe064790-1b1f-11e7-bec4-a5e9ec5cab8b-ecs",
                    "name": "panel_2",
                    "type": "visualization"
                },
                {
                    "id": "855899e0-1b1c-11e7-b09e-037021c4f8df-ecs",
                    "name": "panel_3",
                    "type": "visualization"
                },
                {
                    "id": "7cdb1330-4d1a-11e7-a196-69b9a7a020a9-ecs",
                    "name": "panel_4",
                    "type": "visualization"
                },
                {
                    "id": "522ee670-1b92-11e7-bec4-a5e9ec5cab8b-ecs",
                    "name": "panel_5",
                    "type": "visualization"
                },
                {
                    "id": "1aae9140-1b93-11e7-8ada-3df93aab833e-ecs",
                    "name": "panel_6",
                    "type": "visualization"
                },
                {
                    "id": "825fdb80-4d1d-11e7-b5f2-2b7c1895bf32-ecs",
                    "name": "panel_7",
                    "type": "visualization"
                },
                {
                    "id": "d3166e80-1b91-11e7-bec4-a5e9ec5cab8b-ecs",
                    "name": "panel_8",
                    "type": "visualization"
                },
                {
                    "id": "83e12df0-1b91-11e7-bec4-a5e9ec5cab8b-ecs",
                    "name": "panel_9",
                    "type": "visualization"
                }
            ],
            "type": "dashboard",
            "updated_at": "2020-03-26T17:29:07.346Z",
            "version": "WzY3NjMsN10="
        },
        {
            "attributes": {
                "description": "",
                "kibanaSavedObjectMeta": {
                    "searchSourceJSON": "{\"filter\": [], \"query\": {\"language\": \"kuery\", \"query\": \"\"}}"
                },
                "title": "System Navigation [Metricbeat System] ECS",
                "uiStateJSON": "{}",
                "version": 1,
                "visState": "{\"aggs\": [], \"params\": {\"fontSize\": 12, \"markdown\": \"[System Overview](#/dashboard/Metricbeat-system-overview-ecs)  | [Host Overview](#/dashboard/79ffd6e0-faa0-11e6-947f-177f697178b8-ecs) |\\n[Containers overview](#/dashboard/CPU-slash-Memory-per-container-ecs)\"}, \"title\": \"System Navigation [Metricbeat System] ECS\", \"type\": \"markdown\"}"
            },
            "id": "System-Navigation-ecs",
            "migrationVersion": {
                "visualization": "7.4.2"
            },
            "references": [],
            "type": "visualization",
            "updated_at": "2020-03-03T20:18:44.291Z",
            "version": "WzUzNzIsM10="
        },
        {
            "attributes": {
                "description": "",
                "kibanaSavedObjectMeta": {
                    "searchSourceJSON": "{\"filter\": [], \"indexRefName\": \"kibanaSavedObjectMeta.searchSourceJSON.index\", \"query\": {\"language\": \"kuery\", \"query\": \"\"}}"
                },
                "title": "Number of hosts [Metricbeat System] ECS",
                "uiStateJSON": "{\"vis\": {\"defaultColors\": {\"0 - 100\": \"rgb(0,104,55)\"}}}",
                "version": 1,
                "visState": "{\"aggs\": [{\"enabled\": true, \"id\": \"1\", \"params\": {\"customLabel\": \"Number of hosts\", \"field\": \"host.name\"}, \"schema\": \"metric\", \"type\": \"cardinality\"}], \"params\": {\"addLegend\": false, \"addTooltip\": true, \"gauge\": {\"autoExtend\": false, \"backStyle\": \"Full\", \"colorSchema\": \"Green to Red\", \"colorsRange\": [{\"from\": 0, \"to\": 100}], \"gaugeColorMode\": \"None\", \"gaugeStyle\": \"Full\", \"gaugeType\": \"Metric\", \"invertColors\": false, \"labels\": {\"color\": \"black\", \"show\": false}, \"orientation\": \"vertical\", \"percentageMode\": false, \"scale\": {\"color\": \"#333\", \"labels\": false, \"show\": false, \"width\": 2}, \"style\": {\"bgColor\": false, \"bgFill\": \"#000\", \"fontSize\": \"63\", \"labelColor\": false, \"subText\": \"\"}, \"type\": \"simple\", \"useRange\": false, \"verticalSplit\": false}, \"type\": \"gauge\"}, \"title\": \"Number of hosts [Metricbeat System] ECS\", \"type\": \"metric\"}"
            },
            "id": "c6f2ffd0-4d17-11e7-a196-69b9a7a020a9-ecs",
            "migrationVersion": {
                "visualization": "7.4.2"
            },
            "references": [
                {
                    "id": "metricbeat-*",
                    "name": "kibanaSavedObjectMeta.searchSourceJSON.index",
                    "type": "index-pattern"
                }
            ],
            "type": "visualization",
            "updated_at": "2020-03-03T20:18:44.291Z",
            "version": "WzUzNzMsM10="
        },
        {
            "attributes": {
                "description": "",
                "kibanaSavedObjectMeta": {
                    "searchSourceJSON": "{\"filter\": [], \"query\": {\"language\": \"kuery\", \"query\": \"\"}}"
                },
                "title": "Top Hosts By Memory (Realtime) [Metricbeat System] ECS",
                "uiStateJSON": "{}",
                "version": 1,
                "visState": "{\"aggs\": [], \"params\": {\"axis_formatter\": \"number\", \"axis_position\": \"left\", \"bar_color_rules\": [{\"bar_color\": \"rgba(104,188,0,1)\", \"id\": \"33349dd0-1b1c-11e7-b09e-037021c4f8df\", \"operator\": \"gte\", \"value\": 0}, {\"bar_color\": \"rgba(254,146,0,1)\", \"id\": \"997dc440-1b1c-11e7-b09e-037021c4f8df\", \"operator\": \"gte\", \"value\": 0.6}, {\"bar_color\": \"rgba(211,49,21,1)\", \"id\": \"a10d7f20-1b1c-11e7-b09e-037021c4f8df\", \"operator\": \"gte\", \"value\": 0.85}], \"drilldown_url\": \"../app/kibana#/dashboard/79ffd6e0-faa0-11e6-947f-177f697178b8-ecs?_a=(query:(language:kuery,query:'host.name:\\\"{{key}}\\\"'))\", \"filter\": \"\", \"id\": \"31e5afa0-1b1c-11e7-b09e-037021c4f8df\", \"index_pattern\": \"metricbeat-*\", \"interval\": \"auto\", \"series\": [{\"axis_position\": \"right\", \"chart_type\": \"line\", \"color\": \"#68BC00\", \"fill\": 0.5, \"formatter\": \"percent\", \"id\": \"31e5afa1-1b1c-11e7-b09e-037021c4f8df\", \"line_width\": 1, \"metrics\": [{\"field\": \"system.memory.actual.used.pct\", \"id\": \"31e5afa2-1b1c-11e7-b09e-037021c4f8df\", \"type\": \"avg\"}], \"point_size\": 1, \"seperate_axis\": 0, \"split_mode\": \"terms\", \"stacked\": \"none\", \"terms_field\": \"host.name\", \"terms_order_by\": \"31e5afa2-1b1c-11e7-b09e-037021c4f8df\", \"terms_size\": \"10\"}], \"show_grid\": 1, \"show_legend\": 1, \"time_field\": \"@timestamp\", \"type\": \"top_n\"}, \"title\": \"Top Hosts By Memory (Realtime) [Metricbeat System] ECS\", \"type\": \"metrics\"}"
            },
            "id": "fe064790-1b1f-11e7-bec4-a5e9ec5cab8b-ecs",
            "migrationVersion": {
                "visualization": "7.4.2"
            },
            "references": [],
            "type": "visualization",
            "updated_at": "2020-03-03T20:18:44.291Z",
            "version": "WzUzNzQsM10="
        },
        {
            "attributes": {
                "description": "",
                "kibanaSavedObjectMeta": {
                    "searchSourceJSON": "{\"filter\": [], \"query\": {\"language\": \"kuery\", \"query\": \"\"}}"
                },
                "title": "Top Hosts By CPU (Realtime) [Metricbeat System] ECS",
                "uiStateJSON": "{}",
                "version": 1,
                "visState": "{\"aggs\": [], \"params\": {\"axis_formatter\": \"number\", \"axis_position\": \"left\", \"bar_color_rules\": [{\"bar_color\": \"rgba(104,188,0,1)\", \"id\": \"33349dd0-1b1c-11e7-b09e-037021c4f8df\", \"operator\": \"gte\", \"value\": 0}, {\"bar_color\": \"rgba(254,146,0,1)\", \"id\": \"997dc440-1b1c-11e7-b09e-037021c4f8df\", \"operator\": \"gte\", \"value\": 0.6}, {\"bar_color\": \"rgba(211,49,21,1)\", \"id\": \"a10d7f20-1b1c-11e7-b09e-037021c4f8df\", \"operator\": \"gte\", \"value\": 0.85}], \"drilldown_url\": \"../app/kibana#/dashboard/79ffd6e0-faa0-11e6-947f-177f697178b8-ecs?_a=(query:(language:kuery,query:'host.name:\\\"{{key}}\\\"'))\", \"filter\": \"\", \"id\": \"31e5afa0-1b1c-11e7-b09e-037021c4f8df\", \"index_pattern\": \"metricbeat-*\", \"interval\": \"auto\", \"series\": [{\"axis_position\": \"right\", \"chart_type\": \"line\", \"color\": \"#68BC00\", \"fill\": 0.5, \"formatter\": \"percent\", \"id\": \"31e5afa1-1b1c-11e7-b09e-037021c4f8df\", \"line_width\": 1, \"metrics\": [{\"field\": \"system.cpu.user.pct\", \"id\": \"31e5afa2-1b1c-11e7-b09e-037021c4f8df\", \"type\": \"avg\"}], \"point_size\": 1, \"seperate_axis\": 0, \"split_mode\": \"terms\", \"stacked\": \"none\", \"terms_field\": \"host.name\", \"terms_order_by\": \"31e5afa2-1b1c-11e7-b09e-037021c4f8df\", \"terms_size\": \"10\"}], \"show_grid\": 1, \"show_legend\": 1, \"time_field\": \"@timestamp\", \"type\": \"top_n\"}, \"title\": \"Top Hosts By CPU (Realtime) [Metricbeat System] ECS\", \"type\": \"metrics\"}"
            },
            "id": "855899e0-1b1c-11e7-b09e-037021c4f8df-ecs",
            "migrationVersion": {
                "visualization": "7.4.2"
            },
            "references": [],
            "type": "visualization",
            "updated_at": "2020-03-03T20:18:44.291Z",
            "version": "WzUzNzUsM10="
        },
        {
            "attributes": {
                "description": "",
                "kibanaSavedObjectMeta": {
                    "searchSourceJSON": "{\"filter\": [], \"indexRefName\": \"kibanaSavedObjectMeta.searchSourceJSON.index\", \"query\": {\"language\": \"kuery\", \"query\": \"\"}}"
                },
                "title": "Hosts histogram by CPU usage [Metricbeat System] ECS",
                "uiStateJSON": "{\"vis\": {\"defaultColors\": {\"0% - 5%\": \"rgb(247,252,245)\", \"10% - 15%\": \"rgb(116,196,118)\", \"15% - 20%\": \"rgb(35,139,69)\", \"5% - 10%\": \"rgb(199,233,192)\"}}}",
                "version": 1,
                "visState": "{\"aggs\": [{\"enabled\": true, \"id\": \"1\", \"params\": {\"customLabel\": \"CPU usage\", \"field\": \"system.cpu.user.pct\"}, \"schema\": \"metric\", \"type\": \"avg\"}, {\"enabled\": true, \"id\": \"2\", \"params\": {\"extended_bounds\": {}, \"field\": \"@timestamp\", \"interval\": \"auto\", \"min_doc_count\": 1}, \"schema\": \"segment\", \"type\": \"date_histogram\"}, {\"enabled\": true, \"id\": \"3\", \"params\": {\"customLabel\": \"Hosts\", \"field\": \"host.name\", \"order\": \"desc\", \"orderBy\": \"1\", \"size\": 20}, \"schema\": \"group\", \"type\": \"terms\"}], \"params\": {\"addLegend\": true, \"addTooltip\": true, \"colorSchema\": \"Greens\", \"colorsNumber\": 4, \"colorsRange\": [], \"enableHover\": false, \"invertColors\": false, \"legendPosition\": \"right\", \"percentageMode\": false, \"setColorRange\": false, \"times\": [], \"type\": \"heatmap\", \"valueAxes\": [{\"id\": \"ValueAxis-1\", \"labels\": {\"color\": \"#555\", \"rotate\": 0, \"show\": false}, \"scale\": {\"defaultYExtents\": false, \"type\": \"linear\"}, \"show\": false, \"type\": \"value\"}]}, \"title\": \"Hosts histogram by CPU usage [Metricbeat System] ECS\", \"type\": \"heatmap\"}"
            },
            "id": "7cdb1330-4d1a-11e7-a196-69b9a7a020a9-ecs",
            "migrationVersion": {
                "visualization": "7.4.2"
            },
            "references": [
                {
                    "id": "metricbeat-*",
                    "name": "kibanaSavedObjectMeta.searchSourceJSON.index",
                    "type": "index-pattern"
                }
            ],
            "type": "visualization",
            "updated_at": "2020-03-03T20:18:44.291Z",
            "version": "WzUzNzYsM10="
        },
        {
            "attributes": {
                "description": "",
                "kibanaSavedObjectMeta": {
                    "searchSourceJSON": "{\"filter\": [], \"query\": {\"language\": \"kuery\", \"query\": \"\"}}"
                },
                "title": "Inbound Traffic [Metricbeat System] ECS",
                "uiStateJSON": "{}",
                "version": 1,
                "visState": "{\"aggs\": [], \"params\": {\"axis_formatter\": \"number\", \"axis_position\": \"left\", \"background_color_rules\": [{\"id\": \"0e346760-1b92-11e7-bec4-a5e9ec5cab8b\"}], \"filter\": {\"language\": \"lucene\", \"query\": \"-system.network.name:l*\"}, \"id\": \"0c761590-1b92-11e7-bec4-a5e9ec5cab8b\", \"index_pattern\": \"metricbeat-*\", \"interval\": \"auto\", \"series\": [{\"axis_position\": \"right\", \"chart_type\": \"line\", \"color\": \"#68BC00\", \"fill\": 0.5, \"formatter\": \"bytes\", \"id\": \"0c761591-1b92-11e7-bec4-a5e9ec5cab8b\", \"label\": \"Inbound Traffic\", \"line_width\": 1, \"metrics\": [{\"field\": \"system.network.in.bytes\", \"id\": \"0c761592-1b92-11e7-bec4-a5e9ec5cab8b\", \"type\": \"max\"}, {\"field\": \"0c761592-1b92-11e7-bec4-a5e9ec5cab8b\", \"id\": \"1d659060-1b92-11e7-bec4-a5e9ec5cab8b\", \"type\": \"derivative\", \"unit\": \"1s\"}, {\"field\": \"1d659060-1b92-11e7-bec4-a5e9ec5cab8b\", \"id\": \"f2074f70-1b92-11e7-a416-41f5ccdba2e6\", \"type\": \"positive_only\", \"unit\": \"\"}, {\"function\": \"sum\", \"id\": \"c40e18f0-2c55-11e7-a0ad-277ce466684d\", \"type\": \"series_agg\"}], \"point_size\": 1, \"seperate_axis\": 0, \"split_mode\": \"terms\", \"stacked\": \"none\", \"terms_field\": \"system.network.name\", \"value_template\": \"{{value}}/s\"}, {\"axis_position\": \"right\", \"chart_type\": \"line\", \"color\": \"#68BC00\", \"fill\": 0.5, \"formatter\": \"bytes\", \"id\": \"37f70440-1b92-11e7-bec4-a5e9ec5cab8b\", \"label\": \"Total Transferred\", \"line_width\": 1, \"metrics\": [{\"field\": \"system.network.in.bytes\", \"id\": \"37f72b50-1b92-11e7-bec4-a5e9ec5cab8b\", \"type\": \"max\"}, {\"field\": \"37f72b50-1b92-11e7-bec4-a5e9ec5cab8b\", \"id\": \"37f72b51-1b92-11e7-bec4-a5e9ec5cab8b\", \"type\": \"derivative\", \"unit\": \"\"}, {\"field\": \"37f72b51-1b92-11e7-bec4-a5e9ec5cab8b\", \"id\": \"f9da2dd0-1b92-11e7-a416-41f5ccdba2e6\", \"type\": \"positive_only\", \"unit\": \"\"}, {\"field\": \"f9da2dd0-1b92-11e7-a416-41f5ccdba2e6\", \"function\": \"overall_sum\", \"id\": \"3e63c2f0-1b92-11e7-bec4-a5e9ec5cab8b\", \"sigma\": \"\", \"type\": \"series_agg\"}], \"point_size\": 1, \"seperate_axis\": 0, \"split_mode\": \"terms\", \"stacked\": \"none\", \"terms_field\": \"system.network.name\", \"value_template\": \"{{value}}\"}], \"show_grid\": 1, \"show_legend\": 1, \"time_field\": \"@timestamp\", \"type\": \"metric\"}, \"title\": \"Inbound Traffic [Metricbeat System] ECS\", \"type\": \"metrics\"}"
            },
            "id": "522ee670-1b92-11e7-bec4-a5e9ec5cab8b-ecs",
            "migrationVersion": {
                "visualization": "7.4.2"
            },
            "references": [],
            "type": "visualization",
            "updated_at": "2020-03-03T20:18:44.291Z",
            "version": "WzUzNzcsM10="
        },
        {
            "attributes": {
                "description": "",
                "kibanaSavedObjectMeta": {
                    "searchSourceJSON": "{\"filter\": [], \"query\": {\"language\": \"kuery\", \"query\": \"\"}}"
                },
                "title": "Outbound Traffic [Metricbeat System] ECS",
                "uiStateJSON": "{}",
                "version": 1,
                "visState": "{\"aggs\": [], \"params\": {\"axis_formatter\": \"number\", \"axis_position\": \"left\", \"background_color_rules\": [{\"id\": \"0e346760-1b92-11e7-bec4-a5e9ec5cab8b\"}], \"filter\": {\"language\": \"lucene\", \"query\": \"-system.network.name:l*\"}, \"id\": \"0c761590-1b92-11e7-bec4-a5e9ec5cab8b\", \"index_pattern\": \"metricbeat-*\", \"interval\": \"auto\", \"series\": [{\"axis_position\": \"right\", \"chart_type\": \"line\", \"color\": \"#68BC00\", \"fill\": 0.5, \"formatter\": \"bytes\", \"id\": \"0c761591-1b92-11e7-bec4-a5e9ec5cab8b\", \"label\": \"Outbound Traffic\", \"line_width\": 1, \"metrics\": [{\"field\": \"system.network.out.bytes\", \"id\": \"0c761592-1b92-11e7-bec4-a5e9ec5cab8b\", \"type\": \"max\"}, {\"field\": \"0c761592-1b92-11e7-bec4-a5e9ec5cab8b\", \"id\": \"1d659060-1b92-11e7-bec4-a5e9ec5cab8b\", \"type\": \"derivative\", \"unit\": \"1s\"}, {\"field\": \"1d659060-1b92-11e7-bec4-a5e9ec5cab8b\", \"id\": \"f2074f70-1b92-11e7-a416-41f5ccdba2e6\", \"type\": \"positive_only\", \"unit\": \"\"}, {\"function\": \"sum\", \"id\": \"a1737470-2c55-11e7-a0ad-277ce466684d\", \"type\": \"series_agg\"}], \"point_size\": 1, \"seperate_axis\": 0, \"split_mode\": \"terms\", \"stacked\": \"none\", \"terms_field\": \"system.network.name\", \"value_template\": \"{{value}}/s\"}, {\"axis_position\": \"right\", \"chart_type\": \"line\", \"color\": \"#68BC00\", \"fill\": 0.5, \"formatter\": \"bytes\", \"id\": \"37f70440-1b92-11e7-bec4-a5e9ec5cab8b\", \"label\": \"Total Transferred\", \"line_width\": 1, \"metrics\": [{\"field\": \"system.network.out.bytes\", \"id\": \"37f72b50-1b92-11e7-bec4-a5e9ec5cab8b\", \"type\": \"max\"}, {\"field\": \"37f72b50-1b92-11e7-bec4-a5e9ec5cab8b\", \"id\": \"37f72b51-1b92-11e7-bec4-a5e9ec5cab8b\", \"type\": \"derivative\", \"unit\": \"\"}, {\"field\": \"37f72b51-1b92-11e7-bec4-a5e9ec5cab8b\", \"id\": \"f9da2dd0-1b92-11e7-a416-41f5ccdba2e6\", \"type\": \"positive_only\", \"unit\": \"\"}, {\"field\": \"f9da2dd0-1b92-11e7-a416-41f5ccdba2e6\", \"function\": \"overall_sum\", \"id\": \"3e63c2f0-1b92-11e7-bec4-a5e9ec5cab8b\", \"sigma\": \"\", \"type\": \"series_agg\"}], \"point_size\": 1, \"seperate_axis\": 0, \"split_mode\": \"terms\", \"stacked\": \"none\", \"terms_field\": \"system.network.name\", \"value_template\": \"{{value}}\"}], \"show_grid\": 1, \"show_legend\": 1, \"time_field\": \"@timestamp\", \"type\": \"metric\"}, \"title\": \"Outbound Traffic [Metricbeat System] ECS\", \"type\": \"metrics\"}"
            },
            "id": "1aae9140-1b93-11e7-8ada-3df93aab833e-ecs",
            "migrationVersion": {
                "visualization": "7.4.2"
            },
            "references": [],
            "type": "visualization",
            "updated_at": "2020-03-03T20:18:44.291Z",
            "version": "WzUzNzgsM10="
        },
        {
            "attributes": {
                "description": "",
                "kibanaSavedObjectMeta": {
                    "searchSourceJSON": "{\"filter\": [], \"query\": {\"language\": \"kuery\", \"query\": \"\"}}"
                },
                "title": "Disk used [Metricbeat System] ECS",
                "uiStateJSON": "{}",
                "version": 1,
                "visState": "{\"aggs\": [], \"params\": {\"axis_formatter\": \"number\", \"axis_position\": \"left\", \"axis_scale\": \"normal\", \"default_index_pattern\": \"filebeat-*\", \"default_timefield\": \"@timestamp\", \"filter\": \"\", \"gauge_color_rules\": [{\"gauge\": \"rgba(104,188,0,1)\", \"id\": \"51921d10-4d1d-11e7-b5f2-2b7c1895bf32\", \"operator\": \"gte\", \"value\": 0}, {\"gauge\": \"rgba(251,158,0,1)\", \"id\": \"f26de750-4d54-11e7-b5f2-2b7c1895bf32\", \"operator\": \"gte\", \"value\": 0.7}, {\"gauge\": \"rgba(211,49,21,1)\", \"id\": \"fa31d190-4d54-11e7-b5f2-2b7c1895bf32\", \"operator\": \"gte\", \"value\": 0.85}], \"gauge_inner_width\": 10, \"gauge_max\": \"1\", \"gauge_style\": \"half\", \"gauge_width\": 10, \"id\": \"4e4dc780-4d1d-11e7-b5f2-2b7c1895bf32\", \"index_pattern\": \"metricbeat-*\", \"interval\": \"auto\", \"isModelInvalid\": false, \"series\": [{\"axis_position\": \"right\", \"chart_type\": \"line\", \"color\": \"#68BC00\", \"fill\": 0.5, \"formatter\": \"percent\", \"id\": \"4e4dee90-4d1d-11e7-b5f2-2b7c1895bf32\", \"label\": \"Disk used\", \"line_width\": 1, \"metrics\": [{\"agg_with\": \"avg\", \"field\": \"system.fsstat.total_size.used\", \"id\": \"4e4dee91-4d1d-11e7-b5f2-2b7c1895bf32\", \"order\": \"desc\", \"order_by\": \"@timestamp\", \"size\": 1, \"type\": \"top_hit\"}, {\"agg_with\": \"avg\", \"field\": \"system.fsstat.total_size.total\", \"id\": \"57c96ee0-4d54-11e7-b5f2-2b7c1895bf32\", \"order\": \"desc\", \"order_by\": \"@timestamp\", \"size\": 1, \"type\": \"top_hit\"}, {\"id\": \"6304cca0-4d54-11e7-b5f2-2b7c1895bf32\", \"script\": \"params.used/params.total \", \"type\": \"math\", \"variables\": [{\"field\": \"4e4dee91-4d1d-11e7-b5f2-2b7c1895bf32\", \"id\": \"6da10430-4d54-11e7-b5f2-2b7c1895bf32\", \"name\": \"used\"}, {\"field\": \"57c96ee0-4d54-11e7-b5f2-2b7c1895bf32\", \"id\": \"73b8c510-4d54-11e7-b5f2-2b7c1895bf32\", \"name\": \"total\"}]}], \"point_size\": 1, \"seperate_axis\": 0, \"split_mode\": \"everything\", \"stacked\": \"none\"}], \"show_grid\": 1, \"show_legend\": 1, \"time_field\": \"@timestamp\", \"time_range_mode\": \"entire_time_range\", \"type\": \"gauge\"}, \"title\": \"Disk used [Metricbeat System] ECS\", \"type\": \"metrics\"}"
            },
            "id": "825fdb80-4d1d-11e7-b5f2-2b7c1895bf32-ecs",
            "migrationVersion": {
                "visualization": "7.4.2"
            },
            "references": [],
            "type": "visualization",
            "updated_at": "2020-03-26T17:22:09.379Z",
            "version": "WzY3MTksN10="
        },
        {
            "attributes": {
                "description": "",
                "kibanaSavedObjectMeta": {
                    "searchSourceJSON": "{\"filter\": [], \"query\": {\"language\": \"kuery\", \"query\": \"\"}}"
                },
                "title": "Memory Usage Gauge [Metricbeat System] ECS",
                "uiStateJSON": "{}",
                "version": 1,
                "visState": "{\"aggs\": [], \"params\": {\"axis_formatter\": \"number\", \"axis_position\": \"left\", \"filter\": \"\", \"gauge_color_rules\": [{\"gauge\": \"rgba(104,188,0,1)\", \"id\": \"a0d522e0-1b91-11e7-bec4-a5e9ec5cab8b\", \"operator\": \"gte\", \"value\": 0}, {\"gauge\": \"rgba(254,146,0,1)\", \"id\": \"b45ad8f0-1b91-11e7-bec4-a5e9ec5cab8b\", \"operator\": \"gte\", \"value\": 0.7}, {\"gauge\": \"rgba(211,49,21,1)\", \"id\": \"c06e9550-1b91-11e7-bec4-a5e9ec5cab8b\", \"operator\": \"gte\", \"value\": 0.85}], \"gauge_inner_width\": 10, \"gauge_max\": \"1\", \"gauge_style\": \"half\", \"gauge_width\": 10, \"id\": \"9f51b730-1b91-11e7-bec4-a5e9ec5cab8b\", \"index_pattern\": \"metricbeat-*\", \"interval\": \"auto\", \"series\": [{\"axis_position\": \"right\", \"chart_type\": \"line\", \"color\": \"#68BC00\", \"fill\": 0.5, \"formatter\": \"percent\", \"id\": \"9f51b731-1b91-11e7-bec4-a5e9ec5cab8b\", \"label\": \"Memory Usage\", \"line_width\": 1, \"metrics\": [{\"field\": \"system.memory.actual.used.pct\", \"id\": \"9f51b732-1b91-11e7-bec4-a5e9ec5cab8b\", \"type\": \"avg\"}], \"point_size\": 1, \"seperate_axis\": 0, \"split_mode\": \"everything\", \"stacked\": \"none\"}], \"show_grid\": 1, \"show_legend\": 1, \"time_field\": \"@timestamp\", \"type\": \"gauge\"}, \"title\": \"Memory Usage Gauge [Metricbeat System] ECS\", \"type\": \"metrics\"}"
            },
            "id": "d3166e80-1b91-11e7-bec4-a5e9ec5cab8b-ecs",
            "migrationVersion": {
                "visualization": "7.4.2"
            },
            "references": [],
            "type": "visualization",
            "updated_at": "2020-03-03T20:18:44.291Z",
            "version": "WzUzODAsM10="
        },
        {
            "attributes": {
                "description": "",
                "kibanaSavedObjectMeta": {
                    "searchSourceJSON": "{\"filter\": [], \"query\": {\"language\": \"kuery\", \"query\": \"\"}}"
                },
                "title": "CPU Usage Gauge [Metricbeat System] ECS",
                "uiStateJSON": "{}",
                "version": 1,
                "visState": "{\"aggs\": [], \"params\": {\"axis_formatter\": \"number\", \"axis_position\": \"left\", \"filter\": \"\", \"gauge_color_rules\": [{\"gauge\": \"rgba(104,188,0,1)\", \"id\": \"4ef2c3b0-1b91-11e7-bec4-a5e9ec5cab8b\", \"operator\": \"gte\", \"value\": 0}, {\"gauge\": \"rgba(254,146,0,1)\", \"id\": \"e6561ae0-1b91-11e7-bec4-a5e9ec5cab8b\", \"operator\": \"gte\", \"value\": 0.7}, {\"gauge\": \"rgba(211,49,21,1)\", \"id\": \"ec655040-1b91-11e7-bec4-a5e9ec5cab8b\", \"operator\": \"gte\", \"value\": 0.85}], \"gauge_inner_width\": 10, \"gauge_max\": \"1\", \"gauge_style\": \"half\", \"gauge_width\": 10, \"id\": \"4c9e2550-1b91-11e7-bec4-a5e9ec5cab8b\", \"index_pattern\": \"metricbeat-*\", \"interval\": \"auto\", \"series\": [{\"axis_position\": \"right\", \"chart_type\": \"line\", \"color\": \"#68BC00\", \"fill\": 0.5, \"formatter\": \"percent\", \"id\": \"4c9e2551-1b91-11e7-bec4-a5e9ec5cab8b\", \"label\": \"CPU Usage\", \"line_width\": 1, \"metrics\": [{\"field\": \"system.cpu.user.pct\", \"id\": \"4c9e2552-1b91-11e7-bec4-a5e9ec5cab8b\", \"type\": \"avg\"}, {\"field\": \"system.cpu.system.pct\", \"id\": \"225c2140-5fd7-11e7-a63a-a937b7c1a7e1\", \"type\": \"avg\"}, {\"field\": \"system.cpu.cores\", \"id\": \"837a30c0-5fd7-11e7-a63a-a937b7c1a7e1\", \"type\": \"avg\"}, {\"id\": \"587aa510-1b91-11e7-bec4-a5e9ec5cab8b\", \"script\": \"params.n > 0 ? (params.user+params.system)/params.n : null\", \"type\": \"calculation\", \"variables\": [{\"field\": \"4c9e2552-1b91-11e7-bec4-a5e9ec5cab8b\", \"id\": \"5a19af10-1b91-11e7-bec4-a5e9ec5cab8b\", \"name\": \"user\"}, {\"field\": \"225c2140-5fd7-11e7-a63a-a937b7c1a7e1\", \"id\": \"32b54f80-5fd7-11e7-a63a-a937b7c1a7e1\", \"name\": \"system\"}, {\"field\": \"837a30c0-5fd7-11e7-a63a-a937b7c1a7e1\", \"id\": \"8ba6eef0-5fd7-11e7-a63a-a937b7c1a7e1\", \"name\": \"n\"}]}], \"point_size\": 1, \"seperate_axis\": 0, \"split_mode\": \"everything\", \"stacked\": \"none\"}], \"show_grid\": 1, \"show_legend\": 1, \"time_field\": \"@timestamp\", \"type\": \"gauge\"}, \"title\": \"CPU Usage Gauge [Metricbeat System] ECS\", \"type\": \"metrics\"}"
            },
            "id": "83e12df0-1b91-11e7-bec4-a5e9ec5cab8b-ecs",
            "migrationVersion": {
                "visualization": "7.4.2"
            },
            "references": [],
            "type": "visualization",
            "updated_at": "2020-03-03T20:18:44.291Z",
            "version": "WzUzODEsM10="
        }
    ],
    "version": "7.6.0"
}