{
    "objects": [
        {
            "attributes": {
                "description": "Overview of VSphere host and cluster metrics",
                "hits": 0,
                "kibanaSavedObjectMeta": {
                    "searchSourceJSON": "{\"filter\": [], \"query\": {\"language\": \"kuery\", \"query\": \"\"}}"
                },
                "optionsJSON": "{\"hidePanelTitles\": false, \"useMargins\": true}",
                "panelsJSON": "[{\"embeddableConfig\": {}, \"gridData\": {\"h\": 15, \"i\": \"5a175530-7b6d-4d40-af46-5c0c518a97bb\", \"w\": 24, \"x\": 0, \"y\": 0}, \"panelIndex\": \"5a175530-7b6d-4d40-af46-5c0c518a97bb\", \"panelRefName\": \"panel_0\", \"version\": \"7.4.0\"}, {\"embeddableConfig\": {}, \"gridData\": {\"h\": 15, \"i\": \"39b334e1-c61e-42c3-8e2f-ac534a19a986\", \"w\": 24, \"x\": 24, \"y\": 0}, \"panelIndex\": \"39b334e1-c61e-42c3-8e2f-ac534a19a986\", \"panelRefName\": \"panel_1\", \"version\": \"7.4.0\"}, {\"embeddableConfig\": {}, \"gridData\": {\"h\": 15, \"i\": \"5eb32eda-4f81-490e-a86f-6fc65ea3892a\", \"w\": 24, \"x\": 0, \"y\": 15}, \"panelIndex\": \"5eb32eda-4f81-490e-a86f-6fc65ea3892a\", \"panelRefName\": \"panel_2\", \"version\": \"7.4.0\"}, {\"embeddableConfig\": {}, \"gridData\": {\"h\": 20, \"i\": \"1c91b931-f2ec-4284-90eb-4b257f6f7904\", \"w\": 48, \"x\": 0, \"y\": 30}, \"panelIndex\": \"1c91b931-f2ec-4284-90eb-4b257f6f7904\", \"panelRefName\": \"panel_3\", \"version\": \"7.4.0\"}, {\"embeddableConfig\": {}, \"gridData\": {\"h\": 18, \"i\": \"712d4e28-54ad-452f-9f00-525764d4850d\", \"w\": 48, \"x\": 0, \"y\": 50}, \"panelIndex\": \"712d4e28-54ad-452f-9f00-525764d4850d\", \"panelRefName\": \"panel_4\", \"version\": \"7.4.0\"}, {\"embeddableConfig\": {}, \"gridData\": {\"h\": 18, \"i\": \"b8b5096a-30e1-4249-b8ca-eb4509b4ba59\", \"w\": 48, \"x\": 0, \"y\": 68}, \"panelIndex\": \"b8b5096a-30e1-4249-b8ca-eb4509b4ba59\", \"panelRefName\": \"panel_5\", \"version\": \"7.4.0\"}, {\"embeddableConfig\": {}, \"gridData\": {\"h\": 15, \"i\": \"e561ff05-9f8f-4412-a2e1-d656cb965e96\", \"w\": 24, \"x\": 24, \"y\": 15}, \"panelIndex\": \"e561ff05-9f8f-4412-a2e1-d656cb965e96\", \"panelRefName\": \"panel_6\", \"version\": \"7.4.0\"}]",
                "timeRestore": false,
                "title": "[Metricbeat VSphere] Hosts Overview ECS",
                "version": 1
            },
            "id": "0ebd0be0-f049-11e9-aaf3-15199b632da7",
            "migrationVersion": {
                "dashboard": "7.3.0"
            },
            "references": [
                {
                    "id": "ab07c5d0-f03f-11e9-aaf3-15199b632da7",
                    "name": "panel_0",
                    "type": "visualization"
                },
                {
                    "id": "47125df0-f040-11e9-aaf3-15199b632da7",
                    "name": "panel_1",
                    "type": "visualization"
                },
                {
                    "id": "783f2c50-f040-11e9-aaf3-15199b632da7",
                    "name": "panel_2",
                    "type": "visualization"
                },
                {
                    "id": "867e0c70-f048-11e9-aaf3-15199b632da7",
                    "name": "panel_3",
                    "type": "visualization"
                },
                {
                    "id": "5f74c330-f048-11e9-aaf3-15199b632da7",
                    "name": "panel_4",
                    "type": "visualization"
                },
                {
                    "id": "79dcd290-f047-11e9-aaf3-15199b632da7",
                    "name": "panel_5",
                    "type": "visualization"
                },
                {
                    "id": "d6370680-f049-11e9-aaf3-15199b632da7",
                    "name": "panel_6",
                    "type": "visualization"
                }
            ],
            "type": "dashboard",
            "updated_at": "2019-10-19T09:21:42.191Z",
            "version": "WzY4NiwxXQ=="
        },
        {
            "attributes": {
                "description": "",
                "kibanaSavedObjectMeta": {
                    "searchSourceJSON": "{\"filter\": [], \"query\": {\"language\": \"kuery\", \"query\": \"\"}}"
                },
                "savedSearchRefName": "search_0",
                "title": "Free vs Used CPU on Cluster stacked [Metricbeat VSphere] ECS",
                "uiStateJSON": "{}",
                "version": 1,
                "visState": "{\"aggs\": [{\"enabled\": true, \"id\": \"1\", \"params\": {\"customLabel\": \"Free\", \"field\": \"vsphere.host.cpu.free.mhz\"}, \"schema\": \"metric\", \"type\": \"max\"}, {\"enabled\": true, \"id\": \"2\", \"params\": {\"drop_partials\": false, \"extended_bounds\": {}, \"field\": \"@timestamp\", \"interval\": \"auto\", \"min_doc_count\": 1, \"timeRange\": {\"from\": \"now-15m\", \"to\": \"now\"}, \"useNormalizedEsInterval\": true}, \"schema\": \"segment\", \"type\": \"date_histogram\"}, {\"enabled\": true, \"id\": \"3\", \"params\": {\"customLabel\": \"Used\", \"field\": \"vsphere.host.cpu.used.mhz\"}, \"schema\": \"metric\", \"type\": \"max\"}], \"params\": {\"addLegend\": true, \"addTimeMarker\": false, \"addTooltip\": true, \"categoryAxes\": [{\"id\": \"CategoryAxis-1\", \"labels\": {\"filter\": true, \"show\": true, \"truncate\": 100}, \"position\": \"bottom\", \"scale\": {\"type\": \"linear\"}, \"show\": true, \"style\": {}, \"title\": {}, \"type\": \"category\"}], \"dimensions\": {\"x\": {\"accessor\": 0, \"aggType\": \"date_histogram\", \"format\": {\"id\": \"date\", \"params\": {\"pattern\": \"HH:mm:ss\"}}, \"params\": {\"bounds\": {\"max\": \"2019-10-16T18:04:26.629Z\", \"min\": \"2019-10-16T17:49:26.629Z\"}, \"date\": true, \"format\": \"HH:mm:ss\", \"interval\": \"PT30S\"}}, \"y\": [{\"accessor\": 1, \"aggType\": \"max\", \"format\": {\"id\": \"number\"}, \"params\": {}}, {\"accessor\": 2, \"aggType\": \"max\", \"format\": {\"id\": \"number\"}, \"params\": {}}]}, \"grid\": {\"categoryLines\": false}, \"labels\": {}, \"legendPosition\": \"right\", \"seriesParams\": [{\"data\": {\"id\": \"1\", \"label\": \"Free\"}, \"drawLinesBetweenPoints\": true, \"interpolate\": \"linear\", \"mode\": \"normal\", \"show\": \"true\", \"showCircles\": true, \"type\": \"area\", \"valueAxis\": \"ValueAxis-1\"}, {\"data\": {\"id\": \"3\", \"label\": \"Used\"}, \"drawLinesBetweenPoints\": true, \"interpolate\": \"linear\", \"mode\": \"stacked\", \"show\": true, \"showCircles\": true, \"type\": \"area\", \"valueAxis\": \"ValueAxis-1\"}], \"thresholdLine\": {\"color\": \"#34130C\", \"show\": false, \"style\": \"full\", \"value\": 10, \"width\": 1}, \"times\": [], \"type\": \"area\", \"valueAxes\": [{\"id\": \"ValueAxis-1\", \"labels\": {\"filter\": false, \"rotate\": 0, \"show\": true, \"truncate\": 100}, \"name\": \"LeftAxis-1\", \"position\": \"left\", \"scale\": {\"mode\": \"normal\", \"type\": \"linear\"}, \"show\": true, \"style\": {}, \"title\": {\"text\": \"Free\"}, \"type\": \"value\"}]}, \"title\": \"Free vs Used CPU on Cluster stacked [Metricbeat VSphere] ECS\", \"type\": \"area\"}"
            },
            "id": "ab07c5d0-f03f-11e9-aaf3-15199b632da7",
            "migrationVersion": {
                "visualization": "7.3.1"
            },
            "references": [
                {
                    "id": "1411b690-f017-11e9-aaf3-15199b632da7",
                    "name": "search_0",
                    "type": "search"
                }
            ],
            "type": "visualization",
            "updated_at": "2019-10-19T09:14:27.107Z",
            "version": "WzMwNywxXQ=="
        },
        {
            "attributes": {
                "description": "",
                "kibanaSavedObjectMeta": {
                    "searchSourceJSON": "{\"filter\": [], \"query\": {\"language\": \"kuery\", \"query\": \"\"}}"
                },
                "savedSearchRefName": "search_0",
                "title": "Cluster Memory free vs used stacked [Metricbeat VSphere] ECS",
                "uiStateJSON": "{}",
                "version": 1,
                "visState": "{\"aggs\": [{\"enabled\": true, \"id\": \"2\", \"params\": {\"customLabel\": \"Used\", \"field\": \"vsphere.host.memory.used.bytes\"}, \"schema\": \"metric\", \"type\": \"max\"}, {\"enabled\": true, \"id\": \"3\", \"params\": {\"drop_partials\": false, \"extended_bounds\": {}, \"field\": \"@timestamp\", \"interval\": \"auto\", \"min_doc_count\": 1, \"timeRange\": {\"from\": \"now-15m\", \"to\": \"now\"}, \"useNormalizedEsInterval\": true}, \"schema\": \"segment\", \"type\": \"date_histogram\"}, {\"enabled\": true, \"id\": \"1\", \"params\": {\"customLabel\": \"Free\", \"field\": \"vsphere.host.memory.free.bytes\"}, \"schema\": \"metric\", \"type\": \"max\"}], \"params\": {\"addLegend\": true, \"addTimeMarker\": false, \"addTooltip\": true, \"categoryAxes\": [{\"id\": \"CategoryAxis-1\", \"labels\": {\"filter\": true, \"show\": true, \"truncate\": 100}, \"position\": \"bottom\", \"scale\": {\"type\": \"linear\"}, \"show\": true, \"style\": {}, \"title\": {}, \"type\": \"category\"}], \"dimensions\": {\"x\": {\"accessor\": 0, \"aggType\": \"date_histogram\", \"format\": {\"id\": \"date\", \"params\": {\"pattern\": \"HH:mm:ss\"}}, \"params\": {\"bounds\": {\"max\": \"2019-10-16T18:10:00.451Z\", \"min\": \"2019-10-16T17:55:00.451Z\"}, \"date\": true, \"format\": \"HH:mm:ss\", \"interval\": \"PT30S\"}}, \"y\": [{\"accessor\": 1, \"aggType\": \"max\", \"format\": {\"id\": \"bytes\"}, \"params\": {}}, {\"accessor\": 2, \"aggType\": \"max\", \"format\": {\"id\": \"bytes\"}, \"params\": {}}]}, \"grid\": {\"categoryLines\": false}, \"labels\": {}, \"legendPosition\": \"right\", \"seriesParams\": [{\"data\": {\"id\": \"2\", \"label\": \"Used\"}, \"drawLinesBetweenPoints\": true, \"interpolate\": \"cardinal\", \"mode\": \"stacked\", \"show\": true, \"showCircles\": true, \"type\": \"area\", \"valueAxis\": \"ValueAxis-1\"}, {\"data\": {\"id\": \"1\", \"label\": \"Free\"}, \"drawLinesBetweenPoints\": true, \"interpolate\": \"cardinal\", \"mode\": \"stacked\", \"show\": \"true\", \"showCircles\": true, \"type\": \"area\", \"valueAxis\": \"ValueAxis-1\"}], \"thresholdLine\": {\"color\": \"#34130C\", \"show\": false, \"style\": \"full\", \"value\": 10, \"width\": 1}, \"times\": [], \"type\": \"area\", \"valueAxes\": [{\"id\": \"ValueAxis-1\", \"labels\": {\"filter\": false, \"rotate\": 0, \"show\": true, \"truncate\": 100}, \"name\": \"LeftAxis-1\", \"position\": \"left\", \"scale\": {\"mode\": \"normal\", \"type\": \"linear\"}, \"show\": true, \"style\": {}, \"title\": {\"text\": \"\"}, \"type\": \"value\"}]}, \"title\": \"Cluster Memory free vs used stacked [Metricbeat VSphere] ECS\", \"type\": \"area\"}"
            },
            "id": "47125df0-f040-11e9-aaf3-15199b632da7",
            "migrationVersion": {
                "visualization": "7.3.1"
            },
            "references": [
                {
                    "id": "1411b690-f017-11e9-aaf3-15199b632da7",
                    "name": "search_0",
                    "type": "search"
                }
            ],
            "type": "visualization",
            "updated_at": "2019-10-19T09:14:27.107Z",
            "version": "WzMwOCwxXQ=="
        },
        {
            "attributes": {
                "description": "",
                "kibanaSavedObjectMeta": {
                    "searchSourceJSON": "{\"filter\": [], \"query\": {\"language\": \"kuery\", \"query\": \"\"}}"
                },
                "savedSearchRefName": "search_0",
                "title": "Free vs Used Datastore [Metricbeat VSphere] ECS",
                "uiStateJSON": "{}",
                "version": 1,
                "visState": "{\"aggs\": [{\"enabled\": true, \"id\": \"2\", \"params\": {\"customLabel\": \"Used\", \"field\": \"vsphere.datastore.capacity.used.bytes\"}, \"schema\": \"metric\", \"type\": \"max\"}, {\"enabled\": true, \"id\": \"3\", \"params\": {\"drop_partials\": false, \"extended_bounds\": {}, \"field\": \"@timestamp\", \"interval\": \"auto\", \"min_doc_count\": 1, \"timeRange\": {\"from\": \"now-15m\", \"to\": \"now\"}, \"useNormalizedEsInterval\": true}, \"schema\": \"segment\", \"type\": \"date_histogram\"}, {\"enabled\": true, \"id\": \"1\", \"params\": {\"customLabel\": \"Free\", \"field\": \"vsphere.datastore.capacity.free.bytes\"}, \"schema\": \"metric\", \"type\": \"max\"}], \"params\": {\"addLegend\": true, \"addTimeMarker\": false, \"addTooltip\": true, \"categoryAxes\": [{\"id\": \"CategoryAxis-1\", \"labels\": {\"filter\": true, \"show\": true, \"truncate\": 100}, \"position\": \"bottom\", \"scale\": {\"type\": \"linear\"}, \"show\": true, \"style\": {}, \"title\": {}, \"type\": \"category\"}], \"dimensions\": {\"x\": {\"accessor\": 0, \"aggType\": \"date_histogram\", \"format\": {\"id\": \"date\", \"params\": {\"pattern\": \"HH:mm:ss\"}}, \"params\": {\"bounds\": {\"max\": \"2019-10-16T18:11:40.605Z\", \"min\": \"2019-10-16T17:56:40.605Z\"}, \"date\": true, \"format\": \"HH:mm:ss\", \"interval\": \"PT30S\"}}, \"y\": [{\"accessor\": 1, \"aggType\": \"max\", \"format\": {\"id\": \"bytes\"}, \"params\": {}}, {\"accessor\": 2, \"aggType\": \"max\", \"format\": {\"id\": \"bytes\"}, \"params\": {}}]}, \"grid\": {\"categoryLines\": false}, \"labels\": {}, \"legendPosition\": \"right\", \"seriesParams\": [{\"data\": {\"id\": \"2\", \"label\": \"Used\"}, \"drawLinesBetweenPoints\": true, \"interpolate\": \"linear\", \"mode\": \"stacked\", \"show\": true, \"showCircles\": true, \"type\": \"area\", \"valueAxis\": \"ValueAxis-1\"}, {\"data\": {\"id\": \"1\", \"label\": \"Free\"}, \"drawLinesBetweenPoints\": true, \"interpolate\": \"linear\", \"mode\": \"stacked\", \"show\": \"true\", \"showCircles\": true, \"type\": \"area\", \"valueAxis\": \"ValueAxis-1\"}], \"thresholdLine\": {\"color\": \"#34130C\", \"show\": false, \"style\": \"full\", \"value\": 10, \"width\": 1}, \"times\": [], \"type\": \"area\", \"valueAxes\": [{\"id\": \"ValueAxis-1\", \"labels\": {\"filter\": false, \"rotate\": 0, \"show\": true, \"truncate\": 100}, \"name\": \"LeftAxis-1\", \"position\": \"left\", \"scale\": {\"mode\": \"normal\", \"type\": \"linear\"}, \"show\": true, \"style\": {}, \"title\": {\"text\": \"Free\"}, \"type\": \"value\"}]}, \"title\": \"Free vs Used Datastore [Metricbeat VSphere] ECS\", \"type\": \"area\"}"
            },
            "id": "783f2c50-f040-11e9-aaf3-15199b632da7",
            "migrationVersion": {
                "visualization": "7.3.1"
            },
            "references": [
                {
                    "id": "1411b690-f017-11e9-aaf3-15199b632da7",
                    "name": "search_0",
                    "type": "search"
                }
            ],
            "type": "visualization",
            "updated_at": "2019-10-19T09:14:27.107Z",
            "version": "WzMwOSwxXQ=="
        },
        {
            "attributes": {
                "description": "",
                "kibanaSavedObjectMeta": {
                    "searchSourceJSON": "{\"filter\": [], \"query\": {\"language\": \"kuery\", \"query\": \"\"}}"
                },
                "title": "Host top RAM util [Metricbeat VSphere] ECS",
                "uiStateJSON": "{}",
                "version": 1,
                "visState": "{\"aggs\": [], \"params\": {\"axis_formatter\": \"number\", \"axis_position\": \"left\", \"axis_scale\": \"normal\", \"background_color\": null, \"default_index_pattern\": \"metricbeat-*\", \"default_timefield\": \"@timestamp\", \"filter\": {\"language\": \"kuery\", \"query\": \"event.module : \\\"vsphere\\\" \"}, \"gauge_color_rules\": [{\"gauge\": \"rgba(252,220,0,1)\", \"id\": \"3e4e64a0-f047-11e9-8ffe-6377df51c23d\", \"operator\": \"gt\", \"value\": 0.35}, {\"gauge\": \"rgba(251,158,0,1)\", \"id\": \"8e4a5090-f047-11e9-8ffe-6377df51c23d\", \"operator\": \"gte\", \"value\": 0.7}, {\"gauge\": \"rgba(159,5,0,1)\", \"id\": \"93d7d2d0-f047-11e9-8ffe-6377df51c23d\", \"operator\": \"gte\", \"text\": null, \"value\": 0.95}], \"gauge_inner_width\": 10, \"gauge_max\": \"1\", \"gauge_style\": \"half\", \"gauge_width\": 10, \"id\": \"61ca57f0-469d-11e7-af02-69e470af7417\", \"ignore_global_filter\": 0, \"index_pattern\": \"metricbeat-*\", \"interval\": \"\", \"isModelInvalid\": false, \"series\": [{\"axis_position\": \"right\", \"chart_type\": \"line\", \"color\": \"rgba(59,244,64,1)\", \"fill\": 0.5, \"filter\": {\"language\": \"kuery\", \"query\": \"\"}, \"formatter\": \"percent\", \"id\": \"61ca57f1-469d-11e7-af02-69e470af7417\", \"label\": \"\", \"line_width\": 1, \"metrics\": [{\"field\": \"vsphere.host.memory.total.bytes\", \"id\": \"61ca57f2-469d-11e7-af02-69e470af7417\", \"type\": \"max\"}, {\"field\": \"vsphere.host.memory.free.bytes\", \"id\": \"51de05c0-f047-11e9-8ffe-6377df51c23d\", \"type\": \"max\"}, {\"id\": \"5e69b140-f047-11e9-8ffe-6377df51c23d\", \"script\": \"params.used / params.total\", \"type\": \"calculation\", \"variables\": [{\"field\": \"61ca57f2-469d-11e7-af02-69e470af7417\", \"id\": \"5fadf110-f047-11e9-8ffe-6377df51c23d\", \"name\": \"total\"}, {\"field\": \"51de05c0-f047-11e9-8ffe-6377df51c23d\", \"id\": \"61c84590-f047-11e9-8ffe-6377df51c23d\", \"name\": \"used\"}]}], \"point_size\": 1, \"separate_axis\": 0, \"split_mode\": \"terms\", \"stacked\": \"none\", \"terms_field\": \"vsphere.host.name\", \"terms_order_by\": \"51de05c0-f047-11e9-8ffe-6377df51c23d\"}], \"show_grid\": 1, \"show_legend\": 1, \"time_field\": \"\", \"type\": \"gauge\"}, \"title\": \"Host top RAM util [Metricbeat VSphere] ECS\", \"type\": \"metrics\"}"
            },
            "id": "867e0c70-f048-11e9-aaf3-15199b632da7",
            "migrationVersion": {
                "visualization": "7.3.1"
            },
            "references": [],
            "type": "visualization",
            "updated_at": "2019-10-19T09:14:27.107Z",
            "version": "WzMxMCwxXQ=="
        },
        {
            "attributes": {
                "description": "",
                "kibanaSavedObjectMeta": {
                    "searchSourceJSON": "{\"filter\": [], \"query\": {\"language\": \"kuery\", \"query\": \"\"}}"
                },
                "title": "Host top CPU util [Metricbeat VSphere] ECS",
                "uiStateJSON": "{}",
                "version": 1,
                "visState": "{\"aggs\": [], \"params\": {\"axis_formatter\": \"number\", \"axis_position\": \"left\", \"axis_scale\": \"normal\", \"background_color\": null, \"default_index_pattern\": \"metricbeat-*\", \"default_timefield\": \"@timestamp\", \"filter\": {\"language\": \"kuery\", \"query\": \"event.module : \\\"vsphere\\\" \"}, \"gauge_color_rules\": [{\"gauge\": \"rgba(252,220,0,1)\", \"id\": \"3e4e64a0-f047-11e9-8ffe-6377df51c23d\", \"operator\": \"gt\", \"value\": 0.35}, {\"gauge\": \"rgba(251,158,0,1)\", \"id\": \"8e4a5090-f047-11e9-8ffe-6377df51c23d\", \"operator\": \"gte\", \"value\": 0.7}, {\"gauge\": \"rgba(159,5,0,1)\", \"id\": \"93d7d2d0-f047-11e9-8ffe-6377df51c23d\", \"operator\": \"gte\", \"text\": null, \"value\": 0.95}], \"gauge_inner_width\": 10, \"gauge_max\": \"1\", \"gauge_style\": \"half\", \"gauge_width\": 10, \"id\": \"61ca57f0-469d-11e7-af02-69e470af7417\", \"ignore_global_filter\": 0, \"index_pattern\": \"metricbeat-*\", \"interval\": \"\", \"isModelInvalid\": false, \"series\": [{\"axis_position\": \"right\", \"chart_type\": \"line\", \"color\": \"rgba(59,244,64,1)\", \"fill\": 0.5, \"filter\": {\"language\": \"kuery\", \"query\": \"\"}, \"formatter\": \"percent\", \"id\": \"61ca57f1-469d-11e7-af02-69e470af7417\", \"label\": \"\", \"line_width\": 1, \"metrics\": [{\"field\": \"vsphere.host.cpu.total.mhz\", \"id\": \"61ca57f2-469d-11e7-af02-69e470af7417\", \"type\": \"max\"}, {\"field\": \"vsphere.host.cpu.used.mhz\", \"id\": \"51de05c0-f047-11e9-8ffe-6377df51c23d\", \"type\": \"max\"}, {\"id\": \"5e69b140-f047-11e9-8ffe-6377df51c23d\", \"script\": \"params.used / params.total\", \"type\": \"calculation\", \"variables\": [{\"field\": \"61ca57f2-469d-11e7-af02-69e470af7417\", \"id\": \"5fadf110-f047-11e9-8ffe-6377df51c23d\", \"name\": \"total\"}, {\"field\": \"51de05c0-f047-11e9-8ffe-6377df51c23d\", \"id\": \"61c84590-f047-11e9-8ffe-6377df51c23d\", \"name\": \"used\"}]}], \"point_size\": 1, \"separate_axis\": 0, \"split_mode\": \"terms\", \"stacked\": \"none\", \"terms_field\": \"vsphere.host.name\", \"terms_order_by\": \"51de05c0-f047-11e9-8ffe-6377df51c23d\"}], \"show_grid\": 1, \"show_legend\": 1, \"time_field\": \"\", \"type\": \"gauge\"}, \"title\": \"Host top CPU util [Metricbeat VSphere] ECS\", \"type\": \"metrics\"}"
            },
            "id": "5f74c330-f048-11e9-aaf3-15199b632da7",
            "migrationVersion": {
                "visualization": "7.3.1"
            },
            "references": [],
            "type": "visualization",
            "updated_at": "2019-10-19T09:14:27.107Z",
            "version": "WzMxMSwxXQ=="
        },
        {
            "attributes": {
                "description": "",
                "kibanaSavedObjectMeta": {
                    "searchSourceJSON": "{\"filter\": [], \"query\": {\"language\": \"kuery\", \"query\": \"\"}}"
                },
                "title": "Top Datastore Used [Metricbeat VSphere] ECS",
                "uiStateJSON": "{}",
                "version": 1,
                "visState": "{\"aggs\": [], \"params\": {\"axis_formatter\": \"number\", \"axis_position\": \"left\", \"axis_scale\": \"normal\", \"background_color\": null, \"default_index_pattern\": \"metricbeat-*\", \"default_timefield\": \"@timestamp\", \"filter\": {\"language\": \"kuery\", \"query\": \"event.module : \\\"vsphere\\\" \"}, \"gauge_color_rules\": [{\"gauge\": \"rgba(252,220,0,1)\", \"id\": \"3e4e64a0-f047-11e9-8ffe-6377df51c23d\", \"operator\": \"gt\", \"value\": 0.35}, {\"gauge\": \"rgba(251,158,0,1)\", \"id\": \"8e4a5090-f047-11e9-8ffe-6377df51c23d\", \"operator\": \"gte\", \"value\": 0.7}, {\"gauge\": \"rgba(159,5,0,1)\", \"id\": \"93d7d2d0-f047-11e9-8ffe-6377df51c23d\", \"operator\": \"gte\", \"text\": null, \"value\": 0.95}], \"gauge_inner_width\": 10, \"gauge_max\": \"1\", \"gauge_style\": \"half\", \"gauge_width\": 10, \"id\": \"61ca57f0-469d-11e7-af02-69e470af7417\", \"ignore_global_filter\": 0, \"index_pattern\": \"metricbeat-*\", \"interval\": \"\", \"isModelInvalid\": false, \"series\": [{\"axis_position\": \"right\", \"chart_type\": \"line\", \"color\": \"rgba(59,244,64,1)\", \"fill\": 0.5, \"filter\": {\"language\": \"kuery\", \"query\": \"\"}, \"formatter\": \"percent\", \"id\": \"61ca57f1-469d-11e7-af02-69e470af7417\", \"label\": \"\", \"line_width\": 1, \"metrics\": [{\"field\": \"vsphere.datastore.capacity.total.bytes\", \"id\": \"61ca57f2-469d-11e7-af02-69e470af7417\", \"type\": \"max\"}, {\"field\": \"vsphere.datastore.capacity.used.bytes\", \"id\": \"51de05c0-f047-11e9-8ffe-6377df51c23d\", \"type\": \"max\"}, {\"field\": \"vsphere.datastore.capacity.used.pct\", \"id\": \"5aec7160-f047-11e9-8ffe-6377df51c23d\", \"type\": \"max\"}, {\"id\": \"5e69b140-f047-11e9-8ffe-6377df51c23d\", \"script\": \"params.used / params.total\", \"type\": \"calculation\", \"variables\": [{\"field\": \"61ca57f2-469d-11e7-af02-69e470af7417\", \"id\": \"5fadf110-f047-11e9-8ffe-6377df51c23d\", \"name\": \"total\"}, {\"field\": \"51de05c0-f047-11e9-8ffe-6377df51c23d\", \"id\": \"61c84590-f047-11e9-8ffe-6377df51c23d\", \"name\": \"used\"}]}], \"point_size\": 1, \"separate_axis\": 0, \"split_mode\": \"terms\", \"stacked\": \"none\", \"terms_field\": \"vsphere.datastore.name\", \"terms_order_by\": \"5aec7160-f047-11e9-8ffe-6377df51c23d\"}], \"show_grid\": 1, \"show_legend\": 1, \"time_field\": \"\", \"type\": \"gauge\"}, \"title\": \"Top Datastore Used [Metricbeat VSphere] ECS\", \"type\": \"metrics\"}"
            },
            "id": "79dcd290-f047-11e9-aaf3-15199b632da7",
            "migrationVersion": {
                "visualization": "7.3.1"
            },
            "references": [],
            "type": "visualization",
            "updated_at": "2019-10-19T09:14:27.107Z",
            "version": "WzMxMiwxXQ=="
        },
        {
            "attributes": {
                "description": "",
                "kibanaSavedObjectMeta": {
                    "searchSourceJSON": "{\"filter\": [], \"query\": {\"language\": \"kuery\", \"query\": \"\"}}"
                },
                "savedSearchRefName": "search_0",
                "title": "Datastore Types [Metricbeat VSphere] ECS",
                "uiStateJSON": "{}",
                "version": 1,
                "visState": "{\"aggs\": [{\"enabled\": true, \"id\": \"1\", \"params\": {}, \"schema\": \"metric\", \"type\": \"count\"}, {\"enabled\": true, \"id\": \"2\", \"params\": {\"field\": \"vsphere.datastore.fstype\", \"missingBucket\": false, \"missingBucketLabel\": \"Missing\", \"order\": \"desc\", \"orderBy\": \"1\", \"otherBucket\": false, \"otherBucketLabel\": \"Other\", \"size\": 5}, \"schema\": \"segment\", \"type\": \"terms\"}], \"params\": {\"addLegend\": true, \"addTooltip\": true, \"dimensions\": {\"metric\": {\"accessor\": 0, \"aggType\": \"count\", \"format\": {\"id\": \"number\"}, \"params\": {}}}, \"isDonut\": true, \"labels\": {\"last_level\": true, \"show\": false, \"truncate\": 100, \"values\": true}, \"legendPosition\": \"right\", \"type\": \"pie\"}, \"title\": \"Datastore types [Metricbeat VSphere] ECS\", \"type\": \"pie\"}"
            },
            "id": "d6370680-f049-11e9-aaf3-15199b632da7",
            "migrationVersion": {
                "visualization": "7.3.1"
            },
            "references": [
                {
                    "id": "1411b690-f017-11e9-aaf3-15199b632da7",
                    "name": "search_0",
                    "type": "search"
                }
            ],
            "type": "visualization",
            "updated_at": "2019-10-19T09:14:27.107Z",
            "version": "WzMxMywxXQ=="
        },
        {
            "attributes": {
                "columns": [
                    "_source"
                ],
                "description": "",
                "hits": 0,
                "kibanaSavedObjectMeta": {
                    "searchSourceJSON": "{\"filter\": [], \"highlightAll\": true, \"indexRefName\": \"kibanaSavedObjectMeta.searchSourceJSON.index\", \"query\": {\"language\": \"kuery\", \"query\": \"event.module: \\\"vsphere\\\" \"}, \"version\": true}"
                },
                "sort": [
                    [
                        "@timestamp",
                        "desc"
                    ]
                ],
                "title": "search for event module vsphere [Metricbeat VSphere] ECS",
                "version": 1
            },
            "id": "1411b690-f017-11e9-aaf3-15199b632da7",
            "migrationVersion": {
                "search": "7.4.0"
            },
            "references": [
                {
                    "id": "metricbeat-*",
                    "name": "kibanaSavedObjectMeta.searchSourceJSON.index",
                    "type": "index-pattern"
                }
            ],
            "type": "search",
            "updated_at": "2019-10-19T09:14:27.107Z",
            "version": "WzMwNiwxXQ=="
        }
    ],
    "version": "7.4.0"
}