{
    "objects": [
        {
            "attributes": {
                "description": "Overview of the Istiod Service status",
                "hits": 0,
                "kibanaSavedObjectMeta": {
                    "searchSourceJSON": "{\"filter\": [], \"query\": {\"language\": \"kuery\", \"query\": \"\"}}"
                },
                "optionsJSON": "{\"hidePanelTitles\": false, \"useMargins\": true}",
                "panelsJSON": "[{\"embeddableConfig\": {\"title\": \"\"}, \"gridData\": {\"h\": 3, \"i\": \"3ab7d813-a0b5-48b8-9c10-5ac962a4177c\", \"w\": 12, \"x\": 0, \"y\": 0}, \"panelIndex\": \"3ab7d813-a0b5-48b8-9c10-5ac962a4177c\", \"panelRefName\": \"panel_0\", \"version\": \"7.9.0\"}, {\"embeddableConfig\": {\"title\": \"Pilot xds Push Time\"}, \"gridData\": {\"h\": 9, \"i\": \"06af11e6-e026-48db-a06b-b34b402b535b\", \"w\": 12, \"x\": 12, \"y\": 0}, \"panelIndex\": \"06af11e6-e026-48db-a06b-b34b402b535b\", \"panelRefName\": \"panel_1\", \"title\": \"Pilot xds Push Time\", \"version\": \"7.9.0\"}, {\"embeddableConfig\": {\"title\": \"Pilot xds Pushes\"}, \"gridData\": {\"h\": 9, \"i\": \"d9a49bf0-f88b-4d4f-a1e2-74fbd482f77c\", \"w\": 11, \"x\": 24, \"y\": 0}, \"panelIndex\": \"d9a49bf0-f88b-4d4f-a1e2-74fbd482f77c\", \"panelRefName\": \"panel_2\", \"title\": \"Pilot xds Pushes\", \"version\": \"7.9.0\"}, {\"embeddableConfig\": {\"title\": \"Pilot Inbound Updates\"}, \"gridData\": {\"h\": 9, \"i\": \"a8e47ef0-03db-419f-890f-0880d674682c\", \"w\": 13, \"x\": 35, \"y\": 0}, \"panelIndex\": \"a8e47ef0-03db-419f-890f-0880d674682c\", \"panelRefName\": \"panel_3\", \"title\": \"Pilot Inbound Updates\", \"version\": \"7.9.0\"}, {\"embeddableConfig\": {\"title\": \"Pilot Conflict Inbound Listener\", \"vis\": null}, \"gridData\": {\"h\": 6, \"i\": \"0a63d980-8d93-4ce1-b5a1-ab77e589ceec\", \"w\": 12, \"x\": 0, \"y\": 3}, \"panelIndex\": \"0a63d980-8d93-4ce1-b5a1-ab77e589ceec\", \"panelRefName\": \"panel_4\", \"title\": \"Pilot Conflict Inbound Listener\", \"version\": \"7.9.0\"}, {\"embeddableConfig\": {\"title\": \"Pilot Proxy Queue Time\"}, \"gridData\": {\"h\": 9, \"i\": \"cd1bbc4f-95de-4156-a3ef-c091cf6402c0\", \"w\": 12, \"x\": 0, \"y\": 9}, \"panelIndex\": \"cd1bbc4f-95de-4156-a3ef-c091cf6402c0\", \"panelRefName\": \"panel_5\", \"title\": \"Pilot Proxy Queue Time\", \"version\": \"7.9.0\"}, {\"embeddableConfig\": {\"title\": \"Galley Validation Failed\"}, \"gridData\": {\"h\": 9, \"i\": \"724f0f9e-2186-4ddd-859c-edb2649b8c0f\", \"w\": 12, \"x\": 12, \"y\": 9}, \"panelIndex\": \"724f0f9e-2186-4ddd-859c-edb2649b8c0f\", \"panelRefName\": \"panel_6\", \"title\": \"Galley Validation Failed\", \"version\": \"7.9.0\"}, {\"embeddableConfig\": {\"title\": \"Pods witout IP\", \"vis\": null}, \"gridData\": {\"h\": 9, \"i\": \"32eaa989-a4f9-4d31-97cb-684f31488aa8\", \"w\": 8, \"x\": 24, \"y\": 9}, \"panelIndex\": \"32eaa989-a4f9-4d31-97cb-684f31488aa8\", \"panelRefName\": \"panel_7\", \"title\": \"Pods witout IP\", \"version\": \"7.9.0\"}, {\"embeddableConfig\": {\"title\": \"Pilot Virtual Services\", \"vis\": null}, \"gridData\": {\"h\": 9, \"i\": \"6a8463fe-b7cb-4cd8-bf01-f7ca6a185178\", \"w\": 8, \"x\": 32, \"y\": 9}, \"panelIndex\": \"6a8463fe-b7cb-4cd8-bf01-f7ca6a185178\", \"panelRefName\": \"panel_8\", \"title\": \"Pilot Virtual Services\", \"version\": \"7.9.0\"}, {\"embeddableConfig\": {\"title\": \"Pilot Services\", \"vis\": null}, \"gridData\": {\"h\": 9, \"i\": \"51ecc2f8-3c3f-4a80-b4b6-b52db10e68ad\", \"w\": 8, \"x\": 40, \"y\": 9}, \"panelIndex\": \"51ecc2f8-3c3f-4a80-b4b6-b52db10e68ad\", \"panelRefName\": \"panel_9\", \"title\": \"Pilot Services\", \"version\": \"7.9.0\"}, {\"embeddableConfig\": {\"title\": \"Pilot eds instances\", \"vis\": null}, \"gridData\": {\"h\": 9, \"i\": \"9fbfca4c-37b5-4a1a-924e-49fc9ef2294c\", \"w\": 10, \"x\": 0, \"y\": 18}, \"panelIndex\": \"9fbfca4c-37b5-4a1a-924e-49fc9ef2294c\", \"panelRefName\": \"panel_10\", \"title\": \"Pilot eds instances\", \"version\": \"7.9.0\"}, {\"embeddableConfig\": {\"title\": \"Citadel Cert Issuane\"}, \"gridData\": {\"h\": 9, \"i\": \"e708abfa-5a95-483c-9bb2-4470ee913f3c\", \"w\": 12, \"x\": 10, \"y\": 18}, \"panelIndex\": \"e708abfa-5a95-483c-9bb2-4470ee913f3c\", \"panelRefName\": \"panel_11\", \"title\": \"Citadel Cert Issuane\", \"version\": \"7.9.0\"}, {\"embeddableConfig\": {\"title\": \"Pilot xds endpoints\"}, \"gridData\": {\"h\": 9, \"i\": \"d6b2845f-9582-4863-853e-ab753f3d763e\", \"w\": 11, \"x\": 22, \"y\": 18}, \"panelIndex\": \"d6b2845f-9582-4863-853e-ab753f3d763e\", \"panelRefName\": \"panel_12\", \"title\": \"Pilot xds endpoints\", \"version\": \"7.9.0\"}, {\"embeddableConfig\": {\"title\": \"Pilot xds expired\"}, \"gridData\": {\"h\": 9, \"i\": \"3d0dec37-26c3-490b-a45f-48b6d1baa160\", \"w\": 15, \"x\": 33, \"y\": 18}, \"panelIndex\": \"3d0dec37-26c3-490b-a45f-48b6d1baa160\", \"panelRefName\": \"panel_13\", \"title\": \"Pilot xds expired\", \"version\": \"7.9.0\"}]",
                "timeRestore": false,
                "title": "[Metricbeat Istio] Overview",
                "version": 1
            },
            "id": "d899d3f0-0883-11eb-a3fd-1b45ec532bb3",
            "migrationVersion": {
                "dashboard": "7.3.0"
            },
            "namespaces": [
                "default"
            ],
            "references": [
                {
                    "id": "19a8b9c0-0c7f-11eb-a3fd-1b45ec532bb3",
                    "name": "panel_0",
                    "type": "visualization"
                },
                {
                    "id": "b5b3abb0-087c-11eb-a3fd-1b45ec532bb3",
                    "name": "panel_1",
                    "type": "visualization"
                },
                {
                    "id": "f858c200-087e-11eb-a3fd-1b45ec532bb3",
                    "name": "panel_2",
                    "type": "visualization"
                },
                {
                    "id": "aa997510-087d-11eb-a3fd-1b45ec532bb3",
                    "name": "panel_3",
                    "type": "visualization"
                },
                {
                    "id": "d62a1e60-0881-11eb-a3fd-1b45ec532bb3",
                    "name": "panel_4",
                    "type": "visualization"
                },
                {
                    "id": "dd1392f0-07d8-11eb-a3fd-1b45ec532bb3",
                    "name": "panel_5",
                    "type": "visualization"
                },
                {
                    "id": "98b01f00-087f-11eb-a3fd-1b45ec532bb3",
                    "name": "panel_6",
                    "type": "visualization"
                },
                {
                    "id": "4275f710-0882-11eb-a3fd-1b45ec532bb3",
                    "name": "panel_7",
                    "type": "visualization"
                },
                {
                    "id": "96bfe060-0882-11eb-a3fd-1b45ec532bb3",
                    "name": "panel_8",
                    "type": "visualization"
                },
                {
                    "id": "6cfbe3f0-0882-11eb-a3fd-1b45ec532bb3",
                    "name": "panel_9",
                    "type": "visualization"
                },
                {
                    "id": "12cdcce0-0882-11eb-a3fd-1b45ec532bb3",
                    "name": "panel_10",
                    "type": "visualization"
                },
                {
                    "id": "506c8490-087f-11eb-a3fd-1b45ec532bb3",
                    "name": "panel_11",
                    "type": "visualization"
                },
                {
                    "id": "e5f3e870-0882-11eb-a3fd-1b45ec532bb3",
                    "name": "panel_12",
                    "type": "visualization"
                },
                {
                    "id": "0ed17c80-0883-11eb-a3fd-1b45ec532bb3",
                    "name": "panel_13",
                    "type": "visualization"
                }
            ],
            "type": "dashboard",
            "updated_at": "2020-10-13T13:01:42.340Z",
            "version": "WzI5OCwxXQ=="
        },
        {
            "attributes": {
                "description": "",
                "kibanaSavedObjectMeta": {
                    "searchSourceJSON": "{\"filter\": [], \"query\": {\"language\": \"kuery\", \"query\": \"\"}}"
                },
                "title": "Dashboards Navigation Overview [Metricbeat Istio]",
                "uiStateJSON": "{}",
                "version": 1,
                "visState": "{\"aggs\": [], \"params\": {\"fontSize\": 12, \"markdown\": \"**Overview** | [Traffic](#/dashboard/3b88a120-0c7c-11eb-a3fd-1b45ec532bb3)\\n\", \"openLinksInNewTab\": false}, \"title\": \"Dashboards Navigation Overview [Metricbeat Istio]\", \"type\": \"markdown\"}"
            },
            "id": "19a8b9c0-0c7f-11eb-a3fd-1b45ec532bb3",
            "migrationVersion": {
                "visualization": "7.8.0"
            },
            "namespaces": [
                "default"
            ],
            "references": [],
            "type": "visualization",
            "updated_at": "2020-10-13T12:53:51.050Z",
            "version": "WzQ2LDFd"
        },
        {
            "attributes": {
                "description": "Total time in seconds Pilot takes to push lds, rds, cds and eds.",
                "kibanaSavedObjectMeta": {
                    "searchSourceJSON": "{\"filter\": [], \"query\": {\"language\": \"kuery\", \"query\": \"\"}}"
                },
                "title": "Pilot xds Push Time [Metricbeat Istio]",
                "uiStateJSON": "{}",
                "version": 1,
                "visState": "{\"aggs\": [], \"params\": {\"axis_formatter\": \"number\", \"axis_min\": 0, \"axis_position\": \"left\", \"axis_scale\": \"normal\", \"default_index_pattern\": \"metricbeat-*\", \"default_timefield\": \"@timestamp\", \"filter\": {\"language\": \"kuery\", \"query\": \"\"}, \"id\": \"7ccbe640-07d8-11eb-985d-2f490d4c2901\", \"index_pattern\": \"metricbeat-*\", \"interval\": \"auto\", \"isModelInvalid\": false, \"series\": [{\"axis_position\": \"right\", \"chart_type\": \"line\", \"color\": \"#6092C0\", \"fill\": 0, \"filter\": {\"language\": \"kuery\", \"query\": \"prometheus.labels.type: \\\"rds\\\" OR prometheus.labels.type: \\\"lds\\\" OR prometheus.labels.type: \\\"cds\\\" OR prometheus.labels.type: \\\"eds\\\"\"}, \"formatter\": \"s,s,2\", \"id\": \"7ccbe641-07d8-11eb-985d-2f490d4c2901\", \"label\": \"pilot_xds_push_time\", \"line_width\": 2, \"metrics\": [{\"field\": \"prometheus.pilot_xds_push_time.histogram\", \"id\": \"7ccbe642-07d8-11eb-985d-2f490d4c2901\", \"percentiles\": [{\"id\": \"88c0d000-07d8-11eb-86d1-6521145f6524\", \"mode\": \"line\", \"percentile\": \"\", \"shade\": 0.2, \"value\": \"25\"}, {\"id\": \"95c750d0-07d8-11eb-86d1-6521145f6524\", \"mode\": \"line\", \"percentile\": \"\", \"shade\": 0.2, \"value\": \"50\"}, {\"id\": \"9c5ec900-07d8-11eb-86d1-6521145f6524\", \"mode\": \"line\", \"percentile\": \"\", \"shade\": 0.2, \"value\": \"75\"}, {\"id\": \"9f8e3700-07d8-11eb-86d1-6521145f6524\", \"mode\": \"line\", \"percentile\": \"\", \"shade\": 0.2, \"value\": \"95\"}, {\"id\": \"a3581040-07d8-11eb-86d1-6521145f6524\", \"mode\": \"line\", \"percentile\": \"\", \"shade\": 0.2, \"value\": \"99\"}], \"type\": \"percentile\"}], \"point_size\": 0, \"separate_axis\": 0, \"split_mode\": \"terms\", \"stacked\": \"none\", \"terms_field\": \"prometheus.labels.type\", \"terms_size\": \"20\", \"type\": \"timeseries\", \"value_template\": \"{{value}}\"}], \"show_grid\": 1, \"show_legend\": 1, \"time_field\": \"@timestamp\", \"tooltip_mode\": \"show_all\", \"type\": \"timeseries\"}, \"title\": \"Pilot xds Push Time [Metricbeat Istio]\", \"type\": \"metrics\"}"
            },
            "id": "b5b3abb0-087c-11eb-a3fd-1b45ec532bb3",
            "migrationVersion": {
                "visualization": "7.8.0"
            },
            "namespaces": [
                "default"
            ],
            "references": [],
            "type": "visualization",
            "updated_at": "2020-10-13T13:01:21.843Z",
            "version": "WzI2MCwxXQ=="
        },
        {
            "attributes": {
                "description": "Pilot build and send errors for lds, rds, cds and eds.",
                "kibanaSavedObjectMeta": {
                    "searchSourceJSON": "{}"
                },
                "title": "Pilot xds Pushes [Metricbeat Istio]",
                "uiStateJSON": "{}",
                "version": 1,
                "visState": "{\"aggs\": [], \"params\": {\"axis_formatter\": \"number\", \"axis_min\": 0, \"axis_position\": \"left\", \"axis_scale\": \"normal\", \"default_index_pattern\": \"metricbeat-*\", \"default_timefield\": \"@timestamp\", \"filter\": {\"language\": \"kuery\", \"query\": \"\"}, \"id\": \"7ccbe640-07d8-11eb-985d-2f490d4c2901\", \"index_pattern\": \"metricbeat-*\", \"interval\": \"auto\", \"isModelInvalid\": false, \"series\": [{\"axis_position\": \"right\", \"chart_type\": \"line\", \"color\": \"#6092C0\", \"fill\": 0, \"filter\": {\"language\": \"kuery\", \"query\": \"\"}, \"formatter\": \"number\", \"id\": \"7ccbe641-07d8-11eb-985d-2f490d4c2901\", \"label\": \"pilot_xds_pushes\", \"line_width\": 2, \"metrics\": [{\"field\": \"prometheus.pilot_xds_pushes.counter\", \"id\": \"7ccbe642-07d8-11eb-985d-2f490d4c2901\", \"percentiles\": [{\"id\": \"88c0d000-07d8-11eb-86d1-6521145f6524\", \"mode\": \"line\", \"percentile\": \"\", \"shade\": 0.2, \"value\": \"50\"}, {\"id\": \"95c750d0-07d8-11eb-86d1-6521145f6524\", \"mode\": \"line\", \"percentile\": \"\", \"shade\": 0.2, \"value\": \"25\"}, {\"id\": \"9c5ec900-07d8-11eb-86d1-6521145f6524\", \"mode\": \"line\", \"percentile\": \"\", \"shade\": 0.2, \"value\": \"75\"}, {\"id\": \"9f8e3700-07d8-11eb-86d1-6521145f6524\", \"mode\": \"line\", \"percentile\": \"\", \"shade\": 0.2, \"value\": \"95\"}, {\"id\": \"a3581040-07d8-11eb-86d1-6521145f6524\", \"mode\": \"line\", \"percentile\": \"\", \"shade\": 0.2, \"value\": \"99\"}], \"type\": \"max\", \"unit\": \"\"}], \"point_size\": 0, \"separate_axis\": 0, \"split_mode\": \"terms\", \"stacked\": \"none\", \"terms_field\": \"prometheus.labels.type\", \"terms_order_by\": \"7ccbe642-07d8-11eb-985d-2f490d4c2901\", \"terms_size\": \"4\", \"type\": \"timeseries\", \"value_template\": \"{{value}}\"}], \"show_grid\": 1, \"show_legend\": 1, \"time_field\": \"@timestamp\", \"type\": \"timeseries\"}, \"title\": \"Pilot xds Pushes [Metricbeat Istio]\", \"type\": \"metrics\"}"
            },
            "id": "f858c200-087e-11eb-a3fd-1b45ec532bb3",
            "migrationVersion": {
                "visualization": "7.8.0"
            },
            "namespaces": [
                "default"
            ],
            "references": [],
            "type": "visualization",
            "updated_at": "2020-10-13T12:53:51.050Z",
            "version": "WzQ4LDFd"
        },
        {
            "attributes": {
                "description": "Total number of updates received by pilot.",
                "kibanaSavedObjectMeta": {
                    "searchSourceJSON": "{}"
                },
                "title": "Pilot Inbound Updates [Metricbeat Istio]",
                "uiStateJSON": "{}",
                "version": 1,
                "visState": "{\"aggs\": [], \"params\": {\"axis_formatter\": \"number\", \"axis_min\": 0, \"axis_position\": \"left\", \"axis_scale\": \"normal\", \"default_index_pattern\": \"metricbeat-*\", \"default_timefield\": \"@timestamp\", \"filter\": {\"language\": \"kuery\", \"query\": \"\"}, \"id\": \"7ccbe640-07d8-11eb-985d-2f490d4c2901\", \"index_pattern\": \"metricbeat-*\", \"interval\": \"auto\", \"isModelInvalid\": false, \"series\": [{\"axis_position\": \"right\", \"chart_type\": \"line\", \"color\": \"#6092C0\", \"fill\": 0, \"filter\": {\"language\": \"kuery\", \"query\": \"\"}, \"formatter\": \"number\", \"id\": \"7ccbe641-07d8-11eb-985d-2f490d4c2901\", \"label\": \"pilot_inbound_updates\", \"line_width\": 2, \"metrics\": [{\"field\": \"prometheus.pilot_inbound_updates.counter\", \"id\": \"7ccbe642-07d8-11eb-985d-2f490d4c2901\", \"percentiles\": [{\"id\": \"88c0d000-07d8-11eb-86d1-6521145f6524\", \"mode\": \"line\", \"percentile\": \"\", \"shade\": 0.2, \"value\": \"50\"}, {\"id\": \"95c750d0-07d8-11eb-86d1-6521145f6524\", \"mode\": \"line\", \"percentile\": \"\", \"shade\": 0.2, \"value\": \"25\"}, {\"id\": \"9c5ec900-07d8-11eb-86d1-6521145f6524\", \"mode\": \"line\", \"percentile\": \"\", \"shade\": 0.2, \"value\": \"75\"}, {\"id\": \"9f8e3700-07d8-11eb-86d1-6521145f6524\", \"mode\": \"line\", \"percentile\": \"\", \"shade\": 0.2, \"value\": \"95\"}, {\"id\": \"a3581040-07d8-11eb-86d1-6521145f6524\", \"mode\": \"line\", \"percentile\": \"\", \"shade\": 0.2, \"value\": \"99\"}], \"type\": \"max\", \"unit\": \"\"}], \"point_size\": 0, \"separate_axis\": 0, \"split_mode\": \"terms\", \"stacked\": \"none\", \"terms_field\": \"prometheus.labels.type\", \"terms_order_by\": \"7ccbe642-07d8-11eb-985d-2f490d4c2901\", \"terms_size\": \"10\", \"type\": \"timeseries\", \"value_template\": \"{{value}}\"}], \"show_grid\": 1, \"show_legend\": 1, \"time_field\": \"@timestamp\", \"type\": \"timeseries\"}, \"title\": \"Pilot Inbound Updates [Metricbeat Istio]\", \"type\": \"metrics\"}"
            },
            "id": "aa997510-087d-11eb-a3fd-1b45ec532bb3",
            "migrationVersion": {
                "visualization": "7.8.0"
            },
            "namespaces": [
                "default"
            ],
            "references": [],
            "type": "visualization",
            "updated_at": "2020-10-13T12:53:51.050Z",
            "version": "WzQ5LDFd"
        },
        {
            "attributes": {
                "description": "Number of conflicting inbound listeners.",
                "kibanaSavedObjectMeta": {
                    "searchSourceJSON": "{\"filter\": [], \"indexRefName\": \"kibanaSavedObjectMeta.searchSourceJSON.index\", \"query\": {\"language\": \"kuery\", \"query\": \"\"}}"
                },
                "title": "Pilot Conflict Inbound Listener [Metricbeat Istio]",
                "uiStateJSON": "{}",
                "version": 1,
                "visState": "{\"aggs\": [{\"enabled\": true, \"id\": \"1\", \"params\": {\"customLabel\": \"Pilot conflict inbound listener\", \"field\": \"prometheus.pilot_conflict_inbound_listener.value\"}, \"schema\": \"metric\", \"type\": \"avg\"}], \"params\": {\"addLegend\": true, \"addTooltip\": true, \"gauge\": {\"alignment\": \"automatic\", \"backStyle\": \"Full\", \"colorSchema\": \"Green to Red\", \"colorsRange\": [{\"from\": 0, \"to\": 50}, {\"from\": 50, \"to\": 75}, {\"from\": 75, \"to\": 100}], \"extendRange\": true, \"gaugeColorMode\": \"Labels\", \"gaugeStyle\": \"Full\", \"gaugeType\": \"Arc\", \"invertColors\": false, \"labels\": {\"color\": \"black\", \"show\": true}, \"orientation\": \"vertical\", \"percentageMode\": false, \"scale\": {\"color\": \"rgba(105,112,125,0.2)\", \"labels\": false, \"show\": true}, \"style\": {\"bgColor\": true, \"bgFill\": \"rgba(105,112,125,0.2)\", \"bgMask\": false, \"bgWidth\": 0.9, \"fontSize\": 60, \"mask\": false, \"maskBars\": 50, \"subText\": \"\", \"width\": 0.9}, \"type\": \"meter\"}, \"isDisplayWarning\": false, \"type\": \"gauge\"}, \"title\": \"Pilot Conflict Inbound Listener [Metricbeat Istio]\", \"type\": \"gauge\"}"
            },
            "id": "d62a1e60-0881-11eb-a3fd-1b45ec532bb3",
            "migrationVersion": {
                "visualization": "7.8.0"
            },
            "namespaces": [
                "default"
            ],
            "references": [
                {
                    "id": "metricbeat-*",
                    "name": "kibanaSavedObjectMeta.searchSourceJSON.index",
                    "type": "index-pattern"
                }
            ],
            "type": "visualization",
            "updated_at": "2020-10-13T12:53:51.050Z",
            "version": "WzUwLDFd"
        },
        {
            "attributes": {
                "description": "Time in seconds, a proxy is in the push queue before being dequeued.",
                "kibanaSavedObjectMeta": {
                    "searchSourceJSON": "{\"filter\": [], \"query\": {\"language\": \"kuery\", \"query\": \"\"}}"
                },
                "title": "Pilot Proxy Queue Time [Metricbeat Istio]",
                "uiStateJSON": "{}",
                "version": 1,
                "visState": "{\"aggs\": [], \"params\": {\"axis_formatter\": \"number\", \"axis_min\": 0, \"axis_position\": \"left\", \"axis_scale\": \"normal\", \"default_index_pattern\": \"metricbeat-*\", \"default_timefield\": \"@timestamp\", \"filter\": {\"language\": \"kuery\", \"query\": \"\"}, \"id\": \"7ccbe640-07d8-11eb-985d-2f490d4c2901\", \"index_pattern\": \"metricbeat-*\", \"interval\": \"auto\", \"isModelInvalid\": false, \"series\": [{\"axis_position\": \"right\", \"chart_type\": \"line\", \"color\": \"#6092C0\", \"fill\": 0, \"formatter\": \"number\", \"id\": \"7ccbe641-07d8-11eb-985d-2f490d4c2901\", \"label\": \"queue_time\", \"line_width\": 2, \"metrics\": [{\"field\": \"prometheus.pilot_proxy_queue_time.histogram\", \"id\": \"7ccbe642-07d8-11eb-985d-2f490d4c2901\", \"percentiles\": [{\"id\": \"88c0d000-07d8-11eb-86d1-6521145f6524\", \"mode\": \"line\", \"percentile\": \"\", \"shade\": 0.2, \"value\": \"25\"}, {\"id\": \"03ef6580-0887-11eb-876a-9d8e5e94d2f5\", \"mode\": \"line\", \"percentile\": \"\", \"shade\": 0.2, \"value\": \"50\"}, {\"id\": \"071fe4f0-0887-11eb-876a-9d8e5e94d2f5\", \"mode\": \"line\", \"percentile\": \"\", \"shade\": 0.2, \"value\": \"75\"}, {\"id\": \"0b7164c0-0887-11eb-876a-9d8e5e94d2f5\", \"mode\": \"line\", \"percentile\": \"\", \"shade\": 0.2, \"value\": \"90\"}, {\"id\": \"0f611580-0887-11eb-876a-9d8e5e94d2f5\", \"mode\": \"line\", \"percentile\": \"\", \"shade\": 0.2, \"value\": \"95\"}, {\"id\": \"136f98e0-0887-11eb-876a-9d8e5e94d2f5\", \"mode\": \"line\", \"percentile\": \"\", \"shade\": 0.2, \"value\": \"99\"}], \"type\": \"percentile\"}], \"point_size\": 0, \"separate_axis\": 0, \"split_mode\": \"everything\", \"stacked\": \"none\", \"type\": \"timeseries\", \"value_template\": \"{{value}}\"}], \"show_grid\": 1, \"show_legend\": 1, \"time_field\": \"@timestamp\", \"tooltip_mode\": \"show_all\", \"type\": \"timeseries\"}, \"title\": \"Pilot Proxy Queue Time [Metricbeat Istio]\", \"type\": \"metrics\"}"
            },
            "id": "dd1392f0-07d8-11eb-a3fd-1b45ec532bb3",
            "migrationVersion": {
                "visualization": "7.8.0"
            },
            "namespaces": [
                "default"
            ],
            "references": [],
            "type": "visualization",
            "updated_at": "2020-10-13T12:59:52.108Z",
            "version": "WzI0NywxXQ=="
        },
        {
            "attributes": {
                "description": "Resource validation failed.",
                "kibanaSavedObjectMeta": {
                    "searchSourceJSON": "{}"
                },
                "title": "Galley Validation Failed [Metricbeat Istio]",
                "uiStateJSON": "{}",
                "version": 1,
                "visState": "{\"aggs\": [], \"params\": {\"axis_formatter\": \"number\", \"axis_min\": 0, \"axis_position\": \"left\", \"axis_scale\": \"normal\", \"default_index_pattern\": \"metricbeat-*\", \"default_timefield\": \"@timestamp\", \"filter\": {\"language\": \"kuery\", \"query\": \"\"}, \"id\": \"7ccbe640-07d8-11eb-985d-2f490d4c2901\", \"index_pattern\": \"metricbeat-*\", \"interval\": \"auto\", \"isModelInvalid\": false, \"series\": [{\"axis_position\": \"right\", \"chart_type\": \"line\", \"color\": \"#6092C0\", \"fill\": 0, \"filter\": {\"language\": \"kuery\", \"query\": \"\"}, \"formatter\": \"number\", \"id\": \"7ccbe641-07d8-11eb-985d-2f490d4c2901\", \"label\": \"galley_validation_failed\", \"line_width\": 2, \"metrics\": [{\"field\": \"prometheus.galley_validation_failed.counter\", \"id\": \"7ccbe642-07d8-11eb-985d-2f490d4c2901\", \"percentiles\": [{\"id\": \"88c0d000-07d8-11eb-86d1-6521145f6524\", \"mode\": \"line\", \"percentile\": \"\", \"shade\": 0.2, \"value\": \"50\"}, {\"id\": \"95c750d0-07d8-11eb-86d1-6521145f6524\", \"mode\": \"line\", \"percentile\": \"\", \"shade\": 0.2, \"value\": \"25\"}, {\"id\": \"9c5ec900-07d8-11eb-86d1-6521145f6524\", \"mode\": \"line\", \"percentile\": \"\", \"shade\": 0.2, \"value\": \"75\"}, {\"id\": \"9f8e3700-07d8-11eb-86d1-6521145f6524\", \"mode\": \"line\", \"percentile\": \"\", \"shade\": 0.2, \"value\": \"95\"}, {\"id\": \"a3581040-07d8-11eb-86d1-6521145f6524\", \"mode\": \"line\", \"percentile\": \"\", \"shade\": 0.2, \"value\": \"99\"}], \"type\": \"max\", \"unit\": \"\"}], \"point_size\": 0, \"separate_axis\": 0, \"split_mode\": \"terms\", \"stacked\": \"none\", \"terms_field\": \"prometheus.labels.resource\", \"terms_order_by\": \"7ccbe642-07d8-11eb-985d-2f490d4c2901\", \"terms_size\": \"10\", \"type\": \"timeseries\", \"value_template\": \"{{value}}\"}], \"show_grid\": 1, \"show_legend\": 1, \"time_field\": \"@timestamp\", \"type\": \"timeseries\"}, \"title\": \"Galley Validation Failed [Metricbeat Istio]\", \"type\": \"metrics\"}"
            },
            "id": "98b01f00-087f-11eb-a3fd-1b45ec532bb3",
            "migrationVersion": {
                "visualization": "7.8.0"
            },
            "namespaces": [
                "default"
            ],
            "references": [],
            "type": "visualization",
            "updated_at": "2020-10-13T12:53:51.050Z",
            "version": "WzUyLDFd"
        },
        {
            "attributes": {
                "description": "Pods not found in the endpoint table, possibly invalid.",
                "kibanaSavedObjectMeta": {
                    "searchSourceJSON": "{\"filter\": [], \"indexRefName\": \"kibanaSavedObjectMeta.searchSourceJSON.index\", \"query\": {\"language\": \"kuery\", \"query\": \"\"}}"
                },
                "title": "Pilot Pods without IP [Metricbeat Istio]",
                "uiStateJSON": "{}",
                "version": 1,
                "visState": "{\"aggs\": [{\"enabled\": true, \"id\": \"1\", \"params\": {\"customLabel\": \"Pilot No IP pods\", \"field\": \"prometheus.pilot_no_ip.value\"}, \"schema\": \"metric\", \"type\": \"avg\"}], \"params\": {\"addLegend\": true, \"addTooltip\": true, \"gauge\": {\"alignment\": \"automatic\", \"backStyle\": \"Full\", \"colorSchema\": \"Green to Red\", \"colorsRange\": [{\"from\": 0, \"to\": 50}, {\"from\": 50, \"to\": 75}, {\"from\": 75, \"to\": 100}], \"extendRange\": true, \"gaugeColorMode\": \"Labels\", \"gaugeStyle\": \"Full\", \"gaugeType\": \"Arc\", \"invertColors\": false, \"labels\": {\"color\": \"black\", \"show\": true}, \"orientation\": \"vertical\", \"percentageMode\": false, \"scale\": {\"color\": \"rgba(105,112,125,0.2)\", \"labels\": false, \"show\": true}, \"style\": {\"bgColor\": true, \"bgFill\": \"rgba(105,112,125,0.2)\", \"bgMask\": false, \"bgWidth\": 0.9, \"fontSize\": 60, \"mask\": false, \"maskBars\": 50, \"subText\": \"\", \"width\": 0.9}, \"type\": \"meter\"}, \"isDisplayWarning\": false, \"type\": \"gauge\"}, \"title\": \"Pilot Pods without IP [Metricbeat Istio]\", \"type\": \"gauge\"}"
            },
            "id": "4275f710-0882-11eb-a3fd-1b45ec532bb3",
            "migrationVersion": {
                "visualization": "7.8.0"
            },
            "namespaces": [
                "default"
            ],
            "references": [
                {
                    "id": "metricbeat-*",
                    "name": "kibanaSavedObjectMeta.searchSourceJSON.index",
                    "type": "index-pattern"
                }
            ],
            "type": "visualization",
            "updated_at": "2020-10-13T12:53:51.050Z",
            "version": "WzUzLDFd"
        },
        {
            "attributes": {
                "description": "Total virtual  services known to pilot.",
                "kibanaSavedObjectMeta": {
                    "searchSourceJSON": "{\"filter\": [], \"indexRefName\": \"kibanaSavedObjectMeta.searchSourceJSON.index\", \"query\": {\"language\": \"kuery\", \"query\": \"\"}}"
                },
                "title": "Pilot Virtual Services [Metricbeat Istio]",
                "uiStateJSON": "{}",
                "version": 1,
                "visState": "{\"aggs\": [{\"enabled\": true, \"id\": \"1\", \"params\": {\"customLabel\": \"Pilot Virtual Services\", \"field\": \"prometheus.pilot_virt_services.value\"}, \"schema\": \"metric\", \"type\": \"avg\"}], \"params\": {\"addLegend\": true, \"addTooltip\": true, \"gauge\": {\"alignment\": \"automatic\", \"backStyle\": \"Full\", \"colorSchema\": \"Green to Red\", \"colorsRange\": [{\"from\": 0, \"to\": 50}, {\"from\": 50, \"to\": 75}, {\"from\": 75, \"to\": 100}], \"extendRange\": true, \"gaugeColorMode\": \"Labels\", \"gaugeStyle\": \"Full\", \"gaugeType\": \"Arc\", \"invertColors\": false, \"labels\": {\"color\": \"black\", \"show\": true}, \"orientation\": \"vertical\", \"percentageMode\": false, \"scale\": {\"color\": \"rgba(105,112,125,0.2)\", \"labels\": false, \"show\": true}, \"style\": {\"bgColor\": true, \"bgFill\": \"rgba(105,112,125,0.2)\", \"bgMask\": false, \"bgWidth\": 0.9, \"fontSize\": 60, \"mask\": false, \"maskBars\": 50, \"subText\": \"\", \"width\": 0.9}, \"type\": \"meter\"}, \"isDisplayWarning\": false, \"type\": \"gauge\"}, \"title\": \"Pilot Virtual Services [Metricbeat Istio]\", \"type\": \"gauge\"}"
            },
            "id": "96bfe060-0882-11eb-a3fd-1b45ec532bb3",
            "migrationVersion": {
                "visualization": "7.8.0"
            },
            "namespaces": [
                "default"
            ],
            "references": [
                {
                    "id": "metricbeat-*",
                    "name": "kibanaSavedObjectMeta.searchSourceJSON.index",
                    "type": "index-pattern"
                }
            ],
            "type": "visualization",
            "updated_at": "2020-10-13T12:53:51.050Z",
            "version": "WzU0LDFd"
        },
        {
            "attributes": {
                "description": "Total services known to pilot.",
                "kibanaSavedObjectMeta": {
                    "searchSourceJSON": "{\"filter\": [], \"indexRefName\": \"kibanaSavedObjectMeta.searchSourceJSON.index\", \"query\": {\"language\": \"kuery\", \"query\": \"\"}}"
                },
                "title": "Pilot Services [Metricbeat Istio]",
                "uiStateJSON": "{}",
                "version": 1,
                "visState": "{\"aggs\": [{\"enabled\": true, \"id\": \"1\", \"params\": {\"customLabel\": \"Pilot Services\", \"field\": \"prometheus.pilot_services.value\"}, \"schema\": \"metric\", \"type\": \"avg\"}], \"params\": {\"addLegend\": true, \"addTooltip\": true, \"gauge\": {\"alignment\": \"automatic\", \"backStyle\": \"Full\", \"colorSchema\": \"Green to Red\", \"colorsRange\": [{\"from\": 0, \"to\": 50}, {\"from\": 50, \"to\": 75}, {\"from\": 75, \"to\": 100}], \"extendRange\": true, \"gaugeColorMode\": \"Labels\", \"gaugeStyle\": \"Full\", \"gaugeType\": \"Arc\", \"invertColors\": false, \"labels\": {\"color\": \"black\", \"show\": true}, \"orientation\": \"vertical\", \"percentageMode\": false, \"scale\": {\"color\": \"rgba(105,112,125,0.2)\", \"labels\": false, \"show\": true}, \"style\": {\"bgColor\": true, \"bgFill\": \"rgba(105,112,125,0.2)\", \"bgMask\": false, \"bgWidth\": 0.9, \"fontSize\": 60, \"mask\": false, \"maskBars\": 50, \"subText\": \"\", \"width\": 0.9}, \"type\": \"meter\"}, \"isDisplayWarning\": false, \"type\": \"gauge\"}, \"title\": \"Pilot Services [Metricbeat Istio]\", \"type\": \"gauge\"}"
            },
            "id": "6cfbe3f0-0882-11eb-a3fd-1b45ec532bb3",
            "migrationVersion": {
                "visualization": "7.8.0"
            },
            "namespaces": [
                "default"
            ],
            "references": [
                {
                    "id": "metricbeat-*",
                    "name": "kibanaSavedObjectMeta.searchSourceJSON.index",
                    "type": "index-pattern"
                }
            ],
            "type": "visualization",
            "updated_at": "2020-10-13T12:53:51.050Z",
            "version": "WzU1LDFd"
        },
        {
            "attributes": {
                "description": "Number of clusters without instances.",
                "kibanaSavedObjectMeta": {
                    "searchSourceJSON": "{\"filter\": [], \"indexRefName\": \"kibanaSavedObjectMeta.searchSourceJSON.index\", \"query\": {\"language\": \"kuery\", \"query\": \"\"}}"
                },
                "title": "Pilot eds Instances [Metricbeat Istio]",
                "uiStateJSON": "{}",
                "version": 1,
                "visState": "{\"aggs\": [{\"enabled\": true, \"id\": \"1\", \"params\": {\"customLabel\": \"Pilot eds instnaces\", \"field\": \"prometheus.pilot_eds_no_instances.value\"}, \"schema\": \"metric\", \"type\": \"avg\"}], \"params\": {\"addLegend\": true, \"addTooltip\": true, \"gauge\": {\"alignment\": \"automatic\", \"backStyle\": \"Full\", \"colorSchema\": \"Green to Red\", \"colorsRange\": [{\"from\": 0, \"to\": 50}, {\"from\": 50, \"to\": 75}, {\"from\": 75, \"to\": 100}], \"extendRange\": true, \"gaugeColorMode\": \"Labels\", \"gaugeStyle\": \"Full\", \"gaugeType\": \"Arc\", \"invertColors\": false, \"labels\": {\"color\": \"black\", \"show\": true}, \"orientation\": \"vertical\", \"percentageMode\": false, \"scale\": {\"color\": \"rgba(105,112,125,0.2)\", \"labels\": false, \"show\": true}, \"style\": {\"bgColor\": true, \"bgFill\": \"rgba(105,112,125,0.2)\", \"bgMask\": false, \"bgWidth\": 0.9, \"fontSize\": 60, \"mask\": false, \"maskBars\": 50, \"subText\": \"\", \"width\": 0.9}, \"type\": \"meter\"}, \"isDisplayWarning\": false, \"type\": \"gauge\"}, \"title\": \"Pilot eds Instances [Metricbeat Istio]\", \"type\": \"gauge\"}"
            },
            "id": "12cdcce0-0882-11eb-a3fd-1b45ec532bb3",
            "migrationVersion": {
                "visualization": "7.8.0"
            },
            "namespaces": [
                "default"
            ],
            "references": [
                {
                    "id": "metricbeat-*",
                    "name": "kibanaSavedObjectMeta.searchSourceJSON.index",
                    "type": "index-pattern"
                }
            ],
            "type": "visualization",
            "updated_at": "2020-10-13T12:53:51.050Z",
            "version": "WzU2LDFd"
        },
        {
            "attributes": {
                "description": "The number of certificates issuances that have succeeded.",
                "kibanaSavedObjectMeta": {
                    "searchSourceJSON": "{}"
                },
                "title": "Citadel Cert Issuance [Metricbeat Istio]",
                "uiStateJSON": "{}",
                "version": 1,
                "visState": "{\"aggs\": [], \"params\": {\"axis_formatter\": \"number\", \"axis_min\": 0, \"axis_position\": \"left\", \"axis_scale\": \"normal\", \"default_index_pattern\": \"metricbeat-*\", \"default_timefield\": \"@timestamp\", \"filter\": {\"language\": \"kuery\", \"query\": \"\"}, \"id\": \"7ccbe640-07d8-11eb-985d-2f490d4c2901\", \"index_pattern\": \"metricbeat-*\", \"interval\": \"auto\", \"isModelInvalid\": false, \"series\": [{\"axis_position\": \"right\", \"chart_type\": \"line\", \"color\": \"#6092C0\", \"fill\": 0, \"filter\": {\"language\": \"kuery\", \"query\": \"\"}, \"formatter\": \"number\", \"id\": \"7ccbe641-07d8-11eb-985d-2f490d4c2901\", \"label\": \"success_cert_issuance\", \"line_width\": 2, \"metrics\": [{\"field\": \"prometheus.citadel_server_success_cert_issuance_count.counter\", \"id\": \"7ccbe642-07d8-11eb-985d-2f490d4c2901\", \"percentiles\": [{\"id\": \"88c0d000-07d8-11eb-86d1-6521145f6524\", \"mode\": \"line\", \"percentile\": \"\", \"shade\": 0.2, \"value\": \"50\"}, {\"id\": \"95c750d0-07d8-11eb-86d1-6521145f6524\", \"mode\": \"line\", \"percentile\": \"\", \"shade\": 0.2, \"value\": \"25\"}, {\"id\": \"9c5ec900-07d8-11eb-86d1-6521145f6524\", \"mode\": \"line\", \"percentile\": \"\", \"shade\": 0.2, \"value\": \"75\"}, {\"id\": \"9f8e3700-07d8-11eb-86d1-6521145f6524\", \"mode\": \"line\", \"percentile\": \"\", \"shade\": 0.2, \"value\": \"95\"}, {\"id\": \"a3581040-07d8-11eb-86d1-6521145f6524\", \"mode\": \"line\", \"percentile\": \"\", \"shade\": 0.2, \"value\": \"99\"}], \"type\": \"max\", \"unit\": \"\"}], \"point_size\": 0, \"separate_axis\": 0, \"split_mode\": \"everything\", \"stacked\": \"none\", \"terms_field\": \"prometheus.labels.type\", \"terms_order_by\": \"7ccbe642-07d8-11eb-985d-2f490d4c2901\", \"terms_size\": \"4\", \"type\": \"timeseries\", \"value_template\": \"{{value}}\"}], \"show_grid\": 1, \"show_legend\": 1, \"time_field\": \"@timestamp\", \"type\": \"timeseries\"}, \"title\": \"Citadel Cert Issuance [Metricbeat Istio]\", \"type\": \"metrics\"}"
            },
            "id": "506c8490-087f-11eb-a3fd-1b45ec532bb3",
            "migrationVersion": {
                "visualization": "7.8.0"
            },
            "namespaces": [
                "default"
            ],
            "references": [],
            "type": "visualization",
            "updated_at": "2020-10-13T12:53:51.050Z",
            "version": "WzU3LDFd"
        },
        {
            "attributes": {
                "description": "Number of endpoints connected to this pilot using XDS.",
                "kibanaSavedObjectMeta": {
                    "searchSourceJSON": "{}"
                },
                "title": "Pilot XDS endpoints [Metricbeat Istio]",
                "uiStateJSON": "{}",
                "version": 1,
                "visState": "{\"aggs\": [], \"params\": {\"axis_formatter\": \"number\", \"axis_min\": 0, \"axis_position\": \"left\", \"axis_scale\": \"normal\", \"default_index_pattern\": \"metricbeat-*\", \"default_timefield\": \"@timestamp\", \"filter\": {\"language\": \"kuery\", \"query\": \"\"}, \"id\": \"7ccbe640-07d8-11eb-985d-2f490d4c2901\", \"index_pattern\": \"metricbeat-*\", \"interval\": \"auto\", \"isModelInvalid\": false, \"series\": [{\"axis_position\": \"right\", \"chart_type\": \"line\", \"color\": \"#6092C0\", \"fill\": 0, \"formatter\": \"number\", \"id\": \"7ccbe641-07d8-11eb-985d-2f490d4c2901\", \"label\": \"pilot_xds\", \"line_width\": 2, \"metrics\": [{\"field\": \"prometheus.pilot_xds.value\", \"id\": \"7ccbe642-07d8-11eb-985d-2f490d4c2901\", \"percentiles\": [{\"id\": \"88c0d000-07d8-11eb-86d1-6521145f6524\", \"mode\": \"line\", \"percentile\": \"\", \"shade\": 0.2, \"value\": \"50\"}, {\"id\": \"95c750d0-07d8-11eb-86d1-6521145f6524\", \"mode\": \"line\", \"percentile\": \"\", \"shade\": 0.2, \"value\": \"25\"}, {\"id\": \"9c5ec900-07d8-11eb-86d1-6521145f6524\", \"mode\": \"line\", \"percentile\": \"\", \"shade\": 0.2, \"value\": \"75\"}, {\"id\": \"9f8e3700-07d8-11eb-86d1-6521145f6524\", \"mode\": \"line\", \"percentile\": \"\", \"shade\": 0.2, \"value\": \"95\"}, {\"id\": \"a3581040-07d8-11eb-86d1-6521145f6524\", \"mode\": \"line\", \"percentile\": \"\", \"shade\": 0.2, \"value\": \"99\"}], \"type\": \"avg\"}], \"point_size\": 0, \"separate_axis\": 0, \"split_mode\": \"everything\", \"stacked\": \"none\", \"type\": \"timeseries\", \"value_template\": \"{{value}}\"}], \"show_grid\": 1, \"show_legend\": 1, \"time_field\": \"@timestamp\", \"type\": \"timeseries\"}, \"title\": \"Pilot XDS endpoints [Metricbeat Istio]\", \"type\": \"metrics\"}"
            },
            "id": "e5f3e870-0882-11eb-a3fd-1b45ec532bb3",
            "migrationVersion": {
                "visualization": "7.8.0"
            },
            "namespaces": [
                "default"
            ],
            "references": [],
            "type": "visualization",
            "updated_at": "2020-10-13T12:53:51.050Z",
            "version": "WzU4LDFd"
        },
        {
            "attributes": {
                "description": "Total number of XDS requests with an expired nonce.",
                "kibanaSavedObjectMeta": {
                    "searchSourceJSON": "{}"
                },
                "title": "Pilot XDS expired [Metricbeat Istio]",
                "uiStateJSON": "{}",
                "version": 1,
                "visState": "{\"aggs\": [], \"params\": {\"axis_formatter\": \"number\", \"axis_min\": 0, \"axis_position\": \"left\", \"axis_scale\": \"normal\", \"default_index_pattern\": \"metricbeat-*\", \"default_timefield\": \"@timestamp\", \"filter\": {\"language\": \"kuery\", \"query\": \"\"}, \"id\": \"7ccbe640-07d8-11eb-985d-2f490d4c2901\", \"index_pattern\": \"metricbeat-*\", \"interval\": \"auto\", \"isModelInvalid\": false, \"series\": [{\"axis_position\": \"right\", \"chart_type\": \"line\", \"color\": \"#6092C0\", \"fill\": 0, \"formatter\": \"number\", \"id\": \"7ccbe641-07d8-11eb-985d-2f490d4c2901\", \"label\": \"pilot_xds_expired_nonce\", \"line_width\": 2, \"metrics\": [{\"field\": \"prometheus.pilot_xds_expired_nonce.counter\", \"id\": \"7ccbe642-07d8-11eb-985d-2f490d4c2901\", \"percentiles\": [{\"id\": \"88c0d000-07d8-11eb-86d1-6521145f6524\", \"mode\": \"line\", \"percentile\": \"\", \"shade\": 0.2, \"value\": \"50\"}, {\"id\": \"95c750d0-07d8-11eb-86d1-6521145f6524\", \"mode\": \"line\", \"percentile\": \"\", \"shade\": 0.2, \"value\": \"25\"}, {\"id\": \"9c5ec900-07d8-11eb-86d1-6521145f6524\", \"mode\": \"line\", \"percentile\": \"\", \"shade\": 0.2, \"value\": \"75\"}, {\"id\": \"9f8e3700-07d8-11eb-86d1-6521145f6524\", \"mode\": \"line\", \"percentile\": \"\", \"shade\": 0.2, \"value\": \"95\"}, {\"id\": \"a3581040-07d8-11eb-86d1-6521145f6524\", \"mode\": \"line\", \"percentile\": \"\", \"shade\": 0.2, \"value\": \"99\"}], \"type\": \"avg\"}], \"point_size\": 0, \"separate_axis\": 0, \"split_mode\": \"everything\", \"stacked\": \"none\", \"type\": \"timeseries\", \"value_template\": \"{{value}}\"}], \"show_grid\": 1, \"show_legend\": 1, \"time_field\": \"@timestamp\", \"type\": \"timeseries\"}, \"title\": \"Pilot XDS expired [Metricbeat Istio]\", \"type\": \"metrics\"}"
            },
            "id": "0ed17c80-0883-11eb-a3fd-1b45ec532bb3",
            "migrationVersion": {
                "visualization": "7.8.0"
            },
            "namespaces": [
                "default"
            ],
            "references": [],
            "type": "visualization",
            "updated_at": "2020-10-13T12:53:51.050Z",
            "version": "WzU5LDFd"
        }
    ],
    "version": "7.9.0"
}