{
    "objects": [
        {
            "attributes": {
                "description": "This dashboard shows application pools metrics for the IIS server.",
                "hits": 0,
                "kibanaSavedObjectMeta": {
                    "searchSourceJSON": "{\"filter\": [], \"query\": {\"language\": \"kuery\", \"query\": \"\"}}"
                },
                "optionsJSON": "{\"hidePanelTitles\": false, \"useMargins\": true}",
                "panelsJSON": "[{\"embeddableConfig\": {\"title\": \"\"}, \"gridData\": {\"h\": 5, \"i\": \"43790631-73f5-4f5e-824e-aa9d3f4f5664\", \"w\": 9, \"x\": 0, \"y\": 0}, \"panelIndex\": \"43790631-73f5-4f5e-824e-aa9d3f4f5664\", \"panelRefName\": \"panel_0\", \"version\": \"7.6.0\"}, {\"embeddableConfig\": {\"title\": \"Thread Count\"}, \"gridData\": {\"h\": 11, \"i\": \"b94f6dac-0f16-4781-ac08-d632154458a6\", \"w\": 20, \"x\": 9, \"y\": 0}, \"panelIndex\": \"b94f6dac-0f16-4781-ac08-d632154458a6\", \"panelRefName\": \"panel_1\", \"title\": \"Thread Count\", \"version\": \"7.6.0\"}, {\"embeddableConfig\": {\"title\": \"Handle Count\"}, \"gridData\": {\"h\": 11, \"i\": \"a3c19f11-99d4-4794-8ebb-aa2b3583577b\", \"w\": 19, \"x\": 29, \"y\": 0}, \"panelIndex\": \"a3c19f11-99d4-4794-8ebb-aa2b3583577b\", \"panelRefName\": \"panel_2\", \"title\": \"Handle Count\", \"version\": \"7.6.0\"}, {\"embeddableConfig\": {\"title\": \"Filters\"}, \"gridData\": {\"h\": 6, \"i\": \"10fe7306-655b-4bc6-b078-892f91d0d9ea\", \"w\": 9, \"x\": 0, \"y\": 5}, \"panelIndex\": \"10fe7306-655b-4bc6-b078-892f91d0d9ea\", \"panelRefName\": \"panel_3\", \"title\": \"Filters\", \"version\": \"7.6.0\"}, {\"embeddableConfig\": {\"title\": \"IO Write Operations\"}, \"gridData\": {\"h\": 15, \"i\": \"4dfc6a98-4749-47a8-a92e-ee955cf20c00\", \"w\": 24, \"x\": 0, \"y\": 11}, \"panelIndex\": \"4dfc6a98-4749-47a8-a92e-ee955cf20c00\", \"panelRefName\": \"panel_4\", \"title\": \"IO Write Operations\", \"version\": \"7.6.0\"}, {\"embeddableConfig\": {\"title\": \"IO Read Operations\"}, \"gridData\": {\"h\": 15, \"i\": \"bae63734-a752-46c3-8083-8c12eabca5aa\", \"w\": 24, \"x\": 24, \"y\": 11}, \"panelIndex\": \"bae63734-a752-46c3-8083-8c12eabca5aa\", \"panelRefName\": \"panel_5\", \"title\": \"IO Read Operations\", \"version\": \"7.6.0\"}, {\"embeddableConfig\": {\"title\": \"Working Set\"}, \"gridData\": {\"h\": 15, \"i\": \"ce663f89-7cf9-4659-af06-2128f7d2f74b\", \"w\": 24, \"x\": 0, \"y\": 26}, \"panelIndex\": \"ce663f89-7cf9-4659-af06-2128f7d2f74b\", \"panelRefName\": \"panel_6\", \"title\": \"Working Set\", \"version\": \"7.6.0\"}, {\"embeddableConfig\": {\"title\": \"Virtual Bytes\"}, \"gridData\": {\"h\": 15, \"i\": \"99da2951-fb14-4a18-8a0c-4647daa9b626\", \"w\": 24, \"x\": 24, \"y\": 41}, \"panelIndex\": \"99da2951-fb14-4a18-8a0c-4647daa9b626\", \"panelRefName\": \"panel_7\", \"title\": \"Virtual Bytes\", \"version\": \"7.6.0\"}, {\"embeddableConfig\": {\"title\": \"Private Bytes\"}, \"gridData\": {\"h\": 15, \"i\": \"71985962-b5c9-412e-a99f-b55ed988f4ea\", \"w\": 24, \"x\": 0, \"y\": 41}, \"panelIndex\": \"71985962-b5c9-412e-a99f-b55ed988f4ea\", \"panelRefName\": \"panel_8\", \"title\": \"Private Bytes\", \"version\": \"7.6.0\"}, {\"embeddableConfig\": {\"title\": \"CPU Usage\"}, \"gridData\": {\"h\": 15, \"i\": \"347b6893-0ab0-47fc-9e80-efc9bf47f13e\", \"w\": 24, \"x\": 24, \"y\": 26}, \"panelIndex\": \"347b6893-0ab0-47fc-9e80-efc9bf47f13e\", \"panelRefName\": \"panel_9\", \"title\": \"CPU Usage\", \"version\": \"7.6.0\"}]",
                "timeRestore": false,
                "title": "[Metricbeat IIS] Application Pool Overview",
                "version": 1
            },
            "id": "b4108810-861c-11ea-91bc-ab084c7ec0e7",
            "migrationVersion": {
                "dashboard": "7.3.0"
            },
            "references": [
                {
                    "id": "dc97bec0-861c-11ea-91bc-ab084c7ec0e7",
                    "name": "panel_0",
                    "type": "visualization"
                },
                {
                    "id": "41324ad0-861d-11ea-91bc-ab084c7ec0e7",
                    "name": "panel_1",
                    "type": "visualization"
                },
                {
                    "id": "98b90fa0-861d-11ea-91bc-ab084c7ec0e7",
                    "name": "panel_2",
                    "type": "visualization"
                },
                {
                    "id": "dd419de0-861d-11ea-91bc-ab084c7ec0e7",
                    "name": "panel_3",
                    "type": "visualization"
                },
                {
                    "id": "442a86c0-861e-11ea-91bc-ab084c7ec0e7",
                    "name": "panel_4",
                    "type": "visualization"
                },
                {
                    "id": "29a23aa0-861e-11ea-91bc-ab084c7ec0e7",
                    "name": "panel_5",
                    "type": "visualization"
                },
                {
                    "id": "34bfec50-8620-11ea-91bc-ab084c7ec0e7",
                    "name": "panel_6",
                    "type": "visualization"
                },
                {
                    "id": "14300bf0-8620-11ea-91bc-ab084c7ec0e7",
                    "name": "panel_7",
                    "type": "visualization"
                },
                {
                    "id": "f7194cc0-861f-11ea-91bc-ab084c7ec0e7",
                    "name": "panel_8",
                    "type": "visualization"
                },
                {
                    "id": "90fe3b30-861f-11ea-91bc-ab084c7ec0e7",
                    "name": "panel_9",
                    "type": "visualization"
                }
            ],
            "type": "dashboard",
            "updated_at": "2020-04-24T12:19:57.800Z",
            "version": "Wzk3MzMsMTNd"
        },
        {
            "attributes": {
                "description": "",
                "kibanaSavedObjectMeta": {
                    "searchSourceJSON": "{\"filter\": [], \"query\": {\"language\": \"kuery\", \"query\": \"\"}}"
                },
                "title": "Navigation Application Pool Overview [Metricbeat IIS]",
                "uiStateJSON": "{}",
                "version": 1,
                "visState": "{\"aggs\": [], \"params\": {\"fontSize\": 10, \"markdown\": \"### IIS\\n\\n[Webserver](#/dashboard/ebc23240-8572-11ea-91bc-ab084c7ec0e7)| [Webserver processes](#/dashboard/2c171500-858b-11ea-91bc-ab084c7ec0e7) | [Websites](#/dashboard/4b975820-85a1-11ea-91bc-ab084c7ec0e7) | [**Application Pools**](#/dashboard/b4108810-861c-11ea-91bc-ab084c7ec0e7) \", \"openLinksInNewTab\": false}, \"title\": \"Navigation Application Pool Overview [Metricbeat IIS]\", \"type\": \"markdown\"}"
            },
            "id": "dc97bec0-861c-11ea-91bc-ab084c7ec0e7",
            "migrationVersion": {
                "visualization": "7.4.2"
            },
            "references": [],
            "type": "visualization",
            "updated_at": "2020-04-24T11:54:38.997Z",
            "version": "WzkzMTksMTNd"
        },
        {
            "attributes": {
                "description": "",
                "kibanaSavedObjectMeta": {
                    "searchSourceJSON": "{\"filter\": [], \"query\": {\"language\": \"kuery\", \"query\": \"\"}}"
                },
                "title": "Application Pool Thread Count [Metricbeat IIS]",
                "uiStateJSON": "{}",
                "version": 1,
                "visState": "{\"aggs\": [], \"params\": {\"axis_formatter\": \"number\", \"axis_min\": 0, \"axis_position\": \"left\", \"axis_scale\": \"normal\", \"background_color\": null, \"background_color_rules\": [{\"id\": \"71978870-32e4-11ea-af9e-d70582a45bda\"}], \"bar_color_rules\": [{\"id\": \"f11cfd90-32e5-11ea-af9e-d70582a45bda\"}], \"default_index_pattern\": \"metricbeat-*\", \"default_timefield\": \"@timestamp\", \"drilldown_url\": \"\", \"filter\": {\"language\": \"kuery\", \"query\": \"\"}, \"gauge_color_rules\": [{\"id\": \"9c09ed50-32e4-11ea-af9e-d70582a45bda\"}], \"gauge_inner_color\": null, \"gauge_inner_width\": \"6\", \"gauge_style\": \"circle\", \"gauge_width\": \"10\", \"id\": \"61fb4190-32e4-11ea-b9f8-4d0b340ad993\", \"index_pattern\": \"metricbeat-*\", \"interval\": \"60m\", \"isModelInvalid\": false, \"pivot_id\": \"cloud.instance.name\", \"pivot_label\": \"Resource Name\", \"pivot_rows\": \"30\", \"pivot_type\": \"string\", \"series\": [{\"axis_position\": \"right\", \"chart_type\": \"line\", \"color\": \"rgba(22,165,165,1)\", \"fill\": \"1.2\", \"filter\": {\"language\": \"kuery\", \"query\": \"\"}, \"formatter\": \"number\", \"id\": \"61fb4191-32e4-11ea-b9f8-4d0b340ad993\", \"label\": \"Thread Count\", \"line_width\": 2, \"metrics\": [{\"agg_with\": \"avg\", \"field\": \"iis.application_pool.process.thread_count\", \"id\": \"61fb4192-32e4-11ea-b9f8-4d0b340ad993\", \"order\": \"desc\", \"order_by\": \"@timestamp\", \"size\": 1, \"type\": \"top_hit\"}], \"point_size\": 0, \"separate_axis\": 0, \"split_color_mode\": \"gradient\", \"split_mode\": \"terms\", \"stacked\": \"none\", \"terms_field\": \"iis.application_pool.name\", \"terms_order_by\": \"_count\", \"type\": \"timeseries\", \"value_template\": \"{{value}} \"}], \"show_grid\": 1, \"show_legend\": 1, \"time_field\": \"@timestamp\", \"time_range_mode\": \"entire_time_range\", \"type\": \"top_n\"}, \"title\": \"Application Pool Thread Count [Metricbeat IIS]\", \"type\": \"metrics\"}"
            },
            "id": "41324ad0-861d-11ea-91bc-ab084c7ec0e7",
            "migrationVersion": {
                "visualization": "7.4.2"
            },
            "references": [],
            "type": "visualization",
            "updated_at": "2020-04-24T11:17:59.421Z",
            "version": "WzkwMDMsMTNd"
        },
        {
            "attributes": {
                "description": "",
                "kibanaSavedObjectMeta": {
                    "searchSourceJSON": "{\"filter\": [], \"query\": {\"language\": \"kuery\", \"query\": \"\"}}"
                },
                "title": "Application Pool Handle Count [Metricbeat IIS]",
                "uiStateJSON": "{}",
                "version": 1,
                "visState": "{\"aggs\": [], \"params\": {\"axis_formatter\": \"number\", \"axis_min\": 0, \"axis_position\": \"left\", \"axis_scale\": \"normal\", \"background_color\": null, \"background_color_rules\": [{\"id\": \"71978870-32e4-11ea-af9e-d70582a45bda\"}], \"bar_color_rules\": [{\"id\": \"f11cfd90-32e5-11ea-af9e-d70582a45bda\"}], \"default_index_pattern\": \"metricbeat-*\", \"default_timefield\": \"@timestamp\", \"drilldown_url\": \"\", \"filter\": {\"language\": \"kuery\", \"query\": \"\"}, \"gauge_color_rules\": [{\"id\": \"9c09ed50-32e4-11ea-af9e-d70582a45bda\"}], \"gauge_inner_color\": null, \"gauge_inner_width\": \"6\", \"gauge_style\": \"circle\", \"gauge_width\": \"10\", \"id\": \"61fb4190-32e4-11ea-b9f8-4d0b340ad993\", \"index_pattern\": \"metricbeat-*\", \"interval\": \"60m\", \"isModelInvalid\": false, \"pivot_id\": \"cloud.instance.name\", \"pivot_label\": \"Resource Name\", \"pivot_rows\": \"30\", \"pivot_type\": \"string\", \"series\": [{\"axis_position\": \"right\", \"chart_type\": \"line\", \"color\": \"rgba(101,50,148,1)\", \"fill\": \"1.2\", \"filter\": {\"language\": \"kuery\", \"query\": \"\"}, \"formatter\": \"number\", \"id\": \"61fb4191-32e4-11ea-b9f8-4d0b340ad993\", \"label\": \"Handle Count\", \"line_width\": 2, \"metrics\": [{\"agg_with\": \"avg\", \"field\": \"iis.application_pool.process.handle_count\", \"id\": \"61fb4192-32e4-11ea-b9f8-4d0b340ad993\", \"order\": \"desc\", \"order_by\": \"@timestamp\", \"size\": 1, \"type\": \"top_hit\"}], \"point_size\": 0, \"separate_axis\": 0, \"split_color_mode\": \"gradient\", \"split_mode\": \"terms\", \"stacked\": \"none\", \"terms_field\": \"iis.application_pool.name\", \"terms_order_by\": \"61fb4192-32e4-11ea-b9f8-4d0b340ad993\", \"type\": \"timeseries\", \"value_template\": \"{{value}} \"}], \"show_grid\": 1, \"show_legend\": 1, \"time_field\": \"@timestamp\", \"time_range_mode\": \"entire_time_range\", \"type\": \"top_n\"}, \"title\": \"Application Pool Handle Count [Metricbeat IIS]\", \"type\": \"metrics\"}"
            },
            "id": "98b90fa0-861d-11ea-91bc-ab084c7ec0e7",
            "migrationVersion": {
                "visualization": "7.4.2"
            },
            "references": [],
            "type": "visualization",
            "updated_at": "2020-04-24T11:20:26.266Z",
            "version": "WzkwMTgsMTNd"
        },
        {
            "attributes": {
                "description": "",
                "kibanaSavedObjectMeta": {
                    "searchSourceJSON": "{\"filter\": [], \"query\": {\"language\": \"kuery\", \"query\": \"\"}}"
                },
                "title": "Application Pool Filters [Metricbeat IIS]",
                "uiStateJSON": "{}",
                "version": 1,
                "visState": "{\"aggs\": [], \"params\": {\"controls\": [{\"fieldName\": \"iis.application_pool.name\", \"id\": \"1549397251041\", \"indexPatternRefName\": \"control_0_index_pattern\", \"label\": \"Application Pools\", \"options\": {\"dynamicOptions\": true, \"multiselect\": true, \"order\": \"desc\", \"size\": 5, \"type\": \"terms\"}, \"parent\": \"\", \"type\": \"list\"}], \"pinFilters\": false, \"updateFiltersOnChange\": true, \"useTimeFilter\": false}, \"title\": \"Application Pool Filters [Metricbeat IIS]\", \"type\": \"input_control_vis\"}"
            },
            "id": "dd419de0-861d-11ea-91bc-ab084c7ec0e7",
            "migrationVersion": {
                "visualization": "7.4.2"
            },
            "references": [
                {
                    "id": "metricbeat-*",
                    "name": "control_0_index_pattern",
                    "type": "index-pattern"
                }
            ],
            "type": "visualization",
            "updated_at": "2020-04-24T11:22:21.246Z",
            "version": "WzkwMjksMTNd"
        },
        {
            "attributes": {
                "description": "",
                "kibanaSavedObjectMeta": {
                    "searchSourceJSON": "{\"filter\": [], \"query\": {\"language\": \"kuery\", \"query\": \"\"}}"
                },
                "title": "Application Pool IO Write Operations [Metricbeat IIS]",
                "uiStateJSON": "{}",
                "version": 1,
                "visState": "{\"aggs\": [], \"params\": {\"axis_formatter\": \"number\", \"axis_min\": 0, \"axis_position\": \"left\", \"axis_scale\": \"normal\", \"default_index_pattern\": \"metricbeat-*\", \"default_timefield\": \"@timestamp\", \"filter\": {\"language\": \"kuery\", \"query\": \"\"}, \"id\": \"c9fd65d0-32e8-11ea-84f4-e9593f8ba8f6\", \"index_pattern\": \"metricbeat-*\", \"interval\": \"\", \"isModelInvalid\": false, \"series\": [{\"axis_position\": \"right\", \"chart_type\": \"line\", \"color\": \"rgba(104,188,0,1)\", \"fill\": \"0\", \"formatter\": \"number\", \"id\": \"c9fd8ce0-32e8-11ea-84f4-e9593f8ba8f6\", \"label\": \"IO Write Operations/s\", \"line_width\": \"2\", \"metrics\": [{\"field\": \"iis.application_pool.process.io_write_operations_per_sec\", \"id\": \"c9fd8ce1-32e8-11ea-84f4-e9593f8ba8f6\", \"type\": \"avg\"}], \"point_size\": 0, \"separate_axis\": 0, \"split_color_mode\": \"rainbow\", \"split_mode\": \"terms\", \"stacked\": \"none\", \"terms_field\": \"iis.application_pool.name\", \"type\": \"timeseries\", \"value_template\": \"{{value}}/s\"}], \"show_grid\": 1, \"show_legend\": 1, \"time_field\": \"@timestamp\", \"type\": \"timeseries\"}, \"title\": \"Application Pool IO Write Operations [Metricbeat IIS]\", \"type\": \"metrics\"}"
            },
            "id": "442a86c0-861e-11ea-91bc-ab084c7ec0e7",
            "migrationVersion": {
                "visualization": "7.4.2"
            },
            "references": [],
            "type": "visualization",
            "updated_at": "2020-04-24T11:25:13.899Z",
            "version": "WzkwNDIsMTNd"
        },
        {
            "attributes": {
                "description": "",
                "kibanaSavedObjectMeta": {
                    "searchSourceJSON": "{\"filter\": [], \"query\": {\"language\": \"kuery\", \"query\": \"\"}}"
                },
                "title": "Application Pool IO Read Operations [Metricbeat IIS]",
                "uiStateJSON": "{}",
                "version": 1,
                "visState": "{\"aggs\": [], \"params\": {\"axis_formatter\": \"number\", \"axis_min\": 0, \"axis_position\": \"left\", \"axis_scale\": \"normal\", \"default_index_pattern\": \"metricbeat-*\", \"default_timefield\": \"@timestamp\", \"filter\": {\"language\": \"kuery\", \"query\": \"\"}, \"id\": \"c9fd65d0-32e8-11ea-84f4-e9593f8ba8f6\", \"index_pattern\": \"metricbeat-*\", \"interval\": \"\", \"isModelInvalid\": false, \"series\": [{\"axis_position\": \"right\", \"chart_type\": \"line\", \"color\": \"rgba(252,196,0,1)\", \"fill\": \"0\", \"formatter\": \"number\", \"id\": \"c9fd8ce0-32e8-11ea-84f4-e9593f8ba8f6\", \"label\": \"IO Read Operations/s\", \"line_width\": \"2\", \"metrics\": [{\"field\": \"iis.application_pool.process.io_read_operations_per_sec\", \"id\": \"c9fd8ce1-32e8-11ea-84f4-e9593f8ba8f6\", \"type\": \"avg\"}], \"point_size\": 0, \"separate_axis\": 0, \"split_color_mode\": \"rainbow\", \"split_mode\": \"terms\", \"stacked\": \"none\", \"terms_field\": \"iis.application_pool.name\", \"type\": \"timeseries\", \"value_template\": \"{{value}}/s\"}], \"show_grid\": 1, \"show_legend\": 1, \"time_field\": \"@timestamp\", \"type\": \"timeseries\"}, \"title\": \"Application Pool IO Read Operations [Metricbeat IIS]\", \"type\": \"metrics\"}"
            },
            "id": "29a23aa0-861e-11ea-91bc-ab084c7ec0e7",
            "migrationVersion": {
                "visualization": "7.4.2"
            },
            "references": [],
            "type": "visualization",
            "updated_at": "2020-04-24T11:26:30.995Z",
            "version": "WzkwNjcsMTNd"
        },
        {
            "attributes": {
                "description": "",
                "kibanaSavedObjectMeta": {
                    "searchSourceJSON": "{\"filter\": [], \"query\": {\"language\": \"kuery\", \"query\": \"\"}}"
                },
                "title": "Application Pool Working Set [Metricbeat IIS]",
                "uiStateJSON": "{}",
                "version": 1,
                "visState": "{\"aggs\": [], \"params\": {\"axis_formatter\": \"number\", \"axis_min\": 0, \"axis_position\": \"left\", \"axis_scale\": \"normal\", \"default_index_pattern\": \"metricbeat-*\", \"default_timefield\": \"@timestamp\", \"filter\": {\"language\": \"kuery\", \"query\": \"\"}, \"id\": \"c9fd65d0-32e8-11ea-84f4-e9593f8ba8f6\", \"index_pattern\": \"metricbeat-*\", \"interval\": \"\", \"isModelInvalid\": false, \"series\": [{\"axis_position\": \"right\", \"chart_type\": \"line\", \"color\": \"rgba(115,216,255,1)\", \"fill\": \"0\", \"formatter\": \"bytes\", \"id\": \"c9fd8ce0-32e8-11ea-84f4-e9593f8ba8f6\", \"label\": \"Working Set\", \"line_width\": \"2\", \"metrics\": [{\"field\": \"iis.application_pool.process.working_set\", \"id\": \"c9fd8ce1-32e8-11ea-84f4-e9593f8ba8f6\", \"type\": \"avg\"}], \"point_size\": 0, \"separate_axis\": 0, \"split_color_mode\": \"rainbow\", \"split_mode\": \"terms\", \"stacked\": \"none\", \"terms_field\": \"iis.application_pool.name\", \"type\": \"timeseries\", \"value_template\": \"{{value}}\"}], \"show_grid\": 1, \"show_legend\": 1, \"time_field\": \"@timestamp\", \"type\": \"timeseries\"}, \"title\": \"Application Pool Working Set [Metricbeat IIS]\", \"type\": \"metrics\"}"
            },
            "id": "34bfec50-8620-11ea-91bc-ab084c7ec0e7",
            "migrationVersion": {
                "visualization": "7.4.2"
            },
            "references": [],
            "type": "visualization",
            "updated_at": "2020-04-24T11:39:22.702Z",
            "version": "WzkxMTEsMTNd"
        },
        {
            "attributes": {
                "description": "",
                "kibanaSavedObjectMeta": {
                    "searchSourceJSON": "{\"filter\": [], \"query\": {\"language\": \"kuery\", \"query\": \"\"}}"
                },
                "title": "Application Pool Virtual Bytes [Metricbeat IIS]",
                "uiStateJSON": "{}",
                "version": 1,
                "visState": "{\"aggs\": [], \"params\": {\"axis_formatter\": \"number\", \"axis_min\": 0, \"axis_position\": \"left\", \"axis_scale\": \"normal\", \"default_index_pattern\": \"metricbeat-*\", \"default_timefield\": \"@timestamp\", \"filter\": {\"language\": \"kuery\", \"query\": \"\"}, \"id\": \"c9fd65d0-32e8-11ea-84f4-e9593f8ba8f6\", \"index_pattern\": \"metricbeat-*\", \"interval\": \"\", \"isModelInvalid\": false, \"series\": [{\"axis_position\": \"right\", \"chart_type\": \"line\", \"color\": \"rgba(0,98,177,1)\", \"fill\": \"0\", \"formatter\": \"bytes\", \"id\": \"c9fd8ce0-32e8-11ea-84f4-e9593f8ba8f6\", \"label\": \"Virtual Bytes\", \"line_width\": \"2\", \"metrics\": [{\"field\": \"iis.application_pool.process.virtual_bytes\", \"id\": \"c9fd8ce1-32e8-11ea-84f4-e9593f8ba8f6\", \"type\": \"avg\"}], \"point_size\": 0, \"separate_axis\": 0, \"split_color_mode\": \"rainbow\", \"split_mode\": \"terms\", \"stacked\": \"none\", \"terms_field\": \"iis.application_pool.name\", \"type\": \"timeseries\", \"value_template\": \"{{value}}\"}], \"show_grid\": 1, \"show_legend\": 1, \"time_field\": \"@timestamp\", \"type\": \"timeseries\"}, \"title\": \"Application Pool Virtual Bytes [Metricbeat IIS]\", \"type\": \"metrics\"}"
            },
            "id": "14300bf0-8620-11ea-91bc-ab084c7ec0e7",
            "migrationVersion": {
                "visualization": "7.4.2"
            },
            "references": [],
            "type": "visualization",
            "updated_at": "2020-04-24T11:38:12.399Z",
            "version": "WzkxMDEsMTNd"
        },
        {
            "attributes": {
                "description": "",
                "kibanaSavedObjectMeta": {
                    "searchSourceJSON": "{\"filter\": [], \"query\": {\"language\": \"kuery\", \"query\": \"\"}}"
                },
                "title": "Application Pool Private Bytes [Metricbeat IIS]",
                "uiStateJSON": "{}",
                "version": 1,
                "visState": "{\"aggs\": [], \"params\": {\"axis_formatter\": \"number\", \"axis_min\": 0, \"axis_position\": \"left\", \"axis_scale\": \"normal\", \"default_index_pattern\": \"metricbeat-*\", \"default_timefield\": \"@timestamp\", \"filter\": {\"language\": \"kuery\", \"query\": \"\"}, \"id\": \"c9fd65d0-32e8-11ea-84f4-e9593f8ba8f6\", \"index_pattern\": \"metricbeat-*\", \"interval\": \"\", \"isModelInvalid\": false, \"series\": [{\"axis_position\": \"right\", \"chart_type\": \"line\", \"color\": \"#3185FC\", \"fill\": \"0\", \"formatter\": \"bytes\", \"id\": \"c9fd8ce0-32e8-11ea-84f4-e9593f8ba8f6\", \"label\": \"Private Bytes\", \"line_width\": \"2\", \"metrics\": [{\"field\": \"iis.application_pool.process.private_bytes\", \"id\": \"c9fd8ce1-32e8-11ea-84f4-e9593f8ba8f6\", \"type\": \"avg\"}], \"point_size\": 0, \"separate_axis\": 0, \"split_color_mode\": \"rainbow\", \"split_mode\": \"terms\", \"stacked\": \"none\", \"terms_field\": \"iis.application_pool.name\", \"type\": \"timeseries\", \"value_template\": \"{{value}}\"}], \"show_grid\": 1, \"show_legend\": 1, \"time_field\": \"@timestamp\", \"type\": \"timeseries\"}, \"title\": \"Application Pool Private Bytes [Metricbeat IIS]\", \"type\": \"metrics\"}"
            },
            "id": "f7194cc0-861f-11ea-91bc-ab084c7ec0e7",
            "migrationVersion": {
                "visualization": "7.4.2"
            },
            "references": [],
            "type": "visualization",
            "updated_at": "2020-04-24T12:19:46.947Z",
            "version": "Wzk3MjQsMTNd"
        },
        {
            "attributes": {
                "description": "",
                "kibanaSavedObjectMeta": {
                    "searchSourceJSON": "{\"filter\": [], \"query\": {\"language\": \"kuery\", \"query\": \"\"}}"
                },
                "title": "Application Pool CPU Usage [Metricbeat IIS]",
                "uiStateJSON": "{}",
                "version": 1,
                "visState": "{\"aggs\": [], \"params\": {\"axis_formatter\": \"number\", \"axis_min\": 0, \"axis_position\": \"left\", \"axis_scale\": \"normal\", \"default_index_pattern\": \"metricbeat-*\", \"default_timefield\": \"@timestamp\", \"filter\": {\"language\": \"kuery\", \"query\": \"\"}, \"id\": \"c9fd65d0-32e8-11ea-84f4-e9593f8ba8f6\", \"index_pattern\": \"metricbeat-*\", \"interval\": \"\", \"isModelInvalid\": false, \"series\": [{\"axis_position\": \"right\", \"chart_type\": \"line\", \"color\": \"#3185FC\", \"fill\": \"0\", \"formatter\": \"percent\", \"id\": \"c9fd8ce0-32e8-11ea-84f4-e9593f8ba8f6\", \"label\": \"CPU Usage\", \"line_width\": \"2\", \"metrics\": [{\"field\": \"iis.application_pool.process.cpu_usage_perc\", \"id\": \"c9fd8ce1-32e8-11ea-84f4-e9593f8ba8f6\", \"type\": \"avg\"}], \"point_size\": 0, \"separate_axis\": 0, \"split_color_mode\": \"rainbow\", \"split_mode\": \"terms\", \"stacked\": \"none\", \"terms_field\": \"iis.application_pool.name\", \"type\": \"timeseries\", \"value_template\": \"{{value}}\"}], \"show_grid\": 1, \"show_legend\": 1, \"time_field\": \"@timestamp\", \"type\": \"timeseries\"}, \"title\": \"Application Pool CPU Usage [Metricbeat IIS]\", \"type\": \"metrics\"}"
            },
            "id": "90fe3b30-861f-11ea-91bc-ab084c7ec0e7",
            "migrationVersion": {
                "visualization": "7.4.2"
            },
            "references": [],
            "type": "visualization",
            "updated_at": "2020-04-24T11:34:32.291Z",
            "version": "WzkwODEsMTNd"
        }
    ],
    "version": "7.6.0"
}