{
    "objects": [
        {
            "attributes": {
                "description": "[Metricbeat AWS] Overview of EBS Metrics",
                "hits": 0,
                "kibanaSavedObjectMeta": {
                    "searchSourceJSON": "{\"filter\": [], \"query\": {\"language\": \"kuery\", \"query\": \"\"}}"
                },
                "optionsJSON": "{\"hidePanelTitles\": false, \"useMargins\": true}",
                "panelsJSON": "[{\"embeddableConfig\": {}, \"gridData\": {\"h\": 10, \"i\": \"1\", \"w\": 24, \"x\": 24, \"y\": 10}, \"panelIndex\": \"1\", \"panelRefName\": \"panel_0\", \"title\": \"Volume Write Ops\", \"version\": \"7.3.0\"}, {\"embeddableConfig\": {}, \"gridData\": {\"h\": 10, \"i\": \"2\", \"w\": 24, \"x\": 0, \"y\": 10}, \"panelIndex\": \"2\", \"panelRefName\": \"panel_1\", \"title\": \"Volume Read Ops\", \"version\": \"7.3.0\"}, {\"embeddableConfig\": {}, \"gridData\": {\"h\": 10, \"i\": \"3\", \"w\": 24, \"x\": 24, \"y\": 20}, \"panelIndex\": \"3\", \"panelRefName\": \"panel_2\", \"title\": \"Volume Write Bytes\", \"version\": \"7.3.0\"}, {\"embeddableConfig\": {}, \"gridData\": {\"h\": 10, \"i\": \"4\", \"w\": 24, \"x\": 0, \"y\": 20}, \"panelIndex\": \"4\", \"panelRefName\": \"panel_3\", \"title\": \"Volume Read Bytes\", \"version\": \"7.3.0\"}, {\"embeddableConfig\": {}, \"gridData\": {\"h\": 10, \"i\": \"5\", \"w\": 19, \"x\": 8, \"y\": 0}, \"panelIndex\": \"5\", \"panelRefName\": \"panel_4\", \"title\": \"Volume Queue Length\", \"version\": \"7.3.0\"}, {\"embeddableConfig\": {}, \"gridData\": {\"h\": 10, \"i\": \"6\", \"w\": 24, \"x\": 24, \"y\": 30}, \"panelIndex\": \"6\", \"panelRefName\": \"panel_5\", \"title\": \"Volume Total Write Time\", \"version\": \"7.3.0\"}, {\"embeddableConfig\": {}, \"gridData\": {\"h\": 10, \"i\": \"7\", \"w\": 24, \"x\": 0, \"y\": 30}, \"panelIndex\": \"7\", \"panelRefName\": \"panel_6\", \"title\": \"Volume Total Read Time\", \"version\": \"7.3.0\"}, {\"embeddableConfig\": {}, \"gridData\": {\"h\": 10, \"i\": \"8\", \"w\": 21, \"x\": 27, \"y\": 0}, \"panelIndex\": \"8\", \"panelRefName\": \"panel_7\", \"title\": \"Volume Idle Time\", \"version\": \"7.3.0\"}, {\"embeddableConfig\": {}, \"gridData\": {\"h\": 5, \"i\": \"9\", \"w\": 8, \"x\": 0, \"y\": 5}, \"panelIndex\": \"9\", \"panelRefName\": \"panel_8\", \"title\": \"EBS Volume ID Filter\", \"version\": \"7.3.0\"}, {\"embeddableConfig\": {}, \"gridData\": {\"h\": 5, \"i\": \"10\", \"w\": 8, \"x\": 0, \"y\": 0}, \"panelIndex\": \"10\", \"panelRefName\": \"panel_9\", \"version\": \"7.3.0\"}]",
                "timeRestore": false,
                "title": "[Metricbeat AWS] EBS Overview",
                "version": 1
            },
            "id": "44ce4680-b7ba-11e9-8349-f15f850c5cd0",
            "migrationVersion": {
                "dashboard": "7.3.0"
            },
            "references": [
                {
                    "id": "f6831f30-b7b6-11e9-8349-f15f850c5cd0",
                    "name": "panel_0",
                    "type": "visualization"
                },
                {
                    "id": "bb3a6cd0-b7b6-11e9-8349-f15f850c5cd0",
                    "name": "panel_1",
                    "type": "visualization"
                },
                {
                    "id": "c0e32d50-b7b8-11e9-8349-f15f850c5cd0",
                    "name": "panel_2",
                    "type": "visualization"
                },
                {
                    "id": "b00c4390-b7b8-11e9-8349-f15f850c5cd0",
                    "name": "panel_3",
                    "type": "visualization"
                },
                {
                    "id": "fe0581b0-b7b8-11e9-8349-f15f850c5cd0",
                    "name": "panel_4",
                    "type": "visualization"
                },
                {
                    "id": "25384bf0-b7b9-11e9-8349-f15f850c5cd0",
                    "name": "panel_5",
                    "type": "visualization"
                },
                {
                    "id": "12eff7e0-b7b9-11e9-8349-f15f850c5cd0",
                    "name": "panel_6",
                    "type": "visualization"
                },
                {
                    "id": "67f43080-b7b9-11e9-8349-f15f850c5cd0",
                    "name": "panel_7",
                    "type": "visualization"
                },
                {
                    "id": "d045d120-b7b9-11e9-8349-f15f850c5cd0",
                    "name": "panel_8",
                    "type": "visualization"
                },
                {
                    "id": "b5308940-7347-11e9-816b-07687310a99a",
                    "name": "panel_9",
                    "type": "visualization"
                }
            ],
            "type": "dashboard",
            "updated_at": "2019-09-12T16:35:04.005Z",
            "version": "WzYwMDMsN10="
        },
        {
            "attributes": {
                "description": "",
                "kibanaSavedObjectMeta": {
                    "searchSourceJSON": "{\"filter\": [], \"query\": {\"language\": \"kuery\", \"query\": \"\"}}"
                },
                "title": "EBS Volume Write Ops [Metricbeat AWS]",
                "uiStateJSON": "{}",
                "version": 1,
                "visState": "{\"aggs\": [], \"params\": {\"axis_formatter\": \"number\", \"axis_min\": \"0\", \"axis_position\": \"left\", \"axis_scale\": \"normal\", \"default_index_pattern\": \"metricbeat-*\", \"default_timefield\": \"@timestamp\", \"id\": \"61ca57f0-469d-11e7-af02-69e470af7417\", \"index_pattern\": \"metricbeat-*\", \"interval\": \"5m\", \"isModelInvalid\": false, \"series\": [{\"axis_position\": \"right\", \"chart_type\": \"line\", \"color\": \"#68BC00\", \"fill\": \"0\", \"formatter\": \"number\", \"id\": \"61ca57f1-469d-11e7-af02-69e470af7417\", \"label\": \"Number of Write Operation\", \"line_width\": 1, \"metrics\": [{\"field\": \"aws.ebs.metrics.VolumeWriteOps.avg\", \"id\": \"61ca57f2-469d-11e7-af02-69e470af7417\", \"type\": \"avg\"}], \"point_size\": \"5\", \"separate_axis\": 0, \"split_color_mode\": \"rainbow\", \"split_mode\": \"terms\", \"stacked\": \"none\", \"terms_field\": \"aws.dimensions.VolumeId\", \"terms_order_by\": \"61ca57f2-469d-11e7-af02-69e470af7417\"}], \"show_grid\": 1, \"show_legend\": 1, \"time_field\": \"\", \"type\": \"timeseries\"}, \"title\": \"EBS Volume Write Ops [Metricbeat AWS]\", \"type\": \"metrics\"}"
            },
            "id": "f6831f30-b7b6-11e9-8349-f15f850c5cd0",
            "migrationVersion": {
                "visualization": "7.3.0"
            },
            "references": [],
            "type": "visualization",
            "updated_at": "2019-09-12T16:31:45.681Z",
            "version": "WzU5ODMsN10="
        },
        {
            "attributes": {
                "description": "",
                "kibanaSavedObjectMeta": {
                    "searchSourceJSON": "{\"filter\": [], \"query\": {\"language\": \"kuery\", \"query\": \"\"}}"
                },
                "title": "EBS Volume Read Ops [Metricbeat AWS]",
                "uiStateJSON": "{}",
                "version": 1,
                "visState": "{\"aggs\": [], \"params\": {\"axis_formatter\": \"number\", \"axis_min\": \"0\", \"axis_position\": \"left\", \"axis_scale\": \"normal\", \"default_index_pattern\": \"metricbeat-*\", \"default_timefield\": \"@timestamp\", \"id\": \"61ca57f0-469d-11e7-af02-69e470af7417\", \"index_pattern\": \"metricbeat-*\", \"interval\": \"5m\", \"isModelInvalid\": false, \"series\": [{\"axis_position\": \"right\", \"chart_type\": \"line\", \"color\": \"#68BC00\", \"fill\": \"0\", \"formatter\": \"number\", \"id\": \"61ca57f1-469d-11e7-af02-69e470af7417\", \"label\": \"Number of Read Operation\", \"line_width\": 1, \"metrics\": [{\"field\": \"aws.ebs.metrics.VolumeReadOps.avg\", \"id\": \"61ca57f2-469d-11e7-af02-69e470af7417\", \"type\": \"avg\"}], \"point_size\": \"5\", \"separate_axis\": 0, \"split_color_mode\": \"rainbow\", \"split_mode\": \"terms\", \"stacked\": \"none\", \"terms_field\": \"aws.dimensions.VolumeId\", \"terms_order_by\": \"61ca57f2-469d-11e7-af02-69e470af7417\"}], \"show_grid\": 1, \"show_legend\": 1, \"time_field\": \"\", \"type\": \"timeseries\"}, \"title\": \"EBS Volume Read Ops [Metricbeat AWS]\", \"type\": \"metrics\"}"
            },
            "id": "bb3a6cd0-b7b6-11e9-8349-f15f850c5cd0",
            "migrationVersion": {
                "visualization": "7.3.0"
            },
            "references": [],
            "type": "visualization",
            "updated_at": "2019-09-12T16:31:31.261Z",
            "version": "WzU5ODEsN10="
        },
        {
            "attributes": {
                "description": "",
                "kibanaSavedObjectMeta": {
                    "searchSourceJSON": "{\"filter\": [], \"query\": {\"language\": \"kuery\", \"query\": \"\"}}"
                },
                "title": "EBS Volume Write Bytes [Metricbeat AWS]",
                "uiStateJSON": "{}",
                "version": 1,
                "visState": "{\"aggs\": [], \"params\": {\"axis_formatter\": \"number\", \"axis_min\": \"0\", \"axis_position\": \"left\", \"axis_scale\": \"normal\", \"default_index_pattern\": \"metricbeat-*\", \"default_timefield\": \"@timestamp\", \"id\": \"61ca57f0-469d-11e7-af02-69e470af7417\", \"index_pattern\": \"metricbeat-*\", \"interval\": \"5m\", \"isModelInvalid\": false, \"series\": [{\"axis_position\": \"right\", \"chart_type\": \"line\", \"color\": \"#68BC00\", \"fill\": \"0\", \"formatter\": \"number\", \"id\": \"61ca57f1-469d-11e7-af02-69e470af7417\", \"label\": \"Volume Write Bytes\", \"line_width\": 1, \"metrics\": [{\"field\": \"aws.ebs.metrics.VolumeWriteBytes.avg\", \"id\": \"61ca57f2-469d-11e7-af02-69e470af7417\", \"type\": \"avg\"}], \"point_size\": \"5\", \"separate_axis\": 0, \"split_color_mode\": \"rainbow\", \"split_mode\": \"terms\", \"stacked\": \"none\", \"terms_field\": \"aws.dimensions.VolumeId\", \"terms_order_by\": \"61ca57f2-469d-11e7-af02-69e470af7417\"}], \"show_grid\": 1, \"show_legend\": 1, \"time_field\": \"\", \"type\": \"timeseries\"}, \"title\": \"EBS Volume Write Bytes [Metricbeat AWS]\", \"type\": \"metrics\"}"
            },
            "id": "c0e32d50-b7b8-11e9-8349-f15f850c5cd0",
            "migrationVersion": {
                "visualization": "7.3.0"
            },
            "references": [],
            "type": "visualization",
            "updated_at": "2019-09-12T16:32:46.176Z",
            "version": "WzU5OTAsN10="
        },
        {
            "attributes": {
                "description": "",
                "kibanaSavedObjectMeta": {
                    "searchSourceJSON": "{\"filter\": [], \"query\": {\"language\": \"kuery\", \"query\": \"\"}}"
                },
                "title": "EBS Volume Read Bytes [Metricbeat AWS]",
                "uiStateJSON": "{}",
                "version": 1,
                "visState": "{\"aggs\": [], \"params\": {\"axis_formatter\": \"number\", \"axis_min\": \"0\", \"axis_position\": \"left\", \"axis_scale\": \"normal\", \"default_index_pattern\": \"metricbeat-*\", \"default_timefield\": \"@timestamp\", \"id\": \"61ca57f0-469d-11e7-af02-69e470af7417\", \"index_pattern\": \"metricbeat-*\", \"interval\": \"5m\", \"isModelInvalid\": false, \"series\": [{\"axis_position\": \"right\", \"chart_type\": \"line\", \"color\": \"#68BC00\", \"fill\": \"0\", \"formatter\": \"number\", \"id\": \"61ca57f1-469d-11e7-af02-69e470af7417\", \"label\": \"Volume Read Bytes\", \"line_width\": 1, \"metrics\": [{\"field\": \"aws.ebs.metrics.VolumeReadBytes.avg\", \"id\": \"61ca57f2-469d-11e7-af02-69e470af7417\", \"type\": \"avg\"}], \"point_size\": \"5\", \"separate_axis\": 0, \"split_color_mode\": \"rainbow\", \"split_mode\": \"terms\", \"stacked\": \"none\", \"terms_field\": \"aws.dimensions.VolumeId\", \"terms_order_by\": \"61ca57f2-469d-11e7-af02-69e470af7417\"}], \"show_grid\": 1, \"show_legend\": 1, \"time_field\": \"\", \"type\": \"timeseries\"}, \"title\": \"EBS Volume Read Bytes [Metricbeat AWS]\", \"type\": \"metrics\"}"
            },
            "id": "b00c4390-b7b8-11e9-8349-f15f850c5cd0",
            "migrationVersion": {
                "visualization": "7.3.0"
            },
            "references": [],
            "type": "visualization",
            "updated_at": "2019-09-12T16:32:02.907Z",
            "version": "WzU5ODUsN10="
        },
        {
            "attributes": {
                "description": "",
                "kibanaSavedObjectMeta": {
                    "searchSourceJSON": "{\"filter\": [], \"query\": {\"language\": \"kuery\", \"query\": \"\"}}"
                },
                "title": "EBS Volume Queue Length [Metricbeat AWS]",
                "uiStateJSON": "{}",
                "version": 1,
                "visState": "{\"aggs\": [], \"params\": {\"axis_formatter\": \"number\", \"axis_min\": \"0\", \"axis_position\": \"left\", \"axis_scale\": \"normal\", \"default_index_pattern\": \"metricbeat-*\", \"default_timefield\": \"@timestamp\", \"id\": \"61ca57f0-469d-11e7-af02-69e470af7417\", \"index_pattern\": \"metricbeat-*\", \"interval\": \"5m\", \"isModelInvalid\": false, \"series\": [{\"axis_position\": \"right\", \"chart_type\": \"line\", \"color\": \"#68BC00\", \"fill\": \"0\", \"formatter\": \"number\", \"id\": \"61ca57f1-469d-11e7-af02-69e470af7417\", \"label\": \"Volume Queue Length\", \"line_width\": 1, \"metrics\": [{\"field\": \"aws.ebs.metrics.VolumeQueueLength.avg\", \"id\": \"61ca57f2-469d-11e7-af02-69e470af7417\", \"type\": \"avg\"}], \"point_size\": \"5\", \"separate_axis\": 0, \"split_color_mode\": \"rainbow\", \"split_mode\": \"terms\", \"stacked\": \"none\", \"terms_field\": \"aws.dimensions.VolumeId\", \"terms_order_by\": \"61ca57f2-469d-11e7-af02-69e470af7417\"}], \"show_grid\": 1, \"show_legend\": 1, \"time_field\": \"\", \"type\": \"timeseries\"}, \"title\": \"EBS Volume Queue Length [Metricbeat AWS]\", \"type\": \"metrics\"}"
            },
            "id": "fe0581b0-b7b8-11e9-8349-f15f850c5cd0",
            "migrationVersion": {
                "visualization": "7.3.0"
            },
            "references": [],
            "type": "visualization",
            "updated_at": "2019-09-12T16:30:59.507Z",
            "version": "WzU5NzgsN10="
        },
        {
            "attributes": {
                "description": "",
                "kibanaSavedObjectMeta": {
                    "searchSourceJSON": "{\"filter\": [], \"query\": {\"language\": \"kuery\", \"query\": \"\"}}"
                },
                "title": "EBS Volume Total Write Time [Metricbeat AWS]",
                "uiStateJSON": "{}",
                "version": 1,
                "visState": "{\"aggs\": [], \"params\": {\"axis_formatter\": \"number\", \"axis_min\": \"0\", \"axis_position\": \"left\", \"axis_scale\": \"normal\", \"default_index_pattern\": \"metricbeat-*\", \"default_timefield\": \"@timestamp\", \"id\": \"61ca57f0-469d-11e7-af02-69e470af7417\", \"index_pattern\": \"metricbeat-*\", \"interval\": \"5m\", \"isModelInvalid\": false, \"series\": [{\"axis_position\": \"right\", \"chart_type\": \"line\", \"color\": \"#68BC00\", \"fill\": \"0\", \"formatter\": \"s,s,3\", \"id\": \"61ca57f1-469d-11e7-af02-69e470af7417\", \"label\": \"Volume Total Write Time\", \"line_width\": 1, \"metrics\": [{\"field\": \"aws.ebs.metrics.VolumeTotalWriteTime.sum\", \"id\": \"61ca57f2-469d-11e7-af02-69e470af7417\", \"type\": \"avg\"}], \"point_size\": \"5\", \"separate_axis\": 0, \"split_color_mode\": \"rainbow\", \"split_mode\": \"terms\", \"stacked\": \"none\", \"terms_field\": \"aws.dimensions.VolumeId\", \"terms_order_by\": \"61ca57f2-469d-11e7-af02-69e470af7417\"}], \"show_grid\": 1, \"show_legend\": 1, \"time_field\": \"\", \"type\": \"timeseries\"}, \"title\": \"EBS Volume Total Write Time [Metricbeat AWS]\", \"type\": \"metrics\"}"
            },
            "id": "25384bf0-b7b9-11e9-8349-f15f850c5cd0",
            "migrationVersion": {
                "visualization": "7.3.0"
            },
            "references": [],
            "type": "visualization",
            "updated_at": "2019-09-12T16:32:19.881Z",
            "version": "WzU5ODcsN10="
        },
        {
            "attributes": {
                "description": "",
                "kibanaSavedObjectMeta": {
                    "searchSourceJSON": "{\"filter\": [], \"query\": {\"language\": \"kuery\", \"query\": \"\"}}"
                },
                "title": "EBS Volume Total Read Time [Metricbeat AWS]",
                "uiStateJSON": "{}",
                "version": 1,
                "visState": "{\"aggs\": [], \"params\": {\"axis_formatter\": \"number\", \"axis_min\": \"0\", \"axis_position\": \"left\", \"axis_scale\": \"normal\", \"default_index_pattern\": \"metricbeat-*\", \"default_timefield\": \"@timestamp\", \"id\": \"61ca57f0-469d-11e7-af02-69e470af7417\", \"index_pattern\": \"metricbeat-*\", \"interval\": \"5m\", \"isModelInvalid\": false, \"series\": [{\"axis_position\": \"right\", \"chart_type\": \"line\", \"color\": \"#68BC00\", \"fill\": \"0\", \"formatter\": \"s,s,3\", \"id\": \"61ca57f1-469d-11e7-af02-69e470af7417\", \"label\": \"Volume Total Read Time\", \"line_width\": 1, \"metrics\": [{\"field\": \"aws.ebs.metrics.VolumeTotalReadTime.sum\", \"id\": \"61ca57f2-469d-11e7-af02-69e470af7417\", \"type\": \"avg\"}], \"point_size\": \"5\", \"separate_axis\": 0, \"split_color_mode\": \"rainbow\", \"split_mode\": \"terms\", \"stacked\": \"none\", \"terms_field\": \"aws.dimensions.VolumeId\", \"terms_order_by\": \"61ca57f2-469d-11e7-af02-69e470af7417\"}], \"show_grid\": 1, \"show_legend\": 1, \"time_field\": \"\", \"type\": \"timeseries\"}, \"title\": \"EBS Volume Total Read Time [Metricbeat AWS]\", \"type\": \"metrics\"}"
            },
            "id": "12eff7e0-b7b9-11e9-8349-f15f850c5cd0",
            "migrationVersion": {
                "visualization": "7.3.0"
            },
            "references": [],
            "type": "visualization",
            "updated_at": "2019-09-12T16:33:13.538Z",
            "version": "WzU5OTMsN10="
        },
        {
            "attributes": {
                "description": "",
                "kibanaSavedObjectMeta": {
                    "searchSourceJSON": "{\"filter\": [], \"query\": {\"language\": \"kuery\", \"query\": \"\"}}"
                },
                "title": "EBS Volume Idle Time [Metricbeat AWS]",
                "uiStateJSON": "{}",
                "version": 1,
                "visState": "{\"aggs\": [], \"params\": {\"axis_formatter\": \"number\", \"axis_min\": \"0\", \"axis_position\": \"left\", \"axis_scale\": \"normal\", \"default_index_pattern\": \"metricbeat-*\", \"default_timefield\": \"@timestamp\", \"id\": \"61ca57f0-469d-11e7-af02-69e470af7417\", \"index_pattern\": \"metricbeat-*\", \"interval\": \"5m\", \"series\": [{\"axis_min\": \"0\", \"axis_position\": \"right\", \"chart_type\": \"line\", \"color\": \"#68BC00\", \"fill\": \"0\", \"formatter\": \"s,s,1\", \"hide_in_legend\": 0, \"id\": \"61ca57f1-469d-11e7-af02-69e470af7417\", \"label\": \"Volume Idle Time\", \"line_width\": 1, \"metrics\": [{\"field\": \"aws.ebs.metrics.VolumeIdleTime.sum\", \"id\": \"61ca57f2-469d-11e7-af02-69e470af7417\", \"type\": \"avg\"}], \"point_size\": \"5\", \"separate_axis\": 0, \"split_color_mode\": \"rainbow\", \"split_mode\": \"terms\", \"stacked\": \"none\", \"terms_field\": \"aws.dimensions.VolumeId\", \"terms_order_by\": \"61ca57f2-469d-11e7-af02-69e470af7417\"}], \"show_grid\": 1, \"show_legend\": 1, \"time_field\": \"\", \"type\": \"timeseries\"}, \"title\": \"EBS Volume Idle Time [Metricbeat AWS]\", \"type\": \"metrics\"}"
            },
            "id": "67f43080-b7b9-11e9-8349-f15f850c5cd0",
            "migrationVersion": {
                "visualization": "7.3.0"
            },
            "references": [],
            "type": "visualization",
            "updated_at": "2019-09-12T16:31:19.709Z",
            "version": "WzU5ODAsN10="
        },
        {
            "attributes": {
                "description": "",
                "kibanaSavedObjectMeta": {
                    "searchSourceJSON": "{\"filter\": [], \"query\": {\"language\": \"kuery\", \"query\": \"\"}}"
                },
                "title": "EBS Volume ID Filter [Metricbeat AWS]",
                "uiStateJSON": "{}",
                "version": 1,
                "visState": "{\"aggs\": [], \"params\": {\"controls\": [{\"fieldName\": \"aws.dimensions.VolumeId\", \"id\": \"1565034367477\", \"indexPatternRefName\": \"control_0_index_pattern\", \"label\": \"volume id\", \"options\": {\"dynamicOptions\": true, \"multiselect\": true, \"order\": \"desc\", \"size\": 5, \"type\": \"terms\"}, \"parent\": \"\", \"type\": \"list\"}], \"pinFilters\": false, \"updateFiltersOnChange\": true, \"useTimeFilter\": true}, \"title\": \"EBS Volume ID Filter [Metricbeat AWS]\", \"type\": \"input_control_vis\"}"
            },
            "id": "d045d120-b7b9-11e9-8349-f15f850c5cd0",
            "migrationVersion": {
                "visualization": "7.3.0"
            },
            "references": [
                {
                    "id": "metricbeat-*",
                    "name": "control_0_index_pattern",
                    "type": "index-pattern"
                }
            ],
            "type": "visualization",
            "updated_at": "2019-09-12T16:29:31.115Z",
            "version": "WzU2MTIsN10="
        },
        {
            "attributes": {
                "description": "",
                "kibanaSavedObjectMeta": {
                    "searchSourceJSON": "{\"filter\": [], \"query\": {\"language\": \"kuery\", \"query\": \"\"}}"
                },
                "title": "Region Filter [Metricbeat AWS]",
                "uiStateJSON": "{}",
                "version": 1,
                "visState": "{\"aggs\": [], \"params\": {\"controls\": [{\"fieldName\": \"cloud.region\", \"id\": \"1549397251041\", \"indexPatternRefName\": \"control_0_index_pattern\", \"label\": \"region\", \"options\": {\"dynamicOptions\": true, \"multiselect\": true, \"order\": \"desc\", \"size\": 5, \"type\": \"terms\"}, \"parent\": \"\", \"type\": \"list\"}], \"pinFilters\": false, \"updateFiltersOnChange\": true, \"useTimeFilter\": false}, \"title\": \"AWS Region Filter\", \"type\": \"input_control_vis\"}"
            },
            "id": "b5308940-7347-11e9-816b-07687310a99a",
            "migrationVersion": {
                "visualization": "7.3.0"
            },
            "references": [
                {
                    "id": "metricbeat-*",
                    "name": "control_0_index_pattern",
                    "type": "index-pattern"
                }
            ],
            "type": "visualization",
            "updated_at": "2019-09-12T16:29:35.238Z",
            "version": "WzU2NTQsN10="
        }
    ],
    "version": "7.3.0"
}