{
    "objects": [
        {
            "attributes": {
                "description": "Overview of AWS S3 Metrics",
                "hits": 0,
                "kibanaSavedObjectMeta": {
                    "searchSourceJSON": "{\"filter\": [], \"query\": {\"language\": \"kuery\", \"query\": \"\"}}"
                },
                "optionsJSON": "{\"hidePanelTitles\": false, \"useMargins\": true}",
                "panelsJSON": "[{\"embeddableConfig\": {\"title\": \"S3 Daily Storage Bucket Size in Bytes\"}, \"gridData\": {\"h\": 7, \"i\": \"1\", \"w\": 24, \"x\": 0, \"y\": 6}, \"panelIndex\": \"1\", \"panelRefName\": \"panel_0\", \"title\": \"S3 Daily Storage Bucket Size in Bytes\", \"version\": \"7.7.0\"}, {\"embeddableConfig\": {\"title\": \"S3 Daily Storage Number of Objects\"}, \"gridData\": {\"h\": 7, \"i\": \"2\", \"w\": 24, \"x\": 24, \"y\": 6}, \"panelIndex\": \"2\", \"panelRefName\": \"panel_1\", \"title\": \"S3 Daily Storage Number of Objects\", \"version\": \"7.7.0\"}, {\"embeddableConfig\": {\"title\": \"S3 Request Latency Total Request in ms\"}, \"gridData\": {\"h\": 7, \"i\": \"3\", \"w\": 24, \"x\": 0, \"y\": 13}, \"panelIndex\": \"3\", \"panelRefName\": \"panel_2\", \"title\": \"S3 Request Latency Total Request in ms\", \"version\": \"7.7.0\"}, {\"embeddableConfig\": {\"title\": \"S3 Total Error 4xx\"}, \"gridData\": {\"h\": 6, \"i\": \"4\", \"w\": 13, \"x\": 24, \"y\": 0}, \"panelIndex\": \"4\", \"panelRefName\": \"panel_3\", \"title\": \"S3 Total Error 4xx\", \"version\": \"7.7.0\"}, {\"embeddableConfig\": {\"title\": \"S3 Total Error 5xx\"}, \"gridData\": {\"h\": 6, \"i\": \"5\", \"w\": 11, \"x\": 37, \"y\": 0}, \"panelIndex\": \"5\", \"panelRefName\": \"panel_4\", \"title\": \"S3 Total Error 5xx\", \"version\": \"7.7.0\"}, {\"embeddableConfig\": {\"title\": \"S3 Filters\"}, \"gridData\": {\"h\": 6, \"i\": \"6\", \"w\": 24, \"x\": 0, \"y\": 0}, \"panelIndex\": \"6\", \"panelRefName\": \"panel_5\", \"title\": \"S3 Filters\", \"version\": \"7.7.0\"}, {\"embeddableConfig\": {\"title\": \"S3 Total Requests\"}, \"gridData\": {\"h\": 7, \"i\": \"7\", \"w\": 24, \"x\": 24, \"y\": 13}, \"panelIndex\": \"7\", \"panelRefName\": \"panel_6\", \"title\": \"S3 Total Requests\", \"version\": \"7.7.0\"}]",
                "refreshInterval": {
                    "pause": true,
                    "value": 0
                },
                "timeFrom": "now-1d",
                "timeRestore": true,
                "timeTo": "now",
                "title": "[Metricbeat AWS] S3 Overview",
                "version": 1
            },
            "id": "a096b830-4762-11e9-8062-c98a86cb6f94",
            "migrationVersion": {
                "dashboard": "7.4.2"
            },
            "namespaces": [
                "default"
            ],
            "references": [
                {
                    "id": "2dbb8f90-4760-11e9-8062-c98a86cb6f94",
                    "name": "panel_0",
                    "type": "visualization"
                },
                {
                    "id": "3a3914d0-4761-11e9-8062-c98a86cb6f94",
                    "name": "panel_1",
                    "type": "visualization"
                },
                {
                    "id": "2b2d58b0-4762-11e9-8062-c98a86cb6f94",
                    "name": "panel_2",
                    "type": "visualization"
                },
                {
                    "id": "81d83c70-4762-11e9-8062-c98a86cb6f94",
                    "name": "panel_3",
                    "type": "visualization"
                },
                {
                    "id": "8b34a100-4762-11e9-8062-c98a86cb6f94",
                    "name": "panel_4",
                    "type": "visualization"
                },
                {
                    "id": "6e3285d0-4763-11e9-8062-c98a86cb6f94",
                    "name": "panel_5",
                    "type": "visualization"
                },
                {
                    "id": "d186fd50-4763-11e9-8062-c98a86cb6f94",
                    "name": "panel_6",
                    "type": "visualization"
                }
            ],
            "type": "dashboard",
            "updated_at": "2020-12-08T17:28:15.675Z",
            "version": "WzEzOTI3MCwxXQ=="
        },
        {
            "attributes": {
                "description": "",
                "kibanaSavedObjectMeta": {
                    "searchSourceJSON": "{\"filter\": [], \"query\": {\"language\": \"kuery\", \"query\": \"\"}}"
                },
                "title": "S3 Daily Storage Bucket Size in Bytes [Metricbeat AWS]",
                "uiStateJSON": "{}",
                "version": 1,
                "visState": "{\"aggs\": [], \"params\": {\"axis_formatter\": \"number\", \"axis_position\": \"left\", \"axis_scale\": \"normal\", \"background_color_rules\": [{\"id\": \"f679e680-475f-11e9-a9de-e776805ecfc9\"}], \"bar_color_rules\": [{\"id\": \"f703aff0-475f-11e9-a9de-e776805ecfc9\"}], \"default_index_pattern\": \"metricbeat-*\", \"default_timefield\": \"@timestamp\", \"drop_last_bucket\": 0, \"gauge_color_rules\": [{\"id\": \"f8388670-475f-11e9-a9de-e776805ecfc9\"}], \"gauge_inner_width\": 10, \"gauge_style\": \"half\", \"gauge_width\": 10, \"id\": \"61ca57f0-469d-11e7-af02-69e470af7417\", \"index_pattern\": \"metricbeat-*\", \"interval\": \">=1d\", \"isModelInvalid\": false, \"series\": [{\"axis_position\": \"right\", \"chart_type\": \"line\", \"color\": \"#68BC00\", \"fill\": \"0\", \"formatter\": \"bytes\", \"id\": \"61ca57f1-469d-11e7-af02-69e470af7417\", \"line_width\": 1, \"metrics\": [{\"field\": \"aws.s3_daily_storage.bucket.size.bytes\", \"id\": \"61ca57f2-469d-11e7-af02-69e470af7417\", \"type\": \"avg\"}], \"point_size\": 1, \"separate_axis\": 0, \"split_color_mode\": \"gradient\", \"split_mode\": \"terms\", \"stacked\": \"none\", \"terms_field\": \"aws.s3.bucket.name\", \"terms_order_by\": \"61ca57f2-469d-11e7-af02-69e470af7417\", \"terms_size\": \"20\"}], \"show_grid\": 1, \"show_legend\": 1, \"time_field\": \"@timestamp\", \"time_range_mode\": \"entire_time_range\", \"tooltip_mode\": \"show_all\", \"type\": \"top_n\"}, \"title\": \"S3 Daily Storage Bucket Size in Bytes [Metricbeat AWS]\", \"type\": \"metrics\"}"
            },
            "id": "2dbb8f90-4760-11e9-8062-c98a86cb6f94",
            "migrationVersion": {
                "visualization": "7.4.2"
            },
            "namespaces": [
                "default"
            ],
            "references": [],
            "type": "visualization",
            "updated_at": "2020-12-09T20:59:44.051Z",
            "version": "WzE0MDEyMSwxXQ=="
        },
        {
            "attributes": {
                "description": "",
                "kibanaSavedObjectMeta": {
                    "searchSourceJSON": "{\"filter\": [], \"query\": {\"language\": \"kuery\", \"query\": \"\"}}"
                },
                "title": "S3 Daily Storage Number of Objects [Metricbeat AWS]",
                "uiStateJSON": "{}",
                "version": 1,
                "visState": "{\"aggs\": [], \"params\": {\"axis_formatter\": \"number\", \"axis_position\": \"left\", \"axis_scale\": \"normal\", \"background_color_rules\": [{\"id\": \"167ea870-4761-11e9-bf81-69a4e579cab5\"}], \"bar_color_rules\": [{\"id\": \"01dad830-4761-11e9-bf81-69a4e579cab5\"}], \"default_index_pattern\": \"metricbeat-*\", \"default_timefield\": \"@timestamp\", \"drop_last_bucket\": 0, \"id\": \"61ca57f0-469d-11e7-af02-69e470af7417\", \"index_pattern\": \"metricbeat-*\", \"interval\": \">=1d\", \"isModelInvalid\": false, \"series\": [{\"axis_position\": \"right\", \"chart_type\": \"line\", \"color\": \"#68BC00\", \"fill\": 0.5, \"formatter\": \"number\", \"id\": \"61ca57f1-469d-11e7-af02-69e470af7417\", \"line_width\": 1, \"metrics\": [{\"field\": \"aws.s3_daily_storage.number_of_objects\", \"id\": \"61ca57f2-469d-11e7-af02-69e470af7417\", \"type\": \"avg\"}], \"point_size\": 1, \"separate_axis\": 0, \"split_color_mode\": \"gradient\", \"split_mode\": \"terms\", \"stacked\": \"none\", \"terms_field\": \"aws.s3.bucket.name\", \"terms_order_by\": \"61ca57f2-469d-11e7-af02-69e470af7417\", \"terms_size\": \"20\"}], \"show_grid\": 1, \"show_legend\": 1, \"time_field\": \"@timestamp\", \"time_range_mode\": \"entire_time_range\", \"tooltip_mode\": \"show_all\", \"type\": \"top_n\"}, \"title\": \"S3 Daily Storage Number of Objects [Metricbeat AWS]\", \"type\": \"metrics\"}"
            },
            "id": "3a3914d0-4761-11e9-8062-c98a86cb6f94",
            "migrationVersion": {
                "visualization": "7.4.2"
            },
            "namespaces": [
                "default"
            ],
            "references": [],
            "type": "visualization",
            "updated_at": "2020-12-09T21:08:43.773Z",
            "version": "WzE0MDE0NiwxXQ=="
        },
        {
            "attributes": {
                "description": "",
                "kibanaSavedObjectMeta": {
                    "searchSourceJSON": "{}"
                },
                "title": "S3 Request Latency Total Request in ms [Metricbeat AWS]",
                "uiStateJSON": "{}",
                "version": 1,
                "visState": "{\"aggs\": [], \"params\": {\"axis_formatter\": \"number\", \"axis_position\": \"left\", \"axis_scale\": \"normal\", \"background_color_rules\": [{\"id\": \"c0d11b00-4761-11e9-bf81-69a4e579cab5\"}], \"bar_color_rules\": [{\"id\": \"67cb0930-4761-11e9-bf81-69a4e579cab5\"}], \"default_index_pattern\": \"metricbeat-*\", \"default_timefield\": \"@timestamp\", \"drop_last_bucket\": 0, \"gauge_color_rules\": [{\"id\": \"6eafde10-4761-11e9-bf81-69a4e579cab5\"}], \"gauge_inner_width\": 10, \"gauge_style\": \"half\", \"gauge_width\": 10, \"id\": \"61ca57f0-469d-11e7-af02-69e470af7417\", \"index_pattern\": \"metricbeat-*\", \"interval\": \"1d\", \"isModelInvalid\": false, \"pivot_id\": \"aws.s3.bucket.name\", \"series\": [{\"axis_position\": \"right\", \"chart_type\": \"line\", \"color\": \"#68BC00\", \"color_rules\": [{\"id\": \"ac2ef870-4761-11e9-bf81-69a4e579cab5\"}], \"fill\": 0.5, \"formatter\": \"number\", \"id\": \"61ca57f1-469d-11e7-af02-69e470af7417\", \"label\": \"Latency in ms\", \"line_width\": 1, \"metrics\": [{\"field\": \"aws.s3_request.latency.total_request.ms\", \"id\": \"61ca57f2-469d-11e7-af02-69e470af7417\", \"type\": \"avg\"}], \"point_size\": 1, \"separate_axis\": 0, \"split_color_mode\": \"gradient\", \"split_mode\": \"terms\", \"stacked\": \"none\", \"terms_field\": \"aws.s3.bucket.name\", \"terms_order_by\": \"61ca57f2-469d-11e7-af02-69e470af7417\", \"terms_size\": \"5\"}], \"show_grid\": 1, \"show_legend\": 1, \"time_field\": \"@timestamp\", \"type\": \"top_n\"}, \"title\": \"S3 Request Latency Total Request in ms [Metricbeat AWS]\", \"type\": \"metrics\"}"
            },
            "id": "2b2d58b0-4762-11e9-8062-c98a86cb6f94",
            "migrationVersion": {
                "visualization": "7.4.2"
            },
            "namespaces": [
                "default"
            ],
            "references": [],
            "type": "visualization",
            "updated_at": "2020-12-08T17:28:15.675Z",
            "version": "WzEzOTI3MywxXQ=="
        },
        {
            "attributes": {
                "description": "",
                "kibanaSavedObjectMeta": {
                    "searchSourceJSON": "{}"
                },
                "title": "S3 Total Error 4xx [Metricbeat AWS]",
                "uiStateJSON": "{}",
                "version": 1,
                "visState": "{\"aggs\": [], \"params\": {\"axis_formatter\": \"number\", \"axis_position\": \"left\", \"axis_scale\": \"normal\", \"background_color_rules\": [{\"id\": \"59207fe0-4762-11e9-bf81-69a4e579cab5\"}], \"bar_color_rules\": [{\"id\": \"5ad9a190-4762-11e9-bf81-69a4e579cab5\"}], \"id\": \"61ca57f0-469d-11e7-af02-69e470af7417\", \"index_pattern\": \"metricbeat-*\", \"interval\": \"auto\", \"series\": [{\"axis_position\": \"right\", \"chart_type\": \"line\", \"color\": \"#68BC00\", \"fill\": 0.5, \"formatter\": \"number\", \"id\": \"61ca57f1-469d-11e7-af02-69e470af7417\", \"label\": \"Total # of HTTP 4xx Errors\", \"line_width\": 1, \"metrics\": [{\"field\": \"aws.s3_request.errors.4xx\", \"id\": \"61ca57f2-469d-11e7-af02-69e470af7417\", \"type\": \"sum\"}], \"point_size\": 1, \"separate_axis\": 0, \"split_color_mode\": \"gradient\", \"split_mode\": \"everything\", \"stacked\": \"none\"}], \"show_grid\": 1, \"show_legend\": 1, \"time_field\": \"@timestamp\", \"type\": \"metric\"}, \"title\": \"AWS S3 Total Error 4xx\", \"type\": \"metrics\"}"
            },
            "id": "81d83c70-4762-11e9-8062-c98a86cb6f94",
            "migrationVersion": {
                "visualization": "7.4.2"
            },
            "namespaces": [
                "default"
            ],
            "references": [],
            "type": "visualization",
            "updated_at": "2020-12-08T17:28:15.675Z",
            "version": "WzEzOTI3NCwxXQ=="
        },
        {
            "attributes": {
                "description": "",
                "kibanaSavedObjectMeta": {
                    "searchSourceJSON": "{}"
                },
                "title": "S3 Total Error 5xx [Metricbeat AWS]",
                "uiStateJSON": "{}",
                "version": 1,
                "visState": "{\"aggs\": [], \"params\": {\"axis_formatter\": \"number\", \"axis_position\": \"left\", \"axis_scale\": \"normal\", \"background_color_rules\": [{\"id\": \"59207fe0-4762-11e9-bf81-69a4e579cab5\"}], \"bar_color_rules\": [{\"id\": \"5ad9a190-4762-11e9-bf81-69a4e579cab5\"}], \"id\": \"61ca57f0-469d-11e7-af02-69e470af7417\", \"index_pattern\": \"metricbeat-*\", \"interval\": \"auto\", \"series\": [{\"axis_position\": \"right\", \"chart_type\": \"line\", \"color\": \"#68BC00\", \"fill\": 0.5, \"formatter\": \"number\", \"id\": \"61ca57f1-469d-11e7-af02-69e470af7417\", \"label\": \"Total # of HTTP 5xx Errors\", \"line_width\": 1, \"metrics\": [{\"field\": \"aws.s3_request.errors.5xx\", \"id\": \"61ca57f2-469d-11e7-af02-69e470af7417\", \"type\": \"sum\"}], \"point_size\": 1, \"separate_axis\": 0, \"split_color_mode\": \"gradient\", \"split_mode\": \"everything\", \"stacked\": \"none\"}], \"show_grid\": 1, \"show_legend\": 1, \"time_field\": \"@timestamp\", \"type\": \"metric\"}, \"title\": \"AWS S3 Total Error 5xx\", \"type\": \"metrics\"}"
            },
            "id": "8b34a100-4762-11e9-8062-c98a86cb6f94",
            "migrationVersion": {
                "visualization": "7.4.2"
            },
            "namespaces": [
                "default"
            ],
            "references": [],
            "type": "visualization",
            "updated_at": "2020-12-08T17:28:15.675Z",
            "version": "WzEzOTI3NSwxXQ=="
        },
        {
            "attributes": {
                "description": "",
                "kibanaSavedObjectMeta": {
                    "searchSourceJSON": "{\"filter\": [], \"query\": {\"language\": \"kuery\", \"query\": \"\"}}"
                },
                "title": "S3 Filters [Metricbeat AWS]",
                "uiStateJSON": "{}",
                "version": 1,
                "visState": "{\"aggs\": [], \"params\": {\"controls\": [{\"fieldName\": \"cloud.region\", \"id\": \"1549397251041\", \"indexPattern\": \"metricbeat-*\", \"label\": \"region\", \"options\": {\"dynamicOptions\": true, \"multiselect\": true, \"order\": \"desc\", \"size\": 5, \"type\": \"terms\"}, \"parent\": \"\", \"type\": \"list\"}, {\"fieldName\": \"aws.s3.bucket.name\", \"id\": \"1549512142947\", \"indexPattern\": \"metricbeat-*\", \"label\": \"s3 bucket name\", \"options\": {\"dynamicOptions\": true, \"multiselect\": true, \"order\": \"desc\", \"size\": 5, \"type\": \"terms\"}, \"parent\": \"\", \"type\": \"list\"}], \"pinFilters\": false, \"updateFiltersOnChange\": true, \"useTimeFilter\": false}, \"title\": \"AWS S3 Filters\", \"type\": \"input_control_vis\"}"
            },
            "id": "6e3285d0-4763-11e9-8062-c98a86cb6f94",
            "migrationVersion": {
                "visualization": "7.4.2"
            },
            "namespaces": [
                "default"
            ],
            "references": [],
            "type": "visualization",
            "updated_at": "2020-12-08T17:28:15.675Z",
            "version": "WzEzOTI3NiwxXQ=="
        },
        {
            "attributes": {
                "description": "",
                "kibanaSavedObjectMeta": {
                    "searchSourceJSON": "{}"
                },
                "title": "S3 Total Requests [Metricbeat AWS]",
                "uiStateJSON": "{}",
                "version": 1,
                "visState": "{\"aggs\": [], \"params\": {\"axis_formatter\": \"number\", \"axis_position\": \"left\", \"axis_scale\": \"normal\", \"background_color_rules\": [{\"id\": \"c03c4320-4763-11e9-b811-fd5d24a641d7\"}], \"bar_color_rules\": [{\"id\": \"c7b9fca0-4763-11e9-b811-fd5d24a641d7\"}], \"default_index_pattern\": \"metricbeat-*\", \"default_timefield\": \"@timestamp\", \"drop_last_bucket\": 0, \"id\": \"61ca57f0-469d-11e7-af02-69e470af7417\", \"index_pattern\": \"metricbeat-*\", \"interval\": \"1d\", \"isModelInvalid\": false, \"series\": [{\"axis_position\": \"right\", \"chart_type\": \"line\", \"color\": \"#68BC00\", \"fill\": \"0\", \"formatter\": \"number\", \"id\": \"61ca57f1-469d-11e7-af02-69e470af7417\", \"line_width\": 1, \"metrics\": [{\"field\": \"aws.s3_request.requests.total\", \"id\": \"61ca57f2-469d-11e7-af02-69e470af7417\", \"type\": \"avg\"}], \"offset_time\": \"\", \"point_size\": 1, \"separate_axis\": 0, \"split_color_mode\": \"gradient\", \"split_mode\": \"terms\", \"stacked\": \"none\", \"terms_field\": \"aws.s3.bucket.name\", \"terms_order_by\": \"61ca57f2-469d-11e7-af02-69e470af7417\", \"terms_size\": \"5\"}], \"show_grid\": 1, \"show_legend\": 1, \"time_field\": \"@timestamp\", \"type\": \"top_n\"}, \"title\": \"S3 Total Requests [Metricbeat AWS]\", \"type\": \"metrics\"}"
            },
            "id": "d186fd50-4763-11e9-8062-c98a86cb6f94",
            "migrationVersion": {
                "visualization": "7.4.2"
            },
            "namespaces": [
                "default"
            ],
            "references": [],
            "type": "visualization",
            "updated_at": "2020-12-08T17:28:15.675Z",
            "version": "WzEzOTI3NywxXQ=="
        }
    ],
    "version": "7.10.0"
}