{
    "objects": [
        {
            "attributes": {
                "description": "This PostgreSQL dashboard shows the most important database related metrics.\n\n",
                "hits": 0,
                "kibanaSavedObjectMeta": {
                    "searchSourceJSON": "{\"filter\": [], \"query\": {\"language\": \"kuery\", \"query\": \"\"}}"
                },
                "optionsJSON": "{\"hidePanelTitles\": false, \"useMargins\": true}",
                "panelsJSON": "[{\"embeddableConfig\": {\"title\": \"Query Latency\"}, \"gridData\": {\"h\": 13, \"i\": \"1\", \"w\": 24, \"x\": 0, \"y\": 6}, \"panelIndex\": \"1\", \"panelRefName\": \"panel_0\", \"title\": \"Query Latency\", \"version\": \"7.3.1\"}, {\"embeddableConfig\": {\"title\": \"Database Transactions\"}, \"gridData\": {\"h\": 12, \"i\": \"2\", \"w\": 24, \"x\": 24, \"y\": 0}, \"panelIndex\": \"2\", \"panelRefName\": \"panel_1\", \"title\": \"Database Transactions\", \"version\": \"7.3.1\"}, {\"embeddableConfig\": {\"title\": \"Fileblock IO\"}, \"gridData\": {\"h\": 10, \"i\": \"3\", \"w\": 24, \"x\": 0, \"y\": 19}, \"panelIndex\": \"3\", \"panelRefName\": \"panel_2\", \"title\": \"Fileblock IO\", \"version\": \"7.3.1\"}, {\"embeddableConfig\": {\"title\": \"Rows Fetched/Returned\"}, \"gridData\": {\"h\": 6, \"i\": \"4\", \"w\": 14, \"x\": 10, \"y\": 0}, \"panelIndex\": \"4\", \"panelRefName\": \"panel_3\", \"title\": \"Rows Fetched/Returned\", \"version\": \"7.3.1\"}, {\"embeddableConfig\": {\"title\": \"Rows Inserted/Deleted/Updated\"}, \"gridData\": {\"h\": 9, \"i\": \"5\", \"w\": 24, \"x\": 24, \"y\": 22}, \"panelIndex\": \"5\", \"panelRefName\": \"panel_4\", \"title\": \"Rows Inserted/Deleted/Updated\", \"version\": \"7.3.1\"}, {\"embeddableConfig\": {\"title\": \"Conflict/Deadlock Rates\"}, \"gridData\": {\"h\": 11, \"i\": \"6\", \"w\": 24, \"x\": 0, \"y\": 29}, \"panelIndex\": \"6\", \"panelRefName\": \"panel_5\", \"title\": \"Conflict/Deadlock Rates\", \"version\": \"7.3.1\"}, {\"embeddableConfig\": {\"title\": \"Database Filter\"}, \"gridData\": {\"h\": 6, \"i\": \"7\", \"w\": 10, \"x\": 0, \"y\": 0}, \"panelIndex\": \"7\", \"panelRefName\": \"panel_6\", \"title\": \"Database Filter\", \"version\": \"7.3.1\"}, {\"embeddableConfig\": {\"title\": \"Top Queries\"}, \"gridData\": {\"h\": 10, \"i\": \"8\", \"w\": 24, \"x\": 24, \"y\": 12}, \"panelIndex\": \"8\", \"panelRefName\": \"panel_7\", \"title\": \"Top Queries\", \"version\": \"7.3.1\"}, {\"embeddableConfig\": {\"title\": \"Local block cache stats\"}, \"gridData\": {\"h\": 9, \"i\": \"9\", \"w\": 12, \"x\": 24, \"y\": 31}, \"panelIndex\": \"9\", \"panelRefName\": \"panel_8\", \"title\": \"Local block cache stats\", \"version\": \"7.3.1\"}, {\"embeddableConfig\": {\"title\": \"Shared block cache stats\"}, \"gridData\": {\"h\": 9, \"i\": \"10\", \"w\": 12, \"x\": 36, \"y\": 31}, \"panelIndex\": \"10\", \"panelRefName\": \"panel_9\", \"title\": \"Shared block cache stats\", \"version\": \"7.3.1\"}]",
                "timeRestore": false,
                "title": "[Metricbeat PostgreSQL] Database Overview",
                "version": 1
            },
            "id": "4288b790-b79f-11e9-a579-f5c0a5d81340",
            "migrationVersion": {
                "dashboard": "7.3.0"
            },
            "references": [
                {
                    "id": "fbfa67e0-b796-11e9-a579-f5c0a5d81340",
                    "name": "panel_0",
                    "type": "visualization"
                },
                {
                    "id": "d733c630-b797-11e9-a579-f5c0a5d81340",
                    "name": "panel_1",
                    "type": "visualization"
                },
                {
                    "id": "570973a0-b798-11e9-a579-f5c0a5d81340",
                    "name": "panel_2",
                    "type": "visualization"
                },
                {
                    "id": "66d67200-b799-11e9-a579-f5c0a5d81340",
                    "name": "panel_3",
                    "type": "visualization"
                },
                {
                    "id": "20931ef0-b79a-11e9-a579-f5c0a5d81340",
                    "name": "panel_4",
                    "type": "visualization"
                },
                {
                    "id": "960ecdf0-b79a-11e9-a579-f5c0a5d81340",
                    "name": "panel_5",
                    "type": "visualization"
                },
                {
                    "id": "98e6b0a0-b79b-11e9-a579-f5c0a5d81340",
                    "name": "panel_6",
                    "type": "visualization"
                },
                {
                    "id": "147875b0-b903-11e9-a579-f5c0a5d81340",
                    "name": "panel_7",
                    "type": "visualization"
                },
                {
                    "id": "0cb65170-b909-11e9-a579-f5c0a5d81340",
                    "name": "panel_8",
                    "type": "visualization"
                },
                {
                    "id": "e2b28ce0-b908-11e9-a579-f5c0a5d81340",
                    "name": "panel_9",
                    "type": "visualization"
                }
            ],
            "type": "dashboard",
            "updated_at": "2020-02-06T12:05:20.696Z",
            "version": "WzQzNTYsMV0="
        },
        {
            "attributes": {
                "description": "",
                "kibanaSavedObjectMeta": {
                    "searchSourceJSON": "{\"filter\": [], \"query\": {\"language\": \"kuery\", \"query\": \"\"}}"
                },
                "title": "Query Latency [Metricbeat PostgreSQL] ECS",
                "uiStateJSON": "{}",
                "version": 1,
                "visState": "{\"aggs\": [], \"params\": {\"axis_formatter\": \"number\", \"axis_position\": \"left\", \"axis_scale\": \"normal\", \"default_index_pattern\": \"metricbeat-*\", \"default_timefield\": \"@timestamp\", \"filter\": {\"language\": \"kuery\", \"query\": \"\"}, \"id\": \"919c5570-b796-11e9-8ed3-ef1959e6b366\", \"index_pattern\": \"metricbeat-*\", \"interval\": \"auto\", \"isModelInvalid\": false, \"series\": [{\"axis_position\": \"right\", \"chart_type\": \"line\", \"color\": \"rgba(0,156,224,1)\", \"fill\": \"0.1\", \"filter\": {\"language\": \"kuery\", \"query\": \"not postgresql.statement.query.text : (\\\"BEGIN;\\\" or \\\"begin\\\" or \\\"commit\\\" or \\\"end\\\" or \\\"END;\\\" or \\\"SELECT * FROM pg_stat_statements\\\" or \\\"SELECT * FROM pg_stat_database\\\" or \\\"SELECT * FROM pg_stat_bgwriter\\\" or \\\"SELECT * FROM pg_stat_activity\\\")\"}, \"formatter\": \"number\", \"id\": \"919c5571-b796-11e9-8ed3-ef1959e6b366\", \"label\": \"Query Latency\", \"line_width\": 2, \"metrics\": [{\"field\": \"postgresql.statement.query.time.total.ms\", \"id\": \"919c7c80-b796-11e9-8ed3-ef1959e6b366\", \"type\": \"max\"}, {\"field\": \"919c7c80-b796-11e9-8ed3-ef1959e6b366\", \"id\": \"9e553c60-b79f-11e9-9029-a9d302b79ec2\", \"type\": \"derivative\", \"unit\": \"1s\"}, {\"field\": \"9e553c60-b79f-11e9-9029-a9d302b79ec2\", \"id\": \"a58b6590-b79f-11e9-9029-a9d302b79ec2\", \"type\": \"positive_only\", \"unit\": \"\"}], \"point_size\": 0, \"separate_axis\": 0, \"split_color_mode\": \"rainbow\", \"split_mode\": \"terms\", \"stacked\": \"none\", \"terms_field\": \"postgresql.statement.query.text\", \"terms_order_by\": \"919c7c80-b796-11e9-8ed3-ef1959e6b366\", \"terms_size\": \"10\", \"type\": \"timeseries\", \"value_template\": \"{{value}}\"}], \"show_grid\": 1, \"show_legend\": 1, \"time_field\": \"@timestamp\", \"type\": \"timeseries\"}, \"title\": \"Query Latency [Metricbeat PostgreSQL] ECS\", \"type\": \"metrics\"}"
            },
            "id": "fbfa67e0-b796-11e9-a579-f5c0a5d81340",
            "migrationVersion": {
                "visualization": "7.4.2"
            },
            "references": [],
            "type": "visualization",
            "updated_at": "2020-02-06T11:59:01.903Z",
            "version": "WzQzNTAsMV0="
        },
        {
            "attributes": {
                "description": "",
                "kibanaSavedObjectMeta": {
                    "searchSourceJSON": "{\"filter\": [], \"query\": {\"language\": \"kuery\", \"query\": \"\"}}"
                },
                "title": "Database Transactions [Metricbeat PostgreSQL] ECS",
                "uiStateJSON": "{}",
                "version": 1,
                "visState": "{\"aggs\": [], \"params\": {\"axis_formatter\": \"number\", \"axis_position\": \"left\", \"axis_scale\": \"normal\", \"default_index_pattern\": \"metricbeat-*\", \"default_timefield\": \"@timestamp\", \"filter\": {\"language\": \"kuery\", \"query\": \"\"}, \"id\": \"7af01590-b797-11e9-8816-2992f1df7a62\", \"index_pattern\": \"metricbeat-*\", \"interval\": \"auto\", \"isModelInvalid\": false, \"series\": [{\"axis_position\": \"right\", \"chart_type\": \"line\", \"color\": \"rgba(104,188,0,1)\", \"fill\": 0, \"formatter\": \"number\", \"id\": \"7af01591-b797-11e9-8816-2992f1df7a62\", \"label\": \"committed\", \"line_width\": 2, \"metrics\": [{\"field\": \"postgresql.database.transactions.commit\", \"id\": \"7af01592-b797-11e9-8816-2992f1df7a62\", \"type\": \"max\"}, {\"field\": \"7af01592-b797-11e9-8816-2992f1df7a62\", \"id\": \"7af01594-b797-11e9-8816-2992f1df7a62\", \"type\": \"derivative\", \"unit\": \"1s\"}, {\"field\": \"7af01594-b797-11e9-8816-2992f1df7a62\", \"id\": \"7af01593-b797-11e9-8816-2992f1df7a62\", \"type\": \"positive_only\"}], \"point_size\": 0, \"separate_axis\": 0, \"split_mode\": \"everything\", \"stacked\": \"none\", \"type\": \"timeseries\", \"value_template\": \"{{value}}\"}, {\"axis_position\": \"right\", \"chart_type\": \"line\", \"color\": \"rgba(254,146,0,1)\", \"fill\": 0, \"formatter\": \"number\", \"id\": \"7af01595-b797-11e9-8816-2992f1df7a62\", \"label\": \"rolled back\", \"line_width\": 2, \"metrics\": [{\"field\": \"postgresql.database.transactions.rollback\", \"id\": \"7af01596-b797-11e9-8816-2992f1df7a62\", \"type\": \"max\"}, {\"field\": \"7af01596-b797-11e9-8816-2992f1df7a62\", \"id\": \"7af01598-b797-11e9-8816-2992f1df7a62\", \"type\": \"derivative\", \"unit\": \"1s\"}, {\"field\": \"7af01598-b797-11e9-8816-2992f1df7a62\", \"id\": \"7af01597-b797-11e9-8816-2992f1df7a62\", \"type\": \"positive_only\"}], \"point_size\": 0, \"separate_axis\": 0, \"split_mode\": \"everything\", \"stacked\": \"none\", \"type\": \"timeseries\", \"value_template\": \"{{value}}\"}], \"show_grid\": 1, \"show_legend\": 1, \"time_field\": \"@timestamp\", \"type\": \"timeseries\"}, \"title\": \"Database Transactions [Metricbeat PostgreSQL] ECS\", \"type\": \"metrics\"}"
            },
            "id": "d733c630-b797-11e9-a579-f5c0a5d81340",
            "migrationVersion": {
                "visualization": "7.4.2"
            },
            "references": [],
            "type": "visualization",
            "updated_at": "2020-02-05T15:49:18.236Z",
            "version": "WzQzMTIsMV0="
        },
        {
            "attributes": {
                "description": "",
                "kibanaSavedObjectMeta": {
                    "searchSourceJSON": "{\"filter\": [], \"query\": {\"language\": \"kuery\", \"query\": \"\"}}"
                },
                "title": "Fileblock IO Rate [Metricbeat PostgreSQL] ECS",
                "uiStateJSON": "{}",
                "version": 1,
                "visState": "{\"aggs\": [], \"params\": {\"axis_formatter\": \"number\", \"axis_position\": \"left\", \"axis_scale\": \"normal\", \"default_index_pattern\": \"metricbeat-*\", \"default_timefield\": \"@timestamp\", \"filter\": {\"language\": \"kuery\", \"query\": \"\"}, \"id\": \"fbc27280-b797-11e9-b46b-4f80f005c4a5\", \"index_pattern\": \"metricbeat-*\", \"interval\": \"auto\", \"isModelInvalid\": false, \"series\": [{\"axis_position\": \"right\", \"chart_type\": \"line\", \"color\": \"rgba(252,196,0,1)\", \"fill\": 0, \"formatter\": \"number\", \"id\": \"fbc27281-b797-11e9-b46b-4f80f005c4a5\", \"label\": \"read\", \"line_width\": 2, \"metrics\": [{\"field\": \"postgresql.database.blocks.time.read.ms\", \"id\": \"fbc27282-b797-11e9-b46b-4f80f005c4a5\", \"type\": \"max\"}, {\"field\": \"fbc27282-b797-11e9-b46b-4f80f005c4a5\", \"id\": \"fbc27284-b797-11e9-b46b-4f80f005c4a5\", \"type\": \"derivative\", \"unit\": \"1s\"}, {\"field\": \"fbc27284-b797-11e9-b46b-4f80f005c4a5\", \"id\": \"fbc27283-b797-11e9-b46b-4f80f005c4a5\", \"type\": \"positive_only\"}], \"point_size\": 0, \"separate_axis\": 0, \"split_mode\": \"everything\", \"stacked\": \"none\", \"type\": \"timeseries\", \"value_template\": \"{{value}} ms\"}, {\"axis_position\": \"right\", \"chart_type\": \"line\", \"color\": \"rgba(123,100,255,1)\", \"fill\": 0, \"formatter\": \"number\", \"id\": \"fbc27285-b797-11e9-b46b-4f80f005c4a5\", \"label\": \"write\", \"line_width\": 2, \"metrics\": [{\"field\": \"postgresql.database.blocks.time.write.ms\", \"id\": \"fbc27286-b797-11e9-b46b-4f80f005c4a5\", \"type\": \"max\"}, {\"field\": \"fbc27286-b797-11e9-b46b-4f80f005c4a5\", \"id\": \"fbc27288-b797-11e9-b46b-4f80f005c4a5\", \"type\": \"derivative\", \"unit\": \"1s\"}, {\"field\": \"fbc27288-b797-11e9-b46b-4f80f005c4a5\", \"id\": \"fbc27287-b797-11e9-b46b-4f80f005c4a5\", \"type\": \"positive_only\"}], \"point_size\": 0, \"separate_axis\": 0, \"split_mode\": \"everything\", \"stacked\": \"none\", \"type\": \"timeseries\", \"value_template\": \"{{value}} ms\"}], \"show_grid\": 1, \"show_legend\": 1, \"time_field\": \"@timestamp\", \"type\": \"timeseries\"}, \"title\": \"Fileblock IO Rate [Metricbeat PostgreSQL] ECS\", \"type\": \"metrics\"}"
            },
            "id": "570973a0-b798-11e9-a579-f5c0a5d81340",
            "migrationVersion": {
                "visualization": "7.4.2"
            },
            "references": [],
            "type": "visualization",
            "updated_at": "2020-02-05T19:01:54.390Z",
            "version": "WzQzMjQsMV0="
        },
        {
            "attributes": {
                "description": "",
                "kibanaSavedObjectMeta": {
                    "searchSourceJSON": "{\"filter\": [], \"query\": {\"language\": \"kuery\", \"query\": \"\"}}"
                },
                "title": "Rows Fetched/Returned [Metricbeat PostgreSQL] ECS",
                "uiStateJSON": "{}",
                "version": 1,
                "visState": "{\"aggs\": [], \"params\": {\"axis_formatter\": \"number\", \"axis_position\": \"left\", \"axis_scale\": \"normal\", \"background_color_rules\": [{\"id\": \"bec42b70-b798-11e9-af2f-3be5a91b64a6\"}], \"bar_color_rules\": [{\"id\": \"cc80b5d0-b798-11e9-af2f-3be5a91b64a6\"}], \"default_index_pattern\": \"metricbeat-*\", \"default_timefield\": \"@timestamp\", \"filter\": {\"language\": \"kuery\", \"query\": \"\"}, \"gauge_color_rules\": [{\"id\": \"ada89790-b798-11e9-af2f-3be5a91b64a6\"}], \"gauge_inner_width\": 10, \"gauge_style\": \"half\", \"gauge_width\": 10, \"id\": \"a6981ed0-b798-11e9-a598-8baa89257193\", \"index_pattern\": \"metricbeat-*\", \"interval\": \"auto\", \"isModelInvalid\": false, \"series\": [{\"axis_position\": \"right\", \"chart_type\": \"line\", \"color\": \"rgba(164,221,0,1)\", \"fill\": 0, \"filter\": {\"language\": \"kuery\", \"query\": \"\"}, \"formatter\": \"'0.0 a'\", \"id\": \"a6981ed1-b798-11e9-a598-8baa89257193\", \"label\": \"Rows Returned\", \"line_width\": 2, \"metrics\": [{\"field\": \"postgresql.database.rows.returned\", \"id\": \"a6981ed2-b798-11e9-a598-8baa89257193\", \"percentiles\": [{\"id\": \"b507cc90-b798-11e9-af2f-3be5a91b64a6\", \"mode\": \"line\", \"shade\": 0.2, \"value\": 50}], \"type\": \"max\"}, {\"field\": \"a6981ed2-b798-11e9-a598-8baa89257193\", \"id\": \"ed6f33d0-b8ff-11e9-8645-31d6a6d28728\", \"type\": \"derivative\", \"unit\": \"1\"}, {\"field\": \"ed6f33d0-b8ff-11e9-8645-31d6a6d28728\", \"id\": \"f58b9e50-b8ff-11e9-8645-31d6a6d28728\", \"type\": \"positive_only\", \"unit\": \"\"}], \"point_size\": 0, \"separate_axis\": 0, \"split_mode\": \"everything\", \"stacked\": \"none\", \"type\": \"timeseries\", \"value_template\": \"{{value}}\"}, {\"axis_position\": \"right\", \"chart_type\": \"line\", \"color\": \"rgba(0,156,224,1)\", \"fill\": 0, \"formatter\": \"number\", \"id\": \"a6981ed3-b798-11e9-a598-8baa89257193\", \"label\": \"Rows Fetched\", \"line_width\": 2, \"metrics\": [{\"field\": \"postgresql.database.rows.fetched\", \"id\": \"a6981ed4-b798-11e9-a598-8baa89257193\", \"type\": \"max\"}, {\"field\": \"a6981ed4-b798-11e9-a598-8baa89257193\", \"id\": \"064737e0-b900-11e9-8645-31d6a6d28728\", \"type\": \"derivative\", \"unit\": \"1s\"}, {\"field\": \"064737e0-b900-11e9-8645-31d6a6d28728\", \"id\": \"0fea1b50-b900-11e9-8645-31d6a6d28728\", \"type\": \"positive_only\", \"unit\": \"\"}], \"point_size\": 0, \"separate_axis\": 0, \"split_mode\": \"everything\", \"stacked\": \"none\", \"type\": \"timeseries\", \"value_template\": \"{{value}}\"}], \"show_grid\": 1, \"show_legend\": 1, \"time_field\": \"@timestamp\", \"type\": \"timeseries\"}, \"title\": \"Rows Fetched/Returned [Metricbeat PostgreSQL] ECS\", \"type\": \"metrics\"}"
            },
            "id": "66d67200-b799-11e9-a579-f5c0a5d81340",
            "migrationVersion": {
                "visualization": "7.4.2"
            },
            "references": [],
            "type": "visualization",
            "updated_at": "2020-02-06T11:56:03.315Z",
            "version": "WzQzNDYsMV0="
        },
        {
            "attributes": {
                "description": "",
                "kibanaSavedObjectMeta": {
                    "searchSourceJSON": "{\"filter\": [], \"query\": {\"language\": \"kuery\", \"query\": \"\"}}"
                },
                "title": "Rows Inserted/Deleted/Updated [Metricbeat PostgreSQL] ECS",
                "uiStateJSON": "{}",
                "version": 1,
                "visState": "{\"aggs\": [], \"params\": {\"axis_formatter\": \"number\", \"axis_position\": \"left\", \"axis_scale\": \"normal\", \"default_index_pattern\": \"metricbeat-*\", \"default_timefield\": \"@timestamp\", \"filter\": {\"language\": \"kuery\", \"query\": \"\"}, \"id\": \"fc474800-b799-11e9-bfa6-bd2fe13c0445\", \"index_pattern\": \"metricbeat-*\", \"interval\": \"auto\", \"isModelInvalid\": false, \"series\": [{\"axis_position\": \"right\", \"chart_type\": \"line\", \"color\": \"#3185FC\", \"fill\": 0, \"formatter\": \"number\", \"id\": \"fc474801-b799-11e9-bfa6-bd2fe13c0445\", \"label\": \"inserted\", \"line_width\": 2, \"metrics\": [{\"field\": \"postgresql.database.rows.inserted\", \"id\": \"fc474802-b799-11e9-bfa6-bd2fe13c0445\", \"type\": \"max\"}, {\"field\": \"fc474802-b799-11e9-bfa6-bd2fe13c0445\", \"id\": \"fc474804-b799-11e9-bfa6-bd2fe13c0445\", \"type\": \"derivative\", \"unit\": \"1s\"}, {\"field\": \"fc474804-b799-11e9-bfa6-bd2fe13c0445\", \"id\": \"fc474803-b799-11e9-bfa6-bd2fe13c0445\", \"type\": \"positive_only\"}], \"point_size\": 0, \"separate_axis\": 0, \"split_mode\": \"everything\", \"stacked\": \"none\", \"value_template\": \"{{value}}/s\"}, {\"axis_position\": \"right\", \"chart_type\": \"line\", \"color\": \"#DB1374\", \"fill\": 0, \"formatter\": \"number\", \"id\": \"fc474805-b799-11e9-bfa6-bd2fe13c0445\", \"label\": \"deleted\", \"line_width\": 2, \"metrics\": [{\"field\": \"postgresql.database.rows.deleted\", \"id\": \"fc474806-b799-11e9-bfa6-bd2fe13c0445\", \"type\": \"max\"}, {\"field\": \"fc474806-b799-11e9-bfa6-bd2fe13c0445\", \"id\": \"fc474808-b799-11e9-bfa6-bd2fe13c0445\", \"type\": \"derivative\", \"unit\": \"1s\"}, {\"field\": \"fc474808-b799-11e9-bfa6-bd2fe13c0445\", \"id\": \"fc474807-b799-11e9-bfa6-bd2fe13c0445\", \"type\": \"positive_only\"}], \"point_size\": 0, \"separate_axis\": 0, \"split_mode\": \"everything\", \"stacked\": \"none\", \"value_template\": \"{{value}}/s\"}, {\"axis_position\": \"right\", \"chart_type\": \"line\", \"color\": \"#00B3A4\", \"fill\": 0, \"formatter\": \"number\", \"id\": \"fc476f10-b799-11e9-bfa6-bd2fe13c0445\", \"label\": \"updated\", \"line_width\": 2, \"metrics\": [{\"field\": \"postgresql.database.rows.updated\", \"id\": \"fc476f11-b799-11e9-bfa6-bd2fe13c0445\", \"type\": \"max\"}, {\"field\": \"fc476f11-b799-11e9-bfa6-bd2fe13c0445\", \"id\": \"fc476f13-b799-11e9-bfa6-bd2fe13c0445\", \"type\": \"derivative\", \"unit\": \"1s\"}, {\"field\": \"fc476f13-b799-11e9-bfa6-bd2fe13c0445\", \"id\": \"fc476f12-b799-11e9-bfa6-bd2fe13c0445\", \"type\": \"positive_only\"}], \"point_size\": 0, \"separate_axis\": 0, \"split_mode\": \"everything\", \"stacked\": \"none\", \"value_template\": \"{{value}}/s\"}], \"show_grid\": 1, \"show_legend\": 1, \"time_field\": \"@timestamp\", \"type\": \"timeseries\"}, \"title\": \"Rows Inserted/Deleted/Updated [Metricbeat PostgreSQL] ECS\", \"type\": \"metrics\"}"
            },
            "id": "20931ef0-b79a-11e9-a579-f5c0a5d81340",
            "migrationVersion": {
                "visualization": "7.4.2"
            },
            "references": [],
            "type": "visualization",
            "updated_at": "2020-02-06T12:01:45.205Z",
            "version": "WzQzNTMsMV0="
        },
        {
            "attributes": {
                "description": "",
                "kibanaSavedObjectMeta": {
                    "searchSourceJSON": "{\"filter\": [], \"query\": {\"language\": \"kuery\", \"query\": \"\"}}"
                },
                "title": "Conflict/Deadlock Rates [Metricbeat PostgreSQL] ECS",
                "uiStateJSON": "{}",
                "version": 1,
                "visState": "{\"aggs\": [], \"params\": {\"axis_formatter\": \"number\", \"axis_position\": \"left\", \"axis_scale\": \"normal\", \"default_index_pattern\": \"metricbeat-*\", \"default_timefield\": \"@timestamp\", \"filter\": {\"language\": \"kuery\", \"query\": \"\"}, \"id\": \"6c90db30-b79a-11e9-a8f0-d7983cd3d871\", \"index_pattern\": \"metricbeat-*\", \"interval\": \"auto\", \"isModelInvalid\": false, \"series\": [{\"axis_position\": \"right\", \"chart_type\": \"line\", \"color\": \"rgba(12,121,125,1)\", \"fill\": 0, \"formatter\": \"number\", \"id\": \"6c90db31-b79a-11e9-a8f0-d7983cd3d871\", \"label\": \"conflicts\", \"line_width\": 2, \"metrics\": [{\"field\": \"postgresql.database.conflicts\", \"id\": \"6c90db32-b79a-11e9-a8f0-d7983cd3d871\", \"type\": \"avg\"}, {\"field\": \"6c90db32-b79a-11e9-a8f0-d7983cd3d871\", \"id\": \"6c90db34-b79a-11e9-a8f0-d7983cd3d871\", \"type\": \"derivative\", \"unit\": \"1s\"}, {\"field\": \"6c90db34-b79a-11e9-a8f0-d7983cd3d871\", \"id\": \"6c90db33-b79a-11e9-a8f0-d7983cd3d871\", \"type\": \"positive_only\"}], \"point_size\": 0, \"separate_axis\": 0, \"split_mode\": \"everything\", \"stacked\": \"none\", \"type\": \"timeseries\", \"value_template\": \"{{value}}\"}, {\"axis_position\": \"right\", \"chart_type\": \"line\", \"color\": \"rgba(244,78,59,1)\", \"fill\": 0, \"formatter\": \"number\", \"id\": \"6c90db35-b79a-11e9-a8f0-d7983cd3d871\", \"label\": \"deadlocks\", \"line_width\": 2, \"metrics\": [{\"field\": \"postgresql.database.deadlocks\", \"id\": \"6c90db36-b79a-11e9-a8f0-d7983cd3d871\", \"type\": \"avg\"}, {\"field\": \"6c90db36-b79a-11e9-a8f0-d7983cd3d871\", \"id\": \"6c90db38-b79a-11e9-a8f0-d7983cd3d871\", \"type\": \"derivative\", \"unit\": \"1s\"}, {\"field\": \"6c90db38-b79a-11e9-a8f0-d7983cd3d871\", \"id\": \"6c90db37-b79a-11e9-a8f0-d7983cd3d871\", \"type\": \"positive_only\"}], \"point_size\": 0, \"separate_axis\": 0, \"split_mode\": \"everything\", \"stacked\": \"none\", \"type\": \"timeseries\", \"value_template\": \"{{value}}\"}], \"show_grid\": 1, \"show_legend\": 1, \"time_field\": \"@timestamp\", \"type\": \"timeseries\"}, \"title\": \"Conflict/Deadlock Rates [Metricbeat PostgreSQL] ECS\", \"type\": \"metrics\"}"
            },
            "id": "960ecdf0-b79a-11e9-a579-f5c0a5d81340",
            "migrationVersion": {
                "visualization": "7.4.2"
            },
            "references": [],
            "type": "visualization",
            "updated_at": "2020-02-05T15:46:52.411Z",
            "version": "WzQzMDgsMV0="
        },
        {
            "attributes": {
                "description": "",
                "kibanaSavedObjectMeta": {
                    "searchSourceJSON": "{\"filter\": [], \"query\": {\"language\": \"kuery\", \"query\": \"\"}}"
                },
                "title": "Database Filter [Metricbeat PostgreSQL] ECS",
                "uiStateJSON": "{}",
                "version": 1,
                "visState": "{\"aggs\": [], \"params\": {\"controls\": [{\"fieldName\": \"postgresql.database.name\", \"id\": \"1549397251041\", \"indexPatternRefName\": \"control_0_index_pattern\", \"label\": \"database\", \"options\": {\"dynamicOptions\": true, \"multiselect\": false, \"order\": \"desc\", \"size\": 5, \"type\": \"terms\"}, \"parent\": \"\", \"type\": \"list\"}], \"pinFilters\": false, \"updateFiltersOnChange\": true, \"useTimeFilter\": true}, \"title\": \"Database Filter [Metricbeat PostgreSQL] ECS\", \"type\": \"input_control_vis\"}"
            },
            "id": "98e6b0a0-b79b-11e9-a579-f5c0a5d81340",
            "migrationVersion": {
                "visualization": "7.4.2"
            },
            "references": [
                {
                    "id": "metricbeat-*",
                    "name": "control_0_index_pattern",
                    "type": "index-pattern"
                }
            ],
            "type": "visualization",
            "updated_at": "2020-01-22T13:56:51.268Z",
            "version": "WzQwMjgsMV0="
        },
        {
            "attributes": {
                "description": "",
                "kibanaSavedObjectMeta": {
                    "searchSourceJSON": "{\"filter\": [], \"query\": {\"language\": \"kuery\", \"query\": \"\"}}"
                },
                "title": "Query Calls Count [Metricbeat PostgreSQL] ECS",
                "uiStateJSON": "{}",
                "version": 1,
                "visState": "{\"aggs\": [], \"params\": {\"axis_formatter\": \"number\", \"axis_position\": \"left\", \"axis_scale\": \"normal\", \"background_color_rules\": [{\"id\": \"d3cc2560-484b-11ea-a805-d7a3b4bc3300\"}], \"bar_color_rules\": [{\"id\": \"6da7d6e0-b902-11e9-9f00-7b1f283b2282\"}], \"default_index_pattern\": \"metricbeat-*\", \"default_timefield\": \"@timestamp\", \"filter\": {\"language\": \"kuery\", \"query\": \"\"}, \"gauge_color_rules\": [{\"id\": \"d22727f0-484b-11ea-a805-d7a3b4bc3300\"}], \"gauge_inner_width\": 10, \"gauge_style\": \"half\", \"gauge_width\": 10, \"id\": \"2bc5fea0-b902-11e9-8b8c-f99be54b4271\", \"index_pattern\": \"metricbeat-*\", \"interval\": \"auto\", \"isModelInvalid\": false, \"pivot_id\": \"postgresql.statement.query.text\", \"pivot_type\": \"string\", \"series\": [{\"axis_position\": \"right\", \"chart_type\": \"line\", \"color\": \"rgba(22,165,165,1)\", \"fill\": 0, \"filter\": {\"language\": \"kuery\", \"query\": \"not postgresql.statement.query.text : (\\\"BEGIN;\\\" or \\\"begin\\\" or \\\"commit\\\" or \\\"end\\\" or \\\"END;\\\" or \\\"SELECT * FROM pg_stat_statements\\\" or \\\"SELECT * FROM pg_stat_database\\\" or \\\"SELECT * FROM pg_stat_bgwriter\\\" or \\\"SELECT * FROM pg_stat_activity\\\")\"}, \"formatter\": \"'0a'\", \"id\": \"2bc5fea1-b902-11e9-8b8c-f99be54b4271\", \"label\": \"Number of times the query has been run\", \"line_width\": 2, \"metrics\": [{\"field\": \"postgresql.statement.query.calls\", \"id\": \"2bc5fea2-b902-11e9-8b8c-f99be54b4271\", \"type\": \"avg\"}], \"point_size\": 0, \"separate_axis\": 0, \"split_mode\": \"terms\", \"stacked\": \"none\", \"terms_field\": \"postgresql.statement.query.text\", \"terms_order_by\": \"2bc5fea2-b902-11e9-8b8c-f99be54b4271\", \"terms_size\": \"20\", \"type\": \"timeseries\", \"value_template\": \"{{value}}\"}], \"show_grid\": 1, \"show_legend\": 1, \"time_field\": \"@timestamp\", \"time_range_mode\": \"entire_time_range\", \"type\": \"top_n\"}, \"title\": \"Query Calls Count [Metricbeat PostgreSQL] ECS\", \"type\": \"metrics\"}"
            },
            "id": "147875b0-b903-11e9-a579-f5c0a5d81340",
            "migrationVersion": {
                "visualization": "7.4.2"
            },
            "references": [],
            "type": "visualization",
            "updated_at": "2020-02-06T12:04:42.628Z",
            "version": "WzQzNTUsMV0="
        },
        {
            "attributes": {
                "description": "",
                "kibanaSavedObjectMeta": {
                    "searchSourceJSON": "{\"filter\": [], \"query\": {\"language\": \"kuery\", \"query\": \"\"}}"
                },
                "title": "Local block cache stats [Metricbeat PostgreSQL] ECS",
                "uiStateJSON": "{}",
                "version": 1,
                "visState": "{\"aggs\": [], \"params\": {\"axis_formatter\": \"number\", \"axis_position\": \"left\", \"axis_scale\": \"normal\", \"default_index_pattern\": \"metricbeat-*\", \"default_timefield\": \"@timestamp\", \"filter\": {\"language\": \"kuery\", \"query\": \"\"}, \"id\": \"8f49dbd0-b908-11e9-a256-6d0ec934f3f9\", \"index_pattern\": \"metricbeat-*\", \"interval\": \"auto\", \"series\": [{\"axis_position\": \"right\", \"chart_type\": \"line\", \"color\": \"#3185FC\", \"fill\": 0, \"formatter\": \"number\", \"id\": \"8f49dbd1-b908-11e9-a256-6d0ec934f3f9\", \"label\": \"cache hits\", \"line_width\": 2, \"metrics\": [{\"field\": \"postgresql.statement.query.memory.local.hit\", \"id\": \"8f49dbd2-b908-11e9-a256-6d0ec934f3f9\", \"type\": \"max\"}, {\"field\": \"8f49dbd2-b908-11e9-a256-6d0ec934f3f9\", \"id\": \"8f49dbd4-b908-11e9-a256-6d0ec934f3f9\", \"type\": \"derivative\", \"unit\": \"1s\"}, {\"field\": \"8f49dbd2-b908-11e9-a256-6d0ec934f3f9\", \"id\": \"8f49dbd3-b908-11e9-a256-6d0ec934f3f9\", \"type\": \"positive_only\", \"unit\": \"\"}], \"point_size\": 0, \"separate_axis\": 0, \"split_mode\": \"everything\", \"stacked\": \"none\", \"value_template\": \"{{value}}\"}, {\"axis_position\": \"right\", \"chart_type\": \"line\", \"color\": \"#DB1374\", \"fill\": 0, \"formatter\": \"number\", \"id\": \"8f49dbd5-b908-11e9-a256-6d0ec934f3f9\", \"label\": \"cache read\", \"line_width\": 2, \"metrics\": [{\"field\": \"postgresql.statement.query.memory.local.read\", \"id\": \"8f49dbd6-b908-11e9-a256-6d0ec934f3f9\", \"type\": \"max\"}, {\"field\": \"8f49dbd6-b908-11e9-a256-6d0ec934f3f9\", \"id\": \"8f49dbd8-b908-11e9-a256-6d0ec934f3f9\", \"type\": \"derivative\", \"unit\": \"1s\"}, {\"field\": \"8f49dbd6-b908-11e9-a256-6d0ec934f3f9\", \"id\": \"8f49dbd7-b908-11e9-a256-6d0ec934f3f9\", \"type\": \"positive_only\", \"unit\": \"\"}], \"point_size\": 0, \"separate_axis\": 0, \"split_mode\": \"everything\", \"stacked\": \"none\", \"value_template\": \"{{value}}\"}], \"show_grid\": 1, \"show_legend\": 1, \"time_field\": \"@timestamp\", \"type\": \"timeseries\"}, \"title\": \"Local block cache stats [Metricbeat PostgreSQL] ECS\", \"type\": \"metrics\"}"
            },
            "id": "0cb65170-b909-11e9-a579-f5c0a5d81340",
            "migrationVersion": {
                "visualization": "7.4.2"
            },
            "references": [],
            "type": "visualization",
            "updated_at": "2020-01-22T13:56:51.268Z",
            "version": "WzQwMzAsMV0="
        },
        {
            "attributes": {
                "description": "",
                "kibanaSavedObjectMeta": {
                    "searchSourceJSON": "{\"filter\": [], \"query\": {\"language\": \"kuery\", \"query\": \"\"}}"
                },
                "title": "Shared block cache stats [Metricbeat PostgreSQL] ECS",
                "uiStateJSON": "{}",
                "version": 1,
                "visState": "{\"aggs\": [], \"params\": {\"axis_formatter\": \"number\", \"axis_position\": \"left\", \"axis_scale\": \"normal\", \"default_index_pattern\": \"metricbeat-*\", \"default_timefield\": \"@timestamp\", \"filter\": {\"language\": \"kuery\", \"query\": \"\"}, \"id\": \"8f49dbd0-b908-11e9-a256-6d0ec934f3f9\", \"index_pattern\": \"metricbeat-*\", \"interval\": \"auto\", \"series\": [{\"axis_position\": \"right\", \"chart_type\": \"line\", \"color\": \"#3185FC\", \"fill\": 0, \"formatter\": \"number\", \"id\": \"8f49dbd1-b908-11e9-a256-6d0ec934f3f9\", \"label\": \"cache hits\", \"line_width\": 2, \"metrics\": [{\"field\": \"postgresql.statement.query.memory.shared.hit\", \"id\": \"8f49dbd2-b908-11e9-a256-6d0ec934f3f9\", \"type\": \"max\"}, {\"field\": \"8f49dbd2-b908-11e9-a256-6d0ec934f3f9\", \"id\": \"8f49dbd4-b908-11e9-a256-6d0ec934f3f9\", \"type\": \"derivative\", \"unit\": \"1s\"}, {\"field\": \"8f49dbd4-b908-11e9-a256-6d0ec934f3f9\", \"id\": \"8f49dbd3-b908-11e9-a256-6d0ec934f3f9\", \"type\": \"positive_only\"}], \"point_size\": 0, \"separate_axis\": 0, \"split_mode\": \"everything\", \"stacked\": \"none\", \"value_template\": \"{{value}}\"}, {\"axis_position\": \"right\", \"chart_type\": \"line\", \"color\": \"#DB1374\", \"fill\": 0, \"formatter\": \"number\", \"id\": \"8f49dbd5-b908-11e9-a256-6d0ec934f3f9\", \"label\": \"cache read\", \"line_width\": 2, \"metrics\": [{\"field\": \"postgresql.statement.query.memory.shared.read\", \"id\": \"8f49dbd6-b908-11e9-a256-6d0ec934f3f9\", \"type\": \"max\"}, {\"field\": \"8f49dbd6-b908-11e9-a256-6d0ec934f3f9\", \"id\": \"8f49dbd8-b908-11e9-a256-6d0ec934f3f9\", \"type\": \"derivative\", \"unit\": \"1s\"}, {\"field\": \"8f49dbd8-b908-11e9-a256-6d0ec934f3f9\", \"id\": \"8f49dbd7-b908-11e9-a256-6d0ec934f3f9\", \"type\": \"positive_only\"}], \"point_size\": 0, \"separate_axis\": 0, \"split_mode\": \"everything\", \"stacked\": \"none\", \"value_template\": \"{{value}}\"}], \"show_grid\": 1, \"show_legend\": 1, \"time_field\": \"@timestamp\", \"type\": \"timeseries\"}, \"title\": \"Shared block cache stats [Metricbeat PostgreSQL] ECS\", \"type\": \"metrics\"}"
            },
            "id": "e2b28ce0-b908-11e9-a579-f5c0a5d81340",
            "migrationVersion": {
                "visualization": "7.4.2"
            },
            "references": [],
            "type": "visualization",
            "updated_at": "2020-01-22T13:56:51.268Z",
            "version": "WzQwMzEsMV0="
        }
    ],
    "version": "7.3.1"
}