{
    "objects": [
        {
            "attributes": {
                "description": "This Couchbase dashboard visualizes the most relevant metrics for cluster, nodes and buckets. ",
                "hits": 0,
                "kibanaSavedObjectMeta": {
                    "searchSourceJSON": "{\"filter\": [], \"query\": {\"language\": \"kuery\", \"query\": \"\"}}"
                },
                "optionsJSON": "{\"hidePanelTitles\": false, \"useMargins\": true}",
                "panelsJSON": "[{\"embeddableConfig\": {}, \"gridData\": {\"h\": 11, \"i\": \"1\", \"w\": 12, \"x\": 0, \"y\": 11}, \"panelIndex\": \"1\", \"panelRefName\": \"panel_0\", \"title\": \"Buckets RAM Used\", \"version\": \"7.3.0\"}, {\"embeddableConfig\": {}, \"gridData\": {\"h\": 11, \"i\": \"2\", \"w\": 12, \"x\": 12, \"y\": 11}, \"panelIndex\": \"2\", \"panelRefName\": \"panel_1\", \"title\": \"Buckets Disk Used\", \"version\": \"7.3.0\"}, {\"embeddableConfig\": {}, \"gridData\": {\"h\": 11, \"i\": \"3\", \"w\": 24, \"x\": 24, \"y\": 11}, \"panelIndex\": \"3\", \"panelRefName\": \"panel_2\", \"title\": \"Node CPU Utilization\", \"version\": \"7.3.0\"}, {\"embeddableConfig\": {}, \"gridData\": {\"h\": 11, \"i\": \"4\", \"w\": 12, \"x\": 0, \"y\": 22}, \"panelIndex\": \"4\", \"panelRefName\": \"panel_3\", \"title\": \"Buckets Operations Per Second\", \"version\": \"7.3.0\"}, {\"embeddableConfig\": {}, \"gridData\": {\"h\": 11, \"i\": \"5\", \"w\": 24, \"x\": 24, \"y\": 0}, \"panelIndex\": \"5\", \"panelRefName\": \"panel_4\", \"title\": \"Operations per Node\", \"version\": \"7.3.0\"}, {\"embeddableConfig\": {}, \"gridData\": {\"h\": 11, \"i\": \"6\", \"w\": 12, \"x\": 0, \"y\": 0}, \"panelIndex\": \"6\", \"panelRefName\": \"panel_5\", \"title\": \"Cluster HDD Usage\", \"version\": \"7.3.0\"}, {\"embeddableConfig\": {}, \"gridData\": {\"h\": 11, \"i\": \"7\", \"w\": 12, \"x\": 12, \"y\": 0}, \"panelIndex\": \"7\", \"panelRefName\": \"panel_6\", \"title\": \"Cluster RAM\", \"version\": \"7.3.0\"}, {\"embeddableConfig\": {}, \"gridData\": {\"h\": 11, \"i\": \"8\", \"w\": 12, \"x\": 12, \"y\": 22}, \"panelIndex\": \"8\", \"panelRefName\": \"panel_7\", \"title\": \"Bucket Item Count\", \"version\": \"7.3.0\"}, {\"embeddableConfig\": {}, \"gridData\": {\"h\": 11, \"i\": \"9\", \"w\": 24, \"x\": 24, \"y\": 33}, \"panelIndex\": \"9\", \"panelRefName\": \"panel_8\", \"title\": \"Document Replicas\", \"version\": \"7.3.0\"}, {\"embeddableConfig\": {}, \"gridData\": {\"h\": 11, \"i\": \"10\", \"w\": 24, \"x\": 24, \"y\": 22}, \"panelIndex\": \"10\", \"panelRefName\": \"panel_9\", \"title\": \"Disk space used by docs\", \"version\": \"7.3.0\"}, {\"embeddableConfig\": {}, \"gridData\": {\"h\": 11, \"i\": \"11\", \"w\": 24, \"x\": 0, \"y\": 33}, \"panelIndex\": \"11\", \"panelRefName\": \"panel_10\", \"title\": \"Disk Fetches\", \"version\": \"7.3.0\"}]",
                "timeRestore": false,
                "title": "[Metricbeat Couchbase] Cluster Overview",
                "version": 1
            },
            "id": "46d21220-b9f1-11e9-a579-f5c0a5d81340",
            "migrationVersion": {
                "dashboard": "7.3.0"
            },
            "references": [
                {
                    "id": "e781add0-b9dc-11e9-a579-f5c0a5d81340",
                    "name": "panel_0",
                    "type": "visualization"
                },
                {
                    "id": "c4c81a30-b9dd-11e9-a579-f5c0a5d81340",
                    "name": "panel_1",
                    "type": "visualization"
                },
                {
                    "id": "467c99c0-b9de-11e9-a579-f5c0a5d81340",
                    "name": "panel_2",
                    "type": "visualization"
                },
                {
                    "id": "e23a9fe0-b9db-11e9-a579-f5c0a5d81340",
                    "name": "panel_3",
                    "type": "visualization"
                },
                {
                    "id": "17a01210-b9e0-11e9-a579-f5c0a5d81340",
                    "name": "panel_4",
                    "type": "visualization"
                },
                {
                    "id": "f515f2e0-b9e0-11e9-a579-f5c0a5d81340",
                    "name": "panel_5",
                    "type": "visualization"
                },
                {
                    "id": "7cc8def0-b9e1-11e9-a579-f5c0a5d81340",
                    "name": "panel_6",
                    "type": "visualization"
                },
                {
                    "id": "97ee1ea0-b9f2-11e9-a579-f5c0a5d81340",
                    "name": "panel_7",
                    "type": "visualization"
                },
                {
                    "id": "63efced0-b9f4-11e9-a579-f5c0a5d81340",
                    "name": "panel_8",
                    "type": "visualization"
                },
                {
                    "id": "99980c90-ba8b-11e9-a579-f5c0a5d81340",
                    "name": "panel_9",
                    "type": "visualization"
                },
                {
                    "id": "19eed0e0-ba8c-11e9-a579-f5c0a5d81340",
                    "name": "panel_10",
                    "type": "visualization"
                }
            ],
            "type": "dashboard",
            "updated_at": "2019-08-19T14:28:56.796Z",
            "version": "WzE1NDYsMV0="
        },
        {
            "attributes": {
                "description": "",
                "kibanaSavedObjectMeta": {
                    "searchSourceJSON": "{\"filter\": [], \"query\": {\"language\": \"kuery\", \"query\": \"\"}}"
                },
                "title": "Buckets RAM Used [Metricbeat Couchbase] ECS",
                "uiStateJSON": "{}",
                "version": 1,
                "visState": "{\"aggs\": [], \"params\": {\"axis_formatter\": \"number\", \"axis_position\": \"left\", \"axis_scale\": \"normal\", \"default_index_pattern\": \"metricbeat-*\", \"default_timefield\": \"@timestamp\", \"filter\": {\"language\": \"kuery\", \"query\": \"\"}, \"id\": \"1ad80860-b9dc-11e9-a74b-270ba78f4926\", \"index_pattern\": \"metricbeat-*\", \"interval\": \"auto\", \"series\": [{\"axis_position\": \"right\", \"chart_type\": \"line\", \"color\": \"rgba(164,221,0,1)\", \"fill\": \"0.1\", \"filter\": {\"language\": \"kuery\", \"query\": \"\"}, \"formatter\": \"bytes\", \"id\": \"1ad80861-b9dc-11e9-a74b-270ba78f4926\", \"label\": \" RAM used\", \"line_width\": \"1\", \"metrics\": [{\"field\": \"couchbase.bucket.memory.used.bytes\", \"id\": \"1ad80862-b9dc-11e9-a74b-270ba78f4926\", \"type\": \"max\"}], \"point_size\": 0, \"separate_axis\": 0, \"split_color_mode\": \"rainbow\", \"split_mode\": \"terms\", \"stacked\": \"none\", \"terms_field\": \"couchbase.bucket.name\", \"terms_order_by\": \"1ad80862-b9dc-11e9-a74b-270ba78f4926\", \"value_template\": \"{{value}}\"}], \"show_grid\": 1, \"show_legend\": 1, \"time_field\": \"@timestamp\", \"type\": \"timeseries\"}, \"title\": \"Buckets RAM Used [Metricbeat Couchbase] ECS\", \"type\": \"metrics\"}"
            },
            "id": "e781add0-b9dc-11e9-a579-f5c0a5d81340",
            "migrationVersion": {
                "visualization": "7.3.0"
            },
            "references": [],
            "type": "visualization",
            "updated_at": "2019-08-19T14:26:15.240Z",
            "version": "WzE0NzgsMV0="
        },
        {
            "attributes": {
                "description": "",
                "kibanaSavedObjectMeta": {
                    "searchSourceJSON": "{\"filter\": [], \"query\": {\"language\": \"kuery\", \"query\": \"\"}}"
                },
                "title": "Buckets Disk Used [Metricbeat Couchbase] ECS",
                "uiStateJSON": "{}",
                "version": 1,
                "visState": "{\"aggs\": [], \"params\": {\"axis_formatter\": \"number\", \"axis_position\": \"left\", \"axis_scale\": \"normal\", \"background_color_rules\": [{\"id\": \"a126b410-b9dd-11e9-aa9d-55aa18f46863\"}], \"bar_color_rules\": [{\"id\": \"9bcf0ee0-b9dd-11e9-aa9d-55aa18f46863\"}], \"default_index_pattern\": \"metricbeat-*\", \"default_timefield\": \"@timestamp\", \"filter\": {\"language\": \"kuery\", \"query\": \"\"}, \"gauge_color_rules\": [{\"id\": \"97d88050-b9dd-11e9-aa9d-55aa18f46863\"}], \"gauge_inner_width\": 10, \"gauge_style\": \"half\", \"gauge_width\": 10, \"id\": \"04f7a400-b9dd-11e9-b988-d77f6106a7f0\", \"index_pattern\": \"metricbeat-*\", \"interval\": \"auto\", \"series\": [{\"axis_position\": \"right\", \"chart_type\": \"line\", \"color\": \"rgba(0,98,177,1)\", \"fill\": \"0.1\", \"formatter\": \"bytes\", \"id\": \"04f7a401-b9dd-11e9-b988-d77f6106a7f0\", \"label\": \"Disk Used\", \"line_width\": \"1\", \"metrics\": [{\"field\": \"couchbase.bucket.disk.used.bytes\", \"id\": \"04f7a402-b9dd-11e9-b988-d77f6106a7f0\", \"type\": \"max\"}], \"point_size\": 0, \"separate_axis\": 0, \"split_mode\": \"terms\", \"stacked\": \"none\", \"terms_field\": \"couchbase.bucket.name\", \"value_template\": \"{{value}}\"}], \"show_grid\": 1, \"show_legend\": 1, \"time_field\": \"@timestamp\", \"type\": \"timeseries\"}, \"title\": \"Buckets Disk Used [Metricbeat Couchbase] ECS\", \"type\": \"metrics\"}"
            },
            "id": "c4c81a30-b9dd-11e9-a579-f5c0a5d81340",
            "migrationVersion": {
                "visualization": "7.3.0"
            },
            "references": [],
            "type": "visualization",
            "updated_at": "2019-08-09T09:59:37.672Z",
            "version": "Wzk5NiwxXQ=="
        },
        {
            "attributes": {
                "description": "",
                "kibanaSavedObjectMeta": {
                    "searchSourceJSON": "{\"filter\": [], \"query\": {\"language\": \"kuery\", \"query\": \"\"}}"
                },
                "title": "Node CPU Utilization [Metricbeat Couchbase] ECS",
                "uiStateJSON": "{}",
                "version": 1,
                "visState": "{\"aggs\": [], \"params\": {\"axis_formatter\": \"number\", \"axis_position\": \"left\", \"axis_scale\": \"normal\", \"default_index_pattern\": \"metricbeat-*\", \"default_timefield\": \"@timestamp\", \"filter\": {\"language\": \"kuery\", \"query\": \"\"}, \"id\": \"f6ae4d80-b9dd-11e9-a864-6f6fa2fda75a\", \"index_pattern\": \"metricbeat-*\", \"interval\": \"auto\", \"series\": [{\"axis_position\": \"right\", \"chart_type\": \"line\", \"color\": \"#3185FC\", \"fill\": 0, \"formatter\": \"'0.'\", \"id\": \"f6ae7490-b9dd-11e9-a864-6f6fa2fda75a\", \"label\": \"CPU Utilization\", \"line_width\": 2, \"metrics\": [{\"field\": \"couchbase.node.cpu_utilization_rate.pct\", \"id\": \"f6ae7491-b9dd-11e9-a864-6f6fa2fda75a\", \"type\": \"max\"}], \"point_size\": 0, \"separate_axis\": 0, \"split_color_mode\": \"rainbow\", \"split_mode\": \"terms\", \"stacked\": \"none\", \"terms_field\": \"couchbase.node.hostname\", \"value_template\": \"{{value}}%\"}], \"show_grid\": 1, \"show_legend\": 1, \"time_field\": \"@timestamp\", \"type\": \"timeseries\"}, \"title\": \"Node CPU Utilization [Metricbeat Couchbase] ECS\", \"type\": \"metrics\"}"
            },
            "id": "467c99c0-b9de-11e9-a579-f5c0a5d81340",
            "migrationVersion": {
                "visualization": "7.3.0"
            },
            "references": [],
            "type": "visualization",
            "updated_at": "2019-08-09T10:01:08.255Z",
            "version": "WzEwMzEsMV0="
        },
        {
            "attributes": {
                "description": "",
                "kibanaSavedObjectMeta": {
                    "searchSourceJSON": "{\"filter\": [], \"query\": {\"language\": \"kuery\", \"query\": \"\"}}"
                },
                "title": "Buckets Operations Per Second [Metricbeat Couchbase] ECS",
                "uiStateJSON": "{}",
                "version": 1,
                "visState": "{\"aggs\": [], \"params\": {\"axis_formatter\": \"number\", \"axis_position\": \"left\", \"axis_scale\": \"normal\", \"default_index_pattern\": \"metricbeat-*\", \"default_timefield\": \"@timestamp\", \"filter\": {\"language\": \"kuery\", \"query\": \"\"}, \"id\": \"b8a49140-b9db-11e9-bc93-69919d73c9bb\", \"index_pattern\": \"metricbeat-*\", \"interval\": \"auto\", \"series\": [{\"axis_position\": \"right\", \"chart_type\": \"line\", \"color\": \"#3185FC\", \"fill\": 0, \"formatter\": \"number\", \"id\": \"b8a49141-b9db-11e9-bc93-69919d73c9bb\", \"label\": \"ops_per_sec\", \"line_width\": 2, \"metrics\": [{\"field\": \"couchbase.bucket.ops_per_sec\", \"id\": \"b8a49142-b9db-11e9-bc93-69919d73c9bb\", \"type\": \"max\"}], \"point_size\": 0, \"separate_axis\": 0, \"split_mode\": \"terms\", \"stacked\": \"none\", \"terms_field\": \"couchbase.bucket.name\", \"value_template\": \"{{value}}\"}], \"show_grid\": 1, \"show_legend\": 1, \"time_field\": \"@timestamp\", \"type\": \"timeseries\"}, \"title\": \"Buckets Operations Per Second [Metricbeat Couchbase] ECS\", \"type\": \"metrics\"}"
            },
            "id": "e23a9fe0-b9db-11e9-a579-f5c0a5d81340",
            "migrationVersion": {
                "visualization": "7.3.0"
            },
            "references": [],
            "type": "visualization",
            "updated_at": "2019-08-09T09:58:23.524Z",
            "version": "Wzk3MiwxXQ=="
        },
        {
            "attributes": {
                "description": "",
                "kibanaSavedObjectMeta": {
                    "searchSourceJSON": "{\"filter\": [], \"query\": {\"language\": \"kuery\", \"query\": \"\"}}"
                },
                "title": "Operations per Node [Metricbeat Couchbase] ECS",
                "uiStateJSON": "{}",
                "version": 1,
                "visState": "{\"aggs\": [], \"params\": {\"axis_formatter\": \"number\", \"axis_position\": \"left\", \"axis_scale\": \"normal\", \"default_index_pattern\": \"metricbeat-*\", \"default_timefield\": \"@timestamp\", \"filter\": {\"language\": \"kuery\", \"query\": \"\"}, \"id\": \"ec9c42a0-b9df-11e9-8634-0fd532c4482a\", \"index_pattern\": \"metricbeat-*\", \"interval\": \"auto\", \"series\": [{\"axis_position\": \"right\", \"chart_type\": \"line\", \"color\": \"rgba(84,141,162,1)\", \"fill\": \"0.1\", \"formatter\": \"number\", \"id\": \"ec9c42a1-b9df-11e9-8634-0fd532c4482a\", \"label\": \"max(couchbase.node.ops)\", \"line_width\": \"1\", \"metrics\": [{\"field\": \"couchbase.node.ops\", \"id\": \"ec9c42a2-b9df-11e9-8634-0fd532c4482a\", \"type\": \"max\"}], \"point_size\": 0, \"separate_axis\": 0, \"split_mode\": \"terms\", \"stacked\": \"none\", \"terms_field\": \"couchbase.node.hostname\", \"value_template\": \"{{value}}\"}], \"show_grid\": 1, \"show_legend\": 1, \"time_field\": \"@timestamp\", \"type\": \"timeseries\"}, \"title\": \"Operations per Node [Metricbeat Couchbase] ECS\", \"type\": \"metrics\"}"
            },
            "id": "17a01210-b9e0-11e9-a579-f5c0a5d81340",
            "migrationVersion": {
                "visualization": "7.3.0"
            },
            "references": [],
            "type": "visualization",
            "updated_at": "2019-08-09T10:00:47.340Z",
            "version": "WzEwMjQsMV0="
        },
        {
            "attributes": {
                "description": "",
                "kibanaSavedObjectMeta": {
                    "searchSourceJSON": "{\"filter\": [], \"query\": {\"language\": \"kuery\", \"query\": \"\"}}"
                },
                "title": "Cluster HDD Usage [Metricbeat Couchbase] ECS",
                "uiStateJSON": "{}",
                "version": 1,
                "visState": "{\"aggs\": [], \"params\": {\"axis_formatter\": \"number\", \"axis_position\": \"left\", \"axis_scale\": \"normal\", \"background_color_rules\": [{\"id\": \"c7abd1d0-b9e0-11e9-8604-efdef550e653\"}], \"default_index_pattern\": \"metricbeat-*\", \"default_timefield\": \"@timestamp\", \"filter\": {\"language\": \"kuery\", \"query\": \"\"}, \"gauge_color_rules\": [{\"id\": \"c82f80c0-b9e0-11e9-8604-efdef550e653\"}], \"gauge_inner_width\": 10, \"gauge_style\": \"half\", \"gauge_width\": 10, \"id\": \"c34f7c90-b9e0-11e9-ab08-bf43409c5a0d\", \"index_pattern\": \"metricbeat-*\", \"interval\": \"auto\", \"series\": [{\"axis_position\": \"right\", \"chart_type\": \"line\", \"color\": \"rgba(67,191,147,1)\", \"fill\": \"0.2\", \"formatter\": \"bytes\", \"id\": \"c34f7c91-b9e0-11e9-ab08-bf43409c5a0d\", \"label\": \"Free\", \"line_width\": \"1\", \"metrics\": [{\"field\": \"couchbase.cluster.hdd.free.bytes\", \"id\": \"c34f7c92-b9e0-11e9-ab08-bf43409c5a0d\", \"type\": \"max\"}], \"point_size\": 0, \"separate_axis\": 0, \"split_color_mode\": \"gradient\", \"split_mode\": \"everything\", \"stacked\": \"none\", \"value_template\": \"{{value}}\"}, {\"axis_position\": \"right\", \"chart_type\": \"line\", \"color\": \"#68BC00\", \"fill\": 0.5, \"formatter\": \"bytes\", \"id\": \"8949ecc0-ba89-11e9-8d4d-f510918c2882\", \"label\": \"Data\", \"line_width\": 1, \"metrics\": [{\"field\": \"couchbase.cluster.hdd.used.by_data.bytes\", \"id\": \"8949ecc1-ba89-11e9-8d4d-f510918c2882\", \"type\": \"max\"}], \"point_size\": \"0\", \"separate_axis\": 0, \"split_mode\": \"everything\", \"stacked\": \"none\"}, {\"axis_position\": \"right\", \"chart_type\": \"line\", \"color\": \"rgba(0,156,224,1)\", \"fill\": 0.5, \"formatter\": \"bytes\", \"id\": \"ce3d98e0-ba89-11e9-8d4d-f510918c2882\", \"label\": \"Cluster\", \"line_width\": 1, \"metrics\": [{\"field\": \"couchbase.cluster.hdd.used.value.bytes\", \"id\": \"ce3d98e1-ba89-11e9-8d4d-f510918c2882\", \"type\": \"max\"}], \"point_size\": \"0\", \"separate_axis\": 0, \"split_mode\": \"everything\", \"stacked\": \"none\"}, {\"axis_position\": \"right\", \"chart_type\": \"line\", \"color\": \"rgba(159,5,0,1)\", \"fill\": \"0\", \"formatter\": \"bytes\", \"id\": \"2f4dbb20-ba89-11e9-8d4d-f510918c2882\", \"label\": \"Total\", \"line_width\": 1, \"metrics\": [{\"field\": \"couchbase.cluster.hdd.total.bytes\", \"id\": \"2f4dbb21-ba89-11e9-8d4d-f510918c2882\", \"type\": \"max\"}], \"point_size\": \"0\", \"separate_axis\": 0, \"split_mode\": \"everything\", \"stacked\": \"none\"}], \"show_grid\": 1, \"show_legend\": 1, \"time_field\": \"@timestamp\", \"type\": \"timeseries\"}, \"title\": \"Cluster HDD Usage [Metricbeat Couchbase] ECS\", \"type\": \"metrics\"}"
            },
            "id": "f515f2e0-b9e0-11e9-a579-f5c0a5d81340",
            "migrationVersion": {
                "visualization": "7.3.0"
            },
            "references": [],
            "type": "visualization",
            "updated_at": "2019-08-09T10:00:12.389Z",
            "version": "WzEwMTUsMV0="
        },
        {
            "attributes": {
                "description": "",
                "kibanaSavedObjectMeta": {
                    "searchSourceJSON": "{\"filter\": [], \"query\": {\"language\": \"kuery\", \"query\": \"\"}}"
                },
                "title": "Cluster RAM [Metricbeat Couchbase] ECS",
                "uiStateJSON": "{}",
                "version": 1,
                "visState": "{\"aggs\": [], \"params\": {\"axis_formatter\": \"number\", \"axis_position\": \"left\", \"axis_scale\": \"normal\", \"bar_color_rules\": [{\"id\": \"3afe8650-b9e1-11e9-861c-7f7211bffe38\"}], \"default_index_pattern\": \"metricbeat-*\", \"default_timefield\": \"@timestamp\", \"filter\": {\"language\": \"kuery\", \"query\": \"\"}, \"id\": \"24242700-b9e1-11e9-ab98-51a45917a19d\", \"index_pattern\": \"metricbeat-*\", \"interval\": \"auto\", \"series\": [{\"axis_position\": \"right\", \"chart_type\": \"line\", \"color\": \"rgba(159,5,0,1)\", \"fill\": 0, \"formatter\": \"bytes\", \"id\": \"24242701-b9e1-11e9-ab98-51a45917a19d\", \"label\": \"Total\", \"line_width\": 2, \"metrics\": [{\"field\": \"couchbase.cluster.ram.total.bytes\", \"id\": \"24242702-b9e1-11e9-ab98-51a45917a19d\", \"type\": \"max\"}], \"point_size\": 0, \"separate_axis\": 0, \"split_mode\": \"everything\", \"stacked\": \"none\", \"value_template\": \"{{value}}\"}, {\"axis_position\": \"right\", \"chart_type\": \"line\", \"color\": \"rgba(226,115,0,1)\", \"fill\": \"0.2\", \"formatter\": \"bytes\", \"id\": \"24242703-b9e1-11e9-ab98-51a45917a19d\", \"label\": \"Used\", \"line_width\": \"1\", \"metrics\": [{\"field\": \"couchbase.cluster.ram.used.value.bytes\", \"id\": \"24242704-b9e1-11e9-ab98-51a45917a19d\", \"type\": \"max\"}], \"point_size\": 0, \"separate_axis\": 0, \"split_mode\": \"everything\", \"stacked\": \"none\", \"value_template\": \"{{value}}\"}], \"show_grid\": 1, \"show_legend\": 1, \"time_field\": \"@timestamp\", \"type\": \"timeseries\"}, \"title\": \"Cluster RAM [Metricbeat Couchbase] ECS\", \"type\": \"metrics\"}"
            },
            "id": "7cc8def0-b9e1-11e9-a579-f5c0a5d81340",
            "migrationVersion": {
                "visualization": "7.3.0"
            },
            "references": [],
            "type": "visualization",
            "updated_at": "2019-08-09T09:59:56.912Z",
            "version": "WzEwMDUsMV0="
        },
        {
            "attributes": {
                "description": "",
                "kibanaSavedObjectMeta": {
                    "searchSourceJSON": "{\"filter\": [], \"query\": {\"language\": \"kuery\", \"query\": \"\"}}"
                },
                "title": "Bucket Item Count [Metricbeat Couchbase] ECS",
                "uiStateJSON": "{}",
                "version": 1,
                "visState": "{\"aggs\": [], \"params\": {\"axis_formatter\": \"number\", \"axis_position\": \"left\", \"axis_scale\": \"normal\", \"default_index_pattern\": \"metricbeat-*\", \"default_timefield\": \"@timestamp\", \"filter\": {\"language\": \"kuery\", \"query\": \"\"}, \"id\": \"5b94e6a0-b9f2-11e9-9c08-535482acfc9e\", \"index_pattern\": \"metricbeat-*\", \"interval\": \"auto\", \"series\": [{\"axis_position\": \"right\", \"chart_type\": \"line\", \"color\": \"rgba(252,196,0,1)\", \"fill\": \"0.1\", \"formatter\": \"number\", \"id\": \"5b94e6a1-b9f2-11e9-9c08-535482acfc9e\", \"label\": \"items\", \"line_width\": \"1\", \"metrics\": [{\"field\": \"couchbase.bucket.item_count\", \"id\": \"5b94e6a2-b9f2-11e9-9c08-535482acfc9e\", \"type\": \"max\"}], \"point_size\": 0, \"separate_axis\": 0, \"split_mode\": \"terms\", \"stacked\": \"none\", \"terms_field\": \"couchbase.bucket.name\", \"terms_order_by\": \"5b94e6a2-b9f2-11e9-9c08-535482acfc9e\", \"value_template\": \"{{value}}\"}], \"show_grid\": 1, \"show_legend\": 1, \"time_field\": \"@timestamp\", \"type\": \"timeseries\"}, \"title\": \"Bucket Item Count [Metricbeat Couchbase] ECS\", \"type\": \"metrics\"}"
            },
            "id": "97ee1ea0-b9f2-11e9-a579-f5c0a5d81340",
            "migrationVersion": {
                "visualization": "7.3.0"
            },
            "references": [],
            "type": "visualization",
            "updated_at": "2019-08-09T09:58:47.462Z",
            "version": "Wzk4MCwxXQ=="
        },
        {
            "attributes": {
                "description": "",
                "kibanaSavedObjectMeta": {
                    "searchSourceJSON": "{\"filter\": [], \"query\": {\"language\": \"kuery\", \"query\": \"\"}}"
                },
                "title": "Document Replicas [Metricbeat Couchbase] ECS",
                "uiStateJSON": "{}",
                "version": 1,
                "visState": "{\"aggs\": [], \"params\": {\"axis_formatter\": \"number\", \"axis_position\": \"left\", \"axis_scale\": \"normal\", \"default_index_pattern\": \"metricbeat-*\", \"default_timefield\": \"@timestamp\", \"filter\": {\"language\": \"kuery\", \"query\": \"\"}, \"id\": \"2658bfa0-b9f4-11e9-ac89-cd269ee83e5f\", \"index_pattern\": \"metricbeat-*\", \"interval\": \"auto\", \"series\": [{\"axis_position\": \"right\", \"chart_type\": \"line\", \"color\": \"#3185FC\", \"fill\": \"0.2\", \"formatter\": \"number\", \"id\": \"2658bfa1-b9f4-11e9-ac89-cd269ee83e5f\", \"label\": \"replicas\", \"line_width\": \"1\", \"metrics\": [{\"field\": \"couchbase.node.vb_replica_curr_items\", \"id\": \"2658bfa2-b9f4-11e9-ac89-cd269ee83e5f\", \"type\": \"max\"}], \"point_size\": 0, \"separate_axis\": 0, \"split_mode\": \"terms\", \"stacked\": \"none\", \"terms_field\": \"couchbase.node.hostname\", \"value_template\": \"{{value}}\"}], \"show_grid\": 1, \"show_legend\": 1, \"time_field\": \"@timestamp\", \"type\": \"timeseries\"}, \"title\": \"Document Replicas [Metricbeat Couchbase] ECS\", \"type\": \"metrics\"}"
            },
            "id": "63efced0-b9f4-11e9-a579-f5c0a5d81340",
            "migrationVersion": {
                "visualization": "7.3.0"
            },
            "references": [],
            "type": "visualization",
            "updated_at": "2019-08-09T10:01:57.445Z",
            "version": "WzEwNDgsMV0="
        },
        {
            "attributes": {
                "description": "",
                "kibanaSavedObjectMeta": {
                    "searchSourceJSON": "{\"filter\": [], \"query\": {\"language\": \"kuery\", \"query\": \"\"}}"
                },
                "title": "Disk space used by docs [Metricbeat Couchbase] ECS",
                "uiStateJSON": "{}",
                "version": 1,
                "visState": "{\"aggs\": [], \"params\": {\"axis_formatter\": \"number\", \"axis_position\": \"left\", \"axis_scale\": \"normal\", \"default_index_pattern\": \"metricbeat-*\", \"default_timefield\": \"@timestamp\", \"filter\": {\"language\": \"kuery\", \"query\": \"\"}, \"id\": \"46d25240-ba8b-11e9-a06c-c5fca4bfd53b\", \"index_pattern\": \"metricbeat-*\", \"interval\": \"auto\", \"series\": [{\"axis_position\": \"right\", \"chart_type\": \"line\", \"color\": \"rgba(83,167,131,1)\", \"fill\": \"0.1\", \"formatter\": \"bytes\", \"id\": \"46d25241-ba8b-11e9-a06c-c5fca4bfd53b\", \"label\": \"Docs \", \"line_width\": \"1\", \"metrics\": [{\"field\": \"couchbase.node.couch.docs.disk_size.bytes\", \"id\": \"46d25242-ba8b-11e9-a06c-c5fca4bfd53b\", \"type\": \"max\"}], \"point_size\": 0, \"separate_axis\": 0, \"split_color_mode\": \"gradient\", \"split_mode\": \"terms\", \"stacked\": \"none\", \"terms_field\": \"couchbase.node.hostname\", \"value_template\": \"{{value}}\"}], \"show_grid\": 1, \"show_legend\": 1, \"time_field\": \"@timestamp\", \"type\": \"timeseries\"}, \"title\": \"Disk space used by docs [Metricbeat Couchbase] ECS\", \"type\": \"metrics\"}"
            },
            "id": "99980c90-ba8b-11e9-a579-f5c0a5d81340",
            "migrationVersion": {
                "visualization": "7.3.0"
            },
            "references": [],
            "type": "visualization",
            "updated_at": "2019-08-09T10:15:08.388Z",
            "version": "WzEwNzMsMV0="
        },
        {
            "attributes": {
                "description": "",
                "kibanaSavedObjectMeta": {
                    "searchSourceJSON": "{\"filter\": [], \"query\": {\"language\": \"kuery\", \"query\": \"\"}}"
                },
                "title": "Disk Fetches [Metricbeat Couchbase] ECS",
                "uiStateJSON": "{}",
                "version": 1,
                "visState": "{\"aggs\": [], \"params\": {\"axis_formatter\": \"number\", \"axis_position\": \"left\", \"axis_scale\": \"normal\", \"default_index_pattern\": \"metricbeat-*\", \"default_timefield\": \"@timestamp\", \"filter\": {\"language\": \"kuery\", \"query\": \"\"}, \"id\": \"ead970d0-ba8b-11e9-8d1e-992a5619d7be\", \"index_pattern\": \"metricbeat-*\", \"interval\": \"auto\", \"series\": [{\"axis_position\": \"right\", \"chart_type\": \"line\", \"color\": \"rgba(176,188,0,1)\", \"fill\": 0, \"formatter\": \"number\", \"id\": \"ead970d1-ba8b-11e9-8d1e-992a5619d7be\", \"label\": \"Disk Fetches\", \"line_width\": 2, \"metrics\": [{\"field\": \"couchbase.bucket.disk.fetches\", \"id\": \"ead970d2-ba8b-11e9-8d1e-992a5619d7be\", \"type\": \"max\"}], \"point_size\": 0, \"separate_axis\": 0, \"split_mode\": \"terms\", \"stacked\": \"none\", \"terms_field\": \"couchbase.bucket.name\", \"value_template\": \"{{value}}\"}], \"show_grid\": 1, \"show_legend\": 1, \"time_field\": \"@timestamp\", \"type\": \"timeseries\"}, \"title\": \"Disk Fetches [Metricbeat Couchbase] ECS\", \"type\": \"metrics\"}"
            },
            "id": "19eed0e0-ba8c-11e9-a579-f5c0a5d81340",
            "migrationVersion": {
                "visualization": "7.3.0"
            },
            "references": [],
            "type": "visualization",
            "updated_at": "2019-08-09T09:57:30.478Z",
            "version": "Wzk2NSwxXQ=="
        }
    ],
    "version": "7.3.0"
}