{
    "objects": [
        {
            "attributes": {
                "description": "Metrics for STAN channels / subjects",
                "hits": 0,
                "kibanaSavedObjectMeta": {
                    "searchSourceJSON": "{\"filter\": [], \"query\": {\"language\": \"kuery\", \"query\": \"\"}}"
                },
                "optionsJSON": "{\"hidePanelTitles\": false, \"useMargins\": true}",
                "panelsJSON": "[{\"embeddableConfig\": {}, \"gridData\": {\"h\": 15, \"i\": \"98c9a793-903a-47af-900b-8becd2493d0a\", \"w\": 24, \"x\": 24, \"y\": 0}, \"panelIndex\": \"98c9a793-903a-47af-900b-8becd2493d0a\", \"panelRefName\": \"panel_0\", \"version\": \"7.5.2\"}, {\"embeddableConfig\": {}, \"gridData\": {\"h\": 15, \"i\": \"d11727cf-8d05-45ae-9ae0-2f3b79ab7eda\", \"w\": 24, \"x\": 0, \"y\": 0}, \"panelIndex\": \"d11727cf-8d05-45ae-9ae0-2f3b79ab7eda\", \"panelRefName\": \"panel_1\", \"version\": \"7.5.2\"}]",
                "timeRestore": false,
                "title": "[Metricbeat Stan] Channel Overview Metrics",
                "version": 1
            },
            "id": "b6a60340-4371-11ea-b0c6-cb14c0977bd1",
            "migrationVersion": {
                "dashboard": "7.3.0"
            },
            "references": [
                {
                    "id": "46a07ac0-436d-11ea-b0c6-cb14c0977bd1",
                    "name": "panel_0",
                    "type": "visualization"
                },
                {
                    "id": "0e412fe0-4371-11ea-b0c6-cb14c0977bd1",
                    "name": "panel_1",
                    "type": "visualization"
                }
            ],
            "type": "dashboard",
            "updated_at": "2020-01-30T15:03:46.292Z",
            "version": "WzI0MTMsMV0="
        },
        {
            "attributes": {
                "description": "Number of messages in each channel / subject",
                "kibanaSavedObjectMeta": {
                    "searchSourceJSON": "{\"filter\": [], \"query\": {\"language\": \"kuery\", \"query\": \"\"}}"
                },
                "title": "Channel Messages [Metricbeat Stan]",
                "uiStateJSON": "{}",
                "version": 1,
                "visState": "{\"aggs\": [], \"params\": {\"axis_formatter\": \"number\", \"axis_position\": \"left\", \"axis_scale\": \"normal\", \"default_index_pattern\": \"metricbeat-*\", \"default_timefield\": \"@timestamp\", \"id\": \"61ca57f0-469d-11e7-af02-69e470af7417\", \"index_pattern\": \"metricbeat-*\", \"interval\": \"\", \"isModelInvalid\": false, \"series\": [{\"axis_position\": \"right\", \"chart_type\": \"bar\", \"color\": \"#68BC00\", \"fill\": 0.5, \"formatter\": \"number\", \"id\": \"61ca57f1-469d-11e7-af02-69e470af7417\", \"label\": \"STAN Queue Messages\", \"line_width\": 1, \"metrics\": [{\"field\": \"stan.channels.messages\", \"id\": \"61ca57f2-469d-11e7-af02-69e470af7417\", \"type\": \"max\"}], \"point_size\": 1, \"separate_axis\": 0, \"split_mode\": \"terms\", \"stacked\": \"none\", \"terms_field\": \"stan.channels.name\", \"type\": \"timeseries\"}], \"show_grid\": 1, \"show_legend\": 1, \"time_field\": \"\", \"type\": \"timeseries\"}, \"title\": \"Channel Messages [Metricbeat Stan]\", \"type\": \"metrics\"}"
            },
            "id": "46a07ac0-436d-11ea-b0c6-cb14c0977bd1",
            "migrationVersion": {
                "visualization": "7.4.2"
            },
            "references": [],
            "type": "visualization",
            "updated_at": "2020-01-30T15:01:38.606Z",
            "version": "WzI0MDcsMV0="
        },
        {
            "attributes": {
                "description": "Queue depth of STAN channels, summed per channel",
                "kibanaSavedObjectMeta": {
                    "searchSourceJSON": "{\"filter\": [], \"query\": {\"language\": \"kuery\", \"query\": \"\"}}"
                },
                "title": "Channel Queue Depth [Metricbeat Stan]",
                "uiStateJSON": "{}",
                "version": 1,
                "visState": "{\"aggs\": [], \"params\": {\"axis_formatter\": \"number\", \"axis_position\": \"left\", \"axis_scale\": \"normal\", \"default_index_pattern\": \"metricbeat-*\", \"default_timefield\": \"@timestamp\", \"id\": \"61ca57f0-469d-11e7-af02-69e470af7417\", \"index_pattern\": \"metricbeat-*\", \"interval\": \"\", \"isModelInvalid\": false, \"series\": [{\"axis_position\": \"right\", \"chart_type\": \"bar\", \"color\": \"#68BC00\", \"fill\": 0.5, \"formatter\": \"number\", \"id\": \"61ca57f1-469d-11e7-af02-69e470af7417\", \"label\": \"Queue Depth\", \"line_width\": 1, \"metrics\": [{\"field\": \"stan.channels.depth\", \"id\": \"61ca57f2-469d-11e7-af02-69e470af7417\", \"type\": \"max\"}], \"point_size\": 1, \"separate_axis\": 0, \"split_mode\": \"terms\", \"stacked\": \"none\", \"terms_field\": \"stan.channels.name\", \"type\": \"timeseries\"}], \"show_grid\": 1, \"show_legend\": 1, \"time_field\": \"\", \"type\": \"timeseries\"}, \"title\": \"Channel Queue Depth [Metricbeat Stan]\", \"type\": \"metrics\"}"
            },
            "id": "0e412fe0-4371-11ea-b0c6-cb14c0977bd1",
            "migrationVersion": {
                "visualization": "7.4.2"
            },
            "references": [],
            "type": "visualization",
            "updated_at": "2020-01-30T15:02:01.289Z",
            "version": "WzI0MDgsMV0="
        }
    ],
    "version": "7.5.2"
}