{
    "objects": [
        {
            "attributes": {
                "description": "Overview of GCP Load Balancing L3 Metrics",
                "hits": 0,
                "kibanaSavedObjectMeta": {
                    "searchSourceJSON": "{\"filter\": [], \"query\": {\"language\": \"kuery\", \"query\": \"\"}}"
                },
                "optionsJSON": "{\"hidePanelTitles\": false, \"useMargins\": true}",
                "panelsJSON": "[{\"embeddableConfig\": {\"title\": \"Filters\"}, \"gridData\": {\"h\": 6, \"i\": \"8b86e712-4709-458a-b8e9-40e79305b1aa\", \"w\": 48, \"x\": 0, \"y\": 0}, \"panelIndex\": \"8b86e712-4709-458a-b8e9-40e79305b1aa\", \"panelRefName\": \"panel_0\", \"title\": \"Filters\", \"version\": \"7.6.2\"}, {\"embeddableConfig\": {\"title\": \"Egress Packets\"}, \"gridData\": {\"h\": 15, \"i\": \"44d18a84-d060-4149-825d-eacc61f946f3\", \"w\": 24, \"x\": 24, \"y\": 6}, \"panelIndex\": \"44d18a84-d060-4149-825d-eacc61f946f3\", \"panelRefName\": \"panel_1\", \"title\": \"Egress Packets\", \"version\": \"7.6.2\"}, {\"embeddableConfig\": {\"title\": \"Egress Bytes\"}, \"gridData\": {\"h\": 15, \"i\": \"c38aeaae-69a7-4a6c-a35a-4bf5c8f70e86\", \"w\": 24, \"x\": 0, \"y\": 6}, \"panelIndex\": \"c38aeaae-69a7-4a6c-a35a-4bf5c8f70e86\", \"panelRefName\": \"panel_2\", \"title\": \"Egress Bytes\", \"version\": \"7.6.2\"}, {\"embeddableConfig\": {\"title\": \"Ingress Packets\"}, \"gridData\": {\"h\": 15, \"i\": \"c5782327-dc55-466d-97d8-b79618f0b47a\", \"w\": 24, \"x\": 24, \"y\": 21}, \"panelIndex\": \"c5782327-dc55-466d-97d8-b79618f0b47a\", \"panelRefName\": \"panel_3\", \"title\": \"Ingress Packets\", \"version\": \"7.6.2\"}, {\"embeddableConfig\": {\"title\": \"Ingress Bytes\"}, \"gridData\": {\"h\": 15, \"i\": \"beaf5f45-5217-4aed-b663-69e5e9ca35c3\", \"w\": 24, \"x\": 0, \"y\": 21}, \"panelIndex\": \"beaf5f45-5217-4aed-b663-69e5e9ca35c3\", \"panelRefName\": \"panel_4\", \"title\": \"Ingress Bytes\", \"version\": \"7.6.2\"}]",
                "timeRestore": false,
                "title": "[Metricbeat GCP] Load Balancing L3 Overview",
                "version": 1
            },
            "id": "8f9c6cc0-909d-11ea-8180-7b0dacd9df87",
            "migrationVersion": {
                "dashboard": "7.3.0"
            },
            "references": [
                {
                    "id": "3f4e9040-909d-11ea-8180-7b0dacd9df87",
                    "name": "panel_0",
                    "type": "visualization"
                },
                {
                    "id": "2f6b6740-909b-11ea-8180-7b0dacd9df87",
                    "name": "panel_1",
                    "type": "visualization"
                },
                {
                    "id": "e562eb50-909a-11ea-8180-7b0dacd9df87",
                    "name": "panel_2",
                    "type": "visualization"
                },
                {
                    "id": "543dac40-909b-11ea-8180-7b0dacd9df87",
                    "name": "panel_3",
                    "type": "visualization"
                },
                {
                    "id": "434f69f0-909b-11ea-8180-7b0dacd9df87",
                    "name": "panel_4",
                    "type": "visualization"
                }
            ],
            "type": "dashboard",
            "updated_at": "2020-05-07T20:21:35.954Z",
            "version": "WzQ2OTUsNV0="
        },
        {
            "attributes": {
                "description": "",
                "kibanaSavedObjectMeta": {
                    "searchSourceJSON": "{}"
                },
                "title": "Load Balancing L3 Filters [Metricbeat GCP]",
                "uiStateJSON": "{}",
                "version": 1,
                "visState": "{\"aggs\": [], \"params\": {\"controls\": [{\"fieldName\": \"gcp.labels.resource.backend_name\", \"id\": \"1588881306802\", \"indexPatternRefName\": \"control_0_index_pattern\", \"label\": \"Backend Name\", \"options\": {\"dynamicOptions\": true, \"multiselect\": true, \"order\": \"desc\", \"size\": 5, \"type\": \"terms\"}, \"parent\": \"\", \"type\": \"list\"}, {\"fieldName\": \"gcp.labels.metrics.client_zone\", \"id\": \"1588881320708\", \"indexPatternRefName\": \"control_1_index_pattern\", \"label\": \"Client Zone\", \"options\": {\"dynamicOptions\": true, \"multiselect\": true, \"order\": \"desc\", \"size\": 5, \"type\": \"terms\"}, \"parent\": \"\", \"type\": \"list\"}, {\"fieldName\": \"gcp.labels.metrics.client_network\", \"id\": \"1588881383318\", \"indexPatternRefName\": \"control_2_index_pattern\", \"label\": \"Client Network\", \"options\": {\"dynamicOptions\": true, \"multiselect\": true, \"order\": \"desc\", \"size\": 5, \"type\": \"terms\"}, \"parent\": \"\", \"type\": \"list\"}, {\"fieldName\": \"gcp.labels.metrics.client_subnetwork\", \"id\": \"1588881498842\", \"indexPatternRefName\": \"control_3_index_pattern\", \"label\": \"Client Sub-network\", \"options\": {\"dynamicOptions\": true, \"multiselect\": true, \"order\": \"desc\", \"size\": 5, \"type\": \"terms\"}, \"parent\": \"\", \"type\": \"list\"}], \"pinFilters\": false, \"updateFiltersOnChange\": false, \"useTimeFilter\": false}, \"title\": \"Load Balancing L3 Filters [Metricbeat GCP]\", \"type\": \"input_control_vis\"}"
            },
            "id": "3f4e9040-909d-11ea-8180-7b0dacd9df87",
            "migrationVersion": {
                "visualization": "7.4.2"
            },
            "references": [
                {
                    "id": "metricbeat-*",
                    "name": "control_0_index_pattern",
                    "type": "index-pattern"
                },
                {
                    "id": "metricbeat-*",
                    "name": "control_1_index_pattern",
                    "type": "index-pattern"
                },
                {
                    "id": "metricbeat-*",
                    "name": "control_2_index_pattern",
                    "type": "index-pattern"
                },
                {
                    "id": "metricbeat-*",
                    "name": "control_3_index_pattern",
                    "type": "index-pattern"
                }
            ],
            "type": "visualization",
            "updated_at": "2020-05-07T20:01:49.530Z",
            "version": "WzQ2ODcsNV0="
        },
        {
            "attributes": {
                "description": "",
                "kibanaSavedObjectMeta": {
                    "searchSourceJSON": "{}"
                },
                "title": "Load Balancing L3 Egress Packets [Metricbeat GCP]",
                "uiStateJSON": "{}",
                "version": 1,
                "visState": "{\"aggs\": [], \"params\": {\"axis_formatter\": \"number\", \"axis_position\": \"left\", \"axis_scale\": \"normal\", \"default_index_pattern\": \"metricbeat-*\", \"default_timefield\": \"@timestamp\", \"drop_last_bucket\": 1, \"filter\": {\"language\": \"kuery\", \"query\": \"gcp.loadbalancing.l3.internal.egress_packets_count.value : * \"}, \"id\": \"61ca57f0-469d-11e7-af02-69e470af7417\", \"index_pattern\": \"metricbeat-*\", \"interval\": \"1m\", \"isModelInvalid\": false, \"series\": [{\"axis_position\": \"right\", \"chart_type\": \"line\", \"color\": \"#68BC00\", \"fill\": \"0\", \"formatter\": \"bytes\", \"id\": \"61ca57f1-469d-11e7-af02-69e470af7417\", \"label\": \"\", \"line_width\": \"2\", \"metrics\": [{\"field\": \"gcp.loadbalancing.l3.internal.egress_packets_count.value\", \"id\": \"61ca57f2-469d-11e7-af02-69e470af7417\", \"type\": \"avg\"}], \"point_size\": \"3\", \"separate_axis\": 0, \"split_color_mode\": \"rainbow\", \"split_mode\": \"terms\", \"stacked\": \"none\", \"terms_field\": \"gcp.labels.resource.backend_name\", \"terms_order_by\": \"61ca57f2-469d-11e7-af02-69e470af7417\", \"type\": \"timeseries\"}], \"show_grid\": 1, \"show_legend\": 1, \"time_field\": \"\", \"type\": \"timeseries\"}, \"title\": \"Load Balancing L3 Egress Packets [Metricbeat GCP]\", \"type\": \"metrics\"}"
            },
            "id": "2f6b6740-909b-11ea-8180-7b0dacd9df87",
            "migrationVersion": {
                "visualization": "7.4.2"
            },
            "references": [],
            "type": "visualization",
            "updated_at": "2020-05-07T20:04:34.525Z",
            "version": "WzQ2OTIsNV0="
        },
        {
            "attributes": {
                "description": "",
                "kibanaSavedObjectMeta": {
                    "searchSourceJSON": "{}"
                },
                "title": "Load Balancing L3 Egress Bytes [Metricbeat GCP]",
                "uiStateJSON": "{}",
                "version": 1,
                "visState": "{\"aggs\": [], \"params\": {\"axis_formatter\": \"number\", \"axis_position\": \"left\", \"axis_scale\": \"normal\", \"default_index_pattern\": \"metricbeat-*\", \"default_timefield\": \"@timestamp\", \"drop_last_bucket\": 1, \"filter\": {\"language\": \"kuery\", \"query\": \"gcp.loadbalancing.l3.internal.egress_bytes_count.value : * \"}, \"id\": \"61ca57f0-469d-11e7-af02-69e470af7417\", \"index_pattern\": \"metricbeat-*\", \"interval\": \"1m\", \"isModelInvalid\": false, \"series\": [{\"axis_position\": \"right\", \"chart_type\": \"line\", \"color\": \"#68BC00\", \"fill\": \"0\", \"formatter\": \"bytes\", \"id\": \"61ca57f1-469d-11e7-af02-69e470af7417\", \"label\": \"\", \"line_width\": \"2\", \"metrics\": [{\"field\": \"gcp.loadbalancing.l3.internal.egress_bytes_count.value\", \"id\": \"61ca57f2-469d-11e7-af02-69e470af7417\", \"type\": \"avg\"}], \"point_size\": \"3\", \"separate_axis\": 0, \"split_color_mode\": \"rainbow\", \"split_mode\": \"terms\", \"stacked\": \"none\", \"terms_field\": \"gcp.labels.resource.backend_name\", \"terms_order_by\": \"61ca57f2-469d-11e7-af02-69e470af7417\", \"type\": \"timeseries\"}], \"show_grid\": 1, \"show_legend\": 1, \"time_field\": \"\", \"type\": \"timeseries\"}, \"title\": \"Load Balancing L3 Egress Bytes [Metricbeat GCP]\", \"type\": \"metrics\"}"
            },
            "id": "e562eb50-909a-11ea-8180-7b0dacd9df87",
            "migrationVersion": {
                "visualization": "7.4.2"
            },
            "references": [],
            "type": "visualization",
            "updated_at": "2020-05-07T20:04:29.165Z",
            "version": "WzQ2OTEsNV0="
        },
        {
            "attributes": {
                "description": "",
                "kibanaSavedObjectMeta": {
                    "searchSourceJSON": "{}"
                },
                "title": "Load Balancing L3 Ingress Packets [Metricbeat GCP]",
                "uiStateJSON": "{}",
                "version": 1,
                "visState": "{\"aggs\": [], \"params\": {\"axis_formatter\": \"number\", \"axis_position\": \"left\", \"axis_scale\": \"normal\", \"default_index_pattern\": \"metricbeat-*\", \"default_timefield\": \"@timestamp\", \"drop_last_bucket\": 1, \"filter\": {\"language\": \"kuery\", \"query\": \"gcp.loadbalancing.l3.internal.ingress_packets_count.value : * \"}, \"id\": \"61ca57f0-469d-11e7-af02-69e470af7417\", \"index_pattern\": \"metricbeat-*\", \"interval\": \"1m\", \"isModelInvalid\": false, \"series\": [{\"axis_position\": \"right\", \"chart_type\": \"line\", \"color\": \"#68BC00\", \"fill\": \"0\", \"formatter\": \"bytes\", \"id\": \"61ca57f1-469d-11e7-af02-69e470af7417\", \"label\": \"\", \"line_width\": \"2\", \"metrics\": [{\"field\": \"gcp.loadbalancing.l3.internal.ingress_packets_count.value\", \"id\": \"61ca57f2-469d-11e7-af02-69e470af7417\", \"type\": \"avg\"}], \"point_size\": \"3\", \"separate_axis\": 0, \"split_color_mode\": \"rainbow\", \"split_mode\": \"terms\", \"stacked\": \"none\", \"terms_field\": \"gcp.labels.resource.backend_name\", \"terms_order_by\": \"61ca57f2-469d-11e7-af02-69e470af7417\", \"type\": \"timeseries\"}], \"show_grid\": 1, \"show_legend\": 1, \"time_field\": \"\", \"type\": \"timeseries\"}, \"title\": \"Load Balancing L3 Ingress Packets [Metricbeat GCP]\", \"type\": \"metrics\"}"
            },
            "id": "543dac40-909b-11ea-8180-7b0dacd9df87",
            "migrationVersion": {
                "visualization": "7.4.2"
            },
            "references": [],
            "type": "visualization",
            "updated_at": "2020-05-07T20:02:40.535Z",
            "version": "WzQ2ODksNV0="
        },
        {
            "attributes": {
                "description": "",
                "kibanaSavedObjectMeta": {
                    "searchSourceJSON": "{}"
                },
                "title": "Load Balancing L3 Ingress Bytes [Metricbeat GCP]",
                "uiStateJSON": "{}",
                "version": 1,
                "visState": "{\"aggs\": [], \"params\": {\"axis_formatter\": \"number\", \"axis_position\": \"left\", \"axis_scale\": \"normal\", \"default_index_pattern\": \"metricbeat-*\", \"default_timefield\": \"@timestamp\", \"drop_last_bucket\": 1, \"filter\": {\"language\": \"kuery\", \"query\": \"gcp.loadbalancing.l3.internal.ingress_bytes_count.value : * \"}, \"id\": \"61ca57f0-469d-11e7-af02-69e470af7417\", \"index_pattern\": \"metricbeat-*\", \"interval\": \"1m\", \"isModelInvalid\": false, \"series\": [{\"axis_position\": \"right\", \"chart_type\": \"line\", \"color\": \"#68BC00\", \"fill\": \"0\", \"formatter\": \"bytes\", \"id\": \"61ca57f1-469d-11e7-af02-69e470af7417\", \"label\": \"\", \"line_width\": \"2\", \"metrics\": [{\"field\": \"gcp.loadbalancing.l3.internal.ingress_bytes_count.value\", \"id\": \"61ca57f2-469d-11e7-af02-69e470af7417\", \"type\": \"avg\"}], \"point_size\": \"3\", \"separate_axis\": 0, \"split_color_mode\": \"rainbow\", \"split_mode\": \"terms\", \"stacked\": \"none\", \"terms_field\": \"gcp.labels.resource.backend_name\", \"terms_order_by\": \"61ca57f2-469d-11e7-af02-69e470af7417\", \"type\": \"timeseries\"}], \"show_grid\": 1, \"show_legend\": 1, \"time_field\": \"\", \"type\": \"timeseries\"}, \"title\": \"Load Balancing L3 Ingress Bytes [Metricbeat GCP]\", \"type\": \"metrics\"}"
            },
            "id": "434f69f0-909b-11ea-8180-7b0dacd9df87",
            "migrationVersion": {
                "visualization": "7.4.2"
            },
            "references": [],
            "type": "visualization",
            "updated_at": "2020-05-07T20:02:58.735Z",
            "version": "WzQ2OTAsNV0="
        }
    ],
    "version": "7.6.2"
}