{
    "objects": [
        {
            "attributes": {
                "description": "Overview of AWS NAT Gateway Metrics",
                "hits": 0,
                "kibanaSavedObjectMeta": {
                    "searchSourceJSON": "{\"filter\": [], \"query\": {\"language\": \"kuery\", \"query\": \"\"}}"
                },
                "optionsJSON": "{\"hidePanelTitles\": false, \"useMargins\": true}",
                "panelsJSON": "[{\"embeddableConfig\": {\"title\": \"Filters\"}, \"gridData\": {\"h\": 11, \"i\": \"346ce7bf-e1af-4e0d-856b-5aa412903167\", \"w\": 7, \"x\": 0, \"y\": 0}, \"panelIndex\": \"346ce7bf-e1af-4e0d-856b-5aa412903167\", \"panelRefName\": \"panel_0\", \"title\": \"Filters\", \"version\": \"7.6.1\"}, {\"embeddableConfig\": {\"title\": \"Error Port Allocation\"}, \"gridData\": {\"h\": 11, \"i\": \"19a9f053-a548-4e9d-a257-45932c3b73a5\", \"w\": 8, \"x\": 7, \"y\": 0}, \"panelIndex\": \"19a9f053-a548-4e9d-a257-45932c3b73a5\", \"panelRefName\": \"panel_1\", \"title\": \"Error Port Allocation\", \"version\": \"7.6.1\"}, {\"embeddableConfig\": {\"title\": \"Packets Drop\"}, \"gridData\": {\"h\": 11, \"i\": \"a7a70775-f4ad-4323-b13c-9c9a3bf1bdf3\", \"w\": 8, \"x\": 15, \"y\": 0}, \"panelIndex\": \"a7a70775-f4ad-4323-b13c-9c9a3bf1bdf3\", \"panelRefName\": \"panel_2\", \"title\": \"Packets Drop\", \"version\": \"7.6.1\"}, {\"embeddableConfig\": {\"title\": \"Total Connection Established\"}, \"gridData\": {\"h\": 11, \"i\": \"b5fe853e-d5b0-4918-93ec-8be70f2881a8\", \"w\": 8, \"x\": 23, \"y\": 0}, \"panelIndex\": \"b5fe853e-d5b0-4918-93ec-8be70f2881a8\", \"panelRefName\": \"panel_3\", \"title\": \"Total Connection Established\", \"version\": \"7.6.1\"}, {\"embeddableConfig\": {\"title\": \"Active Connection Count\"}, \"gridData\": {\"h\": 11, \"i\": \"33663eae-1bc3-47d4-a9fc-3cd2b43c66ef\", \"w\": 17, \"x\": 31, \"y\": 0}, \"panelIndex\": \"33663eae-1bc3-47d4-a9fc-3cd2b43c66ef\", \"panelRefName\": \"panel_4\", \"title\": \"Active Connection Count\", \"version\": \"7.6.1\"}, {\"embeddableConfig\": {\"title\": \"Bytes In From Destination\"}, \"gridData\": {\"h\": 13, \"i\": \"4e454740-281a-43b1-92f4-8dd2e37e184f\", \"w\": 24, \"x\": 0, \"y\": 11}, \"panelIndex\": \"4e454740-281a-43b1-92f4-8dd2e37e184f\", \"panelRefName\": \"panel_5\", \"title\": \"Bytes In From Destination\", \"version\": \"7.6.1\"}, {\"embeddableConfig\": {\"title\": \"Bytes In From Source\"}, \"gridData\": {\"h\": 13, \"i\": \"f40587a4-47f1-494a-b8b9-33365ce34d2f\", \"w\": 24, \"x\": 24, \"y\": 11}, \"panelIndex\": \"f40587a4-47f1-494a-b8b9-33365ce34d2f\", \"panelRefName\": \"panel_6\", \"title\": \"Bytes In From Source\", \"version\": \"7.6.1\"}, {\"embeddableConfig\": {\"title\": \"Bytes Out To Destination\"}, \"gridData\": {\"h\": 13, \"i\": \"00075068-bf27-49e1-8beb-d5572500205b\", \"w\": 24, \"x\": 0, \"y\": 24}, \"panelIndex\": \"00075068-bf27-49e1-8beb-d5572500205b\", \"panelRefName\": \"panel_7\", \"title\": \"Bytes Out To Destination\", \"version\": \"7.6.1\"}, {\"embeddableConfig\": {\"title\": \"Bytes Out To Source\"}, \"gridData\": {\"h\": 13, \"i\": \"c95ab156-9118-4c3c-94ee-55b4c9f5589c\", \"w\": 24, \"x\": 24, \"y\": 24}, \"panelIndex\": \"c95ab156-9118-4c3c-94ee-55b4c9f5589c\", \"panelRefName\": \"panel_8\", \"title\": \"Bytes Out To Source\", \"version\": \"7.6.1\"}, {\"embeddableConfig\": {\"title\": \"Packets In From Destination\"}, \"gridData\": {\"h\": 13, \"i\": \"f7c6e3f7-419d-43ff-a2bb-d5931371f347\", \"w\": 24, \"x\": 0, \"y\": 37}, \"panelIndex\": \"f7c6e3f7-419d-43ff-a2bb-d5931371f347\", \"panelRefName\": \"panel_9\", \"title\": \"Packets In From Destination\", \"version\": \"7.6.1\"}, {\"embeddableConfig\": {\"title\": \"Packets In From Source\"}, \"gridData\": {\"h\": 13, \"i\": \"dcc56438-240a-45a4-81ec-a54be3d27c43\", \"w\": 24, \"x\": 24, \"y\": 37}, \"panelIndex\": \"dcc56438-240a-45a4-81ec-a54be3d27c43\", \"panelRefName\": \"panel_10\", \"title\": \"Packets In From Source\", \"version\": \"7.6.1\"}, {\"embeddableConfig\": {\"title\": \"Packets Out To Destination\"}, \"gridData\": {\"h\": 13, \"i\": \"db77d690-f343-4dc2-8695-d45a03361e01\", \"w\": 24, \"x\": 0, \"y\": 50}, \"panelIndex\": \"db77d690-f343-4dc2-8695-d45a03361e01\", \"panelRefName\": \"panel_11\", \"title\": \"Packets Out To Destination\", \"version\": \"7.6.1\"}, {\"embeddableConfig\": {\"title\": \"Packets Out To Source\"}, \"gridData\": {\"h\": 13, \"i\": \"d882a862-87aa-4169-9dc3-0591252fa736\", \"w\": 24, \"x\": 24, \"y\": 50}, \"panelIndex\": \"d882a862-87aa-4169-9dc3-0591252fa736\", \"panelRefName\": \"panel_12\", \"title\": \"Packets Out To Source\", \"version\": \"7.6.1\"}]",
                "timeRestore": false,
                "title": "[Metricbeat AWS] NATGateway Overview",
                "version": 1
            },
            "id": "c2b1cbc0-6891-11ea-b0ac-95d4ecb1fecd",
            "migrationVersion": {
                "dashboard": "7.3.0"
            },
            "references": [
                {
                    "id": "8345d580-6891-11ea-b0ac-95d4ecb1fecd",
                    "name": "panel_0",
                    "type": "visualization"
                },
                {
                    "id": "ce7445c0-688f-11ea-b0ac-95d4ecb1fecd",
                    "name": "panel_1",
                    "type": "visualization"
                },
                {
                    "id": "9bf8e1e0-6890-11ea-b0ac-95d4ecb1fecd",
                    "name": "panel_2",
                    "type": "visualization"
                },
                {
                    "id": "68970b10-6890-11ea-b0ac-95d4ecb1fecd",
                    "name": "panel_3",
                    "type": "visualization"
                },
                {
                    "id": "c186b610-688d-11ea-b0ac-95d4ecb1fecd",
                    "name": "panel_4",
                    "type": "visualization"
                },
                {
                    "id": "b36532e0-688e-11ea-b0ac-95d4ecb1fecd",
                    "name": "panel_5",
                    "type": "visualization"
                },
                {
                    "id": "bc5dcc90-688e-11ea-b0ac-95d4ecb1fecd",
                    "name": "panel_6",
                    "type": "visualization"
                },
                {
                    "id": "e0e65e60-688e-11ea-b0ac-95d4ecb1fecd",
                    "name": "panel_7",
                    "type": "visualization"
                },
                {
                    "id": "c7d6cf90-688e-11ea-b0ac-95d4ecb1fecd",
                    "name": "panel_8",
                    "type": "visualization"
                },
                {
                    "id": "bdb8ddd0-6890-11ea-b0ac-95d4ecb1fecd",
                    "name": "panel_9",
                    "type": "visualization"
                },
                {
                    "id": "c84ed3d0-6890-11ea-b0ac-95d4ecb1fecd",
                    "name": "panel_10",
                    "type": "visualization"
                },
                {
                    "id": "08645080-6891-11ea-b0ac-95d4ecb1fecd",
                    "name": "panel_11",
                    "type": "visualization"
                },
                {
                    "id": "fd915180-6890-11ea-b0ac-95d4ecb1fecd",
                    "name": "panel_12",
                    "type": "visualization"
                }
            ],
            "type": "dashboard",
            "updated_at": "2020-03-17T21:29:15.037Z",
            "version": "Wzg2NiwyXQ=="
        },
        {
            "attributes": {
                "description": "",
                "kibanaSavedObjectMeta": {
                    "searchSourceJSON": "{\"filter\": [], \"query\": {\"language\": \"kuery\", \"query\": \"\"}}"
                },
                "title": "NATGateway Filters [Metricbeat AWS]",
                "uiStateJSON": "{}",
                "version": 1,
                "visState": "{\"aggs\": [], \"params\": {\"controls\": [{\"fieldName\": \"cloud.account.name\", \"id\": \"1565034367477\", \"indexPatternRefName\": \"control_0_index_pattern\", \"label\": \"account name\", \"options\": {\"dynamicOptions\": true, \"multiselect\": true, \"order\": \"desc\", \"size\": 5, \"type\": \"terms\"}, \"parent\": \"\", \"type\": \"list\"}, {\"fieldName\": \"cloud.region\", \"id\": \"1584478324642\", \"indexPatternRefName\": \"control_1_index_pattern\", \"label\": \"region\", \"options\": {\"dynamicOptions\": true, \"multiselect\": true, \"order\": \"desc\", \"size\": 5, \"type\": \"terms\"}, \"parent\": \"\", \"type\": \"list\"}, {\"fieldName\": \"aws.dimensions.NatGatewayId\", \"id\": \"1584479118709\", \"indexPatternRefName\": \"control_2_index_pattern\", \"label\": \"NATGateway ID\", \"options\": {\"dynamicOptions\": true, \"multiselect\": true, \"order\": \"desc\", \"size\": 5, \"type\": \"terms\"}, \"parent\": \"\", \"type\": \"list\"}], \"pinFilters\": false, \"updateFiltersOnChange\": true, \"useTimeFilter\": true}, \"title\": \"NATGateway Filters [Metricbeat AWS]\", \"type\": \"input_control_vis\"}"
            },
            "id": "8345d580-6891-11ea-b0ac-95d4ecb1fecd",
            "migrationVersion": {
                "visualization": "7.4.2"
            },
            "references": [
                {
                    "id": "metricbeat-*",
                    "name": "control_0_index_pattern",
                    "type": "index-pattern"
                },
                {
                    "id": "metricbeat-*",
                    "name": "control_1_index_pattern",
                    "type": "index-pattern"
                },
                {
                    "id": "metricbeat-*",
                    "name": "control_2_index_pattern",
                    "type": "index-pattern"
                }
            ],
            "type": "visualization",
            "updated_at": "2020-03-17T21:16:38.008Z",
            "version": "Wzg2MCwyXQ=="
        },
        {
            "attributes": {
                "description": "",
                "kibanaSavedObjectMeta": {
                    "searchSourceJSON": "{}"
                },
                "title": "NATGateway Error Port Allocation [Metricbeat AWS]",
                "uiStateJSON": "{}",
                "version": 1,
                "visState": "{\"aggs\": [], \"params\": {\"axis_formatter\": \"number\", \"axis_position\": \"left\", \"axis_scale\": \"normal\", \"background_color_rules\": [{\"id\": \"688b0480-688d-11ea-8b7d-fd9d15a13cd0\", \"value\": 0}], \"bar_color_rules\": [{\"id\": \"6b6b1a00-688d-11ea-8b7d-fd9d15a13cd0\"}], \"default_index_pattern\": \"metricbeat-*\", \"default_timefield\": \"@timestamp\", \"drop_last_bucket\": 0, \"filter\": {\"language\": \"kuery\", \"query\": \"\"}, \"id\": \"61ca57f0-469d-11e7-af02-69e470af7417\", \"index_pattern\": \"metricbeat-*\", \"interval\": \"1m\", \"isModelInvalid\": false, \"series\": [{\"axis_position\": \"right\", \"chart_type\": \"line\", \"color\": \"#68BC00\", \"fill\": \"0\", \"filter\": {\"language\": \"kuery\", \"query\": \"\"}, \"formatter\": \"number\", \"id\": \"61ca57f1-469d-11e7-af02-69e470af7417\", \"label\": \"Total Error of Port Allocation\", \"line_width\": \"2\", \"metrics\": [{\"field\": \"aws.natgateway.metrics.ErrorPortAllocation.sum\", \"id\": \"61ca57f2-469d-11e7-af02-69e470af7417\", \"type\": \"sum\"}], \"point_size\": \"3\", \"separate_axis\": 0, \"split_mode\": \"everything\", \"stacked\": \"none\", \"terms_field\": \"aws.dimensions.NatGatewayId\", \"terms_order_by\": \"_count\", \"type\": \"timeseries\"}], \"show_grid\": 1, \"show_legend\": 1, \"time_field\": \"\", \"time_range_mode\": \"last_value\", \"type\": \"metric\"}, \"title\": \"NATGateway Error Port Allocation [Metricbeat AWS]\", \"type\": \"metrics\"}"
            },
            "id": "ce7445c0-688f-11ea-b0ac-95d4ecb1fecd",
            "migrationVersion": {
                "visualization": "7.4.2"
            },
            "references": [],
            "type": "visualization",
            "updated_at": "2020-03-17T20:42:24.156Z",
            "version": "WzgzNywyXQ=="
        },
        {
            "attributes": {
                "description": "",
                "kibanaSavedObjectMeta": {
                    "searchSourceJSON": "{}"
                },
                "title": "NATGateway Packet Drop [Metricbeat AWS]",
                "uiStateJSON": "{}",
                "version": 1,
                "visState": "{\"aggs\": [], \"params\": {\"axis_formatter\": \"number\", \"axis_position\": \"left\", \"axis_scale\": \"normal\", \"background_color_rules\": [{\"id\": \"688b0480-688d-11ea-8b7d-fd9d15a13cd0\", \"value\": 0}], \"bar_color_rules\": [{\"id\": \"6b6b1a00-688d-11ea-8b7d-fd9d15a13cd0\"}], \"default_index_pattern\": \"metricbeat-*\", \"default_timefield\": \"@timestamp\", \"drop_last_bucket\": 0, \"filter\": {\"language\": \"kuery\", \"query\": \"\"}, \"id\": \"61ca57f0-469d-11e7-af02-69e470af7417\", \"index_pattern\": \"metricbeat-*\", \"interval\": \"1m\", \"isModelInvalid\": false, \"series\": [{\"axis_position\": \"right\", \"chart_type\": \"line\", \"color\": \"#68BC00\", \"fill\": \"0\", \"filter\": {\"language\": \"kuery\", \"query\": \"\"}, \"formatter\": \"number\", \"id\": \"f444c0e0-688f-11ea-8b7d-fd9d15a13cd0\", \"label\": \"Total Packets Drop\", \"line_width\": \"2\", \"metrics\": [{\"field\": \"aws.natgateway.metrics.PacketsDropCount.sum\", \"id\": \"f444c0e1-688f-11ea-8b7d-fd9d15a13cd0\", \"type\": \"sum\"}], \"point_size\": \"3\", \"separate_axis\": 0, \"split_mode\": \"everything\", \"stacked\": \"none\", \"terms_field\": \"aws.dimensions.NatGatewayId\", \"type\": \"timeseries\"}], \"show_grid\": 1, \"show_legend\": 1, \"time_field\": \"\", \"time_range_mode\": \"last_value\", \"type\": \"metric\"}, \"title\": \"NATGateway Packet Drop [Metricbeat AWS]\", \"type\": \"metrics\"}"
            },
            "id": "9bf8e1e0-6890-11ea-b0ac-95d4ecb1fecd",
            "migrationVersion": {
                "visualization": "7.4.2"
            },
            "references": [],
            "type": "visualization",
            "updated_at": "2020-03-17T20:48:08.957Z",
            "version": "WzgzOSwyXQ=="
        },
        {
            "attributes": {
                "description": "",
                "kibanaSavedObjectMeta": {
                    "searchSourceJSON": "{}"
                },
                "title": "NATGateway Connection Established [Metricbeat AWS]",
                "uiStateJSON": "{}",
                "version": 1,
                "visState": "{\"aggs\": [], \"params\": {\"axis_formatter\": \"number\", \"axis_position\": \"left\", \"axis_scale\": \"normal\", \"background_color_rules\": [{\"id\": \"688b0480-688d-11ea-8b7d-fd9d15a13cd0\", \"value\": 0}], \"bar_color_rules\": [{\"id\": \"6b6b1a00-688d-11ea-8b7d-fd9d15a13cd0\"}], \"default_index_pattern\": \"metricbeat-*\", \"default_timefield\": \"@timestamp\", \"drop_last_bucket\": 0, \"filter\": {\"language\": \"kuery\", \"query\": \"\"}, \"id\": \"61ca57f0-469d-11e7-af02-69e470af7417\", \"index_pattern\": \"metricbeat-*\", \"interval\": \"1m\", \"isModelInvalid\": false, \"series\": [{\"axis_position\": \"right\", \"chart_type\": \"line\", \"color\": \"#68BC00\", \"fill\": \"0\", \"filter\": {\"language\": \"kuery\", \"query\": \"\"}, \"formatter\": \"number\", \"id\": \"f444c0e0-688f-11ea-8b7d-fd9d15a13cd0\", \"label\": \"Total Connections Established\", \"line_width\": \"2\", \"metrics\": [{\"field\": \"aws.natgateway.metrics.ConnectionEstablishedCount.sum\", \"id\": \"f444c0e1-688f-11ea-8b7d-fd9d15a13cd0\", \"type\": \"sum\"}], \"point_size\": \"3\", \"separate_axis\": 0, \"split_mode\": \"everything\", \"stacked\": \"none\", \"terms_field\": \"aws.dimensions.NatGatewayId\", \"type\": \"timeseries\"}], \"show_grid\": 1, \"show_legend\": 1, \"time_field\": \"\", \"time_range_mode\": \"last_value\", \"type\": \"metric\"}, \"title\": \"NATGateway Connection Established [Metricbeat AWS]\", \"type\": \"metrics\"}"
            },
            "id": "68970b10-6890-11ea-b0ac-95d4ecb1fecd",
            "migrationVersion": {
                "visualization": "7.4.2"
            },
            "references": [],
            "type": "visualization",
            "updated_at": "2020-03-17T21:17:52.918Z",
            "version": "Wzg2MSwyXQ=="
        },
        {
            "attributes": {
                "description": "",
                "kibanaSavedObjectMeta": {
                    "searchSourceJSON": "{}"
                },
                "title": "NATGateway Active Connection Count Top10 [Metricbeat AWS]",
                "uiStateJSON": "{}",
                "version": 1,
                "visState": "{\"aggs\": [], \"params\": {\"axis_formatter\": \"number\", \"axis_position\": \"left\", \"axis_scale\": \"normal\", \"background_color_rules\": [{\"id\": \"688b0480-688d-11ea-8b7d-fd9d15a13cd0\"}], \"bar_color_rules\": [{\"id\": \"6b6b1a00-688d-11ea-8b7d-fd9d15a13cd0\"}], \"default_index_pattern\": \"metricbeat-*\", \"default_timefield\": \"@timestamp\", \"drop_last_bucket\": 0, \"id\": \"61ca57f0-469d-11e7-af02-69e470af7417\", \"index_pattern\": \"metricbeat-*\", \"interval\": \"1m\", \"isModelInvalid\": false, \"series\": [{\"axis_position\": \"right\", \"chart_type\": \"line\", \"color\": \"#68BC00\", \"fill\": \"0\", \"formatter\": \"number\", \"id\": \"61ca57f1-469d-11e7-af02-69e470af7417\", \"label\": \"\", \"line_width\": \"3\", \"metrics\": [{\"field\": \"aws.natgateway.metrics.ActiveConnectionCount.max\", \"id\": \"61ca57f2-469d-11e7-af02-69e470af7417\", \"type\": \"avg\"}], \"point_size\": \"2\", \"separate_axis\": 0, \"split_mode\": \"terms\", \"stacked\": \"none\", \"terms_field\": \"aws.dimensions.NatGatewayId\", \"terms_order_by\": \"61ca57f2-469d-11e7-af02-69e470af7417\", \"type\": \"timeseries\"}], \"show_grid\": 1, \"show_legend\": 1, \"time_field\": \"\", \"time_range_mode\": \"last_value\", \"type\": \"top_n\"}, \"title\": \"NATGateway Active Connection Count Top10 [Metricbeat AWS]\", \"type\": \"metrics\"}"
            },
            "id": "c186b610-688d-11ea-b0ac-95d4ecb1fecd",
            "migrationVersion": {
                "visualization": "7.4.2"
            },
            "references": [],
            "type": "visualization",
            "updated_at": "2020-03-17T20:27:54.652Z",
            "version": "WzgzMCwyXQ=="
        },
        {
            "attributes": {
                "description": "",
                "kibanaSavedObjectMeta": {
                    "searchSourceJSON": "{}"
                },
                "title": "NATGateway Bytes In From Destination [Metricbeat AWS]",
                "uiStateJSON": "{}",
                "version": 1,
                "visState": "{\"aggs\": [], \"params\": {\"axis_formatter\": \"number\", \"axis_position\": \"left\", \"axis_scale\": \"normal\", \"background_color_rules\": [{\"id\": \"688b0480-688d-11ea-8b7d-fd9d15a13cd0\"}], \"bar_color_rules\": [{\"id\": \"6b6b1a00-688d-11ea-8b7d-fd9d15a13cd0\"}], \"default_index_pattern\": \"metricbeat-*\", \"default_timefield\": \"@timestamp\", \"drop_last_bucket\": 0, \"id\": \"61ca57f0-469d-11e7-af02-69e470af7417\", \"index_pattern\": \"metricbeat-*\", \"interval\": \"1m\", \"isModelInvalid\": false, \"series\": [{\"axis_position\": \"right\", \"chart_type\": \"line\", \"color\": \"#68BC00\", \"fill\": \"0\", \"filter\": {\"language\": \"kuery\", \"query\": \"\"}, \"formatter\": \"bytes\", \"id\": \"61ca57f1-469d-11e7-af02-69e470af7417\", \"label\": \"\", \"line_width\": \"2\", \"metrics\": [{\"field\": \"aws.natgateway.metrics.BytesInFromDestination.sum\", \"id\": \"61ca57f2-469d-11e7-af02-69e470af7417\", \"type\": \"avg\"}], \"point_size\": \"3\", \"separate_axis\": 0, \"split_mode\": \"terms\", \"stacked\": \"none\", \"terms_field\": \"aws.dimensions.NatGatewayId\", \"terms_order_by\": \"61ca57f2-469d-11e7-af02-69e470af7417\", \"type\": \"timeseries\"}], \"show_grid\": 1, \"show_legend\": 1, \"time_field\": \"\", \"time_range_mode\": \"last_value\", \"type\": \"timeseries\"}, \"title\": \"NATGateway Bytes In From Destination [Metricbeat AWS]\", \"type\": \"metrics\"}"
            },
            "id": "b36532e0-688e-11ea-b0ac-95d4ecb1fecd",
            "migrationVersion": {
                "visualization": "7.4.2"
            },
            "references": [],
            "type": "visualization",
            "updated_at": "2020-03-17T20:34:29.261Z",
            "version": "WzgzMSwyXQ=="
        },
        {
            "attributes": {
                "description": "",
                "kibanaSavedObjectMeta": {
                    "searchSourceJSON": "{}"
                },
                "title": "NATGateway Bytes In From Source [Metricbeat AWS]",
                "uiStateJSON": "{}",
                "version": 1,
                "visState": "{\"aggs\": [], \"params\": {\"axis_formatter\": \"number\", \"axis_position\": \"left\", \"axis_scale\": \"normal\", \"background_color_rules\": [{\"id\": \"688b0480-688d-11ea-8b7d-fd9d15a13cd0\"}], \"bar_color_rules\": [{\"id\": \"6b6b1a00-688d-11ea-8b7d-fd9d15a13cd0\"}], \"default_index_pattern\": \"metricbeat-*\", \"default_timefield\": \"@timestamp\", \"drop_last_bucket\": 0, \"id\": \"61ca57f0-469d-11e7-af02-69e470af7417\", \"index_pattern\": \"metricbeat-*\", \"interval\": \"1m\", \"isModelInvalid\": false, \"series\": [{\"axis_position\": \"right\", \"chart_type\": \"line\", \"color\": \"#68BC00\", \"fill\": \"0\", \"filter\": {\"language\": \"kuery\", \"query\": \"\"}, \"formatter\": \"bytes\", \"id\": \"61ca57f1-469d-11e7-af02-69e470af7417\", \"label\": \"\", \"line_width\": \"2\", \"metrics\": [{\"field\": \"aws.natgateway.metrics.BytesInFromSource.sum\", \"id\": \"61ca57f2-469d-11e7-af02-69e470af7417\", \"type\": \"avg\"}], \"point_size\": \"3\", \"separate_axis\": 0, \"split_mode\": \"terms\", \"stacked\": \"none\", \"terms_field\": \"aws.dimensions.NatGatewayId\", \"terms_order_by\": \"61ca57f2-469d-11e7-af02-69e470af7417\", \"type\": \"timeseries\"}], \"show_grid\": 1, \"show_legend\": 1, \"time_field\": \"\", \"time_range_mode\": \"last_value\", \"type\": \"timeseries\"}, \"title\": \"NATGateway Bytes In From Source [Metricbeat AWS]\", \"type\": \"metrics\"}"
            },
            "id": "bc5dcc90-688e-11ea-b0ac-95d4ecb1fecd",
            "migrationVersion": {
                "visualization": "7.4.2"
            },
            "references": [],
            "type": "visualization",
            "updated_at": "2020-03-17T20:34:44.313Z",
            "version": "WzgzMiwyXQ=="
        },
        {
            "attributes": {
                "description": "",
                "kibanaSavedObjectMeta": {
                    "searchSourceJSON": "{}"
                },
                "title": "NATGateway Bytes Out To Destination [Metricbeat AWS]",
                "uiStateJSON": "{}",
                "version": 1,
                "visState": "{\"aggs\": [], \"params\": {\"axis_formatter\": \"number\", \"axis_position\": \"left\", \"axis_scale\": \"normal\", \"background_color_rules\": [{\"id\": \"688b0480-688d-11ea-8b7d-fd9d15a13cd0\"}], \"bar_color_rules\": [{\"id\": \"6b6b1a00-688d-11ea-8b7d-fd9d15a13cd0\"}], \"default_index_pattern\": \"metricbeat-*\", \"default_timefield\": \"@timestamp\", \"drop_last_bucket\": 0, \"id\": \"61ca57f0-469d-11e7-af02-69e470af7417\", \"index_pattern\": \"metricbeat-*\", \"interval\": \"1m\", \"isModelInvalid\": false, \"series\": [{\"axis_position\": \"right\", \"chart_type\": \"line\", \"color\": \"#68BC00\", \"fill\": \"0\", \"filter\": {\"language\": \"kuery\", \"query\": \"\"}, \"formatter\": \"bytes\", \"id\": \"61ca57f1-469d-11e7-af02-69e470af7417\", \"label\": \"\", \"line_width\": \"2\", \"metrics\": [{\"field\": \"aws.natgateway.metrics.BytesOutToDestination.sum\", \"id\": \"61ca57f2-469d-11e7-af02-69e470af7417\", \"type\": \"avg\"}], \"point_size\": \"3\", \"separate_axis\": 0, \"split_mode\": \"terms\", \"stacked\": \"none\", \"terms_field\": \"aws.dimensions.NatGatewayId\", \"terms_order_by\": \"61ca57f2-469d-11e7-af02-69e470af7417\", \"type\": \"timeseries\"}], \"show_grid\": 1, \"show_legend\": 1, \"time_field\": \"\", \"time_range_mode\": \"last_value\", \"type\": \"timeseries\"}, \"title\": \"NATGateway Bytes Out To Destination [Metricbeat AWS]\", \"type\": \"metrics\"}"
            },
            "id": "e0e65e60-688e-11ea-b0ac-95d4ecb1fecd",
            "migrationVersion": {
                "visualization": "7.4.2"
            },
            "references": [],
            "type": "visualization",
            "updated_at": "2020-03-17T20:35:45.606Z",
            "version": "WzgzNSwyXQ=="
        },
        {
            "attributes": {
                "description": "",
                "kibanaSavedObjectMeta": {
                    "searchSourceJSON": "{}"
                },
                "title": "NATGateway Bytes Out To Source [Metricbeat AWS]",
                "uiStateJSON": "{}",
                "version": 1,
                "visState": "{\"aggs\": [], \"params\": {\"axis_formatter\": \"number\", \"axis_position\": \"left\", \"axis_scale\": \"normal\", \"background_color_rules\": [{\"id\": \"688b0480-688d-11ea-8b7d-fd9d15a13cd0\"}], \"bar_color_rules\": [{\"id\": \"6b6b1a00-688d-11ea-8b7d-fd9d15a13cd0\"}], \"default_index_pattern\": \"metricbeat-*\", \"default_timefield\": \"@timestamp\", \"drop_last_bucket\": 0, \"id\": \"61ca57f0-469d-11e7-af02-69e470af7417\", \"index_pattern\": \"metricbeat-*\", \"interval\": \"1m\", \"isModelInvalid\": false, \"series\": [{\"axis_position\": \"right\", \"chart_type\": \"line\", \"color\": \"#68BC00\", \"fill\": \"0\", \"filter\": {\"language\": \"kuery\", \"query\": \"\"}, \"formatter\": \"bytes\", \"id\": \"61ca57f1-469d-11e7-af02-69e470af7417\", \"label\": \"\", \"line_width\": \"2\", \"metrics\": [{\"field\": \"aws.natgateway.metrics.BytesOutToSource.sum\", \"id\": \"61ca57f2-469d-11e7-af02-69e470af7417\", \"type\": \"avg\"}], \"point_size\": \"3\", \"separate_axis\": 0, \"split_mode\": \"terms\", \"stacked\": \"none\", \"terms_field\": \"aws.dimensions.NatGatewayId\", \"terms_order_by\": \"61ca57f2-469d-11e7-af02-69e470af7417\", \"type\": \"timeseries\"}], \"show_grid\": 1, \"show_legend\": 1, \"time_field\": \"\", \"time_range_mode\": \"last_value\", \"type\": \"timeseries\"}, \"title\": \"NATGateway Bytes Out To Source [Metricbeat AWS]\", \"type\": \"metrics\"}"
            },
            "id": "c7d6cf90-688e-11ea-b0ac-95d4ecb1fecd",
            "migrationVersion": {
                "visualization": "7.4.2"
            },
            "references": [],
            "type": "visualization",
            "updated_at": "2020-03-17T20:35:28.424Z",
            "version": "WzgzNCwyXQ=="
        },
        {
            "attributes": {
                "description": "",
                "kibanaSavedObjectMeta": {
                    "searchSourceJSON": "{}"
                },
                "title": "NATGateway Packet In From Destination [Metricbeat AWS]",
                "uiStateJSON": "{}",
                "version": 1,
                "visState": "{\"aggs\": [], \"params\": {\"axis_formatter\": \"number\", \"axis_position\": \"left\", \"axis_scale\": \"normal\", \"background_color_rules\": [{\"id\": \"688b0480-688d-11ea-8b7d-fd9d15a13cd0\", \"value\": 0}], \"bar_color_rules\": [{\"id\": \"6b6b1a00-688d-11ea-8b7d-fd9d15a13cd0\"}], \"default_index_pattern\": \"metricbeat-*\", \"default_timefield\": \"@timestamp\", \"drop_last_bucket\": 0, \"filter\": {\"language\": \"kuery\", \"query\": \"\"}, \"id\": \"61ca57f0-469d-11e7-af02-69e470af7417\", \"index_pattern\": \"metricbeat-*\", \"interval\": \"1m\", \"isModelInvalid\": false, \"series\": [{\"axis_position\": \"right\", \"chart_type\": \"line\", \"color\": \"#68BC00\", \"fill\": \"0\", \"filter\": {\"language\": \"kuery\", \"query\": \"\"}, \"formatter\": \"number\", \"id\": \"f444c0e0-688f-11ea-8b7d-fd9d15a13cd0\", \"label\": \"\", \"line_width\": \"2\", \"metrics\": [{\"field\": \"aws.natgateway.metrics.PacketsInFromDestination.sum\", \"id\": \"f444c0e1-688f-11ea-8b7d-fd9d15a13cd0\", \"type\": \"avg\"}], \"point_size\": \"3\", \"separate_axis\": 0, \"split_mode\": \"terms\", \"stacked\": \"none\", \"terms_field\": \"aws.dimensions.NatGatewayId\", \"terms_order_by\": \"f444c0e1-688f-11ea-8b7d-fd9d15a13cd0\", \"type\": \"timeseries\"}], \"show_grid\": 1, \"show_legend\": 1, \"time_field\": \"\", \"time_range_mode\": \"last_value\", \"type\": \"timeseries\"}, \"title\": \"NATGateway Packet In From Destination [Metricbeat AWS]\", \"type\": \"metrics\"}"
            },
            "id": "bdb8ddd0-6890-11ea-b0ac-95d4ecb1fecd",
            "migrationVersion": {
                "visualization": "7.4.2"
            },
            "references": [],
            "type": "visualization",
            "updated_at": "2020-03-17T20:49:05.580Z",
            "version": "Wzg0MCwyXQ=="
        },
        {
            "attributes": {
                "description": "",
                "kibanaSavedObjectMeta": {
                    "searchSourceJSON": "{}"
                },
                "title": "NATGateway Packet In From Source [Metricbeat AWS]",
                "uiStateJSON": "{}",
                "version": 1,
                "visState": "{\"aggs\": [], \"params\": {\"axis_formatter\": \"number\", \"axis_position\": \"left\", \"axis_scale\": \"normal\", \"background_color_rules\": [{\"id\": \"688b0480-688d-11ea-8b7d-fd9d15a13cd0\", \"value\": 0}], \"bar_color_rules\": [{\"id\": \"6b6b1a00-688d-11ea-8b7d-fd9d15a13cd0\"}], \"default_index_pattern\": \"metricbeat-*\", \"default_timefield\": \"@timestamp\", \"drop_last_bucket\": 0, \"filter\": {\"language\": \"kuery\", \"query\": \"\"}, \"id\": \"61ca57f0-469d-11e7-af02-69e470af7417\", \"index_pattern\": \"metricbeat-*\", \"interval\": \"1m\", \"isModelInvalid\": false, \"series\": [{\"axis_position\": \"right\", \"chart_type\": \"line\", \"color\": \"#68BC00\", \"fill\": \"0\", \"filter\": {\"language\": \"kuery\", \"query\": \"\"}, \"formatter\": \"number\", \"id\": \"f444c0e0-688f-11ea-8b7d-fd9d15a13cd0\", \"label\": \"\", \"line_width\": \"2\", \"metrics\": [{\"field\": \"aws.natgateway.metrics.PacketsInFromSource.sum\", \"id\": \"f444c0e1-688f-11ea-8b7d-fd9d15a13cd0\", \"type\": \"avg\"}], \"point_size\": \"3\", \"separate_axis\": 0, \"split_mode\": \"terms\", \"stacked\": \"none\", \"terms_field\": \"aws.dimensions.NatGatewayId\", \"terms_order_by\": \"f444c0e1-688f-11ea-8b7d-fd9d15a13cd0\", \"type\": \"timeseries\"}], \"show_grid\": 1, \"show_legend\": 1, \"time_field\": \"\", \"time_range_mode\": \"last_value\", \"type\": \"timeseries\"}, \"title\": \"NATGateway Packet In From Source [Metricbeat AWS]\", \"type\": \"metrics\"}"
            },
            "id": "c84ed3d0-6890-11ea-b0ac-95d4ecb1fecd",
            "migrationVersion": {
                "visualization": "7.4.2"
            },
            "references": [],
            "type": "visualization",
            "updated_at": "2020-03-17T20:49:23.341Z",
            "version": "Wzg0MSwyXQ=="
        },
        {
            "attributes": {
                "description": "",
                "kibanaSavedObjectMeta": {
                    "searchSourceJSON": "{}"
                },
                "title": "NATGateway Packet Out To Destination [Metricbeat AWS]",
                "uiStateJSON": "{}",
                "version": 1,
                "visState": "{\"aggs\": [], \"params\": {\"axis_formatter\": \"number\", \"axis_position\": \"left\", \"axis_scale\": \"normal\", \"background_color_rules\": [{\"id\": \"688b0480-688d-11ea-8b7d-fd9d15a13cd0\", \"value\": 0}], \"bar_color_rules\": [{\"id\": \"6b6b1a00-688d-11ea-8b7d-fd9d15a13cd0\"}], \"default_index_pattern\": \"metricbeat-*\", \"default_timefield\": \"@timestamp\", \"drop_last_bucket\": 0, \"filter\": {\"language\": \"kuery\", \"query\": \"\"}, \"id\": \"61ca57f0-469d-11e7-af02-69e470af7417\", \"index_pattern\": \"metricbeat-*\", \"interval\": \"1m\", \"isModelInvalid\": false, \"series\": [{\"axis_position\": \"right\", \"chart_type\": \"line\", \"color\": \"#68BC00\", \"fill\": \"0\", \"filter\": {\"language\": \"kuery\", \"query\": \"\"}, \"formatter\": \"number\", \"id\": \"f444c0e0-688f-11ea-8b7d-fd9d15a13cd0\", \"label\": \"\", \"line_width\": \"2\", \"metrics\": [{\"field\": \"aws.natgateway.metrics.PacketsOutToDestination.sum\", \"id\": \"f444c0e1-688f-11ea-8b7d-fd9d15a13cd0\", \"type\": \"avg\"}], \"point_size\": \"3\", \"separate_axis\": 0, \"split_mode\": \"terms\", \"stacked\": \"none\", \"terms_field\": \"aws.dimensions.NatGatewayId\", \"terms_order_by\": \"f444c0e1-688f-11ea-8b7d-fd9d15a13cd0\", \"type\": \"timeseries\"}], \"show_grid\": 1, \"show_legend\": 1, \"time_field\": \"\", \"time_range_mode\": \"last_value\", \"type\": \"timeseries\"}, \"title\": \"NATGateway Packet Out To Destination [Metricbeat AWS]\", \"type\": \"metrics\"}"
            },
            "id": "08645080-6891-11ea-b0ac-95d4ecb1fecd",
            "migrationVersion": {
                "visualization": "7.4.2"
            },
            "references": [],
            "type": "visualization",
            "updated_at": "2020-03-17T20:51:10.856Z",
            "version": "Wzg0MywyXQ=="
        },
        {
            "attributes": {
                "description": "",
                "kibanaSavedObjectMeta": {
                    "searchSourceJSON": "{}"
                },
                "title": "NATGateway Packet Out To Source [Metricbeat AWS]",
                "uiStateJSON": "{}",
                "version": 1,
                "visState": "{\"aggs\": [], \"params\": {\"axis_formatter\": \"number\", \"axis_position\": \"left\", \"axis_scale\": \"normal\", \"background_color_rules\": [{\"id\": \"688b0480-688d-11ea-8b7d-fd9d15a13cd0\", \"value\": 0}], \"bar_color_rules\": [{\"id\": \"6b6b1a00-688d-11ea-8b7d-fd9d15a13cd0\"}], \"default_index_pattern\": \"metricbeat-*\", \"default_timefield\": \"@timestamp\", \"drop_last_bucket\": 0, \"filter\": {\"language\": \"kuery\", \"query\": \"\"}, \"id\": \"61ca57f0-469d-11e7-af02-69e470af7417\", \"index_pattern\": \"metricbeat-*\", \"interval\": \"1m\", \"isModelInvalid\": false, \"series\": [{\"axis_position\": \"right\", \"chart_type\": \"line\", \"color\": \"#68BC00\", \"fill\": \"0\", \"filter\": {\"language\": \"kuery\", \"query\": \"\"}, \"formatter\": \"number\", \"id\": \"f444c0e0-688f-11ea-8b7d-fd9d15a13cd0\", \"label\": \"\", \"line_width\": \"2\", \"metrics\": [{\"field\": \"aws.natgateway.metrics.PacketsOutToSource.sum\", \"id\": \"f444c0e1-688f-11ea-8b7d-fd9d15a13cd0\", \"type\": \"avg\"}], \"point_size\": \"3\", \"separate_axis\": 0, \"split_mode\": \"terms\", \"stacked\": \"none\", \"terms_field\": \"aws.dimensions.NatGatewayId\", \"terms_order_by\": \"f444c0e1-688f-11ea-8b7d-fd9d15a13cd0\", \"type\": \"timeseries\"}], \"show_grid\": 1, \"show_legend\": 1, \"time_field\": \"\", \"time_range_mode\": \"last_value\", \"type\": \"timeseries\"}, \"title\": \"NATGateway Packet Out To Source [Metricbeat AWS]\", \"type\": \"metrics\"}"
            },
            "id": "fd915180-6890-11ea-b0ac-95d4ecb1fecd",
            "migrationVersion": {
                "visualization": "7.4.2"
            },
            "references": [],
            "type": "visualization",
            "updated_at": "2020-03-17T20:50:52.696Z",
            "version": "Wzg0MiwyXQ=="
        }
    ],
    "version": "7.6.1"
}