{
    "objects": [
        {
            "attributes": {
                "description": "Overview of GCP PubSub Metrics",
                "hits": 0,
                "kibanaSavedObjectMeta": {
                    "searchSourceJSON": "{\"filter\": [], \"query\": {\"language\": \"kuery\", \"query\": \"\"}}"
                },
                "optionsJSON": "{\"hidePanelTitles\": false, \"useMargins\": true}",
                "panelsJSON": "[{\"embeddableConfig\": {\"title\": \"Filters\"}, \"gridData\": {\"h\": 6, \"i\": \"3674673e-83e6-42df-8392-5284960a12ea\", \"w\": 48, \"x\": 0, \"y\": 0}, \"panelIndex\": \"3674673e-83e6-42df-8392-5284960a12ea\", \"panelRefName\": \"panel_0\", \"title\": \"Filters\", \"version\": \"7.9.0\"}, {\"embeddableConfig\": {\"title\": \"Topic Send Request\"}, \"gridData\": {\"h\": 13, \"i\": \"c1d89f36-43ed-42e6-98a0-8820b28f7953\", \"w\": 16, \"x\": 0, \"y\": 6}, \"panelIndex\": \"c1d89f36-43ed-42e6-98a0-8820b28f7953\", \"panelRefName\": \"panel_1\", \"title\": \"Topic Send Request\", \"version\": \"7.9.0\"}, {\"embeddableConfig\": {\"title\": \"Topic Oldest Retained Acked Message Age\"}, \"gridData\": {\"h\": 13, \"i\": \"b26a6238-b982-4082-9e4e-3e3d9361a865\", \"w\": 16, \"x\": 16, \"y\": 6}, \"panelIndex\": \"b26a6238-b982-4082-9e4e-3e3d9361a865\", \"panelRefName\": \"panel_2\", \"title\": \"Topic Oldest Retained Acked Message Age\", \"version\": \"7.9.0\"}, {\"embeddableConfig\": {\"title\": \"Topic Oldest Unacked Message Age\"}, \"gridData\": {\"h\": 13, \"i\": \"c7bbeabc-b158-4bdd-9ba3-9d45264d250b\", \"w\": 16, \"x\": 32, \"y\": 6}, \"panelIndex\": \"c7bbeabc-b158-4bdd-9ba3-9d45264d250b\", \"panelRefName\": \"panel_3\", \"title\": \"Topic Oldest Unacked Message Age\", \"version\": \"7.9.0\"}, {\"embeddableConfig\": {\"title\": \"Subsciption Oldest Unacked Message\"}, \"gridData\": {\"h\": 13, \"i\": \"b822a795-7086-4559-b7c0-176dfcc7380e\", \"w\": 16, \"x\": 0, \"y\": 19}, \"panelIndex\": \"b822a795-7086-4559-b7c0-176dfcc7380e\", \"panelRefName\": \"panel_4\", \"title\": \"Subsciption Oldest Unacked Message\", \"version\": \"7.9.0\"}, {\"embeddableConfig\": {\"title\": \"Subscription Number of Undelivered Messages\"}, \"gridData\": {\"h\": 13, \"i\": \"9c99d7bb-88f0-415c-abc1-c12ec1295236\", \"w\": 16, \"x\": 16, \"y\": 19}, \"panelIndex\": \"9c99d7bb-88f0-415c-abc1-c12ec1295236\", \"panelRefName\": \"panel_5\", \"title\": \"Subscription Number of Undelivered Messages\", \"version\": \"7.9.0\"}, {\"embeddableConfig\": {\"title\": \"Snapshot Oldest Message\"}, \"gridData\": {\"h\": 13, \"i\": \"8cc0ccbd-5798-4d68-a519-07ef1d9693fd\", \"w\": 16, \"x\": 32, \"y\": 32}, \"panelIndex\": \"8cc0ccbd-5798-4d68-a519-07ef1d9693fd\", \"panelRefName\": \"panel_6\", \"title\": \"Snapshot Oldest Message\", \"version\": \"7.9.0\"}, {\"embeddableConfig\": {\"title\": \"Snapshot Number of Messages\"}, \"gridData\": {\"h\": 13, \"i\": \"f9e45ec1-72e5-4f49-82cf-2132162d642c\", \"w\": 16, \"x\": 0, \"y\": 32}, \"panelIndex\": \"f9e45ec1-72e5-4f49-82cf-2132162d642c\", \"panelRefName\": \"panel_7\", \"title\": \"Snapshot Number of Messages\", \"version\": \"7.9.0\"}, {\"embeddableConfig\": {\"title\": \"Snapshot Backlog Bytes\"}, \"gridData\": {\"h\": 13, \"i\": \"d8876e62-daf0-4654-8618-8746d5da43e0\", \"w\": 16, \"x\": 16, \"y\": 32}, \"panelIndex\": \"d8876e62-daf0-4654-8618-8746d5da43e0\", \"panelRefName\": \"panel_8\", \"title\": \"Snapshot Backlog Bytes\", \"version\": \"7.9.0\"}, {\"embeddableConfig\": {\"title\": \"Subscription Backlog Bytes\"}, \"gridData\": {\"h\": 13, \"i\": \"6079e9ed-da9f-4457-bb3a-7ed20f98605e\", \"w\": 16, \"x\": 32, \"y\": 19}, \"panelIndex\": \"6079e9ed-da9f-4457-bb3a-7ed20f98605e\", \"panelRefName\": \"panel_9\", \"title\": \"Subscription Backlog Bytes\", \"version\": \"7.9.0\"}]",
                "timeRestore": false,
                "title": "[Metricbeat GCP] PubSub Overview",
                "version": 1
            },
            "id": "2b0fd7b0-feac-11ea-b032-d59f894a5072",
            "migrationVersion": {
                "dashboard": "7.3.0"
            },
            "namespaces": [
                "default"
            ],
            "references": [
                {
                    "id": "f6e33a00-feaf-11ea-b032-d59f894a5072",
                    "name": "panel_0",
                    "type": "visualization"
                },
                {
                    "id": "bd399790-01a2-11eb-b032-d59f894a5072",
                    "name": "panel_1",
                    "type": "lens"
                },
                {
                    "id": "25b76dc0-01a2-11eb-b032-d59f894a5072",
                    "name": "panel_2",
                    "type": "lens"
                },
                {
                    "id": "5f97d300-01a1-11eb-b032-d59f894a5072",
                    "name": "panel_3",
                    "type": "lens"
                },
                {
                    "id": "403d81e0-01a0-11eb-b032-d59f894a5072",
                    "name": "panel_4",
                    "type": "lens"
                },
                {
                    "id": "11d06fc0-01a0-11eb-b032-d59f894a5072",
                    "name": "panel_5",
                    "type": "lens"
                },
                {
                    "id": "f3e92c10-019d-11eb-b032-d59f894a5072",
                    "name": "panel_6",
                    "type": "lens"
                },
                {
                    "id": "6de1f430-019d-11eb-b032-d59f894a5072",
                    "name": "panel_7",
                    "type": "lens"
                },
                {
                    "id": "0776dbf0-019f-11eb-b032-d59f894a5072",
                    "name": "panel_8",
                    "type": "lens"
                },
                {
                    "id": "79d80f10-01a0-11eb-b032-d59f894a5072",
                    "name": "panel_9",
                    "type": "lens"
                }
            ],
            "type": "dashboard",
            "updated_at": "2020-09-28T16:57:22.839Z",
            "version": "WzY5MDQsMV0="
        },
        {
            "attributes": {
                "description": "",
                "kibanaSavedObjectMeta": {
                    "searchSourceJSON": "{\"filter\": [], \"query\": {\"language\": \"kuery\", \"query\": \"\"}}"
                },
                "title": "PubSub Filter [Metricbeat GCP]",
                "uiStateJSON": "{}",
                "version": 1,
                "visState": "{\"aggs\": [], \"params\": {\"controls\": [{\"fieldName\": \"gcp.labels.resource.subscription_id\", \"id\": \"1600984143264\", \"indexPatternRefName\": \"control_0_index_pattern\", \"label\": \"Subscription ID\", \"options\": {\"dynamicOptions\": true, \"multiselect\": true, \"order\": \"desc\", \"size\": 5, \"type\": \"terms\"}, \"parent\": \"\", \"type\": \"list\"}, {\"fieldName\": \"gcp.labels.resource.topic_id\", \"id\": \"1600984164459\", \"indexPatternRefName\": \"control_1_index_pattern\", \"label\": \"Topic ID\", \"options\": {\"dynamicOptions\": true, \"multiselect\": true, \"order\": \"desc\", \"size\": 5, \"type\": \"terms\"}, \"parent\": \"\", \"type\": \"list\"}, {\"fieldName\": \"gcp.labels.resource.snapshot_id\", \"id\": \"1601305675297\", \"indexPatternRefName\": \"control_2_index_pattern\", \"label\": \"Snapshot ID\", \"options\": {\"dynamicOptions\": true, \"multiselect\": true, \"order\": \"desc\", \"size\": 5, \"type\": \"terms\"}, \"parent\": \"\", \"type\": \"list\"}, {\"fieldName\": \"gcp.labels.metrics.region\", \"id\": \"1601307561260\", \"indexPatternRefName\": \"control_3_index_pattern\", \"label\": \"Region\", \"options\": {\"dynamicOptions\": true, \"multiselect\": true, \"order\": \"desc\", \"size\": 5, \"type\": \"terms\"}, \"parent\": \"\", \"type\": \"list\"}], \"pinFilters\": false, \"updateFiltersOnChange\": false, \"useTimeFilter\": false}, \"title\": \"PubSub Filter [Metricbeat GCP]\", \"type\": \"input_control_vis\"}"
            },
            "id": "f6e33a00-feaf-11ea-b032-d59f894a5072",
            "migrationVersion": {
                "visualization": "7.8.0"
            },
            "namespaces": [
                "default"
            ],
            "references": [
                {
                    "id": "metricbeat-*",
                    "name": "control_0_index_pattern",
                    "type": "index-pattern"
                },
                {
                    "id": "metricbeat-*",
                    "name": "control_1_index_pattern",
                    "type": "index-pattern"
                },
                {
                    "id": "metricbeat-*",
                    "name": "control_2_index_pattern",
                    "type": "index-pattern"
                },
                {
                    "id": "metricbeat-*",
                    "name": "control_3_index_pattern",
                    "type": "index-pattern"
                }
            ],
            "type": "visualization",
            "updated_at": "2020-09-28T16:24:38.594Z",
            "version": "WzYzNjcsMV0="
        },
        {
            "attributes": {
                "description": "",
                "expression": "kibana\n| kibana_context  query=\"{\\\"query\\\":\\\"\\\",\\\"language\\\":\\\"kuery\\\"}\" filters=\"[]\"\n| lens_merge_tables layerIds=\"91e62734-6524-424c-b2b5-3974c835dd6c\" \n  tables={esaggs index=\"metricbeat-*\" metricsAtAllLevels=true partialRows=true includeFormatHints=true timeFields=\"@timestamp\" aggConfigs=\"[{\\\"id\\\":\\\"4f8dae5f-b49c-4a10-8f94-a29039f93919\\\",\\\"enabled\\\":true,\\\"type\\\":\\\"terms\\\",\\\"schema\\\":\\\"segment\\\",\\\"params\\\":{\\\"field\\\":\\\"gcp.labels.resource.topic_id\\\",\\\"orderBy\\\":\\\"27a71166-d245-471d-b550-ee0b1899ea88\\\",\\\"order\\\":\\\"desc\\\",\\\"size\\\":3,\\\"otherBucket\\\":false,\\\"otherBucketLabel\\\":\\\"Other\\\",\\\"missingBucket\\\":false,\\\"missingBucketLabel\\\":\\\"Missing\\\"}},{\\\"id\\\":\\\"f0d11f8d-e2f9-408a-9114-a0b9b18142d4\\\",\\\"enabled\\\":true,\\\"type\\\":\\\"date_histogram\\\",\\\"schema\\\":\\\"segment\\\",\\\"params\\\":{\\\"field\\\":\\\"@timestamp\\\",\\\"useNormalizedEsInterval\\\":true,\\\"interval\\\":\\\"1m\\\",\\\"drop_partials\\\":false,\\\"min_doc_count\\\":0,\\\"extended_bounds\\\":{}}},{\\\"id\\\":\\\"27a71166-d245-471d-b550-ee0b1899ea88\\\",\\\"enabled\\\":true,\\\"type\\\":\\\"avg\\\",\\\"schema\\\":\\\"metric\\\",\\\"params\\\":{\\\"field\\\":\\\"gcp.pubsub.topic.send_request_count.value\\\",\\\"missing\\\":0}}]\" | lens_rename_columns idMap=\"{\\\"col-0-4f8dae5f-b49c-4a10-8f94-a29039f93919\\\":{\\\"label\\\":\\\"Top values of gcp.labels.resource.topic_id\\\",\\\"dataType\\\":\\\"string\\\",\\\"operationType\\\":\\\"terms\\\",\\\"scale\\\":\\\"ordinal\\\",\\\"sourceField\\\":\\\"gcp.labels.resource.topic_id\\\",\\\"isBucketed\\\":true,\\\"params\\\":{\\\"size\\\":3,\\\"orderBy\\\":{\\\"type\\\":\\\"column\\\",\\\"columnId\\\":\\\"27a71166-d245-471d-b550-ee0b1899ea88\\\"},\\\"orderDirection\\\":\\\"desc\\\"},\\\"id\\\":\\\"4f8dae5f-b49c-4a10-8f94-a29039f93919\\\"},\\\"col-2-f0d11f8d-e2f9-408a-9114-a0b9b18142d4\\\":{\\\"label\\\":\\\"@timestamp\\\",\\\"dataType\\\":\\\"date\\\",\\\"operationType\\\":\\\"date_histogram\\\",\\\"sourceField\\\":\\\"@timestamp\\\",\\\"isBucketed\\\":true,\\\"scale\\\":\\\"interval\\\",\\\"params\\\":{\\\"interval\\\":\\\"1m\\\"},\\\"id\\\":\\\"f0d11f8d-e2f9-408a-9114-a0b9b18142d4\\\"},\\\"col-3-27a71166-d245-471d-b550-ee0b1899ea88\\\":{\\\"label\\\":\\\"Topic Send Request Count\\\",\\\"dataType\\\":\\\"number\\\",\\\"operationType\\\":\\\"avg\\\",\\\"suggestedPriority\\\":0,\\\"sourceField\\\":\\\"gcp.pubsub.topic.send_request_count.value\\\",\\\"isBucketed\\\":false,\\\"scale\\\":\\\"ratio\\\",\\\"customLabel\\\":true,\\\"id\\\":\\\"27a71166-d245-471d-b550-ee0b1899ea88\\\"}}\"}\n| lens_xy_chart xTitle=\"@timestamp\" yTitle=\"Topic Send Request Count\" legend={lens_xy_legendConfig isVisible=true position=\"right\"} fittingFunction=\"None\" \n  layers={lens_xy_layer layerId=\"91e62734-6524-424c-b2b5-3974c835dd6c\" hide=false xAccessor=\"f0d11f8d-e2f9-408a-9114-a0b9b18142d4\" yScaleType=\"linear\" xScaleType=\"time\" isHistogram=true splitAccessor=\"4f8dae5f-b49c-4a10-8f94-a29039f93919\"  seriesType=\"line\" accessors=\"27a71166-d245-471d-b550-ee0b1899ea88\" columnToLabel=\"{\\\"27a71166-d245-471d-b550-ee0b1899ea88\\\":\\\"Topic Send Request Count\\\",\\\"4f8dae5f-b49c-4a10-8f94-a29039f93919\\\":\\\"Top values of gcp.labels.resource.topic_id\\\"}\"}",
                "state": {
                    "datasourceMetaData": {
                        "filterableIndexPatterns": [
                            {
                                "id": "metricbeat-*",
                                "title": "metricbeat-*"
                            }
                        ]
                    },
                    "datasourceStates": {
                        "indexpattern": {
                            "currentIndexPatternId": "metricbeat-*",
                            "layers": {
                                "91e62734-6524-424c-b2b5-3974c835dd6c": {
                                    "columnOrder": [
                                        "4f8dae5f-b49c-4a10-8f94-a29039f93919",
                                        "f0d11f8d-e2f9-408a-9114-a0b9b18142d4",
                                        "27a71166-d245-471d-b550-ee0b1899ea88"
                                    ],
                                    "columns": {
                                        "27a71166-d245-471d-b550-ee0b1899ea88": {
                                            "customLabel": true,
                                            "dataType": "number",
                                            "isBucketed": false,
                                            "label": "Topic Send Request Count",
                                            "operationType": "avg",
                                            "scale": "ratio",
                                            "sourceField": "gcp.pubsub.topic.send_request_count.value",
                                            "suggestedPriority": 0
                                        },
                                        "4f8dae5f-b49c-4a10-8f94-a29039f93919": {
                                            "dataType": "string",
                                            "isBucketed": true,
                                            "label": "Top values of gcp.labels.resource.topic_id",
                                            "operationType": "terms",
                                            "params": {
                                                "orderBy": {
                                                    "columnId": "27a71166-d245-471d-b550-ee0b1899ea88",
                                                    "type": "column"
                                                },
                                                "orderDirection": "desc",
                                                "size": 3
                                            },
                                            "scale": "ordinal",
                                            "sourceField": "gcp.labels.resource.topic_id"
                                        },
                                        "f0d11f8d-e2f9-408a-9114-a0b9b18142d4": {
                                            "dataType": "date",
                                            "isBucketed": true,
                                            "label": "@timestamp",
                                            "operationType": "date_histogram",
                                            "params": {
                                                "interval": "1m"
                                            },
                                            "scale": "interval",
                                            "sourceField": "@timestamp"
                                        }
                                    },
                                    "indexPatternId": "metricbeat-*"
                                }
                            }
                        }
                    },
                    "filters": [],
                    "query": {
                        "language": "kuery",
                        "query": ""
                    },
                    "visualization": {
                        "fittingFunction": "None",
                        "layers": [
                            {
                                "accessors": [
                                    "27a71166-d245-471d-b550-ee0b1899ea88"
                                ],
                                "layerId": "91e62734-6524-424c-b2b5-3974c835dd6c",
                                "seriesType": "line",
                                "splitAccessor": "4f8dae5f-b49c-4a10-8f94-a29039f93919",
                                "xAccessor": "f0d11f8d-e2f9-408a-9114-a0b9b18142d4"
                            }
                        ],
                        "legend": {
                            "isVisible": true,
                            "position": "right"
                        },
                        "preferredSeriesType": "line"
                    }
                },
                "title": "Topic Send Request [Metricbeat GCP]",
                "visualizationType": "lnsXY"
            },
            "id": "bd399790-01a2-11eb-b032-d59f894a5072",
            "migrationVersion": {
                "lens": "7.8.0"
            },
            "namespaces": [
                "default"
            ],
            "references": [],
            "type": "lens",
            "updated_at": "2020-09-28T16:24:38.594Z",
            "version": "WzYzNjgsMV0="
        },
        {
            "attributes": {
                "description": "",
                "expression": "kibana\n| kibana_context  query=\"{\\\"query\\\":\\\"\\\",\\\"language\\\":\\\"kuery\\\"}\" filters=\"[]\"\n| lens_merge_tables layerIds=\"91e62734-6524-424c-b2b5-3974c835dd6c\" \n  tables={esaggs index=\"metricbeat-*\" metricsAtAllLevels=true partialRows=true includeFormatHints=true timeFields=\"@timestamp\" aggConfigs=\"[{\\\"id\\\":\\\"f0d11f8d-e2f9-408a-9114-a0b9b18142d4\\\",\\\"enabled\\\":true,\\\"type\\\":\\\"date_histogram\\\",\\\"schema\\\":\\\"segment\\\",\\\"params\\\":{\\\"field\\\":\\\"@timestamp\\\",\\\"useNormalizedEsInterval\\\":true,\\\"interval\\\":\\\"1m\\\",\\\"drop_partials\\\":false,\\\"min_doc_count\\\":0,\\\"extended_bounds\\\":{}}},{\\\"id\\\":\\\"89c8d41d-6896-470d-8318-c0a691fa638e\\\",\\\"enabled\\\":true,\\\"type\\\":\\\"terms\\\",\\\"schema\\\":\\\"segment\\\",\\\"params\\\":{\\\"field\\\":\\\"gcp.labels.metrics.region\\\",\\\"orderBy\\\":\\\"27a71166-d245-471d-b550-ee0b1899ea88\\\",\\\"order\\\":\\\"desc\\\",\\\"size\\\":3,\\\"otherBucket\\\":false,\\\"otherBucketLabel\\\":\\\"Other\\\",\\\"missingBucket\\\":false,\\\"missingBucketLabel\\\":\\\"Missing\\\"}},{\\\"id\\\":\\\"27a71166-d245-471d-b550-ee0b1899ea88\\\",\\\"enabled\\\":true,\\\"type\\\":\\\"avg\\\",\\\"schema\\\":\\\"metric\\\",\\\"params\\\":{\\\"field\\\":\\\"gcp.pubsub.topic.oldest_retained_acked_message_age_by_region.value\\\",\\\"missing\\\":0}}]\" | lens_rename_columns idMap=\"{\\\"col-0-f0d11f8d-e2f9-408a-9114-a0b9b18142d4\\\":{\\\"label\\\":\\\"@timestamp\\\",\\\"dataType\\\":\\\"date\\\",\\\"operationType\\\":\\\"date_histogram\\\",\\\"sourceField\\\":\\\"@timestamp\\\",\\\"isBucketed\\\":true,\\\"scale\\\":\\\"interval\\\",\\\"params\\\":{\\\"interval\\\":\\\"1m\\\"},\\\"id\\\":\\\"f0d11f8d-e2f9-408a-9114-a0b9b18142d4\\\"},\\\"col-2-89c8d41d-6896-470d-8318-c0a691fa638e\\\":{\\\"label\\\":\\\"Top values of gcp.labels.metrics.region\\\",\\\"dataType\\\":\\\"string\\\",\\\"operationType\\\":\\\"terms\\\",\\\"scale\\\":\\\"ordinal\\\",\\\"sourceField\\\":\\\"gcp.labels.metrics.region\\\",\\\"isBucketed\\\":true,\\\"params\\\":{\\\"size\\\":3,\\\"orderBy\\\":{\\\"type\\\":\\\"column\\\",\\\"columnId\\\":\\\"27a71166-d245-471d-b550-ee0b1899ea88\\\"},\\\"orderDirection\\\":\\\"desc\\\"},\\\"id\\\":\\\"89c8d41d-6896-470d-8318-c0a691fa638e\\\"},\\\"col-3-27a71166-d245-471d-b550-ee0b1899ea88\\\":{\\\"label\\\":\\\"Topic Oldest Retained Acked Message Age By Region\\\",\\\"dataType\\\":\\\"number\\\",\\\"operationType\\\":\\\"avg\\\",\\\"suggestedPriority\\\":0,\\\"sourceField\\\":\\\"gcp.pubsub.topic.oldest_retained_acked_message_age_by_region.value\\\",\\\"isBucketed\\\":false,\\\"scale\\\":\\\"ratio\\\",\\\"customLabel\\\":true,\\\"id\\\":\\\"27a71166-d245-471d-b550-ee0b1899ea88\\\"}}\"}\n| lens_xy_chart xTitle=\"@timestamp\" yTitle=\"Topic Oldest Retained Acked Message Age By Region\" legend={lens_xy_legendConfig isVisible=true position=\"right\"} fittingFunction=\"None\" \n  layers={lens_xy_layer layerId=\"91e62734-6524-424c-b2b5-3974c835dd6c\" hide=false xAccessor=\"f0d11f8d-e2f9-408a-9114-a0b9b18142d4\" yScaleType=\"linear\" xScaleType=\"time\" isHistogram=true splitAccessor=\"89c8d41d-6896-470d-8318-c0a691fa638e\"  seriesType=\"line\" accessors=\"27a71166-d245-471d-b550-ee0b1899ea88\" columnToLabel=\"{\\\"27a71166-d245-471d-b550-ee0b1899ea88\\\":\\\"Topic Oldest Retained Acked Message Age By Region\\\",\\\"89c8d41d-6896-470d-8318-c0a691fa638e\\\":\\\"Top values of gcp.labels.metrics.region\\\"}\"}",
                "state": {
                    "datasourceMetaData": {
                        "filterableIndexPatterns": [
                            {
                                "id": "metricbeat-*",
                                "title": "metricbeat-*"
                            }
                        ]
                    },
                    "datasourceStates": {
                        "indexpattern": {
                            "currentIndexPatternId": "metricbeat-*",
                            "layers": {
                                "91e62734-6524-424c-b2b5-3974c835dd6c": {
                                    "columnOrder": [
                                        "f0d11f8d-e2f9-408a-9114-a0b9b18142d4",
                                        "89c8d41d-6896-470d-8318-c0a691fa638e",
                                        "27a71166-d245-471d-b550-ee0b1899ea88"
                                    ],
                                    "columns": {
                                        "27a71166-d245-471d-b550-ee0b1899ea88": {
                                            "customLabel": true,
                                            "dataType": "number",
                                            "isBucketed": false,
                                            "label": "Topic Oldest Retained Acked Message Age By Region",
                                            "operationType": "avg",
                                            "scale": "ratio",
                                            "sourceField": "gcp.pubsub.topic.oldest_retained_acked_message_age_by_region.value",
                                            "suggestedPriority": 0
                                        },
                                        "89c8d41d-6896-470d-8318-c0a691fa638e": {
                                            "dataType": "string",
                                            "isBucketed": true,
                                            "label": "Top values of gcp.labels.metrics.region",
                                            "operationType": "terms",
                                            "params": {
                                                "orderBy": {
                                                    "columnId": "27a71166-d245-471d-b550-ee0b1899ea88",
                                                    "type": "column"
                                                },
                                                "orderDirection": "desc",
                                                "size": 3
                                            },
                                            "scale": "ordinal",
                                            "sourceField": "gcp.labels.metrics.region"
                                        },
                                        "f0d11f8d-e2f9-408a-9114-a0b9b18142d4": {
                                            "dataType": "date",
                                            "isBucketed": true,
                                            "label": "@timestamp",
                                            "operationType": "date_histogram",
                                            "params": {
                                                "interval": "1m"
                                            },
                                            "scale": "interval",
                                            "sourceField": "@timestamp"
                                        }
                                    },
                                    "indexPatternId": "metricbeat-*"
                                }
                            }
                        }
                    },
                    "filters": [],
                    "query": {
                        "language": "kuery",
                        "query": ""
                    },
                    "visualization": {
                        "fittingFunction": "None",
                        "layers": [
                            {
                                "accessors": [
                                    "27a71166-d245-471d-b550-ee0b1899ea88"
                                ],
                                "layerId": "91e62734-6524-424c-b2b5-3974c835dd6c",
                                "seriesType": "line",
                                "splitAccessor": "89c8d41d-6896-470d-8318-c0a691fa638e",
                                "xAccessor": "f0d11f8d-e2f9-408a-9114-a0b9b18142d4"
                            }
                        ],
                        "legend": {
                            "isVisible": true,
                            "position": "right"
                        },
                        "preferredSeriesType": "line"
                    }
                },
                "title": "Topic Oldest Retained Acked Message Age By Region [Metricbeat GCP]",
                "visualizationType": "lnsXY"
            },
            "id": "25b76dc0-01a2-11eb-b032-d59f894a5072",
            "migrationVersion": {
                "lens": "7.8.0"
            },
            "namespaces": [
                "default"
            ],
            "references": [],
            "type": "lens",
            "updated_at": "2020-09-28T16:24:38.594Z",
            "version": "WzYzNjksMV0="
        },
        {
            "attributes": {
                "description": "",
                "expression": "kibana\n| kibana_context  query=\"{\\\"query\\\":\\\"\\\",\\\"language\\\":\\\"kuery\\\"}\" filters=\"[]\"\n| lens_merge_tables layerIds=\"91e62734-6524-424c-b2b5-3974c835dd6c\" \n  tables={esaggs index=\"metricbeat-*\" metricsAtAllLevels=true partialRows=true includeFormatHints=true timeFields=\"@timestamp\" aggConfigs=\"[{\\\"id\\\":\\\"ed36f31e-ed2a-460a-a881-18e191f75d04\\\",\\\"enabled\\\":true,\\\"type\\\":\\\"terms\\\",\\\"schema\\\":\\\"segment\\\",\\\"params\\\":{\\\"field\\\":\\\"gcp.labels.metrics.region\\\",\\\"orderBy\\\":\\\"5424865c-c988-4e26-b00b-b3cf90e1e4cf\\\",\\\"order\\\":\\\"desc\\\",\\\"size\\\":3,\\\"otherBucket\\\":false,\\\"otherBucketLabel\\\":\\\"Other\\\",\\\"missingBucket\\\":false,\\\"missingBucketLabel\\\":\\\"Missing\\\"}},{\\\"id\\\":\\\"6be62612-437b-448d-9631-c6cc0938225d\\\",\\\"enabled\\\":true,\\\"type\\\":\\\"date_histogram\\\",\\\"schema\\\":\\\"segment\\\",\\\"params\\\":{\\\"field\\\":\\\"@timestamp\\\",\\\"useNormalizedEsInterval\\\":true,\\\"interval\\\":\\\"1m\\\",\\\"drop_partials\\\":false,\\\"min_doc_count\\\":0,\\\"extended_bounds\\\":{}}},{\\\"id\\\":\\\"5424865c-c988-4e26-b00b-b3cf90e1e4cf\\\",\\\"enabled\\\":true,\\\"type\\\":\\\"avg\\\",\\\"schema\\\":\\\"metric\\\",\\\"params\\\":{\\\"field\\\":\\\"gcp.pubsub.topic.oldest_unacked_message_age_by_region.value\\\",\\\"missing\\\":0}}]\" | lens_rename_columns idMap=\"{\\\"col-0-ed36f31e-ed2a-460a-a881-18e191f75d04\\\":{\\\"label\\\":\\\"Top values of gcp.labels.metrics.region\\\",\\\"dataType\\\":\\\"string\\\",\\\"operationType\\\":\\\"terms\\\",\\\"scale\\\":\\\"ordinal\\\",\\\"sourceField\\\":\\\"gcp.labels.metrics.region\\\",\\\"isBucketed\\\":true,\\\"params\\\":{\\\"size\\\":3,\\\"orderBy\\\":{\\\"type\\\":\\\"column\\\",\\\"columnId\\\":\\\"5424865c-c988-4e26-b00b-b3cf90e1e4cf\\\"},\\\"orderDirection\\\":\\\"desc\\\"},\\\"id\\\":\\\"ed36f31e-ed2a-460a-a881-18e191f75d04\\\"},\\\"col-2-6be62612-437b-448d-9631-c6cc0938225d\\\":{\\\"label\\\":\\\"@timestamp\\\",\\\"dataType\\\":\\\"date\\\",\\\"operationType\\\":\\\"date_histogram\\\",\\\"sourceField\\\":\\\"@timestamp\\\",\\\"isBucketed\\\":true,\\\"scale\\\":\\\"interval\\\",\\\"params\\\":{\\\"interval\\\":\\\"1m\\\"},\\\"id\\\":\\\"6be62612-437b-448d-9631-c6cc0938225d\\\"},\\\"col-3-5424865c-c988-4e26-b00b-b3cf90e1e4cf\\\":{\\\"label\\\":\\\"Topic Oldest Unacked Message Age By Region\\\",\\\"dataType\\\":\\\"number\\\",\\\"operationType\\\":\\\"avg\\\",\\\"suggestedPriority\\\":0,\\\"sourceField\\\":\\\"gcp.pubsub.topic.oldest_unacked_message_age_by_region.value\\\",\\\"isBucketed\\\":false,\\\"scale\\\":\\\"ratio\\\",\\\"customLabel\\\":true,\\\"id\\\":\\\"5424865c-c988-4e26-b00b-b3cf90e1e4cf\\\"}}\"}\n| lens_xy_chart xTitle=\"@timestamp\" yTitle=\"Topic Oldest Unacked Message Age By Region\" legend={lens_xy_legendConfig isVisible=true position=\"right\"} fittingFunction=\"None\" \n  layers={lens_xy_layer layerId=\"91e62734-6524-424c-b2b5-3974c835dd6c\" hide=false xAccessor=\"6be62612-437b-448d-9631-c6cc0938225d\" yScaleType=\"linear\" xScaleType=\"time\" isHistogram=true splitAccessor=\"ed36f31e-ed2a-460a-a881-18e191f75d04\"  seriesType=\"line\" accessors=\"5424865c-c988-4e26-b00b-b3cf90e1e4cf\" columnToLabel=\"{\\\"5424865c-c988-4e26-b00b-b3cf90e1e4cf\\\":\\\"Topic Oldest Unacked Message Age By Region\\\",\\\"ed36f31e-ed2a-460a-a881-18e191f75d04\\\":\\\"Top values of gcp.labels.metrics.region\\\"}\"}",
                "state": {
                    "datasourceMetaData": {
                        "filterableIndexPatterns": [
                            {
                                "id": "metricbeat-*",
                                "title": "metricbeat-*"
                            }
                        ]
                    },
                    "datasourceStates": {
                        "indexpattern": {
                            "currentIndexPatternId": "metricbeat-*",
                            "layers": {
                                "91e62734-6524-424c-b2b5-3974c835dd6c": {
                                    "columnOrder": [
                                        "ed36f31e-ed2a-460a-a881-18e191f75d04",
                                        "6be62612-437b-448d-9631-c6cc0938225d",
                                        "5424865c-c988-4e26-b00b-b3cf90e1e4cf"
                                    ],
                                    "columns": {
                                        "0888bf93-1ecf-467a-b0b5-9e0deee6545c": {
                                            "dataType": "string",
                                            "isBucketed": true,
                                            "label": "Top values of gcp.labels.resource.topic_id",
                                            "operationType": "terms",
                                            "params": {
                                                "orderBy": {
                                                    "columnId": "5424865c-c988-4e26-b00b-b3cf90e1e4cf",
                                                    "type": "column"
                                                },
                                                "orderDirection": "desc",
                                                "size": 3
                                            },
                                            "scale": "ordinal",
                                            "sourceField": "gcp.labels.resource.topic_id"
                                        },
                                        "5424865c-c988-4e26-b00b-b3cf90e1e4cf": {
                                            "customLabel": true,
                                            "dataType": "number",
                                            "isBucketed": false,
                                            "label": "Topic Oldest Unacked Message Age By Region",
                                            "operationType": "avg",
                                            "scale": "ratio",
                                            "sourceField": "gcp.pubsub.topic.oldest_unacked_message_age_by_region.value",
                                            "suggestedPriority": 0
                                        },
                                        "6be62612-437b-448d-9631-c6cc0938225d": {
                                            "dataType": "date",
                                            "isBucketed": true,
                                            "label": "@timestamp",
                                            "operationType": "date_histogram",
                                            "params": {
                                                "interval": "1m"
                                            },
                                            "scale": "interval",
                                            "sourceField": "@timestamp"
                                        },
                                        "ed36f31e-ed2a-460a-a881-18e191f75d04": {
                                            "dataType": "string",
                                            "isBucketed": true,
                                            "label": "Top values of gcp.labels.metrics.region",
                                            "operationType": "terms",
                                            "params": {
                                                "orderBy": {
                                                    "columnId": "5424865c-c988-4e26-b00b-b3cf90e1e4cf",
                                                    "type": "column"
                                                },
                                                "orderDirection": "desc",
                                                "size": 3
                                            },
                                            "scale": "ordinal",
                                            "sourceField": "gcp.labels.metrics.region"
                                        }
                                    },
                                    "indexPatternId": "metricbeat-*"
                                }
                            }
                        }
                    },
                    "filters": [],
                    "query": {
                        "language": "kuery",
                        "query": ""
                    },
                    "visualization": {
                        "fittingFunction": "None",
                        "layers": [
                            {
                                "accessors": [
                                    "5424865c-c988-4e26-b00b-b3cf90e1e4cf"
                                ],
                                "layerId": "91e62734-6524-424c-b2b5-3974c835dd6c",
                                "position": "top",
                                "seriesType": "line",
                                "showGridlines": false,
                                "splitAccessor": "ed36f31e-ed2a-460a-a881-18e191f75d04",
                                "xAccessor": "6be62612-437b-448d-9631-c6cc0938225d"
                            }
                        ],
                        "legend": {
                            "isVisible": true,
                            "position": "right"
                        },
                        "preferredSeriesType": "line"
                    }
                },
                "title": "Topic Oldest Unacked Message Age By Region [Metricbeat GCP]",
                "visualizationType": "lnsXY"
            },
            "id": "5f97d300-01a1-11eb-b032-d59f894a5072",
            "migrationVersion": {
                "lens": "7.8.0"
            },
            "namespaces": [
                "default"
            ],
            "references": [],
            "type": "lens",
            "updated_at": "2020-09-28T16:24:38.594Z",
            "version": "WzYzNzAsMV0="
        },
        {
            "attributes": {
                "description": "",
                "expression": "kibana\n| kibana_context  query=\"{\\\"query\\\":\\\"\\\",\\\"language\\\":\\\"kuery\\\"}\" filters=\"[]\"\n| lens_merge_tables layerIds=\"91e62734-6524-424c-b2b5-3974c835dd6c\" \n  tables={esaggs index=\"metricbeat-*\" metricsAtAllLevels=true partialRows=true includeFormatHints=true timeFields=\"@timestamp\" aggConfigs=\"[{\\\"id\\\":\\\"6be62612-437b-448d-9631-c6cc0938225d\\\",\\\"enabled\\\":true,\\\"type\\\":\\\"date_histogram\\\",\\\"schema\\\":\\\"segment\\\",\\\"params\\\":{\\\"field\\\":\\\"@timestamp\\\",\\\"useNormalizedEsInterval\\\":true,\\\"interval\\\":\\\"1m\\\",\\\"drop_partials\\\":false,\\\"min_doc_count\\\":0,\\\"extended_bounds\\\":{}}},{\\\"id\\\":\\\"2251f8b6-6091-4386-890b-4d0d33e79a96\\\",\\\"enabled\\\":true,\\\"type\\\":\\\"terms\\\",\\\"schema\\\":\\\"segment\\\",\\\"params\\\":{\\\"field\\\":\\\"gcp.labels.resource.subscription_id\\\",\\\"orderBy\\\":\\\"5424865c-c988-4e26-b00b-b3cf90e1e4cf\\\",\\\"order\\\":\\\"desc\\\",\\\"size\\\":3,\\\"otherBucket\\\":false,\\\"otherBucketLabel\\\":\\\"Other\\\",\\\"missingBucket\\\":false,\\\"missingBucketLabel\\\":\\\"Missing\\\"}},{\\\"id\\\":\\\"5424865c-c988-4e26-b00b-b3cf90e1e4cf\\\",\\\"enabled\\\":true,\\\"type\\\":\\\"avg\\\",\\\"schema\\\":\\\"metric\\\",\\\"params\\\":{\\\"field\\\":\\\"gcp.pubsub.subscription.oldest_unacked_message_age.value\\\",\\\"missing\\\":0}}]\" | lens_rename_columns idMap=\"{\\\"col-0-6be62612-437b-448d-9631-c6cc0938225d\\\":{\\\"dataType\\\":\\\"date\\\",\\\"isBucketed\\\":true,\\\"label\\\":\\\"@timestamp\\\",\\\"operationType\\\":\\\"date_histogram\\\",\\\"params\\\":{\\\"interval\\\":\\\"1m\\\"},\\\"scale\\\":\\\"interval\\\",\\\"sourceField\\\":\\\"@timestamp\\\",\\\"id\\\":\\\"6be62612-437b-448d-9631-c6cc0938225d\\\"},\\\"col-2-2251f8b6-6091-4386-890b-4d0d33e79a96\\\":{\\\"dataType\\\":\\\"string\\\",\\\"isBucketed\\\":true,\\\"label\\\":\\\"Top values of gcp.labels.resource.subscription_id\\\",\\\"operationType\\\":\\\"terms\\\",\\\"params\\\":{\\\"orderBy\\\":{\\\"columnId\\\":\\\"5424865c-c988-4e26-b00b-b3cf90e1e4cf\\\",\\\"type\\\":\\\"column\\\"},\\\"orderDirection\\\":\\\"desc\\\",\\\"size\\\":3},\\\"scale\\\":\\\"ordinal\\\",\\\"sourceField\\\":\\\"gcp.labels.resource.subscription_id\\\",\\\"id\\\":\\\"2251f8b6-6091-4386-890b-4d0d33e79a96\\\"},\\\"col-3-5424865c-c988-4e26-b00b-b3cf90e1e4cf\\\":{\\\"customLabel\\\":true,\\\"dataType\\\":\\\"number\\\",\\\"isBucketed\\\":false,\\\"label\\\":\\\"Subscription Oldest Unacked Message Age\\\",\\\"operationType\\\":\\\"avg\\\",\\\"scale\\\":\\\"ratio\\\",\\\"sourceField\\\":\\\"gcp.pubsub.subscription.oldest_unacked_message_age.value\\\",\\\"suggestedPriority\\\":0,\\\"id\\\":\\\"5424865c-c988-4e26-b00b-b3cf90e1e4cf\\\"}}\"}\n| lens_xy_chart xTitle=\"@timestamp\" yTitle=\"Subscription Oldest Unacked Message Age\" legend={lens_xy_legendConfig isVisible=true position=\"right\"} fittingFunction=\"None\" \n  layers={lens_xy_layer layerId=\"91e62734-6524-424c-b2b5-3974c835dd6c\" hide=false xAccessor=\"6be62612-437b-448d-9631-c6cc0938225d\" yScaleType=\"linear\" xScaleType=\"time\" isHistogram=true splitAccessor=\"2251f8b6-6091-4386-890b-4d0d33e79a96\"  seriesType=\"line\" accessors=\"5424865c-c988-4e26-b00b-b3cf90e1e4cf\" columnToLabel=\"{\\\"5424865c-c988-4e26-b00b-b3cf90e1e4cf\\\":\\\"Subscription Oldest Unacked Message Age\\\",\\\"2251f8b6-6091-4386-890b-4d0d33e79a96\\\":\\\"Top values of gcp.labels.resource.subscription_id\\\"}\"}",
                "state": {
                    "datasourceMetaData": {
                        "filterableIndexPatterns": [
                            {
                                "id": "metricbeat-*",
                                "title": "metricbeat-*"
                            }
                        ]
                    },
                    "datasourceStates": {
                        "indexpattern": {
                            "currentIndexPatternId": "metricbeat-*",
                            "layers": {
                                "91e62734-6524-424c-b2b5-3974c835dd6c": {
                                    "columnOrder": [
                                        "6be62612-437b-448d-9631-c6cc0938225d",
                                        "2251f8b6-6091-4386-890b-4d0d33e79a96",
                                        "5424865c-c988-4e26-b00b-b3cf90e1e4cf"
                                    ],
                                    "columns": {
                                        "2251f8b6-6091-4386-890b-4d0d33e79a96": {
                                            "dataType": "string",
                                            "isBucketed": true,
                                            "label": "Top values of gcp.labels.resource.subscription_id",
                                            "operationType": "terms",
                                            "params": {
                                                "orderBy": {
                                                    "columnId": "5424865c-c988-4e26-b00b-b3cf90e1e4cf",
                                                    "type": "column"
                                                },
                                                "orderDirection": "desc",
                                                "size": 3
                                            },
                                            "scale": "ordinal",
                                            "sourceField": "gcp.labels.resource.subscription_id"
                                        },
                                        "5424865c-c988-4e26-b00b-b3cf90e1e4cf": {
                                            "customLabel": true,
                                            "dataType": "number",
                                            "isBucketed": false,
                                            "label": "Subscription Oldest Unacked Message Age",
                                            "operationType": "avg",
                                            "scale": "ratio",
                                            "sourceField": "gcp.pubsub.subscription.oldest_unacked_message_age.value",
                                            "suggestedPriority": 0
                                        },
                                        "6be62612-437b-448d-9631-c6cc0938225d": {
                                            "dataType": "date",
                                            "isBucketed": true,
                                            "label": "@timestamp",
                                            "operationType": "date_histogram",
                                            "params": {
                                                "interval": "1m"
                                            },
                                            "scale": "interval",
                                            "sourceField": "@timestamp"
                                        }
                                    },
                                    "indexPatternId": "metricbeat-*"
                                }
                            }
                        }
                    },
                    "filters": [],
                    "query": {
                        "language": "kuery",
                        "query": ""
                    },
                    "visualization": {
                        "fittingFunction": "None",
                        "layers": [
                            {
                                "accessors": [
                                    "5424865c-c988-4e26-b00b-b3cf90e1e4cf"
                                ],
                                "layerId": "91e62734-6524-424c-b2b5-3974c835dd6c",
                                "position": "top",
                                "seriesType": "line",
                                "showGridlines": false,
                                "splitAccessor": "2251f8b6-6091-4386-890b-4d0d33e79a96",
                                "xAccessor": "6be62612-437b-448d-9631-c6cc0938225d"
                            }
                        ],
                        "legend": {
                            "isVisible": true,
                            "position": "right"
                        },
                        "preferredSeriesType": "line"
                    }
                },
                "title": "Subscription Oldest Unacked Message [Metricbeat GCP]",
                "visualizationType": "lnsXY"
            },
            "id": "403d81e0-01a0-11eb-b032-d59f894a5072",
            "migrationVersion": {
                "lens": "7.8.0"
            },
            "namespaces": [
                "default"
            ],
            "references": [],
            "type": "lens",
            "updated_at": "2020-09-28T16:53:54.651Z",
            "version": "WzY4NDIsMV0="
        },
        {
            "attributes": {
                "description": "",
                "expression": "kibana\n| kibana_context  query=\"{\\\"query\\\":\\\"\\\",\\\"language\\\":\\\"kuery\\\"}\" filters=\"[]\"\n| lens_merge_tables layerIds=\"91e62734-6524-424c-b2b5-3974c835dd6c\" \n  tables={esaggs index=\"metricbeat-*\" metricsAtAllLevels=true partialRows=true includeFormatHints=true timeFields=\"@timestamp\" aggConfigs=\"[{\\\"id\\\":\\\"6be62612-437b-448d-9631-c6cc0938225d\\\",\\\"enabled\\\":true,\\\"type\\\":\\\"date_histogram\\\",\\\"schema\\\":\\\"segment\\\",\\\"params\\\":{\\\"field\\\":\\\"@timestamp\\\",\\\"useNormalizedEsInterval\\\":true,\\\"interval\\\":\\\"1m\\\",\\\"drop_partials\\\":false,\\\"min_doc_count\\\":0,\\\"extended_bounds\\\":{}}},{\\\"id\\\":\\\"2251f8b6-6091-4386-890b-4d0d33e79a96\\\",\\\"enabled\\\":true,\\\"type\\\":\\\"terms\\\",\\\"schema\\\":\\\"segment\\\",\\\"params\\\":{\\\"field\\\":\\\"gcp.labels.resource.subscription_id\\\",\\\"orderBy\\\":\\\"5424865c-c988-4e26-b00b-b3cf90e1e4cf\\\",\\\"order\\\":\\\"desc\\\",\\\"size\\\":3,\\\"otherBucket\\\":false,\\\"otherBucketLabel\\\":\\\"Other\\\",\\\"missingBucket\\\":false,\\\"missingBucketLabel\\\":\\\"Missing\\\"}},{\\\"id\\\":\\\"5424865c-c988-4e26-b00b-b3cf90e1e4cf\\\",\\\"enabled\\\":true,\\\"type\\\":\\\"avg\\\",\\\"schema\\\":\\\"metric\\\",\\\"params\\\":{\\\"field\\\":\\\"gcp.pubsub.subscription.num_undelivered_messages.value\\\",\\\"missing\\\":0}}]\" | lens_rename_columns idMap=\"{\\\"col-0-6be62612-437b-448d-9631-c6cc0938225d\\\":{\\\"dataType\\\":\\\"date\\\",\\\"isBucketed\\\":true,\\\"label\\\":\\\"@timestamp\\\",\\\"operationType\\\":\\\"date_histogram\\\",\\\"params\\\":{\\\"interval\\\":\\\"1m\\\"},\\\"scale\\\":\\\"interval\\\",\\\"sourceField\\\":\\\"@timestamp\\\",\\\"id\\\":\\\"6be62612-437b-448d-9631-c6cc0938225d\\\"},\\\"col-2-2251f8b6-6091-4386-890b-4d0d33e79a96\\\":{\\\"dataType\\\":\\\"string\\\",\\\"isBucketed\\\":true,\\\"label\\\":\\\"Top values of gcp.labels.resource.subscription_id\\\",\\\"operationType\\\":\\\"terms\\\",\\\"params\\\":{\\\"orderBy\\\":{\\\"columnId\\\":\\\"5424865c-c988-4e26-b00b-b3cf90e1e4cf\\\",\\\"type\\\":\\\"column\\\"},\\\"orderDirection\\\":\\\"desc\\\",\\\"size\\\":3},\\\"scale\\\":\\\"ordinal\\\",\\\"sourceField\\\":\\\"gcp.labels.resource.subscription_id\\\",\\\"id\\\":\\\"2251f8b6-6091-4386-890b-4d0d33e79a96\\\"},\\\"col-3-5424865c-c988-4e26-b00b-b3cf90e1e4cf\\\":{\\\"customLabel\\\":true,\\\"dataType\\\":\\\"number\\\",\\\"isBucketed\\\":false,\\\"label\\\":\\\"Subscription Number of Undelivered Messages\\\",\\\"operationType\\\":\\\"avg\\\",\\\"params\\\":{\\\"format\\\":{\\\"id\\\":\\\"bytes\\\",\\\"params\\\":{\\\"decimals\\\":0}}},\\\"scale\\\":\\\"ratio\\\",\\\"sourceField\\\":\\\"gcp.pubsub.subscription.num_undelivered_messages.value\\\",\\\"suggestedPriority\\\":0,\\\"id\\\":\\\"5424865c-c988-4e26-b00b-b3cf90e1e4cf\\\"}}\" | lens_format_column format=\"bytes\" columnId=\"5424865c-c988-4e26-b00b-b3cf90e1e4cf\" decimals=0}\n| lens_xy_chart xTitle=\"@timestamp\" yTitle=\"Subscription Number of Undelivered Messages\" legend={lens_xy_legendConfig isVisible=true position=\"right\"} fittingFunction=\"None\" \n  layers={lens_xy_layer layerId=\"91e62734-6524-424c-b2b5-3974c835dd6c\" hide=false xAccessor=\"6be62612-437b-448d-9631-c6cc0938225d\" yScaleType=\"linear\" xScaleType=\"time\" isHistogram=true splitAccessor=\"2251f8b6-6091-4386-890b-4d0d33e79a96\"  seriesType=\"line\" accessors=\"5424865c-c988-4e26-b00b-b3cf90e1e4cf\" columnToLabel=\"{\\\"5424865c-c988-4e26-b00b-b3cf90e1e4cf\\\":\\\"Subscription Number of Undelivered Messages\\\",\\\"2251f8b6-6091-4386-890b-4d0d33e79a96\\\":\\\"Top values of gcp.labels.resource.subscription_id\\\"}\"}",
                "state": {
                    "datasourceMetaData": {
                        "filterableIndexPatterns": [
                            {
                                "id": "metricbeat-*",
                                "title": "metricbeat-*"
                            }
                        ]
                    },
                    "datasourceStates": {
                        "indexpattern": {
                            "currentIndexPatternId": "metricbeat-*",
                            "layers": {
                                "91e62734-6524-424c-b2b5-3974c835dd6c": {
                                    "columnOrder": [
                                        "6be62612-437b-448d-9631-c6cc0938225d",
                                        "2251f8b6-6091-4386-890b-4d0d33e79a96",
                                        "5424865c-c988-4e26-b00b-b3cf90e1e4cf"
                                    ],
                                    "columns": {
                                        "2251f8b6-6091-4386-890b-4d0d33e79a96": {
                                            "dataType": "string",
                                            "isBucketed": true,
                                            "label": "Top values of gcp.labels.resource.subscription_id",
                                            "operationType": "terms",
                                            "params": {
                                                "orderBy": {
                                                    "columnId": "5424865c-c988-4e26-b00b-b3cf90e1e4cf",
                                                    "type": "column"
                                                },
                                                "orderDirection": "desc",
                                                "size": 3
                                            },
                                            "scale": "ordinal",
                                            "sourceField": "gcp.labels.resource.subscription_id"
                                        },
                                        "5424865c-c988-4e26-b00b-b3cf90e1e4cf": {
                                            "customLabel": true,
                                            "dataType": "number",
                                            "isBucketed": false,
                                            "label": "Subscription Number of Undelivered Messages",
                                            "operationType": "avg",
                                            "params": {
                                                "format": {
                                                    "id": "bytes",
                                                    "params": {
                                                        "decimals": 0
                                                    }
                                                }
                                            },
                                            "scale": "ratio",
                                            "sourceField": "gcp.pubsub.subscription.num_undelivered_messages.value",
                                            "suggestedPriority": 0
                                        },
                                        "6be62612-437b-448d-9631-c6cc0938225d": {
                                            "dataType": "date",
                                            "isBucketed": true,
                                            "label": "@timestamp",
                                            "operationType": "date_histogram",
                                            "params": {
                                                "interval": "1m"
                                            },
                                            "scale": "interval",
                                            "sourceField": "@timestamp"
                                        }
                                    },
                                    "indexPatternId": "metricbeat-*"
                                }
                            }
                        }
                    },
                    "filters": [],
                    "query": {
                        "language": "kuery",
                        "query": ""
                    },
                    "visualization": {
                        "fittingFunction": "None",
                        "layers": [
                            {
                                "accessors": [
                                    "5424865c-c988-4e26-b00b-b3cf90e1e4cf"
                                ],
                                "layerId": "91e62734-6524-424c-b2b5-3974c835dd6c",
                                "position": "top",
                                "seriesType": "line",
                                "showGridlines": false,
                                "splitAccessor": "2251f8b6-6091-4386-890b-4d0d33e79a96",
                                "xAccessor": "6be62612-437b-448d-9631-c6cc0938225d"
                            }
                        ],
                        "legend": {
                            "isVisible": true,
                            "position": "right"
                        },
                        "preferredSeriesType": "line"
                    }
                },
                "title": "Subscription Number of Undelivered Messages [Metricbeat GCP]",
                "visualizationType": "lnsXY"
            },
            "id": "11d06fc0-01a0-11eb-b032-d59f894a5072",
            "migrationVersion": {
                "lens": "7.8.0"
            },
            "namespaces": [
                "default"
            ],
            "references": [],
            "type": "lens",
            "updated_at": "2020-09-28T16:55:54.581Z",
            "version": "WzY4NzYsMV0="
        },
        {
            "attributes": {
                "description": "",
                "expression": "kibana\n| kibana_context  query=\"{\\\"query\\\":\\\"\\\",\\\"language\\\":\\\"kuery\\\"}\" filters=\"[]\"\n| lens_merge_tables layerIds=\"91e62734-6524-424c-b2b5-3974c835dd6c\" \n  tables={esaggs index=\"metricbeat-*\" metricsAtAllLevels=true partialRows=true includeFormatHints=true timeFields=\"@timestamp\" aggConfigs=\"[{\\\"id\\\":\\\"6be62612-437b-448d-9631-c6cc0938225d\\\",\\\"enabled\\\":true,\\\"type\\\":\\\"date_histogram\\\",\\\"schema\\\":\\\"segment\\\",\\\"params\\\":{\\\"field\\\":\\\"@timestamp\\\",\\\"useNormalizedEsInterval\\\":true,\\\"interval\\\":\\\"auto\\\",\\\"drop_partials\\\":false,\\\"min_doc_count\\\":0,\\\"extended_bounds\\\":{}}},{\\\"id\\\":\\\"921ee447-0c37-4e9d-9f42-a491f412baef\\\",\\\"enabled\\\":true,\\\"type\\\":\\\"terms\\\",\\\"schema\\\":\\\"segment\\\",\\\"params\\\":{\\\"field\\\":\\\"gcp.labels.resource.snapshot_id\\\",\\\"orderBy\\\":\\\"5424865c-c988-4e26-b00b-b3cf90e1e4cf\\\",\\\"order\\\":\\\"desc\\\",\\\"size\\\":3,\\\"otherBucket\\\":false,\\\"otherBucketLabel\\\":\\\"Other\\\",\\\"missingBucket\\\":false,\\\"missingBucketLabel\\\":\\\"Missing\\\"}},{\\\"id\\\":\\\"5424865c-c988-4e26-b00b-b3cf90e1e4cf\\\",\\\"enabled\\\":true,\\\"type\\\":\\\"avg\\\",\\\"schema\\\":\\\"metric\\\",\\\"params\\\":{\\\"field\\\":\\\"gcp.pubsub.snapshot.oldest_message_age.value\\\",\\\"missing\\\":0}}]\" | lens_rename_columns idMap=\"{\\\"col-0-6be62612-437b-448d-9631-c6cc0938225d\\\":{\\\"label\\\":\\\"@timestamp\\\",\\\"dataType\\\":\\\"date\\\",\\\"operationType\\\":\\\"date_histogram\\\",\\\"sourceField\\\":\\\"@timestamp\\\",\\\"isBucketed\\\":true,\\\"scale\\\":\\\"interval\\\",\\\"params\\\":{\\\"interval\\\":\\\"auto\\\"},\\\"id\\\":\\\"6be62612-437b-448d-9631-c6cc0938225d\\\"},\\\"col-2-921ee447-0c37-4e9d-9f42-a491f412baef\\\":{\\\"label\\\":\\\"Top values of gcp.labels.resource.snapshot_id\\\",\\\"dataType\\\":\\\"string\\\",\\\"operationType\\\":\\\"terms\\\",\\\"scale\\\":\\\"ordinal\\\",\\\"sourceField\\\":\\\"gcp.labels.resource.snapshot_id\\\",\\\"isBucketed\\\":true,\\\"params\\\":{\\\"size\\\":3,\\\"orderBy\\\":{\\\"type\\\":\\\"column\\\",\\\"columnId\\\":\\\"5424865c-c988-4e26-b00b-b3cf90e1e4cf\\\"},\\\"orderDirection\\\":\\\"desc\\\"},\\\"id\\\":\\\"921ee447-0c37-4e9d-9f42-a491f412baef\\\"},\\\"col-3-5424865c-c988-4e26-b00b-b3cf90e1e4cf\\\":{\\\"label\\\":\\\"Snapshot Oldest Message\\\",\\\"dataType\\\":\\\"number\\\",\\\"operationType\\\":\\\"avg\\\",\\\"suggestedPriority\\\":0,\\\"sourceField\\\":\\\"gcp.pubsub.snapshot.oldest_message_age.value\\\",\\\"isBucketed\\\":false,\\\"scale\\\":\\\"ratio\\\",\\\"customLabel\\\":true,\\\"id\\\":\\\"5424865c-c988-4e26-b00b-b3cf90e1e4cf\\\"}}\"}\n| lens_xy_chart xTitle=\"@timestamp\" yTitle=\"Snapshot Oldest Message\" legend={lens_xy_legendConfig isVisible=true position=\"right\"} fittingFunction=\"None\" \n  layers={lens_xy_layer layerId=\"91e62734-6524-424c-b2b5-3974c835dd6c\" hide=false xAccessor=\"6be62612-437b-448d-9631-c6cc0938225d\" yScaleType=\"linear\" xScaleType=\"time\" isHistogram=true splitAccessor=\"921ee447-0c37-4e9d-9f42-a491f412baef\"  seriesType=\"line\" accessors=\"5424865c-c988-4e26-b00b-b3cf90e1e4cf\" columnToLabel=\"{\\\"5424865c-c988-4e26-b00b-b3cf90e1e4cf\\\":\\\"Snapshot Oldest Message\\\",\\\"921ee447-0c37-4e9d-9f42-a491f412baef\\\":\\\"Top values of gcp.labels.resource.snapshot_id\\\"}\"}",
                "state": {
                    "datasourceMetaData": {
                        "filterableIndexPatterns": [
                            {
                                "id": "metricbeat-*",
                                "title": "metricbeat-*"
                            }
                        ]
                    },
                    "datasourceStates": {
                        "indexpattern": {
                            "currentIndexPatternId": "metricbeat-*",
                            "layers": {
                                "91e62734-6524-424c-b2b5-3974c835dd6c": {
                                    "columnOrder": [
                                        "6be62612-437b-448d-9631-c6cc0938225d",
                                        "921ee447-0c37-4e9d-9f42-a491f412baef",
                                        "5424865c-c988-4e26-b00b-b3cf90e1e4cf"
                                    ],
                                    "columns": {
                                        "5424865c-c988-4e26-b00b-b3cf90e1e4cf": {
                                            "customLabel": true,
                                            "dataType": "number",
                                            "isBucketed": false,
                                            "label": "Snapshot Oldest Message",
                                            "operationType": "avg",
                                            "scale": "ratio",
                                            "sourceField": "gcp.pubsub.snapshot.oldest_message_age.value",
                                            "suggestedPriority": 0
                                        },
                                        "6be62612-437b-448d-9631-c6cc0938225d": {
                                            "dataType": "date",
                                            "isBucketed": true,
                                            "label": "@timestamp",
                                            "operationType": "date_histogram",
                                            "params": {
                                                "interval": "auto"
                                            },
                                            "scale": "interval",
                                            "sourceField": "@timestamp"
                                        },
                                        "921ee447-0c37-4e9d-9f42-a491f412baef": {
                                            "dataType": "string",
                                            "isBucketed": true,
                                            "label": "Top values of gcp.labels.resource.snapshot_id",
                                            "operationType": "terms",
                                            "params": {
                                                "orderBy": {
                                                    "columnId": "5424865c-c988-4e26-b00b-b3cf90e1e4cf",
                                                    "type": "column"
                                                },
                                                "orderDirection": "desc",
                                                "size": 3
                                            },
                                            "scale": "ordinal",
                                            "sourceField": "gcp.labels.resource.snapshot_id"
                                        }
                                    },
                                    "indexPatternId": "metricbeat-*"
                                }
                            }
                        }
                    },
                    "filters": [],
                    "query": {
                        "language": "kuery",
                        "query": ""
                    },
                    "visualization": {
                        "fittingFunction": "None",
                        "layers": [
                            {
                                "accessors": [
                                    "5424865c-c988-4e26-b00b-b3cf90e1e4cf"
                                ],
                                "layerId": "91e62734-6524-424c-b2b5-3974c835dd6c",
                                "position": "top",
                                "seriesType": "line",
                                "showGridlines": false,
                                "splitAccessor": "921ee447-0c37-4e9d-9f42-a491f412baef",
                                "xAccessor": "6be62612-437b-448d-9631-c6cc0938225d"
                            }
                        ],
                        "legend": {
                            "isVisible": true,
                            "position": "right"
                        },
                        "preferredSeriesType": "line"
                    }
                },
                "title": "Snapshot Oldest Message [Metricbeat GCP]",
                "visualizationType": "lnsXY"
            },
            "id": "f3e92c10-019d-11eb-b032-d59f894a5072",
            "migrationVersion": {
                "lens": "7.8.0"
            },
            "namespaces": [
                "default"
            ],
            "references": [],
            "type": "lens",
            "updated_at": "2020-09-28T16:24:38.594Z",
            "version": "WzYzNzMsMV0="
        },
        {
            "attributes": {
                "description": "",
                "expression": "kibana\n| kibana_context  query=\"{\\\"query\\\":\\\"\\\",\\\"language\\\":\\\"kuery\\\"}\" filters=\"[]\"\n| lens_merge_tables layerIds=\"91e62734-6524-424c-b2b5-3974c835dd6c\" \n  tables={esaggs index=\"metricbeat-*\" metricsAtAllLevels=true partialRows=true includeFormatHints=true timeFields=\"@timestamp\" aggConfigs=\"[{\\\"id\\\":\\\"6be62612-437b-448d-9631-c6cc0938225d\\\",\\\"enabled\\\":true,\\\"type\\\":\\\"date_histogram\\\",\\\"schema\\\":\\\"segment\\\",\\\"params\\\":{\\\"field\\\":\\\"@timestamp\\\",\\\"useNormalizedEsInterval\\\":true,\\\"interval\\\":\\\"auto\\\",\\\"drop_partials\\\":false,\\\"min_doc_count\\\":0,\\\"extended_bounds\\\":{}}},{\\\"id\\\":\\\"ef2fc668-040b-4c82-9f65-5d3fb25c9536\\\",\\\"enabled\\\":true,\\\"type\\\":\\\"terms\\\",\\\"schema\\\":\\\"segment\\\",\\\"params\\\":{\\\"field\\\":\\\"gcp.labels.resource.snapshot_id\\\",\\\"orderBy\\\":\\\"_key\\\",\\\"order\\\":\\\"asc\\\",\\\"size\\\":3,\\\"otherBucket\\\":false,\\\"otherBucketLabel\\\":\\\"Other\\\",\\\"missingBucket\\\":false,\\\"missingBucketLabel\\\":\\\"Missing\\\"}},{\\\"id\\\":\\\"5424865c-c988-4e26-b00b-b3cf90e1e4cf\\\",\\\"enabled\\\":true,\\\"type\\\":\\\"avg\\\",\\\"schema\\\":\\\"metric\\\",\\\"params\\\":{\\\"field\\\":\\\"gcp.pubsub.snapshot.num_messages.value\\\",\\\"missing\\\":0}}]\" | lens_rename_columns idMap=\"{\\\"col-0-6be62612-437b-448d-9631-c6cc0938225d\\\":{\\\"label\\\":\\\"@timestamp\\\",\\\"dataType\\\":\\\"date\\\",\\\"operationType\\\":\\\"date_histogram\\\",\\\"sourceField\\\":\\\"@timestamp\\\",\\\"isBucketed\\\":true,\\\"scale\\\":\\\"interval\\\",\\\"params\\\":{\\\"interval\\\":\\\"auto\\\"},\\\"id\\\":\\\"6be62612-437b-448d-9631-c6cc0938225d\\\"},\\\"col-2-ef2fc668-040b-4c82-9f65-5d3fb25c9536\\\":{\\\"label\\\":\\\"Top values of gcp.labels.resource.snapshot_id\\\",\\\"dataType\\\":\\\"string\\\",\\\"operationType\\\":\\\"terms\\\",\\\"scale\\\":\\\"ordinal\\\",\\\"sourceField\\\":\\\"gcp.labels.resource.snapshot_id\\\",\\\"isBucketed\\\":true,\\\"params\\\":{\\\"size\\\":3,\\\"orderBy\\\":{\\\"type\\\":\\\"alphabetical\\\"},\\\"orderDirection\\\":\\\"asc\\\"},\\\"id\\\":\\\"ef2fc668-040b-4c82-9f65-5d3fb25c9536\\\"},\\\"col-3-5424865c-c988-4e26-b00b-b3cf90e1e4cf\\\":{\\\"label\\\":\\\"Snapshot Number of Messages\\\",\\\"dataType\\\":\\\"number\\\",\\\"operationType\\\":\\\"avg\\\",\\\"suggestedPriority\\\":0,\\\"sourceField\\\":\\\"gcp.pubsub.snapshot.num_messages.value\\\",\\\"isBucketed\\\":false,\\\"scale\\\":\\\"ratio\\\",\\\"customLabel\\\":true,\\\"id\\\":\\\"5424865c-c988-4e26-b00b-b3cf90e1e4cf\\\"}}\"}\n| lens_xy_chart xTitle=\"@timestamp\" yTitle=\"Snapshot Number of Messages\" legend={lens_xy_legendConfig isVisible=true position=\"right\"} fittingFunction=\"None\" \n  layers={lens_xy_layer layerId=\"91e62734-6524-424c-b2b5-3974c835dd6c\" hide=false xAccessor=\"6be62612-437b-448d-9631-c6cc0938225d\" yScaleType=\"linear\" xScaleType=\"time\" isHistogram=true splitAccessor=\"ef2fc668-040b-4c82-9f65-5d3fb25c9536\"  seriesType=\"line\" accessors=\"5424865c-c988-4e26-b00b-b3cf90e1e4cf\" columnToLabel=\"{\\\"5424865c-c988-4e26-b00b-b3cf90e1e4cf\\\":\\\"Snapshot Number of Messages\\\",\\\"ef2fc668-040b-4c82-9f65-5d3fb25c9536\\\":\\\"Top values of gcp.labels.resource.snapshot_id\\\"}\"}",
                "state": {
                    "datasourceMetaData": {
                        "filterableIndexPatterns": [
                            {
                                "id": "metricbeat-*",
                                "title": "metricbeat-*"
                            }
                        ]
                    },
                    "datasourceStates": {
                        "indexpattern": {
                            "currentIndexPatternId": "metricbeat-*",
                            "layers": {
                                "91e62734-6524-424c-b2b5-3974c835dd6c": {
                                    "columnOrder": [
                                        "6be62612-437b-448d-9631-c6cc0938225d",
                                        "ef2fc668-040b-4c82-9f65-5d3fb25c9536",
                                        "5424865c-c988-4e26-b00b-b3cf90e1e4cf"
                                    ],
                                    "columns": {
                                        "5424865c-c988-4e26-b00b-b3cf90e1e4cf": {
                                            "customLabel": true,
                                            "dataType": "number",
                                            "isBucketed": false,
                                            "label": "Snapshot Number of Messages",
                                            "operationType": "avg",
                                            "scale": "ratio",
                                            "sourceField": "gcp.pubsub.snapshot.num_messages.value",
                                            "suggestedPriority": 0
                                        },
                                        "6be62612-437b-448d-9631-c6cc0938225d": {
                                            "dataType": "date",
                                            "isBucketed": true,
                                            "label": "@timestamp",
                                            "operationType": "date_histogram",
                                            "params": {
                                                "interval": "auto"
                                            },
                                            "scale": "interval",
                                            "sourceField": "@timestamp"
                                        },
                                        "ef2fc668-040b-4c82-9f65-5d3fb25c9536": {
                                            "dataType": "string",
                                            "isBucketed": true,
                                            "label": "Top values of gcp.labels.resource.snapshot_id",
                                            "operationType": "terms",
                                            "params": {
                                                "orderBy": {
                                                    "type": "alphabetical"
                                                },
                                                "orderDirection": "asc",
                                                "size": 3
                                            },
                                            "scale": "ordinal",
                                            "sourceField": "gcp.labels.resource.snapshot_id"
                                        }
                                    },
                                    "indexPatternId": "metricbeat-*"
                                }
                            }
                        }
                    },
                    "filters": [],
                    "query": {
                        "language": "kuery",
                        "query": ""
                    },
                    "visualization": {
                        "fittingFunction": "None",
                        "layers": [
                            {
                                "accessors": [
                                    "5424865c-c988-4e26-b00b-b3cf90e1e4cf"
                                ],
                                "layerId": "91e62734-6524-424c-b2b5-3974c835dd6c",
                                "position": "top",
                                "seriesType": "line",
                                "showGridlines": false,
                                "splitAccessor": "ef2fc668-040b-4c82-9f65-5d3fb25c9536",
                                "xAccessor": "6be62612-437b-448d-9631-c6cc0938225d"
                            }
                        ],
                        "legend": {
                            "isVisible": true,
                            "position": "right"
                        },
                        "preferredSeriesType": "line"
                    }
                },
                "title": "Snapshot Number of Messages [Metricbeat GCP]",
                "visualizationType": "lnsXY"
            },
            "id": "6de1f430-019d-11eb-b032-d59f894a5072",
            "migrationVersion": {
                "lens": "7.8.0"
            },
            "namespaces": [
                "default"
            ],
            "references": [],
            "type": "lens",
            "updated_at": "2020-09-28T16:24:38.594Z",
            "version": "WzYzNzQsMV0="
        },
        {
            "attributes": {
                "description": "",
                "expression": "kibana\n| kibana_context  query=\"{\\\"query\\\":\\\"\\\",\\\"language\\\":\\\"kuery\\\"}\" filters=\"[]\"\n| lens_merge_tables layerIds=\"91e62734-6524-424c-b2b5-3974c835dd6c\" \n  tables={esaggs index=\"metricbeat-*\" metricsAtAllLevels=true partialRows=true includeFormatHints=true timeFields=\"@timestamp\" aggConfigs=\"[{\\\"id\\\":\\\"6be62612-437b-448d-9631-c6cc0938225d\\\",\\\"enabled\\\":true,\\\"type\\\":\\\"date_histogram\\\",\\\"schema\\\":\\\"segment\\\",\\\"params\\\":{\\\"field\\\":\\\"@timestamp\\\",\\\"useNormalizedEsInterval\\\":true,\\\"interval\\\":\\\"auto\\\",\\\"drop_partials\\\":false,\\\"min_doc_count\\\":0,\\\"extended_bounds\\\":{}}},{\\\"id\\\":\\\"921ee447-0c37-4e9d-9f42-a491f412baef\\\",\\\"enabled\\\":true,\\\"type\\\":\\\"terms\\\",\\\"schema\\\":\\\"segment\\\",\\\"params\\\":{\\\"field\\\":\\\"gcp.labels.resource.snapshot_id\\\",\\\"orderBy\\\":\\\"5424865c-c988-4e26-b00b-b3cf90e1e4cf\\\",\\\"order\\\":\\\"desc\\\",\\\"size\\\":3,\\\"otherBucket\\\":false,\\\"otherBucketLabel\\\":\\\"Other\\\",\\\"missingBucket\\\":false,\\\"missingBucketLabel\\\":\\\"Missing\\\"}},{\\\"id\\\":\\\"5424865c-c988-4e26-b00b-b3cf90e1e4cf\\\",\\\"enabled\\\":true,\\\"type\\\":\\\"avg\\\",\\\"schema\\\":\\\"metric\\\",\\\"params\\\":{\\\"field\\\":\\\"gcp.pubsub.snapshot.backlog_bytes.value\\\",\\\"missing\\\":0}}]\" | lens_rename_columns idMap=\"{\\\"col-0-6be62612-437b-448d-9631-c6cc0938225d\\\":{\\\"label\\\":\\\"@timestamp\\\",\\\"dataType\\\":\\\"date\\\",\\\"operationType\\\":\\\"date_histogram\\\",\\\"sourceField\\\":\\\"@timestamp\\\",\\\"isBucketed\\\":true,\\\"scale\\\":\\\"interval\\\",\\\"params\\\":{\\\"interval\\\":\\\"auto\\\"},\\\"id\\\":\\\"6be62612-437b-448d-9631-c6cc0938225d\\\"},\\\"col-2-921ee447-0c37-4e9d-9f42-a491f412baef\\\":{\\\"label\\\":\\\"Top values of gcp.labels.resource.snapshot_id\\\",\\\"dataType\\\":\\\"string\\\",\\\"operationType\\\":\\\"terms\\\",\\\"scale\\\":\\\"ordinal\\\",\\\"sourceField\\\":\\\"gcp.labels.resource.snapshot_id\\\",\\\"isBucketed\\\":true,\\\"params\\\":{\\\"size\\\":3,\\\"orderBy\\\":{\\\"type\\\":\\\"column\\\",\\\"columnId\\\":\\\"5424865c-c988-4e26-b00b-b3cf90e1e4cf\\\"},\\\"orderDirection\\\":\\\"desc\\\"},\\\"id\\\":\\\"921ee447-0c37-4e9d-9f42-a491f412baef\\\"},\\\"col-3-5424865c-c988-4e26-b00b-b3cf90e1e4cf\\\":{\\\"label\\\":\\\"Snapshot Backlog Bytes\\\",\\\"dataType\\\":\\\"number\\\",\\\"operationType\\\":\\\"avg\\\",\\\"suggestedPriority\\\":0,\\\"sourceField\\\":\\\"gcp.pubsub.snapshot.backlog_bytes.value\\\",\\\"isBucketed\\\":false,\\\"scale\\\":\\\"ratio\\\",\\\"params\\\":{\\\"format\\\":{\\\"id\\\":\\\"bytes\\\",\\\"params\\\":{\\\"decimals\\\":0}}},\\\"customLabel\\\":true,\\\"id\\\":\\\"5424865c-c988-4e26-b00b-b3cf90e1e4cf\\\"}}\" | lens_format_column format=\"bytes\" columnId=\"5424865c-c988-4e26-b00b-b3cf90e1e4cf\" decimals=0}\n| lens_xy_chart xTitle=\"@timestamp\" yTitle=\"Snapshot Backlog Bytes\" legend={lens_xy_legendConfig isVisible=true position=\"right\"} fittingFunction=\"None\" \n  layers={lens_xy_layer layerId=\"91e62734-6524-424c-b2b5-3974c835dd6c\" hide=false xAccessor=\"6be62612-437b-448d-9631-c6cc0938225d\" yScaleType=\"linear\" xScaleType=\"time\" isHistogram=true splitAccessor=\"921ee447-0c37-4e9d-9f42-a491f412baef\"  seriesType=\"line\" accessors=\"5424865c-c988-4e26-b00b-b3cf90e1e4cf\" columnToLabel=\"{\\\"5424865c-c988-4e26-b00b-b3cf90e1e4cf\\\":\\\"Snapshot Backlog Bytes\\\",\\\"921ee447-0c37-4e9d-9f42-a491f412baef\\\":\\\"Top values of gcp.labels.resource.snapshot_id\\\"}\"}",
                "state": {
                    "datasourceMetaData": {
                        "filterableIndexPatterns": [
                            {
                                "id": "metricbeat-*",
                                "title": "metricbeat-*"
                            }
                        ]
                    },
                    "datasourceStates": {
                        "indexpattern": {
                            "currentIndexPatternId": "metricbeat-*",
                            "layers": {
                                "91e62734-6524-424c-b2b5-3974c835dd6c": {
                                    "columnOrder": [
                                        "6be62612-437b-448d-9631-c6cc0938225d",
                                        "921ee447-0c37-4e9d-9f42-a491f412baef",
                                        "5424865c-c988-4e26-b00b-b3cf90e1e4cf"
                                    ],
                                    "columns": {
                                        "5424865c-c988-4e26-b00b-b3cf90e1e4cf": {
                                            "customLabel": true,
                                            "dataType": "number",
                                            "isBucketed": false,
                                            "label": "Snapshot Backlog Bytes",
                                            "operationType": "avg",
                                            "params": {
                                                "format": {
                                                    "id": "bytes",
                                                    "params": {
                                                        "decimals": 0
                                                    }
                                                }
                                            },
                                            "scale": "ratio",
                                            "sourceField": "gcp.pubsub.snapshot.backlog_bytes.value",
                                            "suggestedPriority": 0
                                        },
                                        "6be62612-437b-448d-9631-c6cc0938225d": {
                                            "dataType": "date",
                                            "isBucketed": true,
                                            "label": "@timestamp",
                                            "operationType": "date_histogram",
                                            "params": {
                                                "interval": "auto"
                                            },
                                            "scale": "interval",
                                            "sourceField": "@timestamp"
                                        },
                                        "921ee447-0c37-4e9d-9f42-a491f412baef": {
                                            "dataType": "string",
                                            "isBucketed": true,
                                            "label": "Top values of gcp.labels.resource.snapshot_id",
                                            "operationType": "terms",
                                            "params": {
                                                "orderBy": {
                                                    "columnId": "5424865c-c988-4e26-b00b-b3cf90e1e4cf",
                                                    "type": "column"
                                                },
                                                "orderDirection": "desc",
                                                "size": 3
                                            },
                                            "scale": "ordinal",
                                            "sourceField": "gcp.labels.resource.snapshot_id"
                                        }
                                    },
                                    "indexPatternId": "metricbeat-*"
                                }
                            }
                        }
                    },
                    "filters": [],
                    "query": {
                        "language": "kuery",
                        "query": ""
                    },
                    "visualization": {
                        "fittingFunction": "None",
                        "layers": [
                            {
                                "accessors": [
                                    "5424865c-c988-4e26-b00b-b3cf90e1e4cf"
                                ],
                                "layerId": "91e62734-6524-424c-b2b5-3974c835dd6c",
                                "position": "top",
                                "seriesType": "line",
                                "showGridlines": false,
                                "splitAccessor": "921ee447-0c37-4e9d-9f42-a491f412baef",
                                "xAccessor": "6be62612-437b-448d-9631-c6cc0938225d"
                            }
                        ],
                        "legend": {
                            "isVisible": true,
                            "position": "right"
                        },
                        "preferredSeriesType": "line"
                    }
                },
                "title": "Snapshot Backlog Bytes [Metricbeat GCP]",
                "visualizationType": "lnsXY"
            },
            "id": "0776dbf0-019f-11eb-b032-d59f894a5072",
            "migrationVersion": {
                "lens": "7.8.0"
            },
            "namespaces": [
                "default"
            ],
            "references": [],
            "type": "lens",
            "updated_at": "2020-09-28T16:24:38.594Z",
            "version": "WzYzNzUsMV0="
        },
        {
            "attributes": {
                "description": "",
                "expression": "kibana\n| kibana_context  query=\"{\\\"query\\\":\\\"\\\",\\\"language\\\":\\\"kuery\\\"}\" filters=\"[]\"\n| lens_merge_tables layerIds=\"91e62734-6524-424c-b2b5-3974c835dd6c\" \n  tables={esaggs index=\"metricbeat-*\" metricsAtAllLevels=true partialRows=true includeFormatHints=true timeFields=\"@timestamp\" aggConfigs=\"[{\\\"id\\\":\\\"6be62612-437b-448d-9631-c6cc0938225d\\\",\\\"enabled\\\":true,\\\"type\\\":\\\"date_histogram\\\",\\\"schema\\\":\\\"segment\\\",\\\"params\\\":{\\\"field\\\":\\\"@timestamp\\\",\\\"useNormalizedEsInterval\\\":true,\\\"interval\\\":\\\"1m\\\",\\\"drop_partials\\\":false,\\\"min_doc_count\\\":0,\\\"extended_bounds\\\":{}}},{\\\"id\\\":\\\"2251f8b6-6091-4386-890b-4d0d33e79a96\\\",\\\"enabled\\\":true,\\\"type\\\":\\\"terms\\\",\\\"schema\\\":\\\"segment\\\",\\\"params\\\":{\\\"field\\\":\\\"gcp.labels.resource.subscription_id\\\",\\\"orderBy\\\":\\\"5424865c-c988-4e26-b00b-b3cf90e1e4cf\\\",\\\"order\\\":\\\"desc\\\",\\\"size\\\":3,\\\"otherBucket\\\":false,\\\"otherBucketLabel\\\":\\\"Other\\\",\\\"missingBucket\\\":false,\\\"missingBucketLabel\\\":\\\"Missing\\\"}},{\\\"id\\\":\\\"5424865c-c988-4e26-b00b-b3cf90e1e4cf\\\",\\\"enabled\\\":true,\\\"type\\\":\\\"avg\\\",\\\"schema\\\":\\\"metric\\\",\\\"params\\\":{\\\"field\\\":\\\"gcp.pubsub.subscription.backlog_bytes.value\\\",\\\"missing\\\":0}}]\" | lens_rename_columns idMap=\"{\\\"col-0-6be62612-437b-448d-9631-c6cc0938225d\\\":{\\\"dataType\\\":\\\"date\\\",\\\"isBucketed\\\":true,\\\"label\\\":\\\"@timestamp\\\",\\\"operationType\\\":\\\"date_histogram\\\",\\\"params\\\":{\\\"interval\\\":\\\"1m\\\"},\\\"scale\\\":\\\"interval\\\",\\\"sourceField\\\":\\\"@timestamp\\\",\\\"id\\\":\\\"6be62612-437b-448d-9631-c6cc0938225d\\\"},\\\"col-2-2251f8b6-6091-4386-890b-4d0d33e79a96\\\":{\\\"dataType\\\":\\\"string\\\",\\\"isBucketed\\\":true,\\\"label\\\":\\\"Top values of gcp.labels.resource.subscription_id\\\",\\\"operationType\\\":\\\"terms\\\",\\\"params\\\":{\\\"orderBy\\\":{\\\"columnId\\\":\\\"5424865c-c988-4e26-b00b-b3cf90e1e4cf\\\",\\\"type\\\":\\\"column\\\"},\\\"orderDirection\\\":\\\"desc\\\",\\\"size\\\":3},\\\"scale\\\":\\\"ordinal\\\",\\\"sourceField\\\":\\\"gcp.labels.resource.subscription_id\\\",\\\"id\\\":\\\"2251f8b6-6091-4386-890b-4d0d33e79a96\\\"},\\\"col-3-5424865c-c988-4e26-b00b-b3cf90e1e4cf\\\":{\\\"customLabel\\\":true,\\\"dataType\\\":\\\"number\\\",\\\"isBucketed\\\":false,\\\"label\\\":\\\"Subscription Backlog Bytes\\\",\\\"operationType\\\":\\\"avg\\\",\\\"params\\\":{\\\"format\\\":{\\\"id\\\":\\\"bytes\\\",\\\"params\\\":{\\\"decimals\\\":0}}},\\\"scale\\\":\\\"ratio\\\",\\\"sourceField\\\":\\\"gcp.pubsub.subscription.backlog_bytes.value\\\",\\\"suggestedPriority\\\":0,\\\"id\\\":\\\"5424865c-c988-4e26-b00b-b3cf90e1e4cf\\\"}}\" | lens_format_column format=\"bytes\" columnId=\"5424865c-c988-4e26-b00b-b3cf90e1e4cf\" decimals=0}\n| lens_xy_chart xTitle=\"@timestamp\" yTitle=\"Subscription Backlog Bytes\" legend={lens_xy_legendConfig isVisible=true position=\"right\"} fittingFunction=\"None\" \n  layers={lens_xy_layer layerId=\"91e62734-6524-424c-b2b5-3974c835dd6c\" hide=false xAccessor=\"6be62612-437b-448d-9631-c6cc0938225d\" yScaleType=\"linear\" xScaleType=\"time\" isHistogram=true splitAccessor=\"2251f8b6-6091-4386-890b-4d0d33e79a96\"  seriesType=\"line\" accessors=\"5424865c-c988-4e26-b00b-b3cf90e1e4cf\" columnToLabel=\"{\\\"5424865c-c988-4e26-b00b-b3cf90e1e4cf\\\":\\\"Subscription Backlog Bytes\\\",\\\"2251f8b6-6091-4386-890b-4d0d33e79a96\\\":\\\"Top values of gcp.labels.resource.subscription_id\\\"}\"}",
                "state": {
                    "datasourceMetaData": {
                        "filterableIndexPatterns": [
                            {
                                "id": "metricbeat-*",
                                "title": "metricbeat-*"
                            }
                        ]
                    },
                    "datasourceStates": {
                        "indexpattern": {
                            "currentIndexPatternId": "metricbeat-*",
                            "layers": {
                                "91e62734-6524-424c-b2b5-3974c835dd6c": {
                                    "columnOrder": [
                                        "6be62612-437b-448d-9631-c6cc0938225d",
                                        "2251f8b6-6091-4386-890b-4d0d33e79a96",
                                        "5424865c-c988-4e26-b00b-b3cf90e1e4cf"
                                    ],
                                    "columns": {
                                        "2251f8b6-6091-4386-890b-4d0d33e79a96": {
                                            "dataType": "string",
                                            "isBucketed": true,
                                            "label": "Top values of gcp.labels.resource.subscription_id",
                                            "operationType": "terms",
                                            "params": {
                                                "orderBy": {
                                                    "columnId": "5424865c-c988-4e26-b00b-b3cf90e1e4cf",
                                                    "type": "column"
                                                },
                                                "orderDirection": "desc",
                                                "size": 3
                                            },
                                            "scale": "ordinal",
                                            "sourceField": "gcp.labels.resource.subscription_id"
                                        },
                                        "5424865c-c988-4e26-b00b-b3cf90e1e4cf": {
                                            "customLabel": true,
                                            "dataType": "number",
                                            "isBucketed": false,
                                            "label": "Subscription Backlog Bytes",
                                            "operationType": "avg",
                                            "params": {
                                                "format": {
                                                    "id": "bytes",
                                                    "params": {
                                                        "decimals": 0
                                                    }
                                                }
                                            },
                                            "scale": "ratio",
                                            "sourceField": "gcp.pubsub.subscription.backlog_bytes.value",
                                            "suggestedPriority": 0
                                        },
                                        "6be62612-437b-448d-9631-c6cc0938225d": {
                                            "dataType": "date",
                                            "isBucketed": true,
                                            "label": "@timestamp",
                                            "operationType": "date_histogram",
                                            "params": {
                                                "interval": "1m"
                                            },
                                            "scale": "interval",
                                            "sourceField": "@timestamp"
                                        }
                                    },
                                    "indexPatternId": "metricbeat-*"
                                }
                            }
                        }
                    },
                    "filters": [],
                    "query": {
                        "language": "kuery",
                        "query": ""
                    },
                    "visualization": {
                        "fittingFunction": "None",
                        "layers": [
                            {
                                "accessors": [
                                    "5424865c-c988-4e26-b00b-b3cf90e1e4cf"
                                ],
                                "layerId": "91e62734-6524-424c-b2b5-3974c835dd6c",
                                "position": "top",
                                "seriesType": "line",
                                "showGridlines": false,
                                "splitAccessor": "2251f8b6-6091-4386-890b-4d0d33e79a96",
                                "xAccessor": "6be62612-437b-448d-9631-c6cc0938225d"
                            }
                        ],
                        "legend": {
                            "isVisible": true,
                            "position": "right"
                        },
                        "preferredSeriesType": "line"
                    }
                },
                "title": "Subscription Backlog [Metricbeat GCP]",
                "visualizationType": "lnsXY"
            },
            "id": "79d80f10-01a0-11eb-b032-d59f894a5072",
            "migrationVersion": {
                "lens": "7.8.0"
            },
            "namespaces": [
                "default"
            ],
            "references": [],
            "type": "lens",
            "updated_at": "2020-09-28T16:56:57.481Z",
            "version": "WzY4OTYsMV0="
        }
    ],
    "version": "7.9.0"
}