{
    "objects": [
        {
            "attributes": {
                "description": "Overview of DynamoDB AWS Cloudwatch metrics",
                "hits": 0,
                "kibanaSavedObjectMeta": {
                    "searchSourceJSON": "{\"filter\": [], \"query\": {\"language\": \"kuery\", \"query\": \"\"}}"
                },
                "optionsJSON": "{\"hidePanelTitles\": false, \"useMargins\": true}",
                "panelsJSON": "[{\"embeddableConfig\": {\"title\": \"Region/Account Filters\"}, \"gridData\": {\"h\": 9, \"i\": \"9642fcd0-464b-46ea-815c-cd2d9efc056d\", \"w\": 10, \"x\": 0, \"y\": 0}, \"panelIndex\": \"9642fcd0-464b-46ea-815c-cd2d9efc056d\", \"panelRefName\": \"panel_0\", \"title\": \"Region/Account Filters\", \"version\": \"7.6.2\"}, {\"embeddableConfig\": {\"title\": \"Consumed Read Capacity Units\"}, \"gridData\": {\"h\": 9, \"i\": \"bb4b0cfa-7d6f-48e3-913e-2713c5aa3fe0\", \"w\": 14, \"x\": 10, \"y\": 0}, \"panelIndex\": \"bb4b0cfa-7d6f-48e3-913e-2713c5aa3fe0\", \"panelRefName\": \"panel_1\", \"title\": \"Consumed Read Capacity Units\", \"version\": \"7.6.2\"}, {\"embeddableConfig\": {\"title\": \"Consumed Write Capacity Units\"}, \"gridData\": {\"h\": 9, \"i\": \"09bdf20b-43b4-47a3-a113-d34ef3b2596c\", \"w\": 14, \"x\": 24, \"y\": 0}, \"panelIndex\": \"09bdf20b-43b4-47a3-a113-d34ef3b2596c\", \"panelRefName\": \"panel_2\", \"title\": \"Consumed Write Capacity Units\", \"version\": \"7.6.2\"}, {\"embeddableConfig\": {\"title\": \"Max Read/Write Account Limits\"}, \"gridData\": {\"h\": 9, \"i\": \"1bd7141d-b410-4ca0-8550-f8f645d97983\", \"w\": 10, \"x\": 38, \"y\": 0}, \"panelIndex\": \"1bd7141d-b410-4ca0-8550-f8f645d97983\", \"panelRefName\": \"panel_3\", \"title\": \"Max Read/Write Account Limits\", \"version\": \"7.6.2\"}, {\"embeddableConfig\": {\"title\": \"Successful Request Latency\"}, \"gridData\": {\"h\": 10, \"i\": \"073302ad-0e44-4cd1-b16d-58f017a71816\", \"w\": 17, \"x\": 0, \"y\": 9}, \"panelIndex\": \"073302ad-0e44-4cd1-b16d-58f017a71816\", \"panelRefName\": \"panel_4\", \"title\": \"Successful Request Latency\", \"version\": \"7.6.2\"}, {\"embeddableConfig\": {\"title\": \"Read Throttle Events\"}, \"gridData\": {\"h\": 10, \"i\": \"ddcbc858-d2a0-42c3-8074-74f7d08ecb60\", \"w\": 16, \"x\": 17, \"y\": 9}, \"panelIndex\": \"ddcbc858-d2a0-42c3-8074-74f7d08ecb60\", \"panelRefName\": \"panel_5\", \"title\": \"Read Throttle Events\", \"version\": \"7.6.2\"}, {\"embeddableConfig\": {\"title\": \"Throttle Requests\"}, \"gridData\": {\"h\": 10, \"i\": \"95ffd42d-b28d-4f40-b3cb-6a6ac52943e1\", \"w\": 15, \"x\": 33, \"y\": 9}, \"panelIndex\": \"95ffd42d-b28d-4f40-b3cb-6a6ac52943e1\", \"panelRefName\": \"panel_6\", \"title\": \"Throttle Requests\", \"version\": \"7.6.2\"}, {\"embeddableConfig\": {\"title\": \"Max Request Latency Per Operation\"}, \"gridData\": {\"h\": 11, \"i\": \"0a588a08-997a-422f-a5db-e56728bc6702\", \"w\": 17, \"x\": 0, \"y\": 19}, \"panelIndex\": \"0a588a08-997a-422f-a5db-e56728bc6702\", \"panelRefName\": \"panel_7\", \"title\": \"Max Request Latency Per Operation\", \"version\": \"7.6.2\"}, {\"embeddableConfig\": {\"title\": \"Write Throttle Events\"}, \"gridData\": {\"h\": 11, \"i\": \"897ae224-d367-4fe0-aa23-5bb13165cc67\", \"w\": 16, \"x\": 17, \"y\": 19}, \"panelIndex\": \"897ae224-d367-4fe0-aa23-5bb13165cc67\", \"panelRefName\": \"panel_8\", \"title\": \"Write Throttle Events\", \"version\": \"7.6.2\"}, {\"embeddableConfig\": {\"title\": \"Account Provisioned Write Capacity Utilization\"}, \"gridData\": {\"h\": 11, \"i\": \"e81e9817-c971-454b-881a-09cec10da0e9\", \"w\": 15, \"x\": 33, \"y\": 19}, \"panelIndex\": \"e81e9817-c971-454b-881a-09cec10da0e9\", \"panelRefName\": \"panel_9\", \"title\": \"Account Provisioned Write Capacity Utilization\", \"version\": \"7.6.2\"}]",
                "timeRestore": false,
                "title": "[Metricbeat AWS] DynamoDB Overview",
                "version": 1
            },
            "id": "68ba7bd0-20b6-11ea-8f72-2f8d21e50b0c",
            "migrationVersion": {
                "dashboard": "7.3.0"
            },
            "references": [
                {
                    "id": "bc8bd8f0-31fd-11ea-bcbf-59cb7eefc1f0",
                    "name": "panel_0",
                    "type": "visualization"
                },
                {
                    "id": "9d284bc0-7b08-11ea-9bb4-e958b64b5685",
                    "name": "panel_1",
                    "type": "visualization"
                },
                {
                    "id": "49379b70-7b07-11ea-9bb4-e958b64b5685",
                    "name": "panel_2",
                    "type": "visualization"
                },
                {
                    "id": "7d1e0870-7a3f-11ea-bfa4-dfea8c457654",
                    "name": "panel_3",
                    "type": "visualization"
                },
                {
                    "id": "8cf5fbe0-7b07-11ea-9bb4-e958b64b5685",
                    "name": "panel_4",
                    "type": "visualization"
                },
                {
                    "id": "7b93bab0-7b0a-11ea-9bb4-e958b64b5685",
                    "name": "panel_5",
                    "type": "visualization"
                },
                {
                    "id": "9f0425c0-7b0a-11ea-9bb4-e958b64b5685",
                    "name": "panel_6",
                    "type": "visualization"
                },
                {
                    "id": "3dee68c0-7b0c-11ea-9bb4-e958b64b5685",
                    "name": "panel_7",
                    "type": "visualization"
                },
                {
                    "id": "b403f7b0-7b15-11ea-9bb4-e958b64b5685",
                    "name": "panel_8",
                    "type": "visualization"
                },
                {
                    "id": "31ad4090-2003-11ea-8f72-2f8d21e50b0c",
                    "name": "panel_9",
                    "type": "visualization"
                }
            ],
            "type": "dashboard",
            "updated_at": "2020-04-10T10:32:31.580Z",
            "version": "WzUwNTYsNV0="
        },
        {
            "attributes": {
                "description": "",
                "kibanaSavedObjectMeta": {
                    "searchSourceJSON": "{\"filter\": [], \"query\": {\"language\": \"kuery\", \"query\": \"\"}}"
                },
                "title": "Region/Account Filters [Metricbeat AWS]",
                "uiStateJSON": "{}",
                "version": 1,
                "visState": "{\"aggs\": [], \"params\": {\"controls\": [{\"fieldName\": \"cloud.region\", \"id\": \"1549397251041\", \"indexPatternRefName\": \"control_0_index_pattern\", \"label\": \"region\", \"options\": {\"dynamicOptions\": true, \"multiselect\": true, \"order\": \"desc\", \"size\": 5, \"type\": \"terms\"}, \"parent\": \"\", \"type\": \"list\"}, {\"fieldName\": \"cloud.account.name\", \"id\": \"1549512126406\", \"indexPatternRefName\": \"control_1_index_pattern\", \"label\": \"account name\", \"options\": {\"dynamicOptions\": true, \"multiselect\": true, \"order\": \"desc\", \"size\": 5, \"type\": \"terms\"}, \"parent\": \"\", \"type\": \"list\"}], \"pinFilters\": false, \"updateFiltersOnChange\": true, \"useTimeFilter\": false}, \"title\": \"Region/Account Filters [Metricbeat AWS]\", \"type\": \"input_control_vis\"}"
            },
            "id": "bc8bd8f0-31fd-11ea-bcbf-59cb7eefc1f0",
            "migrationVersion": {
                "visualization": "7.4.2"
            },
            "references": [
                {
                    "id": "metricbeat-*",
                    "name": "control_0_index_pattern",
                    "type": "index-pattern"
                },
                {
                    "id": "metricbeat-*",
                    "name": "control_1_index_pattern",
                    "type": "index-pattern"
                }
            ],
            "type": "visualization",
            "updated_at": "2020-04-10T10:11:30.282Z",
            "version": "WzQ3ODcsNV0="
        },
        {
            "attributes": {
                "description": "",
                "kibanaSavedObjectMeta": {
                    "searchSourceJSON": "{}"
                },
                "title": "DynamoDB Consumed Read Capacity Units [Metricbeat AWS]",
                "uiStateJSON": "{}",
                "version": 1,
                "visState": "{\"aggs\": [], \"params\": {\"axis_formatter\": \"number\", \"axis_position\": \"left\", \"axis_scale\": \"normal\", \"background_color_rules\": [{\"id\": \"43e58670-7b05-11ea-8ef8-01625a2f68ac\"}], \"bar_color_rules\": [{\"id\": \"3c733ea0-7b05-11ea-8ef8-01625a2f68ac\"}], \"default_index_pattern\": \"metricbeat-*\", \"default_timefield\": \"@timestamp\", \"drop_last_bucket\": 1, \"gauge_color_rules\": [{\"id\": \"499c62a0-7b05-11ea-8ef8-01625a2f68ac\"}], \"gauge_inner_width\": 10, \"gauge_style\": \"half\", \"gauge_width\": 10, \"id\": \"61ca57f0-469d-11e7-af02-69e470af7417\", \"index_pattern\": \"metricbeat-*\", \"interval\": \">=1m\", \"isModelInvalid\": false, \"series\": [{\"axis_position\": \"right\", \"chart_type\": \"line\", \"color\": \"#68BC00\", \"fill\": \"0.1\", \"filter\": {\"language\": \"kuery\", \"query\": \"\"}, \"formatter\": \"number\", \"id\": \"61ca57f1-469d-11e7-af02-69e470af7417\", \"label\": \"Consumed Read Capacity Units\", \"line_width\": 1, \"metrics\": [{\"field\": \"aws.dynamodb.metrics.ConsumedReadCapacityUnits.avg\", \"id\": \"61ca57f2-469d-11e7-af02-69e470af7417\", \"type\": \"avg\"}], \"offset_time\": \"\", \"point_size\": 1, \"separate_axis\": 0, \"split_color_mode\": \"gradient\", \"split_mode\": \"terms\", \"stacked\": \"none\", \"steps\": 0, \"terms_field\": \"aws.dimensions.TableName\", \"type\": \"timeseries\"}], \"show_grid\": 1, \"show_legend\": 1, \"time_field\": \"\", \"type\": \"timeseries\"}, \"title\": \"DynamoDB Consumed Read Capacity Units [Metricbeat AWS]\", \"type\": \"metrics\"}"
            },
            "id": "9d284bc0-7b08-11ea-9bb4-e958b64b5685",
            "migrationVersion": {
                "visualization": "7.4.2"
            },
            "references": [],
            "type": "visualization",
            "updated_at": "2020-04-10T10:11:30.282Z",
            "version": "WzQ3ODgsNV0="
        },
        {
            "attributes": {
                "description": "",
                "kibanaSavedObjectMeta": {
                    "searchSourceJSON": "{}"
                },
                "title": "DynamoDB Consumed Write Capacity Units [Metricbeat AWS]",
                "uiStateJSON": "{}",
                "version": 1,
                "visState": "{\"aggs\": [], \"params\": {\"axis_formatter\": \"number\", \"axis_position\": \"left\", \"axis_scale\": \"normal\", \"background_color_rules\": [{\"id\": \"43e58670-7b05-11ea-8ef8-01625a2f68ac\"}], \"bar_color_rules\": [{\"id\": \"3c733ea0-7b05-11ea-8ef8-01625a2f68ac\"}], \"default_index_pattern\": \"metricbeat-*\", \"default_timefield\": \"@timestamp\", \"drop_last_bucket\": 1, \"gauge_color_rules\": [{\"id\": \"499c62a0-7b05-11ea-8ef8-01625a2f68ac\"}], \"gauge_inner_width\": 10, \"gauge_style\": \"half\", \"gauge_width\": 10, \"id\": \"61ca57f0-469d-11e7-af02-69e470af7417\", \"index_pattern\": \"metricbeat-*\", \"interval\": \">=1m\", \"isModelInvalid\": false, \"series\": [{\"axis_position\": \"right\", \"chart_type\": \"line\", \"color\": \"#68BC00\", \"fill\": \"0.1\", \"filter\": {\"language\": \"kuery\", \"query\": \"\"}, \"formatter\": \"number\", \"id\": \"61ca57f1-469d-11e7-af02-69e470af7417\", \"label\": \"Consumed Write Capacity Units\", \"line_width\": 1, \"metrics\": [{\"field\": \"aws.dynamodb.metrics.ConsumedWriteCapacityUnits.avg\", \"id\": \"61ca57f2-469d-11e7-af02-69e470af7417\", \"type\": \"avg\"}], \"offset_time\": \"\", \"point_size\": 1, \"separate_axis\": 0, \"split_color_mode\": \"gradient\", \"split_mode\": \"terms\", \"stacked\": \"none\", \"steps\": 0, \"terms_field\": \"aws.dimensions.TableName\", \"type\": \"timeseries\"}], \"show_grid\": 1, \"show_legend\": 1, \"time_field\": \"\", \"type\": \"timeseries\"}, \"title\": \"DynamoDB Consumed Write Capacity Units [Metricbeat AWS]\", \"type\": \"metrics\"}"
            },
            "id": "49379b70-7b07-11ea-9bb4-e958b64b5685",
            "migrationVersion": {
                "visualization": "7.4.2"
            },
            "references": [],
            "type": "visualization",
            "updated_at": "2020-04-10T10:11:30.282Z",
            "version": "WzQ3ODksNV0="
        },
        {
            "attributes": {
                "description": "",
                "kibanaSavedObjectMeta": {
                    "searchSourceJSON": "{\"indexRefName\": \"kibanaSavedObjectMeta.searchSourceJSON.index\"}"
                },
                "title": "DynamoDB Max Read/Write Account Limits [Metricbeat AWS]",
                "uiStateJSON": "{}",
                "version": 1,
                "visState": "{\"aggs\": [{\"enabled\": true, \"id\": \"1\", \"params\": {\"customLabel\": \"Reads\", \"field\": \"aws.dynamodb.metrics.AccountMaxReads.max\"}, \"schema\": \"metric\", \"type\": \"max\"}, {\"enabled\": true, \"id\": \"2\", \"params\": {\"customLabel\": \"Table Reads\", \"field\": \"aws.dynamodb.metrics.AccountMaxTableLevelReads.max\"}, \"schema\": \"metric\", \"type\": \"max\"}, {\"enabled\": true, \"id\": \"3\", \"params\": {\"customLabel\": \"Writes\", \"field\": \"aws.dynamodb.metrics.AccountMaxWrites.max\"}, \"schema\": \"metric\", \"type\": \"max\"}, {\"enabled\": true, \"id\": \"4\", \"params\": {\"customLabel\": \"Table Writes\", \"field\": \"aws.dynamodb.metrics.AccountMaxTableLevelWrites.max\"}, \"schema\": \"metric\", \"type\": \"max\"}], \"params\": {\"addLegend\": true, \"addTimeMarker\": false, \"addTooltip\": true, \"categoryAxes\": [{\"id\": \"CategoryAxis-1\", \"labels\": {\"filter\": true, \"show\": true, \"truncate\": 100}, \"position\": \"bottom\", \"scale\": {\"type\": \"linear\"}, \"show\": true, \"style\": {}, \"title\": {}, \"type\": \"category\"}], \"dimensions\": {\"x\": null, \"y\": [{\"accessor\": 0, \"aggType\": \"max\", \"format\": {\"id\": \"number\", \"params\": {\"parsedUrl\": {\"basePath\": \"\", \"origin\": \"http://localhost:5601\", \"pathname\": \"/app/kibana\"}}}, \"label\": \"Reads\", \"params\": {}}, {\"accessor\": 1, \"aggType\": \"max\", \"format\": {\"id\": \"number\", \"params\": {\"parsedUrl\": {\"basePath\": \"\", \"origin\": \"http://localhost:5601\", \"pathname\": \"/app/kibana\"}}}, \"label\": \"Table Reads\", \"params\": {}}, {\"accessor\": 2, \"aggType\": \"max\", \"format\": {\"id\": \"number\", \"params\": {\"parsedUrl\": {\"basePath\": \"\", \"origin\": \"http://localhost:5601\", \"pathname\": \"/app/kibana\"}}}, \"label\": \"Writes\", \"params\": {}}]}, \"grid\": {\"categoryLines\": false}, \"labels\": {\"show\": false}, \"legendPosition\": \"right\", \"seriesParams\": [{\"data\": {\"id\": \"1\", \"label\": \"Reads\"}, \"drawLinesBetweenPoints\": true, \"lineWidth\": 2, \"mode\": \"normal\", \"show\": true, \"showCircles\": true, \"type\": \"histogram\", \"valueAxis\": \"ValueAxis-1\"}, {\"data\": {\"id\": \"2\", \"label\": \"Table Reads\"}, \"drawLinesBetweenPoints\": true, \"lineWidth\": 2, \"mode\": \"normal\", \"show\": true, \"showCircles\": true, \"type\": \"histogram\", \"valueAxis\": \"ValueAxis-1\"}, {\"data\": {\"id\": \"3\", \"label\": \"Writes\"}, \"drawLinesBetweenPoints\": true, \"lineWidth\": 2, \"mode\": \"normal\", \"show\": true, \"showCircles\": true, \"type\": \"histogram\", \"valueAxis\": \"ValueAxis-1\"}, {\"data\": {\"id\": \"4\", \"label\": \"Table Writes\"}, \"drawLinesBetweenPoints\": true, \"lineWidth\": 2, \"mode\": \"normal\", \"show\": true, \"showCircles\": true, \"type\": \"histogram\", \"valueAxis\": \"ValueAxis-1\"}], \"thresholdLine\": {\"color\": \"#E7664C\", \"show\": false, \"style\": \"full\", \"value\": 10, \"width\": 1}, \"times\": [], \"type\": \"histogram\", \"valueAxes\": [{\"id\": \"ValueAxis-1\", \"labels\": {\"filter\": false, \"rotate\": 0, \"show\": true, \"truncate\": 100}, \"name\": \"LeftAxis-1\", \"position\": \"left\", \"scale\": {\"mode\": \"normal\", \"type\": \"linear\"}, \"show\": true, \"style\": {}, \"title\": {\"text\": \"Account Max Reads\"}, \"type\": \"value\"}]}, \"title\": \"DynamoDB Max Read/Write Account Limits [Metricbeat AWS]\", \"type\": \"histogram\"}"
            },
            "id": "7d1e0870-7a3f-11ea-bfa4-dfea8c457654",
            "migrationVersion": {
                "visualization": "7.4.2"
            },
            "references": [
                {
                    "id": "metricbeat-*",
                    "name": "kibanaSavedObjectMeta.searchSourceJSON.index",
                    "type": "index-pattern"
                }
            ],
            "type": "visualization",
            "updated_at": "2020-04-10T10:11:30.282Z",
            "version": "WzQ3OTAsNV0="
        },
        {
            "attributes": {
                "description": "",
                "kibanaSavedObjectMeta": {
                    "searchSourceJSON": "{}"
                },
                "title": "DynamoDB Successful Request Latency [Metricbeat AWS]",
                "uiStateJSON": "{}",
                "version": 1,
                "visState": "{\"aggs\": [], \"params\": {\"axis_formatter\": \"number\", \"axis_position\": \"left\", \"axis_scale\": \"normal\", \"background_color_rules\": [{\"id\": \"43e58670-7b05-11ea-8ef8-01625a2f68ac\"}], \"bar_color_rules\": [{\"id\": \"3c733ea0-7b05-11ea-8ef8-01625a2f68ac\"}], \"default_index_pattern\": \"metricbeat-*\", \"default_timefield\": \"@timestamp\", \"drop_last_bucket\": 1, \"gauge_color_rules\": [{\"id\": \"499c62a0-7b05-11ea-8ef8-01625a2f68ac\"}], \"gauge_inner_width\": 10, \"gauge_style\": \"half\", \"gauge_width\": 10, \"id\": \"61ca57f0-469d-11e7-af02-69e470af7417\", \"index_pattern\": \"metricbeat-*\", \"interval\": \">=1m\", \"isModelInvalid\": false, \"series\": [{\"axis_position\": \"right\", \"chart_type\": \"line\", \"color\": \"#68BC00\", \"fill\": \"0.1\", \"filter\": {\"language\": \"kuery\", \"query\": \"\"}, \"formatter\": \"number\", \"id\": \"61ca57f1-469d-11e7-af02-69e470af7417\", \"label\": \"Successful Request Latency\", \"line_width\": 1, \"metrics\": [{\"field\": \"aws.dynamodb.metrics.SuccessfulRequestLatency.avg\", \"id\": \"61ca57f2-469d-11e7-af02-69e470af7417\", \"type\": \"avg\"}], \"offset_time\": \"\", \"point_size\": 1, \"separate_axis\": 0, \"split_color_mode\": \"gradient\", \"split_mode\": \"terms\", \"stacked\": \"none\", \"steps\": 0, \"terms_field\": \"aws.dimensions.TableName\", \"type\": \"timeseries\"}], \"show_grid\": 1, \"show_legend\": 1, \"time_field\": \"\", \"type\": \"timeseries\"}, \"title\": \"DynamoDB Successful Request Latency [Metricbeat AWS]\", \"type\": \"metrics\"}"
            },
            "id": "8cf5fbe0-7b07-11ea-9bb4-e958b64b5685",
            "migrationVersion": {
                "visualization": "7.4.2"
            },
            "references": [],
            "type": "visualization",
            "updated_at": "2020-04-10T10:11:30.282Z",
            "version": "WzQ3OTEsNV0="
        },
        {
            "attributes": {
                "description": "",
                "kibanaSavedObjectMeta": {
                    "searchSourceJSON": "{}"
                },
                "title": "DynamoDB Read Throttle Events [Metricbeat AWS]",
                "uiStateJSON": "{}",
                "version": 1,
                "visState": "{\"aggs\": [], \"params\": {\"axis_formatter\": \"number\", \"axis_position\": \"left\", \"axis_scale\": \"normal\", \"default_index_pattern\": \"metricbeat-*\", \"default_timefield\": \"@timestamp\", \"id\": \"61ca57f0-469d-11e7-af02-69e470af7417\", \"index_pattern\": \"metricbeat-*\", \"interval\": \">=1m\", \"isModelInvalid\": false, \"series\": [{\"axis_position\": \"right\", \"chart_type\": \"line\", \"color\": \"#68BC00\", \"fill\": \"0.1\", \"formatter\": \"number\", \"id\": \"61ca57f1-469d-11e7-af02-69e470af7417\", \"label\": \"Read Throttle Events\", \"line_width\": 1, \"metrics\": [{\"field\": \"aws.dynamodb.metrics.ReadThrottleEvents.sum\", \"id\": \"61ca57f2-469d-11e7-af02-69e470af7417\", \"type\": \"max\"}], \"point_size\": 1, \"separate_axis\": 0, \"split_mode\": \"terms\", \"stacked\": \"none\", \"terms_field\": \"aws.dimensions.TableName\", \"type\": \"timeseries\"}], \"show_grid\": 1, \"show_legend\": 1, \"time_field\": \"\", \"type\": \"timeseries\"}, \"title\": \"DynamoDB Read Throttle Events [Metricbeat AWS]\", \"type\": \"metrics\"}"
            },
            "id": "7b93bab0-7b0a-11ea-9bb4-e958b64b5685",
            "migrationVersion": {
                "visualization": "7.4.2"
            },
            "references": [],
            "type": "visualization",
            "updated_at": "2020-04-10T10:11:30.282Z",
            "version": "WzQ3OTMsNV0="
        },
        {
            "attributes": {
                "description": "",
                "kibanaSavedObjectMeta": {
                    "searchSourceJSON": "{}"
                },
                "title": "DynamoDB Throttle Requests [Metricbeat AWS]",
                "uiStateJSON": "{}",
                "version": 1,
                "visState": "{\"aggs\": [], \"params\": {\"axis_formatter\": \"number\", \"axis_position\": \"left\", \"axis_scale\": \"normal\", \"default_index_pattern\": \"metricbeat-*\", \"default_timefield\": \"@timestamp\", \"id\": \"61ca57f0-469d-11e7-af02-69e470af7417\", \"index_pattern\": \"metricbeat-*\", \"interval\": \">=1m\", \"isModelInvalid\": false, \"series\": [{\"axis_position\": \"right\", \"chart_type\": \"line\", \"color\": \"#68BC00\", \"fill\": \"0.1\", \"formatter\": \"number\", \"id\": \"61ca57f1-469d-11e7-af02-69e470af7417\", \"label\": \"Throttled Requests\", \"line_width\": 1, \"metrics\": [{\"field\": \"aws.dynamodb.metrics.ThrottledRequests.sum\", \"id\": \"61ca57f2-469d-11e7-af02-69e470af7417\", \"type\": \"max\"}], \"point_size\": 1, \"separate_axis\": 0, \"split_mode\": \"terms\", \"stacked\": \"none\", \"terms_field\": \"aws.dimensions.TableName\", \"type\": \"timeseries\"}], \"show_grid\": 1, \"show_legend\": 1, \"time_field\": \"\", \"type\": \"timeseries\"}, \"title\": \"DynamoDB Throttle Requests [Metricbeat AWS]\", \"type\": \"metrics\"}"
            },
            "id": "9f0425c0-7b0a-11ea-9bb4-e958b64b5685",
            "migrationVersion": {
                "visualization": "7.4.2"
            },
            "references": [],
            "type": "visualization",
            "updated_at": "2020-04-10T10:11:30.282Z",
            "version": "WzQ3OTQsNV0="
        },
        {
            "attributes": {
                "description": "",
                "kibanaSavedObjectMeta": {
                    "searchSourceJSON": "{}"
                },
                "title": "DynamoDB Max Request Latency Per Operation [Metricbeat AWS]",
                "uiStateJSON": "{}",
                "version": 1,
                "visState": "{\"aggs\": [], \"params\": {\"axis_formatter\": \"number\", \"axis_position\": \"left\", \"axis_scale\": \"normal\", \"default_index_pattern\": \"metricbeat-*\", \"default_timefield\": \"@timestamp\", \"id\": \"61ca57f0-469d-11e7-af02-69e470af7417\", \"index_pattern\": \"metricbeat-*\", \"interval\": \">=1m\", \"isModelInvalid\": false, \"series\": [{\"axis_position\": \"right\", \"chart_type\": \"line\", \"color\": \"#68BC00\", \"fill\": \"0.1\", \"formatter\": \"number\", \"id\": \"61ca57f1-469d-11e7-af02-69e470af7417\", \"label\": \"Max Request Latency Per Operation\", \"line_width\": 1, \"metrics\": [{\"field\": \"aws.dynamodb.metrics.SuccessfulRequestLatency.max\", \"id\": \"61ca57f2-469d-11e7-af02-69e470af7417\", \"type\": \"max\"}], \"point_size\": 1, \"separate_axis\": 0, \"split_mode\": \"terms\", \"stacked\": \"none\", \"terms_field\": \"aws.dimensions.Operation\", \"type\": \"timeseries\"}], \"show_grid\": 1, \"show_legend\": 1, \"time_field\": \"\", \"type\": \"timeseries\"}, \"title\": \"DynamoDB Max Request Latency Per Operation [Metricbeat AWS]\", \"type\": \"metrics\"}"
            },
            "id": "3dee68c0-7b0c-11ea-9bb4-e958b64b5685",
            "migrationVersion": {
                "visualization": "7.4.2"
            },
            "references": [],
            "type": "visualization",
            "updated_at": "2020-04-10T10:11:30.282Z",
            "version": "WzQ3OTUsNV0="
        },
        {
            "attributes": {
                "description": "",
                "kibanaSavedObjectMeta": {
                    "searchSourceJSON": "{}"
                },
                "title": "DynamoDB Write Throttle Events [Metricbeat AWS]",
                "uiStateJSON": "{}",
                "version": 1,
                "visState": "{\"aggs\": [], \"params\": {\"axis_formatter\": \"number\", \"axis_position\": \"left\", \"axis_scale\": \"normal\", \"default_index_pattern\": \"metricbeat-*\", \"default_timefield\": \"@timestamp\", \"id\": \"61ca57f0-469d-11e7-af02-69e470af7417\", \"index_pattern\": \"metricbeat-*\", \"interval\": \">=1m\", \"isModelInvalid\": false, \"series\": [{\"axis_position\": \"right\", \"chart_type\": \"line\", \"color\": \"#68BC00\", \"fill\": \"0.1\", \"formatter\": \"number\", \"id\": \"61ca57f1-469d-11e7-af02-69e470af7417\", \"label\": \"Write Throttle Events\", \"line_width\": 1, \"metrics\": [{\"field\": \"aws.dynamodb.metrics.WriteThrottleEvents.sum\", \"id\": \"61ca57f2-469d-11e7-af02-69e470af7417\", \"type\": \"max\"}], \"point_size\": 1, \"separate_axis\": 0, \"split_mode\": \"terms\", \"stacked\": \"none\", \"terms_field\": \"aws.dimensions.TableName\", \"type\": \"timeseries\"}], \"show_grid\": 1, \"show_legend\": 1, \"time_field\": \"\", \"type\": \"timeseries\"}, \"title\": \"DynamoDB Write Throttle Events [Metricbeat AWS]\", \"type\": \"metrics\"}"
            },
            "id": "b403f7b0-7b15-11ea-9bb4-e958b64b5685",
            "migrationVersion": {
                "visualization": "7.4.2"
            },
            "references": [],
            "type": "visualization",
            "updated_at": "2020-04-10T10:26:13.291Z",
            "version": "WzUwNTAsNV0="
        },
        {
            "attributes": {
                "description": "",
                "kibanaSavedObjectMeta": {
                    "searchSourceJSON": "{\"filter\": [], \"indexRefName\": \"kibanaSavedObjectMeta.searchSourceJSON.index\", \"query\": {\"language\": \"kuery\", \"query\": \"\"}}"
                },
                "title": "DynamoDB Account Provisioned Capacity Utilization [Metricbeat AWS]",
                "uiStateJSON": "{}",
                "version": 1,
                "visState": "{\"aggs\": [{\"enabled\": true, \"id\": \"1\", \"params\": {\"customLabel\": \"Write Utilization\", \"field\": \"aws.dynamodb.metrics.AccountProvisionedWriteCapacityUtilization.avg\"}, \"schema\": \"metric\", \"type\": \"max\"}, {\"enabled\": true, \"id\": \"2\", \"params\": {\"drop_partials\": false, \"extended_bounds\": {}, \"field\": \"@timestamp\", \"interval\": \"auto\", \"min_doc_count\": 1, \"scaleMetricValues\": false, \"timeRange\": {\"from\": \"now-15m\", \"to\": \"now\"}, \"useNormalizedEsInterval\": true}, \"schema\": \"segment\", \"type\": \"date_histogram\"}, {\"enabled\": true, \"id\": \"3\", \"params\": {\"customLabel\": \"Read Utilization\", \"field\": \"aws.dynamodb.metrics.AccountProvisionedReadCapacityUtilization.avg\"}, \"schema\": \"metric\", \"type\": \"max\"}], \"params\": {\"addLegend\": true, \"addTimeMarker\": false, \"addTooltip\": true, \"categoryAxes\": [{\"id\": \"CategoryAxis-1\", \"labels\": {\"filter\": true, \"show\": true, \"truncate\": 100}, \"position\": \"bottom\", \"scale\": {\"type\": \"linear\"}, \"show\": true, \"style\": {}, \"title\": {}, \"type\": \"category\"}], \"dimensions\": {\"x\": {\"accessor\": 0, \"aggType\": \"date_histogram\", \"format\": {\"id\": \"date\", \"params\": {\"pattern\": \"HH:mm:ss\"}}, \"label\": \"@timestamp per 30 seconds\", \"params\": {\"bounds\": {\"max\": \"2020-04-10T10:29:58.462Z\", \"min\": \"2020-04-10T10:14:58.462Z\"}, \"date\": true, \"format\": \"HH:mm:ss\", \"interval\": \"PT30S\", \"intervalESUnit\": \"s\", \"intervalESValue\": 30}}, \"y\": [{\"accessor\": 1, \"aggType\": \"max\", \"format\": {\"id\": \"number\", \"params\": {\"parsedUrl\": {\"basePath\": \"\", \"origin\": \"http://localhost:5601\", \"pathname\": \"/app/kibana\"}}}, \"label\": \"Write Utilization\", \"params\": {}}, {\"accessor\": 2, \"aggType\": \"max\", \"format\": {\"id\": \"number\", \"params\": {\"parsedUrl\": {\"basePath\": \"\", \"origin\": \"http://localhost:5601\", \"pathname\": \"/app/kibana\"}}}, \"label\": \"Read Utilization\", \"params\": {}}]}, \"grid\": {\"categoryLines\": false}, \"labels\": {}, \"legendPosition\": \"right\", \"seriesParams\": [{\"data\": {\"id\": \"1\", \"label\": \"Write Utilization\"}, \"drawLinesBetweenPoints\": true, \"mode\": \"normal\", \"show\": \"true\", \"showCircles\": true, \"type\": \"line\", \"valueAxis\": \"ValueAxis-1\"}, {\"data\": {\"id\": \"3\", \"label\": \"Read Utilization\"}, \"drawLinesBetweenPoints\": true, \"mode\": \"normal\", \"show\": \"true\", \"showCircles\": true, \"type\": \"line\", \"valueAxis\": \"ValueAxis-1\"}], \"thresholdLine\": {\"color\": \"#34130C\", \"show\": false, \"style\": \"full\", \"value\": 10, \"width\": 1}, \"times\": [], \"type\": \"line\", \"valueAxes\": [{\"id\": \"ValueAxis-1\", \"labels\": {\"filter\": false, \"rotate\": 0, \"show\": true, \"truncate\": 100}, \"name\": \"LeftAxis-1\", \"position\": \"left\", \"scale\": {\"mode\": \"normal\", \"type\": \"linear\"}, \"show\": true, \"style\": {}, \"title\": {\"text\": \"Write Utilization\"}, \"type\": \"value\"}]}, \"title\": \"DynamoDB Account Provisioned Capacity Utilization [Metricbeat AWS]\", \"type\": \"line\"}"
            },
            "id": "31ad4090-2003-11ea-8f72-2f8d21e50b0c",
            "migrationVersion": {
                "visualization": "7.4.2"
            },
            "references": [
                {
                    "id": "metricbeat-*",
                    "name": "kibanaSavedObjectMeta.searchSourceJSON.index",
                    "type": "index-pattern"
                }
            ],
            "type": "visualization",
            "updated_at": "2020-04-10T10:30:33.840Z",
            "version": "WzUwNTQsNV0="
        }
    ],
    "version": "7.6.2"
}