{
    "objects": [
        {
            "attributes": {
                "description": "This dashboard shows metrics for the container instances in Azure.",
                "hits": 0,
                "kibanaSavedObjectMeta": {
                    "searchSourceJSON": "{\"filter\": [], \"query\": {\"language\": \"kuery\", \"query\": \"\"}}"
                },
                "optionsJSON": "{\"hidePanelTitles\": false, \"useMargins\": true}",
                "panelsJSON": "[{\"embeddableConfig\": {\"title\": \"\"}, \"gridData\": {\"h\": 5, \"i\": \"c3f93abd-4a7c-43fa-bde7-d26925082d2f\", \"w\": 11, \"x\": 0, \"y\": 0}, \"panelIndex\": \"c3f93abd-4a7c-43fa-bde7-d26925082d2f\", \"panelRefName\": \"panel_0\", \"version\": \"7.6.0\"}, {\"embeddableConfig\": {\"title\": \"Container Instance CPU Utilization\"}, \"gridData\": {\"h\": 16, \"i\": \"ea4c505b-43fb-4869-a94a-bba028071ecc\", \"w\": 17, \"x\": 11, \"y\": 0}, \"panelIndex\": \"ea4c505b-43fb-4869-a94a-bba028071ecc\", \"panelRefName\": \"panel_1\", \"title\": \"Container Instance CPU Utilization\", \"version\": \"7.6.0\"}, {\"embeddableConfig\": {\"title\": \"Container Instance Memory Utilization\"}, \"gridData\": {\"h\": 16, \"i\": \"0899027b-629e-4889-821f-45ee0161bd91\", \"w\": 20, \"x\": 28, \"y\": 0}, \"panelIndex\": \"0899027b-629e-4889-821f-45ee0161bd91\", \"panelRefName\": \"panel_2\", \"title\": \"Container Instance Memory Utilization\", \"version\": \"7.6.0\"}, {\"embeddableConfig\": {\"title\": \"Containers Filters\"}, \"gridData\": {\"h\": 11, \"i\": \"f72bd066-3696-4e0a-9660-78fb47c92152\", \"w\": 11, \"x\": 0, \"y\": 5}, \"panelIndex\": \"f72bd066-3696-4e0a-9660-78fb47c92152\", \"panelRefName\": \"panel_3\", \"title\": \"Containers Filters\", \"version\": \"7.6.0\"}, {\"embeddableConfig\": {\"title\": \"Container Instance Netowrk Bytes Received/s\"}, \"gridData\": {\"h\": 15, \"i\": \"7c9016b9-a76e-41f6-9945-ac6880fd9ab0\", \"w\": 24, \"x\": 0, \"y\": 16}, \"panelIndex\": \"7c9016b9-a76e-41f6-9945-ac6880fd9ab0\", \"panelRefName\": \"panel_4\", \"title\": \"Container Instance Netowrk Bytes Received/s\", \"version\": \"7.6.0\"}, {\"embeddableConfig\": {\"title\": \"Container Instance Network Bytes Transmitted/s\"}, \"gridData\": {\"h\": 15, \"i\": \"0abdf4ee-b569-430b-972a-a60160ef2221\", \"w\": 24, \"x\": 24, \"y\": 16}, \"panelIndex\": \"0abdf4ee-b569-430b-972a-a60160ef2221\", \"panelRefName\": \"panel_5\", \"title\": \"Container Instance Network Bytes Transmitted/s\", \"version\": \"7.6.0\"}]",
                "timeRestore": false,
                "title": "[Metricbeat Azure] Container Instance Overview",
                "version": 1
            },
            "id": "9c11ac60-6cf6-11ea-8fe8-71add5fd7c38",
            "migrationVersion": {
                "dashboard": "7.3.0"
            },
            "references": [
                {
                    "id": "5720b830-6aad-11ea-af5c-73e8f396b3e9",
                    "name": "panel_0",
                    "type": "visualization"
                },
                {
                    "id": "04f8eec0-6ab1-11ea-af5c-73e8f396b3e9",
                    "name": "panel_1",
                    "type": "visualization"
                },
                {
                    "id": "942844b0-6ac5-11ea-af5c-73e8f396b3e9",
                    "name": "panel_2",
                    "type": "visualization"
                },
                {
                    "id": "0fa31060-6aae-11ea-af5c-73e8f396b3e9",
                    "name": "panel_3",
                    "type": "visualization"
                },
                {
                    "id": "bd1c93b0-6cf7-11ea-8fe8-71add5fd7c38",
                    "name": "panel_4",
                    "type": "visualization"
                },
                {
                    "id": "74a8e130-6cfa-11ea-8fe8-71add5fd7c38",
                    "name": "panel_5",
                    "type": "visualization"
                }
            ],
            "type": "dashboard",
            "updated_at": "2020-03-24T13:44:34.832Z",
            "version": "WzY1MzIsN10="
        },
        {
            "attributes": {
                "description": "",
                "kibanaSavedObjectMeta": {
                    "searchSourceJSON": "{}"
                },
                "title": "Navigation Container Instance Overview [Metricbeat Azure]",
                "uiStateJSON": "{}",
                "version": 1,
                "visState": "{\"aggs\": [], \"params\": {\"fontSize\": 12, \"markdown\": \"### Azure Containers\\n\\n[**Instances**](#/dashboard/9c11ac60-6cf6-11ea-8fe8-71add5fd7c38) |\\n[Registries](#/dashboard/6f2393f0-6d08-11ea-8fe8-71add5fd7c38) |\\n[Services](#/dashboard/dae20ed0-6d0a-11ea-8fe8-71add5fd7c38) \", \"openLinksInNewTab\": false}, \"title\": \"Navigation Container Instance Overview [Metricbeat Azure]\", \"type\": \"markdown\"}"
            },
            "id": "5720b830-6aad-11ea-af5c-73e8f396b3e9",
            "migrationVersion": {
                "visualization": "7.4.2"
            },
            "references": [],
            "type": "visualization",
            "updated_at": "2020-03-23T19:02:37.594Z",
            "version": "WzY0NDQsNV0="
        },
        {
            "attributes": {
                "description": "",
                "kibanaSavedObjectMeta": {
                    "searchSourceJSON": "{}"
                },
                "title": "Container Instance CPU Utilization [Metricbeat Azure]",
                "uiStateJSON": "{}",
                "version": 1,
                "visState": "{\"aggs\": [], \"params\": {\"axis_formatter\": \"number\", \"axis_position\": \"left\", \"axis_scale\": \"normal\", \"default_index_pattern\": \"filebeat-*\", \"default_timefield\": \"@timestamp\", \"filter\": {\"language\": \"kuery\", \"query\": \"azure.resource.type : \\\"Microsoft.ContainerInstance/containerGroups\\\"  \"}, \"id\": \"61ca57f0-469d-11e7-af02-69e470af7417\", \"index_pattern\": \"metricbeat-*\", \"interval\": \">=5m\", \"isModelInvalid\": false, \"series\": [{\"axis_position\": \"right\", \"chart_type\": \"line\", \"color\": \"rgba(164,221,0,1)\", \"fill\": \"\", \"formatter\": \"number\", \"id\": \"61ca57f1-469d-11e7-af02-69e470af7417\", \"label\": \"Azure Container CPU Utilization\", \"line_width\": \"2\", \"metrics\": [{\"field\": \"azure.container_instance.cpu_usage.avg\", \"id\": \"61ca57f2-469d-11e7-af02-69e470af7417\", \"type\": \"avg\"}], \"point_size\": \"\", \"separate_axis\": 0, \"split_mode\": \"terms\", \"stacked\": \"none\", \"terms_field\": \"azure.resource.name\", \"type\": \"timeseries\"}], \"show_grid\": 1, \"show_legend\": 1, \"time_field\": \"@timestamp\", \"type\": \"timeseries\"}, \"title\": \"Container Instance CPU Utilization [Metricbeat Azure]\", \"type\": \"metrics\"}"
            },
            "id": "04f8eec0-6ab1-11ea-af5c-73e8f396b3e9",
            "migrationVersion": {
                "visualization": "7.4.2"
            },
            "references": [],
            "type": "visualization",
            "updated_at": "2020-03-23T11:39:04.001Z",
            "version": "WzU5NjYsNV0="
        },
        {
            "attributes": {
                "description": "",
                "kibanaSavedObjectMeta": {
                    "searchSourceJSON": "{}"
                },
                "title": "Container Instance Memory Utilization [Metricbeat Azure]",
                "uiStateJSON": "{}",
                "version": 1,
                "visState": "{\"aggs\": [], \"params\": {\"axis_formatter\": \"number\", \"axis_min\": \"0\", \"axis_position\": \"left\", \"axis_scale\": \"normal\", \"default_index_pattern\": \"filebeat-*\", \"default_timefield\": \"@timestamp\", \"filter\": {\"language\": \"kuery\", \"query\": \"azure.resource.type : \\\"Microsoft.ContainerInstance/containerGroups\\\"  \"}, \"id\": \"61ca57f0-469d-11e7-af02-69e470af7417\", \"index_pattern\": \"metricbeat-*\", \"interval\": \">=5m\", \"isModelInvalid\": false, \"series\": [{\"axis_position\": \"right\", \"chart_type\": \"line\", \"color\": \"#68BC00\", \"fill\": \"0\", \"filter\": {\"language\": \"kuery\", \"query\": \"\"}, \"formatter\": \"bytes\", \"id\": \"61ca57f1-469d-11e7-af02-69e470af7417\", \"label\": \"Container Instance Memory Utilization\", \"line_width\": \"2\", \"metrics\": [{\"field\": \"azure.container_instance.memory_usage.avg\", \"id\": \"61ca57f2-469d-11e7-af02-69e470af7417\", \"type\": \"avg\"}], \"point_size\": \"0\", \"separate_axis\": 0, \"split_mode\": \"terms\", \"stacked\": \"none\", \"terms_field\": \"azure.resource.name\", \"type\": \"timeseries\"}], \"show_grid\": 1, \"show_legend\": 1, \"time_field\": \"@timestamp\", \"type\": \"timeseries\"}, \"title\": \"Container Instance Memory Utilization [Metricbeat Azure]\", \"type\": \"metrics\"}"
            },
            "id": "942844b0-6ac5-11ea-af5c-73e8f396b3e9",
            "migrationVersion": {
                "visualization": "7.4.2"
            },
            "references": [],
            "type": "visualization",
            "updated_at": "2020-03-23T11:40:55.708Z",
            "version": "WzU5NzEsNV0="
        },
        {
            "attributes": {
                "description": "",
                "kibanaSavedObjectMeta": {
                    "searchSourceJSON": "{}"
                },
                "title": "Containers Filters [Metricbeat Azure]",
                "uiStateJSON": "{}",
                "version": 1,
                "visState": "{\"aggs\": [], \"params\": {\"controls\": [{\"fieldName\": \"azure.subscription_id\", \"id\": \"1584710440054\", \"indexPatternRefName\": \"control_0_index_pattern\", \"label\": \"Subscription\", \"options\": {\"dynamicOptions\": true, \"multiselect\": false, \"order\": \"desc\", \"size\": 5, \"type\": \"terms\"}, \"parent\": \"\", \"type\": \"list\"}, {\"fieldName\": \"azure.resource.group\", \"id\": \"1584710497045\", \"indexPatternRefName\": \"control_1_index_pattern\", \"label\": \"Resource Group\", \"options\": {\"dynamicOptions\": true, \"multiselect\": false, \"order\": \"desc\", \"size\": 5, \"type\": \"terms\"}, \"parent\": \"\", \"type\": \"list\"}, {\"fieldName\": \"azure.resource.name\", \"id\": \"1584710535722\", \"indexPatternRefName\": \"control_2_index_pattern\", \"label\": \"Resource\", \"options\": {\"dynamicOptions\": true, \"multiselect\": false, \"order\": \"desc\", \"size\": 5, \"type\": \"terms\"}, \"parent\": \"\", \"type\": \"list\"}], \"pinFilters\": false, \"updateFiltersOnChange\": true, \"useTimeFilter\": false}, \"title\": \"Containers Filters [Metricbeat Azure]\", \"type\": \"input_control_vis\"}"
            },
            "id": "0fa31060-6aae-11ea-af5c-73e8f396b3e9",
            "migrationVersion": {
                "visualization": "7.4.2"
            },
            "references": [
                {
                    "id": "metricbeat-*",
                    "name": "control_0_index_pattern",
                    "type": "index-pattern"
                },
                {
                    "id": "metricbeat-*",
                    "name": "control_1_index_pattern",
                    "type": "index-pattern"
                },
                {
                    "id": "metricbeat-*",
                    "name": "control_2_index_pattern",
                    "type": "index-pattern"
                }
            ],
            "type": "visualization",
            "updated_at": "2020-03-23T18:32:43.461Z",
            "version": "WzY0MDAsNV0="
        },
        {
            "attributes": {
                "description": "",
                "kibanaSavedObjectMeta": {
                    "searchSourceJSON": "{}"
                },
                "title": "Container Instance Network Bytes Received/s [Metricbeat Azure]",
                "uiStateJSON": "{}",
                "version": 1,
                "visState": "{\"aggs\": [], \"params\": {\"axis_formatter\": \"number\", \"axis_min\": \"0\", \"axis_position\": \"left\", \"axis_scale\": \"normal\", \"default_index_pattern\": \"filebeat-*\", \"default_timefield\": \"@timestamp\", \"filter\": {\"language\": \"kuery\", \"query\": \"azure.resource.type : \\\"Microsoft.ContainerInstance/containerGroups\\\"  \"}, \"id\": \"61ca57f0-469d-11e7-af02-69e470af7417\", \"index_pattern\": \"metricbeat-*\", \"interval\": \">=5m\", \"isModelInvalid\": false, \"series\": [{\"axis_position\": \"right\", \"chart_type\": \"line\", \"color\": \"rgba(251,158,0,1)\", \"fill\": \"0\", \"filter\": {\"language\": \"kuery\", \"query\": \"\"}, \"formatter\": \"number\", \"id\": \"61ca57f1-469d-11e7-af02-69e470af7417\", \"label\": \"Container Instance Network Bytes Received/s\", \"line_width\": \"2\", \"metrics\": [{\"field\": \"azure.container_instance.network_bytes_received_per_second.avg\", \"id\": \"61ca57f2-469d-11e7-af02-69e470af7417\", \"type\": \"avg\"}], \"point_size\": \"\", \"separate_axis\": 0, \"split_mode\": \"terms\", \"stacked\": \"none\", \"terms_field\": \"azure.resource.name\", \"type\": \"timeseries\"}], \"show_grid\": 1, \"show_legend\": 1, \"time_field\": \"@timestamp\", \"type\": \"timeseries\"}, \"title\": \"Container Instance Network Bytes Received/s [Metricbeat Azure]\", \"type\": \"metrics\"}"
            },
            "id": "bd1c93b0-6cf7-11ea-8fe8-71add5fd7c38",
            "migrationVersion": {
                "visualization": "7.4.2"
            },
            "references": [],
            "type": "visualization",
            "updated_at": "2020-03-23T16:22:21.233Z",
            "version": "WzYyODUsNV0="
        },
        {
            "attributes": {
                "description": "",
                "kibanaSavedObjectMeta": {
                    "searchSourceJSON": "{}"
                },
                "title": "Container Instance Network Bytes Transmitted/s [Metricbeat Azure]",
                "uiStateJSON": "{}",
                "version": 1,
                "visState": "{\"aggs\": [], \"params\": {\"axis_formatter\": \"number\", \"axis_min\": \"0\", \"axis_position\": \"left\", \"axis_scale\": \"normal\", \"default_index_pattern\": \"filebeat-*\", \"default_timefield\": \"@timestamp\", \"filter\": {\"language\": \"kuery\", \"query\": \"azure.resource.type : \\\"Microsoft.ContainerInstance/containerGroups\\\"  \"}, \"id\": \"61ca57f0-469d-11e7-af02-69e470af7417\", \"index_pattern\": \"metricbeat-*\", \"interval\": \">=5m\", \"isModelInvalid\": false, \"series\": [{\"axis_position\": \"right\", \"chart_type\": \"line\", \"color\": \"rgba(128,137,0,1)\", \"fill\": \"0\", \"filter\": {\"language\": \"kuery\", \"query\": \"\"}, \"formatter\": \"number\", \"id\": \"61ca57f1-469d-11e7-af02-69e470af7417\", \"label\": \"Container Instance Network Bytes Transmitted/s\", \"line_width\": \"2\", \"metrics\": [{\"field\": \"azure.container_instance.network_bytes_transmitted_per_second.avg\", \"id\": \"61ca57f2-469d-11e7-af02-69e470af7417\", \"type\": \"avg\"}], \"point_size\": \"\", \"separate_axis\": 0, \"split_mode\": \"terms\", \"stacked\": \"none\", \"terms_field\": \"azure.resource.name\", \"type\": \"timeseries\"}], \"show_grid\": 1, \"show_legend\": 1, \"time_field\": \"@timestamp\", \"type\": \"timeseries\"}, \"title\": \"Container Instance Network Bytes Transmitted/s [Metricbeat Azure]\", \"type\": \"metrics\"}"
            },
            "id": "74a8e130-6cfa-11ea-8fe8-71add5fd7c38",
            "migrationVersion": {
                "visualization": "7.4.2"
            },
            "references": [],
            "type": "visualization",
            "updated_at": "2020-03-23T16:23:04.729Z",
            "version": "WzYyOTMsNV0="
        }
    ],
    "version": "7.6.0"
}