{
    "objects": [
        {
            "attributes": {
                "description": "Overview of AWS EC2 Metrics",
                "hits": 0,
                "kibanaSavedObjectMeta": {
                    "searchSourceJSON": "{\"filter\": [], \"query\": {\"language\": \"kuery\", \"query\": \"\"}}"
                },
                "optionsJSON": "{\"darkTheme\": false, \"hidePanelTitles\": false, \"useMargins\": true}",
                "panelsJSON": "[{\"embeddableConfig\": {\"title\": \"DiskIO Write Bytes\"}, \"gridData\": {\"h\": 15, \"i\": \"3\", \"w\": 24, \"x\": 24, \"y\": 16}, \"panelIndex\": \"3\", \"panelRefName\": \"panel_0\", \"title\": \"DiskIO Write Bytes\", \"version\": \"7.9.1\"}, {\"embeddableConfig\": {\"title\": \"Status Check\"}, \"gridData\": {\"h\": 5, \"i\": \"5\", \"w\": 18, \"x\": 6, \"y\": 11}, \"panelIndex\": \"5\", \"panelRefName\": \"panel_1\", \"title\": \"Status Check\", \"version\": \"7.9.1\"}, {\"embeddableConfig\": {\"title\": \"Network In Bytes\"}, \"gridData\": {\"h\": 15, \"i\": \"11\", \"w\": 24, \"x\": 0, \"y\": 31}, \"panelIndex\": \"11\", \"panelRefName\": \"panel_2\", \"title\": \"Network In Bytes\", \"version\": \"7.9.1\"}, {\"embeddableConfig\": {\"title\": \"Network Out Bytes\"}, \"gridData\": {\"h\": 15, \"i\": \"12\", \"w\": 24, \"x\": 24, \"y\": 31}, \"panelIndex\": \"12\", \"panelRefName\": \"panel_3\", \"title\": \"Network Out Bytes\", \"version\": \"7.9.1\"}, {\"embeddableConfig\": {\"title\": \"DiskIO Read Bytes\"}, \"gridData\": {\"h\": 15, \"i\": \"15\", \"w\": 24, \"x\": 0, \"y\": 16}, \"panelIndex\": \"15\", \"panelRefName\": \"panel_4\", \"title\": \"DiskIO Read Bytes\", \"version\": \"7.9.1\"}, {\"embeddableConfig\": {\"title\": \"CPU Utilization\"}, \"gridData\": {\"h\": 16, \"i\": \"17\", \"w\": 24, \"x\": 24, \"y\": 0}, \"panelIndex\": \"17\", \"panelRefName\": \"panel_5\", \"title\": \"CPU Utilization\", \"version\": \"7.9.1\"}, {\"embeddableConfig\": {\"title\": \"Filters\"}, \"gridData\": {\"h\": 16, \"i\": \"18\", \"w\": 6, \"x\": 0, \"y\": 0}, \"panelIndex\": \"18\", \"panelRefName\": \"panel_6\", \"title\": \"Filters\", \"version\": \"7.9.1\"}, {\"embeddableConfig\": {\"title\": \"Instance State\"}, \"gridData\": {\"h\": 11, \"i\": \"19\", \"w\": 18, \"x\": 6, \"y\": 0}, \"panelIndex\": \"19\", \"panelRefName\": \"panel_7\", \"title\": \"Instance State\", \"version\": \"7.9.1\"}]",
                "timeRestore": false,
                "title": "[Metricbeat AWS] EC2 Overview",
                "version": 1
            },
            "id": "c5846400-f7fb-11e8-af03-c999c9dea608-ecs",
            "migrationVersion": {
                "dashboard": "7.3.0"
            },
            "namespaces": [
                "default"
            ],
            "references": [
                {
                    "id": "fed59380-f7f8-11e8-af03-c999c9dea608-ecs",
                    "name": "panel_0",
                    "type": "visualization"
                },
                {
                    "id": "9e8c6030-f7f8-11e8-af03-c999c9dea608-ecs",
                    "name": "panel_1",
                    "type": "visualization"
                },
                {
                    "id": "15818fd0-f7f9-11e8-af03-c999c9dea608-ecs",
                    "name": "panel_2",
                    "type": "visualization"
                },
                {
                    "id": "233b3400-f7f9-11e8-af03-c999c9dea608-ecs",
                    "name": "panel_3",
                    "type": "visualization"
                },
                {
                    "id": "f1db6ec0-f7f8-11e8-af03-c999c9dea608-ecs",
                    "name": "panel_4",
                    "type": "visualization"
                },
                {
                    "id": "be8828d0-f7f6-11e8-af03-c999c9dea608-ecs",
                    "name": "panel_5",
                    "type": "visualization"
                },
                {
                    "id": "deab0260-2981-11e9-86eb-a3a07a77f530",
                    "name": "panel_6",
                    "type": "visualization"
                },
                {
                    "id": "09db13f0-2bdd-11e9-9fe1-cde861544141",
                    "name": "panel_7",
                    "type": "visualization"
                }
            ],
            "type": "dashboard",
            "updated_at": "2020-09-15T16:57:30.054Z",
            "version": "WzEyNjksMV0="
        },
        {
            "attributes": {
                "description": "",
                "kibanaSavedObjectMeta": {
                    "searchSourceJSON": "{\"filter\": [], \"query\": {\"language\": \"kuery\", \"query\": \"\"}}"
                },
                "title": "EC2 DiskIO Write Bytes [Metricbeat AWS]",
                "uiStateJSON": "{}",
                "version": 1,
                "visState": "{\"aggs\": [], \"params\": {\"annotations\": [], \"axis_formatter\": \"number\", \"axis_position\": \"left\", \"axis_scale\": \"normal\", \"background_color_rules\": [{\"id\": \"23428b30-f7f2-11e8-bff8-21537b07dd44\"}], \"bar_color_rules\": [{\"id\": \"2592bcc0-f7f2-11e8-bff8-21537b07dd44\"}], \"default_index_pattern\": \"metricbeat-*\", \"default_timefield\": \"@timestamp\", \"id\": \"61ca57f0-469d-11e7-af02-69e470af7417\", \"index_pattern\": \"metricbeat-*\", \"interval\": \"5m\", \"isModelInvalid\": false, \"series\": [{\"axis_position\": \"right\", \"chart_type\": \"line\", \"color\": \"rgba(104,188,0,1)\", \"fill\": \"0\", \"filter\": \"\", \"formatter\": \"number\", \"id\": \"61ca57f1-469d-11e7-af02-69e470af7417\", \"label\": \"AWS EC2 DiskIO Write Bytes\", \"line_width\": \"2\", \"metrics\": [{\"field\": \"aws.ec2.diskio.write.bytes\", \"id\": \"61ca57f2-469d-11e7-af02-69e470af7417\", \"type\": \"avg\"}], \"point_size\": \"3\", \"separate_axis\": 0, \"series_drop_last_bucket\": 1, \"split_color_mode\": \"rainbow\", \"split_mode\": \"terms\", \"stacked\": \"none\", \"steps\": 0, \"terms_field\": \"cloud.instance.id\", \"terms_order_by\": \"61ca57f2-469d-11e7-af02-69e470af7417\", \"terms_size\": \"10\"}], \"show_grid\": 1, \"show_legend\": 1, \"time_field\": \"@timestamp\", \"tooltip_mode\": \"show_all\", \"type\": \"timeseries\"}, \"title\": \"EC2 DiskIO Write Bytes [Metricbeat AWS]\", \"type\": \"metrics\"}"
            },
            "id": "fed59380-f7f8-11e8-af03-c999c9dea608-ecs",
            "migrationVersion": {
                "visualization": "7.8.0"
            },
            "namespaces": [
                "default"
            ],
            "references": [],
            "type": "visualization",
            "updated_at": "2020-09-15T16:55:57.556Z",
            "version": "WzEyNTQsMV0="
        },
        {
            "attributes": {
                "description": "",
                "kibanaSavedObjectMeta": {
                    "searchSourceJSON": "{\"filter\": [], \"query\": {\"language\": \"kuery\", \"query\": \"\"}}"
                },
                "title": "EC2 Status Check Failed [Metricbeat AWS]",
                "uiStateJSON": "{}",
                "version": 1,
                "visState": "{\"aggs\": [], \"params\": {\"axis_formatter\": \"number\", \"axis_position\": \"left\", \"axis_scale\": \"normal\", \"background_color_rules\": [{\"id\": \"d13f6b50-f7f6-11e8-bff8-21537b07dd44\"}], \"bar_color_rules\": [{\"id\": \"ad6d62d0-f7f7-11e8-bff8-21537b07dd44\"}], \"gauge_color_rules\": [{\"id\": \"b0c5b590-f7f7-11e8-bff8-21537b07dd44\"}], \"gauge_inner_width\": 10, \"gauge_style\": \"half\", \"gauge_width\": 10, \"id\": \"61ca57f0-469d-11e7-af02-69e470af7417\", \"index_pattern\": \"metricbeat-*\", \"interval\": \"auto\", \"series\": [{\"axis_position\": \"right\", \"chart_type\": \"line\", \"color\": \"#68BC00\", \"fill\": 0.5, \"formatter\": \"number\", \"id\": \"61ca57f1-469d-11e7-af02-69e470af7417\", \"label\": \"EC2 Status Check Failed\", \"line_width\": 1, \"metrics\": [{\"field\": \"aws.ec2.status.check_failed\", \"id\": \"61ca57f2-469d-11e7-af02-69e470af7417\", \"type\": \"sum\"}], \"point_size\": 1, \"separate_axis\": 0, \"split_color_mode\": \"gradient\", \"split_mode\": \"everything\", \"stacked\": \"none\", \"terms_field\": \"cloud.instance.id\", \"terms_order_by\": \"61ca57f2-469d-11e7-af02-69e470af7417\"}], \"show_grid\": 1, \"show_legend\": 1, \"time_field\": \"@timestamp\", \"type\": \"metric\"}, \"title\": \"AWS EC2 Status Check Failed\", \"type\": \"metrics\"}"
            },
            "id": "9e8c6030-f7f8-11e8-af03-c999c9dea608-ecs",
            "migrationVersion": {
                "visualization": "7.8.0"
            },
            "namespaces": [
                "default"
            ],
            "references": [],
            "type": "visualization",
            "updated_at": "2020-09-15T16:01:03.887Z",
            "version": "WzEwMiwxXQ=="
        },
        {
            "attributes": {
                "description": "",
                "kibanaSavedObjectMeta": {
                    "searchSourceJSON": "{\"filter\": [], \"query\": {\"language\": \"kuery\", \"query\": \"\"}}"
                },
                "title": "EC2 Network In Bytes [Metricbeat AWS]",
                "uiStateJSON": "{}",
                "version": 1,
                "visState": "{\"aggs\": [], \"params\": {\"annotations\": [], \"axis_formatter\": \"number\", \"axis_position\": \"left\", \"axis_scale\": \"normal\", \"background_color_rules\": [{\"id\": \"23428b30-f7f2-11e8-bff8-21537b07dd44\"}], \"bar_color_rules\": [{\"id\": \"2592bcc0-f7f2-11e8-bff8-21537b07dd44\"}], \"default_index_pattern\": \"metricbeat-*\", \"default_timefield\": \"@timestamp\", \"id\": \"61ca57f0-469d-11e7-af02-69e470af7417\", \"index_pattern\": \"metricbeat-*\", \"interval\": \">=5m\", \"isModelInvalid\": false, \"series\": [{\"axis_position\": \"right\", \"chart_type\": \"line\", \"color\": \"rgba(104,188,0,1)\", \"fill\": \"0\", \"filter\": \"\", \"formatter\": \"number\", \"id\": \"61ca57f1-469d-11e7-af02-69e470af7417\", \"label\": \"AWS EC2 Network In Bytes\", \"line_width\": \"2\", \"metrics\": [{\"field\": \"aws.ec2.network.in.bytes\", \"id\": \"61ca57f2-469d-11e7-af02-69e470af7417\", \"type\": \"avg\"}], \"point_size\": \"3\", \"separate_axis\": 0, \"series_drop_last_bucket\": 1, \"split_color_mode\": \"rainbow\", \"split_mode\": \"terms\", \"stacked\": \"none\", \"steps\": 0, \"terms_field\": \"cloud.instance.id\", \"terms_order_by\": \"61ca57f2-469d-11e7-af02-69e470af7417\", \"terms_size\": \"10\"}], \"show_grid\": 1, \"show_legend\": 1, \"time_field\": \"@timestamp\", \"tooltip_mode\": \"show_all\", \"type\": \"timeseries\"}, \"title\": \"EC2 Network In Bytes [Metricbeat AWS]\", \"type\": \"metrics\"}"
            },
            "id": "15818fd0-f7f9-11e8-af03-c999c9dea608-ecs",
            "migrationVersion": {
                "visualization": "7.8.0"
            },
            "namespaces": [
                "default"
            ],
            "references": [],
            "type": "visualization",
            "updated_at": "2020-09-15T16:50:36.078Z",
            "version": "WzExOTEsMV0="
        },
        {
            "attributes": {
                "description": "",
                "kibanaSavedObjectMeta": {
                    "searchSourceJSON": "{\"filter\": [], \"query\": {\"language\": \"kuery\", \"query\": \"\"}}"
                },
                "title": "EC2 Network Out Bytes [Metricbeat AWS]",
                "uiStateJSON": "{}",
                "version": 1,
                "visState": "{\"aggs\": [], \"params\": {\"annotations\": [], \"axis_formatter\": \"number\", \"axis_position\": \"left\", \"axis_scale\": \"normal\", \"background_color_rules\": [{\"id\": \"23428b30-f7f2-11e8-bff8-21537b07dd44\"}], \"bar_color_rules\": [{\"id\": \"2592bcc0-f7f2-11e8-bff8-21537b07dd44\"}], \"default_index_pattern\": \"metricbeat-*\", \"default_timefield\": \"@timestamp\", \"id\": \"61ca57f0-469d-11e7-af02-69e470af7417\", \"index_pattern\": \"metricbeat-*\", \"interval\": \">=5m\", \"isModelInvalid\": false, \"series\": [{\"axis_position\": \"right\", \"chart_type\": \"line\", \"color\": \"rgba(104,188,0,1)\", \"fill\": \"0\", \"filter\": \"\", \"formatter\": \"number\", \"id\": \"61ca57f1-469d-11e7-af02-69e470af7417\", \"label\": \"AWS EC2 Network Out Bytes\", \"line_width\": \"2\", \"metrics\": [{\"field\": \"aws.ec2.network.out.bytes\", \"id\": \"61ca57f2-469d-11e7-af02-69e470af7417\", \"type\": \"avg\"}], \"point_size\": \"3\", \"separate_axis\": 0, \"series_drop_last_bucket\": 1, \"split_color_mode\": \"rainbow\", \"split_mode\": \"terms\", \"stacked\": \"none\", \"steps\": 0, \"terms_field\": \"cloud.instance.id\", \"terms_order_by\": \"61ca57f2-469d-11e7-af02-69e470af7417\", \"terms_size\": \"10\"}], \"show_grid\": 1, \"show_legend\": 1, \"time_field\": \"@timestamp\", \"tooltip_mode\": \"show_all\", \"type\": \"timeseries\"}, \"title\": \"EC2 Network Out Bytes [Metricbeat AWS]\", \"type\": \"metrics\"}"
            },
            "id": "233b3400-f7f9-11e8-af03-c999c9dea608-ecs",
            "migrationVersion": {
                "visualization": "7.8.0"
            },
            "namespaces": [
                "default"
            ],
            "references": [],
            "type": "visualization",
            "updated_at": "2020-09-15T16:50:59.719Z",
            "version": "WzExOTMsMV0="
        },
        {
            "attributes": {
                "description": "",
                "kibanaSavedObjectMeta": {
                    "searchSourceJSON": "{\"filter\": [], \"query\": {\"language\": \"kuery\", \"query\": \"\"}}"
                },
                "title": "EC2 DiskIO Read Bytes [Metricbeat AWS]",
                "uiStateJSON": "{}",
                "version": 1,
                "visState": "{\"aggs\": [], \"params\": {\"annotations\": [], \"axis_formatter\": \"number\", \"axis_position\": \"left\", \"axis_scale\": \"normal\", \"background_color_rules\": [{\"id\": \"23428b30-f7f2-11e8-bff8-21537b07dd44\"}], \"bar_color_rules\": [{\"id\": \"2592bcc0-f7f2-11e8-bff8-21537b07dd44\"}], \"default_index_pattern\": \"metricbeat-*\", \"default_timefield\": \"@timestamp\", \"id\": \"61ca57f0-469d-11e7-af02-69e470af7417\", \"index_pattern\": \"metricbeat-*\", \"interval\": \">=5m\", \"isModelInvalid\": false, \"series\": [{\"axis_position\": \"right\", \"chart_type\": \"line\", \"color\": \"rgba(104,188,0,1)\", \"fill\": \"0\", \"filter\": {\"language\": \"kuery\", \"query\": \"\"}, \"formatter\": \"number\", \"id\": \"61ca57f1-469d-11e7-af02-69e470af7417\", \"label\": \"AWS EC2 DiskIO Read Bytes\", \"line_width\": \"2\", \"metrics\": [{\"field\": \"aws.ec2.diskio.read.bytes\", \"id\": \"61ca57f2-469d-11e7-af02-69e470af7417\", \"type\": \"avg\"}], \"point_size\": \"3\", \"separate_axis\": 0, \"series_drop_last_bucket\": 1, \"split_color_mode\": \"rainbow\", \"split_mode\": \"terms\", \"stacked\": \"none\", \"steps\": 0, \"terms_field\": \"cloud.instance.id\", \"terms_order_by\": \"61ca57f2-469d-11e7-af02-69e470af7417\", \"terms_size\": \"10\"}], \"show_grid\": 1, \"show_legend\": 1, \"time_field\": \"@timestamp\", \"tooltip_mode\": \"show_all\", \"type\": \"timeseries\"}, \"title\": \"EC2 DiskIO Read Bytes [Metricbeat AWS]\", \"type\": \"metrics\"}"
            },
            "id": "f1db6ec0-f7f8-11e8-af03-c999c9dea608-ecs",
            "migrationVersion": {
                "visualization": "7.8.0"
            },
            "namespaces": [
                "default"
            ],
            "references": [],
            "type": "visualization",
            "updated_at": "2020-09-15T16:55:49.460Z",
            "version": "WzEyNTMsMV0="
        },
        {
            "attributes": {
                "description": "",
                "kibanaSavedObjectMeta": {
                    "searchSourceJSON": "{\"filter\": [], \"query\": {\"language\": \"kuery\", \"query\": \"\"}}"
                },
                "title": "EC2 CPU Utilization [Metricbeat AWS] ECS",
                "uiStateJSON": "{}",
                "version": 1,
                "visState": "{\"aggs\": [], \"params\": {\"annotations\": [], \"axis_formatter\": \"number\", \"axis_position\": \"left\", \"axis_scale\": \"normal\", \"background_color_rules\": [{\"id\": \"23428b30-f7f2-11e8-bff8-21537b07dd44\"}], \"bar_color_rules\": [{\"id\": \"2592bcc0-f7f2-11e8-bff8-21537b07dd44\"}], \"default_index_pattern\": \"metricbeat-*\", \"default_timefield\": \"@timestamp\", \"id\": \"61ca57f0-469d-11e7-af02-69e470af7417\", \"index_pattern\": \"metricbeat-*\", \"interval\": \">=5m\", \"isModelInvalid\": false, \"series\": [{\"axis_position\": \"right\", \"chart_type\": \"line\", \"color\": \"rgba(104,188,0,1)\", \"fill\": \"0\", \"filter\": \"\", \"formatter\": \"number\", \"id\": \"61ca57f1-469d-11e7-af02-69e470af7417\", \"label\": \"AWS EC2 CPU Utilization ECS\", \"line_width\": \"2\", \"metrics\": [{\"field\": \"aws.ec2.cpu.total.pct\", \"id\": \"61ca57f2-469d-11e7-af02-69e470af7417\", \"type\": \"avg\"}], \"point_size\": \"3\", \"separate_axis\": 0, \"series_drop_last_bucket\": 1, \"split_color_mode\": \"rainbow\", \"split_mode\": \"terms\", \"stacked\": \"none\", \"steps\": 0, \"terms_field\": \"cloud.instance.id\", \"terms_order_by\": \"61ca57f2-469d-11e7-af02-69e470af7417\", \"terms_size\": \"10\"}], \"show_grid\": 1, \"show_legend\": 1, \"time_field\": \"@timestamp\", \"tooltip_mode\": \"show_all\", \"type\": \"timeseries\"}, \"title\": \"EC2 CPU Utilization [Metricbeat AWS] ECS\", \"type\": \"metrics\"}"
            },
            "id": "be8828d0-f7f6-11e8-af03-c999c9dea608-ecs",
            "migrationVersion": {
                "visualization": "7.8.0"
            },
            "namespaces": [
                "default"
            ],
            "references": [],
            "type": "visualization",
            "updated_at": "2020-09-15T16:57:23.961Z",
            "version": "WzEyNjgsMV0="
        },
        {
            "attributes": {
                "description": "",
                "kibanaSavedObjectMeta": {
                    "searchSourceJSON": "{\"filter\": [], \"query\": {\"language\": \"kuery\", \"query\": \"\"}}"
                },
                "title": "AWS Account Filter [Metricbeat AWS]",
                "uiStateJSON": "{}",
                "version": 1,
                "visState": "{\"aggs\": [], \"params\": {\"controls\": [{\"fieldName\": \"cloud.account.name\", \"id\": \"1549397251041\", \"indexPatternRefName\": \"control_0_index_pattern\", \"label\": \"account name\", \"options\": {\"dynamicOptions\": true, \"multiselect\": true, \"order\": \"desc\", \"size\": 5, \"type\": \"terms\"}, \"parent\": \"\", \"type\": \"list\"}, {\"fieldName\": \"cloud.region\", \"id\": \"1600187617334\", \"indexPatternRefName\": \"control_1_index_pattern\", \"label\": \"region\", \"options\": {\"dynamicOptions\": true, \"multiselect\": true, \"order\": \"desc\", \"size\": 5, \"type\": \"terms\"}, \"parent\": \"\", \"type\": \"list\"}, {\"fieldName\": \"cloud.instance.name\", \"id\": \"1600187931107\", \"indexPatternRefName\": \"control_2_index_pattern\", \"label\": \"instance name\", \"options\": {\"dynamicOptions\": true, \"multiselect\": true, \"order\": \"desc\", \"size\": 5, \"type\": \"terms\"}, \"parent\": \"\", \"type\": \"list\"}], \"pinFilters\": false, \"updateFiltersOnChange\": true, \"useTimeFilter\": false}, \"title\": \"AWS Account Filter [Metricbeat AWS]\", \"type\": \"input_control_vis\"}"
            },
            "id": "deab0260-2981-11e9-86eb-a3a07a77f530",
            "migrationVersion": {
                "visualization": "7.8.0"
            },
            "namespaces": [
                "default"
            ],
            "references": [
                {
                    "id": "metricbeat-*",
                    "name": "control_0_index_pattern",
                    "type": "index-pattern"
                },
                {
                    "id": "metricbeat-*",
                    "name": "control_1_index_pattern",
                    "type": "index-pattern"
                },
                {
                    "id": "metricbeat-*",
                    "name": "control_2_index_pattern",
                    "type": "index-pattern"
                }
            ],
            "type": "visualization",
            "updated_at": "2020-09-15T16:39:11.261Z",
            "version": "WzEwNjYsMV0="
        },
        {
            "attributes": {
                "description": "",
                "kibanaSavedObjectMeta": {
                    "searchSourceJSON": "{\"filter\": [], \"indexRefName\": \"kibanaSavedObjectMeta.searchSourceJSON.index\", \"query\": {\"language\": \"kuery\", \"query\": \"\"}}"
                },
                "title": "EC2 Instance State [Metricbeat AWS] ECS",
                "uiStateJSON": "{\"vis\": {\"colors\": {\"16\": \"#629E51\", \"272\": \"#DEDAF7\", \"80\": \"#E24D42\", \"running\": \"#7EB26D\", \"stopped\": \"#E24D42\"}, \"legendOpen\": true}}",
                "version": 1,
                "visState": "{\"aggs\": [{\"enabled\": true, \"id\": \"1\", \"params\": {\"customLabel\": \"EC2 Instance State\"}, \"schema\": \"metric\", \"type\": \"count\"}, {\"enabled\": true, \"id\": \"2\", \"params\": {\"customLabel\": \"\", \"field\": \"aws.ec2.instance.state.name\", \"missingBucket\": false, \"missingBucketLabel\": \"Missing\", \"order\": \"desc\", \"orderBy\": \"1\", \"otherBucket\": false, \"otherBucketLabel\": \"Other\", \"size\": 5}, \"schema\": \"segment\", \"type\": \"terms\"}], \"params\": {\"addLegend\": true, \"addTooltip\": true, \"isDonut\": false, \"labels\": {\"last_level\": true, \"show\": true, \"truncate\": 100, \"values\": true}, \"legendPosition\": \"right\", \"type\": \"pie\"}, \"title\": \"EC2 Instance State [Metricbeat AWS] ECS\", \"type\": \"pie\"}"
            },
            "id": "09db13f0-2bdd-11e9-9fe1-cde861544141",
            "migrationVersion": {
                "visualization": "7.8.0"
            },
            "namespaces": [
                "default"
            ],
            "references": [
                {
                    "id": "metricbeat-*",
                    "name": "kibanaSavedObjectMeta.searchSourceJSON.index",
                    "type": "index-pattern"
                }
            ],
            "type": "visualization",
            "updated_at": "2020-09-15T16:01:08.017Z",
            "version": "WzE0MywxXQ=="
        }
    ],
    "version": "7.9.1"
}