{
    "objects": [
        {
            "attributes": {
                "description": "Overview of GCP Compute Metrics",
                "hits": 0,
                "kibanaSavedObjectMeta": {
                    "searchSourceJSON": "{\"filter\": [], \"query\": {\"language\": \"kuery\", \"query\": \"\"}}"
                },
                "optionsJSON": "{\"hidePanelTitles\": false, \"useMargins\": true}",
                "panelsJSON": "[{\"embeddableConfig\": {\"title\": \"Filters\"}, \"gridData\": {\"h\": 17, \"i\": \"28706ab2-1142-401d-9143-f4176a034c10\", \"w\": 7, \"x\": 0, \"y\": 0}, \"panelIndex\": \"28706ab2-1142-401d-9143-f4176a034c10\", \"panelRefName\": \"panel_0\", \"title\": \"Filters\", \"version\": \"7.9.1\"}, {\"embeddableConfig\": {\"title\": \"Instance Uptime\"}, \"gridData\": {\"h\": 17, \"i\": \"2034fcc8-5cd7-4ee8-8c8f-99054f025b05\", \"w\": 10, \"x\": 7, \"y\": 0}, \"panelIndex\": \"2034fcc8-5cd7-4ee8-8c8f-99054f025b05\", \"panelRefName\": \"panel_1\", \"title\": \"Instance Uptime\", \"version\": \"7.9.1\"}, {\"embeddableConfig\": {\"title\": \"CPU Utilization\"}, \"gridData\": {\"h\": 17, \"i\": \"5f6f2ecd-dcaf-4455-967c-ede6b38f431f\", \"w\": 31, \"x\": 17, \"y\": 0}, \"panelIndex\": \"5f6f2ecd-dcaf-4455-967c-ede6b38f431f\", \"panelRefName\": \"panel_2\", \"title\": \"CPU Utilization\", \"version\": \"7.9.1\"}, {\"embeddableConfig\": {\"title\": \"Read I/O\"}, \"gridData\": {\"h\": 15, \"i\": \"9c6f36f5-c2b2-40f5-8ee3-af6131168842\", \"w\": 24, \"x\": 0, \"y\": 17}, \"panelIndex\": \"9c6f36f5-c2b2-40f5-8ee3-af6131168842\", \"panelRefName\": \"panel_3\", \"title\": \"Read I/O\", \"version\": \"7.9.1\"}, {\"embeddableConfig\": {\"title\": \"Write I/O\"}, \"gridData\": {\"h\": 15, \"i\": \"93906f63-42c9-4f30-9b2c-05041a9e1efe\", \"w\": 24, \"x\": 24, \"y\": 17}, \"panelIndex\": \"93906f63-42c9-4f30-9b2c-05041a9e1efe\", \"panelRefName\": \"panel_4\", \"title\": \"Write I/O\", \"version\": \"7.9.1\"}, {\"embeddableConfig\": {\"title\": \"Network Sent Bytes\"}, \"gridData\": {\"h\": 15, \"i\": \"e1a4e862-dd00-409f-8746-8a8e4bc82807\", \"w\": 24, \"x\": 0, \"y\": 32}, \"panelIndex\": \"e1a4e862-dd00-409f-8746-8a8e4bc82807\", \"panelRefName\": \"panel_5\", \"title\": \"Network Sent Bytes\", \"version\": \"7.9.1\"}, {\"embeddableConfig\": {\"title\": \"Network Received Bytes\"}, \"gridData\": {\"h\": 15, \"i\": \"6f47ff85-3ec1-4f6f-a63b-1a56f0cfc9ce\", \"w\": 24, \"x\": 24, \"y\": 32}, \"panelIndex\": \"6f47ff85-3ec1-4f6f-a63b-1a56f0cfc9ce\", \"panelRefName\": \"panel_6\", \"title\": \"Network Received Bytes\", \"version\": \"7.9.1\"}, {\"embeddableConfig\": {\"title\": \"Firewall Dropped Bytes\"}, \"gridData\": {\"h\": 15, \"i\": \"00689e12-4cb3-49ad-ac33-dbe4279f446e\", \"w\": 24, \"x\": 0, \"y\": 47}, \"panelIndex\": \"00689e12-4cb3-49ad-ac33-dbe4279f446e\", \"panelRefName\": \"panel_7\", \"title\": \"Firewall Dropped Bytes\", \"version\": \"7.9.1\"}, {\"embeddableConfig\": {\"title\": \"Firewall Dropped Packets\"}, \"gridData\": {\"h\": 15, \"i\": \"901e7bf5-35f5-4c1a-9627-27f6c20d2514\", \"w\": 24, \"x\": 24, \"y\": 47}, \"panelIndex\": \"901e7bf5-35f5-4c1a-9627-27f6c20d2514\", \"panelRefName\": \"panel_8\", \"title\": \"Firewall Dropped Packets\", \"version\": \"7.9.1\"}]",
                "timeRestore": false,
                "title": "[Metricbeat GCP] Compute Overview",
                "version": 1
            },
            "id": "f40ee870-5e4a-11ea-a4f6-717338406083",
            "migrationVersion": {
                "dashboard": "7.3.0"
            },
            "namespaces": [
                "default"
            ],
            "references": [
                {
                    "id": "3aa96470-5fc4-11ea-a4f6-717338406083",
                    "name": "panel_0",
                    "type": "visualization"
                },
                {
                    "id": "da5bc460-63e1-11ea-b0ac-95d4ecb1fecd",
                    "name": "panel_1",
                    "type": "visualization"
                },
                {
                    "id": "3f472ea0-5e47-11ea-a4f6-717338406083",
                    "name": "panel_2",
                    "type": "visualization"
                },
                {
                    "id": "89513bc0-5e48-11ea-a4f6-717338406083",
                    "name": "panel_3",
                    "type": "visualization"
                },
                {
                    "id": "95e1f050-5e48-11ea-a4f6-717338406083",
                    "name": "panel_4",
                    "type": "visualization"
                },
                {
                    "id": "6f795e70-5e49-11ea-a4f6-717338406083",
                    "name": "panel_5",
                    "type": "visualization"
                },
                {
                    "id": "43f45ba0-5e4a-11ea-a4f6-717338406083",
                    "name": "panel_6",
                    "type": "visualization"
                },
                {
                    "id": "9d919d00-5e4d-11ea-a4f6-717338406083",
                    "name": "panel_7",
                    "type": "visualization"
                },
                {
                    "id": "ef1508c0-5e4c-11ea-a4f6-717338406083",
                    "name": "panel_8",
                    "type": "visualization"
                }
            ],
            "type": "dashboard",
            "updated_at": "2020-09-15T16:22:48.674Z",
            "version": "Wzk1NCwxXQ=="
        },
        {
            "attributes": {
                "description": "",
                "kibanaSavedObjectMeta": {
                    "searchSourceJSON": "{\"filter\": [], \"query\": {\"language\": \"kuery\", \"query\": \"\"}}"
                },
                "title": "az-instance-account Filter [Metricbeat GCP]",
                "uiStateJSON": "{}",
                "version": 1,
                "visState": "{\"aggs\": [], \"params\": {\"controls\": [{\"fieldName\": \"cloud.availability_zone\", \"id\": \"1549397251041\", \"indexPatternRefName\": \"control_0_index_pattern\", \"label\": \"availability zone\", \"options\": {\"dynamicOptions\": true, \"multiselect\": true, \"order\": \"desc\", \"size\": 5, \"type\": \"terms\"}, \"parent\": \"\", \"type\": \"list\"}, {\"fieldName\": \"cloud.instance.name\", \"id\": \"1583510592540\", \"indexPatternRefName\": \"control_1_index_pattern\", \"label\": \"instance name\", \"options\": {\"dynamicOptions\": true, \"multiselect\": true, \"order\": \"desc\", \"size\": 5, \"type\": \"terms\"}, \"parent\": \"\", \"type\": \"list\"}, {\"fieldName\": \"cloud.account.id\", \"id\": \"1583510650472\", \"indexPatternRefName\": \"control_2_index_pattern\", \"label\": \"account id\", \"options\": {\"dynamicOptions\": true, \"multiselect\": true, \"order\": \"desc\", \"size\": 5, \"type\": \"terms\"}, \"parent\": \"\", \"type\": \"list\"}], \"pinFilters\": false, \"updateFiltersOnChange\": true, \"useTimeFilter\": false}, \"title\": \"az-instance-account Filter [Metricbeat GCP]\", \"type\": \"input_control_vis\"}"
            },
            "id": "3aa96470-5fc4-11ea-a4f6-717338406083",
            "migrationVersion": {
                "visualization": "7.8.0"
            },
            "namespaces": [
                "default"
            ],
            "references": [
                {
                    "id": "metricbeat-*",
                    "name": "control_0_index_pattern",
                    "type": "index-pattern"
                },
                {
                    "id": "metricbeat-*",
                    "name": "control_1_index_pattern",
                    "type": "index-pattern"
                },
                {
                    "id": "metricbeat-*",
                    "name": "control_2_index_pattern",
                    "type": "index-pattern"
                }
            ],
            "type": "visualization",
            "updated_at": "2020-09-15T16:22:42.806Z",
            "version": "Wzk1MSwxXQ=="
        },
        {
            "attributes": {
                "description": "",
                "kibanaSavedObjectMeta": {
                    "searchSourceJSON": "{\"filter\": [], \"query\": {\"language\": \"kuery\", \"query\": \"\"}}"
                },
                "title": "Compute Instance Uptime Gauge [Metricbeat GCP]",
                "uiStateJSON": "{}",
                "version": 1,
                "visState": "{\"aggs\": [], \"params\": {\"axis_formatter\": \"number\", \"axis_position\": \"left\", \"axis_scale\": \"normal\", \"background_color_rules\": [{\"id\": \"74a18260-63df-11ea-9543-55b68a4bcad3\"}], \"bar_color_rules\": [{\"id\": \"77a54c80-63df-11ea-9543-55b68a4bcad3\"}], \"default_index_pattern\": \"metricbeat-*\", \"default_timefield\": \"@timestamp\", \"drop_last_bucket\": 0, \"filter\": {\"language\": \"kuery\", \"query\": \"\"}, \"gauge_color_rules\": [{\"id\": \"777371a0-63e0-11ea-9543-55b68a4bcad3\", \"value\": 0}], \"gauge_inner_width\": 10, \"gauge_max\": \"\", \"gauge_style\": \"circle\", \"gauge_width\": 10, \"id\": \"61ca57f0-469d-11e7-af02-69e470af7417\", \"index_pattern\": \"metricbeat-*\", \"interval\": \">=5m\", \"isModelInvalid\": false, \"series\": [{\"axis_position\": \"right\", \"chart_type\": \"bar\", \"color\": \"#68BC00\", \"fill\": 0.5, \"filter\": {\"language\": \"kuery\", \"query\": \"\"}, \"formatter\": \"percent\", \"id\": \"61ca57f1-469d-11e7-af02-69e470af7417\", \"label\": \"Average Uptime\", \"line_width\": 1, \"metrics\": [{\"denominator\": \"60\", \"field\": \"gcp.compute.instance.uptime.value\", \"id\": \"61ca57f2-469d-11e7-af02-69e470af7417\", \"numerator\": \"gcp.compute.instance.uptime.value\", \"type\": \"avg\", \"values\": [\"60\"]}, {\"id\": \"81dc6000-63e7-11ea-994d-3b2599babc53\", \"script\": \"params.uptime / 60\\n\", \"type\": \"math\", \"variables\": [{\"field\": \"61ca57f2-469d-11e7-af02-69e470af7417\", \"id\": \"85f3bd00-63e7-11ea-994d-3b2599babc53\", \"name\": \"uptime\"}]}], \"override_index_pattern\": 0, \"point_size\": 1, \"separate_axis\": 0, \"split_color_mode\": \"gradient\", \"split_mode\": \"everything\", \"stacked\": \"none\", \"terms_field\": \"cloud.instance.name\", \"terms_order_by\": \"61ca57f2-469d-11e7-af02-69e470af7417\", \"type\": \"timeseries\"}], \"show_grid\": 1, \"show_legend\": 1, \"time_field\": \"@timestamp\", \"time_range_mode\": \"entire_time_range\", \"tooltip_mode\": \"show_all\", \"type\": \"gauge\"}, \"title\": \"Compute Instance Uptime Gauge [Metricbeat GCP]\", \"type\": \"metrics\"}"
            },
            "id": "da5bc460-63e1-11ea-b0ac-95d4ecb1fecd",
            "migrationVersion": {
                "visualization": "7.8.0"
            },
            "namespaces": [
                "default"
            ],
            "references": [],
            "type": "visualization",
            "updated_at": "2020-09-15T16:01:39.831Z",
            "version": "WzQzNCwxXQ=="
        },
        {
            "attributes": {
                "description": "",
                "kibanaSavedObjectMeta": {
                    "searchSourceJSON": "{}"
                },
                "title": "Compute CPU Utilization [Metricbeat GCP]",
                "uiStateJSON": "{}",
                "version": 1,
                "visState": "{\"aggs\": [], \"params\": {\"axis_formatter\": \"number\", \"axis_position\": \"left\", \"axis_scale\": \"normal\", \"default_index_pattern\": \"metricbeat-*\", \"default_timefield\": \"@timestamp\", \"drop_last_bucket\": 0, \"id\": \"61ca57f0-469d-11e7-af02-69e470af7417\", \"index_pattern\": \"metricbeat-*\", \"interval\": \"5m\", \"isModelInvalid\": false, \"series\": [{\"axis_position\": \"right\", \"chart_type\": \"line\", \"color\": \"#68BC00\", \"fill\": \"0\", \"formatter\": \"percent\", \"id\": \"61ca57f1-469d-11e7-af02-69e470af7417\", \"label\": \"\", \"line_width\": \"2\", \"metrics\": [{\"field\": \"gcp.compute.instance.cpu.utilization.value\", \"id\": \"61ca57f2-469d-11e7-af02-69e470af7417\", \"type\": \"avg\"}], \"point_size\": \"3\", \"separate_axis\": 0, \"split_color_mode\": \"rainbow\", \"split_mode\": \"terms\", \"stacked\": \"none\", \"terms_field\": \"cloud.instance.name\", \"terms_order_by\": \"61ca57f2-469d-11e7-af02-69e470af7417\", \"type\": \"timeseries\"}], \"show_grid\": 1, \"show_legend\": 1, \"time_field\": \"\", \"type\": \"timeseries\"}, \"title\": \"Compute CPU Utilization [Metricbeat GCP]\", \"type\": \"metrics\"}"
            },
            "id": "3f472ea0-5e47-11ea-a4f6-717338406083",
            "migrationVersion": {
                "visualization": "7.8.0"
            },
            "namespaces": [
                "default"
            ],
            "references": [],
            "type": "visualization",
            "updated_at": "2020-09-15T16:01:39.831Z",
            "version": "WzQzNSwxXQ=="
        },
        {
            "attributes": {
                "description": "",
                "kibanaSavedObjectMeta": {
                    "searchSourceJSON": "{}"
                },
                "title": "Compute Read I/O [Metricbeat GCP]",
                "uiStateJSON": "{}",
                "version": 1,
                "visState": "{\"aggs\": [], \"params\": {\"axis_formatter\": \"number\", \"axis_position\": \"left\", \"axis_scale\": \"normal\", \"default_index_pattern\": \"metricbeat-*\", \"default_timefield\": \"@timestamp\", \"drop_last_bucket\": 0, \"id\": \"61ca57f0-469d-11e7-af02-69e470af7417\", \"index_pattern\": \"metricbeat-*\", \"interval\": \"5m\", \"isModelInvalid\": false, \"series\": [{\"axis_position\": \"right\", \"chart_type\": \"line\", \"color\": \"#68BC00\", \"fill\": \"0\", \"formatter\": \"number\", \"id\": \"61ca57f1-469d-11e7-af02-69e470af7417\", \"label\": \"\", \"line_width\": \"2\", \"metrics\": [{\"field\": \"gcp.compute.instance.disk.read_ops_count.value\", \"id\": \"61ca57f2-469d-11e7-af02-69e470af7417\", \"type\": \"avg\"}], \"point_size\": \"3\", \"separate_axis\": 0, \"split_color_mode\": \"rainbow\", \"split_mode\": \"terms\", \"stacked\": \"none\", \"terms_field\": \"cloud.instance.name\", \"type\": \"timeseries\"}], \"show_grid\": 1, \"show_legend\": 1, \"time_field\": \"\", \"type\": \"timeseries\"}, \"title\": \"Compute Read I/O [Metricbeat GCP]\", \"type\": \"metrics\"}"
            },
            "id": "89513bc0-5e48-11ea-a4f6-717338406083",
            "migrationVersion": {
                "visualization": "7.8.0"
            },
            "namespaces": [
                "default"
            ],
            "references": [],
            "type": "visualization",
            "updated_at": "2020-09-15T16:01:39.831Z",
            "version": "WzQzNiwxXQ=="
        },
        {
            "attributes": {
                "description": "",
                "kibanaSavedObjectMeta": {
                    "searchSourceJSON": "{}"
                },
                "title": "Compute Write I/O [Metricbeat GCP]",
                "uiStateJSON": "{}",
                "version": 1,
                "visState": "{\"aggs\": [], \"params\": {\"axis_formatter\": \"number\", \"axis_position\": \"left\", \"axis_scale\": \"normal\", \"default_index_pattern\": \"metricbeat-*\", \"default_timefield\": \"@timestamp\", \"drop_last_bucket\": 0, \"id\": \"61ca57f0-469d-11e7-af02-69e470af7417\", \"index_pattern\": \"metricbeat-*\", \"interval\": \"5m\", \"isModelInvalid\": false, \"series\": [{\"axis_position\": \"right\", \"chart_type\": \"line\", \"color\": \"#68BC00\", \"fill\": \"0\", \"formatter\": \"number\", \"id\": \"61ca57f1-469d-11e7-af02-69e470af7417\", \"label\": \"\", \"line_width\": \"2\", \"metrics\": [{\"field\": \"gcp.compute.instance.disk.write_ops_count.value\", \"id\": \"61ca57f2-469d-11e7-af02-69e470af7417\", \"type\": \"avg\"}], \"point_size\": \"3\", \"separate_axis\": 0, \"split_color_mode\": \"rainbow\", \"split_mode\": \"terms\", \"stacked\": \"none\", \"terms_field\": \"cloud.instance.name\", \"type\": \"timeseries\"}], \"show_grid\": 1, \"show_legend\": 1, \"time_field\": \"\", \"type\": \"timeseries\"}, \"title\": \"Compute Write I/O [Metricbeat GCP]\", \"type\": \"metrics\"}"
            },
            "id": "95e1f050-5e48-11ea-a4f6-717338406083",
            "migrationVersion": {
                "visualization": "7.8.0"
            },
            "namespaces": [
                "default"
            ],
            "references": [],
            "type": "visualization",
            "updated_at": "2020-09-15T16:01:39.831Z",
            "version": "WzQzNywxXQ=="
        },
        {
            "attributes": {
                "description": "",
                "kibanaSavedObjectMeta": {
                    "searchSourceJSON": "{}"
                },
                "title": "Compute Network Sent Bytes [Metricbeat GCP]",
                "uiStateJSON": "{}",
                "version": 1,
                "visState": "{\"aggs\": [], \"params\": {\"axis_formatter\": \"number\", \"axis_position\": \"left\", \"axis_scale\": \"normal\", \"default_index_pattern\": \"metricbeat-*\", \"default_timefield\": \"@timestamp\", \"drop_last_bucket\": 0, \"id\": \"61ca57f0-469d-11e7-af02-69e470af7417\", \"index_pattern\": \"metricbeat-*\", \"interval\": \"5m\", \"isModelInvalid\": false, \"series\": [{\"axis_position\": \"right\", \"chart_type\": \"line\", \"color\": \"#68BC00\", \"fill\": \"0\", \"formatter\": \"bytes\", \"id\": \"61ca57f1-469d-11e7-af02-69e470af7417\", \"label\": \"\", \"line_width\": \"2\", \"metrics\": [{\"field\": \"gcp.compute.instance.network.sent_bytes_count.value\", \"id\": \"61ca57f2-469d-11e7-af02-69e470af7417\", \"type\": \"avg\"}], \"point_size\": \"3\", \"separate_axis\": 0, \"split_color_mode\": \"rainbow\", \"split_mode\": \"terms\", \"stacked\": \"none\", \"terms_field\": \"cloud.instance.name\", \"type\": \"timeseries\"}], \"show_grid\": 1, \"show_legend\": 1, \"time_field\": \"\", \"type\": \"timeseries\"}, \"title\": \"Compute Network Sent Bytes [Metricbeat GCP]\", \"type\": \"metrics\"}"
            },
            "id": "6f795e70-5e49-11ea-a4f6-717338406083",
            "migrationVersion": {
                "visualization": "7.8.0"
            },
            "namespaces": [
                "default"
            ],
            "references": [],
            "type": "visualization",
            "updated_at": "2020-09-15T16:01:39.831Z",
            "version": "WzQzOCwxXQ=="
        },
        {
            "attributes": {
                "description": "",
                "kibanaSavedObjectMeta": {
                    "searchSourceJSON": "{}"
                },
                "title": "Compute Network Received Bytes [Metricbeat GCP]",
                "uiStateJSON": "{}",
                "version": 1,
                "visState": "{\"aggs\": [], \"params\": {\"axis_formatter\": \"number\", \"axis_position\": \"left\", \"axis_scale\": \"normal\", \"default_index_pattern\": \"metricbeat-*\", \"default_timefield\": \"@timestamp\", \"drop_last_bucket\": 0, \"id\": \"61ca57f0-469d-11e7-af02-69e470af7417\", \"index_pattern\": \"metricbeat-*\", \"interval\": \"5m\", \"isModelInvalid\": false, \"series\": [{\"axis_position\": \"right\", \"chart_type\": \"line\", \"color\": \"#68BC00\", \"fill\": \"0\", \"formatter\": \"bytes\", \"id\": \"61ca57f1-469d-11e7-af02-69e470af7417\", \"label\": \"\", \"line_width\": \"2\", \"metrics\": [{\"field\": \"gcp.compute.instance.network.received_bytes_count.value\", \"id\": \"61ca57f2-469d-11e7-af02-69e470af7417\", \"type\": \"avg\"}], \"point_size\": \"3\", \"separate_axis\": 0, \"split_color_mode\": \"rainbow\", \"split_mode\": \"terms\", \"stacked\": \"none\", \"terms_field\": \"cloud.instance.name\", \"type\": \"timeseries\"}], \"show_grid\": 1, \"show_legend\": 1, \"time_field\": \"\", \"type\": \"timeseries\"}, \"title\": \"Compute Network Received Bytes [Metricbeat GCP]\", \"type\": \"metrics\"}"
            },
            "id": "43f45ba0-5e4a-11ea-a4f6-717338406083",
            "migrationVersion": {
                "visualization": "7.8.0"
            },
            "namespaces": [
                "default"
            ],
            "references": [],
            "type": "visualization",
            "updated_at": "2020-09-15T16:01:39.831Z",
            "version": "WzQzOSwxXQ=="
        },
        {
            "attributes": {
                "description": "",
                "kibanaSavedObjectMeta": {
                    "searchSourceJSON": "{}"
                },
                "title": "Compute Firewall Dropped Bytes [Metricbeat GCP]",
                "uiStateJSON": "{}",
                "version": 1,
                "visState": "{\"aggs\": [], \"params\": {\"axis_formatter\": \"number\", \"axis_position\": \"left\", \"axis_scale\": \"normal\", \"background_color_rules\": [{\"id\": \"3ece14c0-5e4c-11ea-9061-37f24ca5b01f\"}], \"bar_color_rules\": [{\"id\": \"3b9c35c0-5e4c-11ea-9061-37f24ca5b01f\"}], \"default_index_pattern\": \"metricbeat-*\", \"default_timefield\": \"@timestamp\", \"drop_last_bucket\": 0, \"gauge_color_rules\": [{\"id\": \"3b27a200-5e4c-11ea-9061-37f24ca5b01f\"}], \"gauge_inner_width\": 10, \"gauge_style\": \"half\", \"gauge_width\": 10, \"id\": \"61ca57f0-469d-11e7-af02-69e470af7417\", \"index_pattern\": \"metricbeat-*\", \"interval\": \"5m\", \"isModelInvalid\": false, \"series\": [{\"axis_position\": \"right\", \"chart_type\": \"line\", \"color\": \"#68BC00\", \"fill\": \"0\", \"formatter\": \"bytes\", \"id\": \"61ca57f1-469d-11e7-af02-69e470af7417\", \"label\": \"\", \"line_width\": \"2\", \"metrics\": [{\"field\": \"gcp.compute.firewall.dropped_bytes_count.value\", \"id\": \"61ca57f2-469d-11e7-af02-69e470af7417\", \"type\": \"avg\"}], \"point_size\": \"3\", \"separate_axis\": 0, \"split_color_mode\": \"rainbow\", \"split_mode\": \"terms\", \"stacked\": \"none\", \"terms_field\": \"cloud.instance.name\", \"terms_order_by\": \"61ca57f2-469d-11e7-af02-69e470af7417\", \"type\": \"timeseries\"}], \"show_grid\": 1, \"show_legend\": 1, \"time_field\": \"\", \"type\": \"timeseries\"}, \"title\": \"Compute Firewall Dropped Bytes [Metricbeat GCP]\", \"type\": \"metrics\"}"
            },
            "id": "9d919d00-5e4d-11ea-a4f6-717338406083",
            "migrationVersion": {
                "visualization": "7.8.0"
            },
            "namespaces": [
                "default"
            ],
            "references": [],
            "type": "visualization",
            "updated_at": "2020-09-15T16:01:39.831Z",
            "version": "WzQ0MCwxXQ=="
        },
        {
            "attributes": {
                "description": "",
                "kibanaSavedObjectMeta": {
                    "searchSourceJSON": "{}"
                },
                "title": "Compute Firewall Dropped Packets [Metricbeat GCP]",
                "uiStateJSON": "{}",
                "version": 1,
                "visState": "{\"aggs\": [], \"params\": {\"axis_formatter\": \"number\", \"axis_position\": \"left\", \"axis_scale\": \"normal\", \"background_color_rules\": [{\"id\": \"3ece14c0-5e4c-11ea-9061-37f24ca5b01f\"}], \"bar_color_rules\": [{\"id\": \"3b9c35c0-5e4c-11ea-9061-37f24ca5b01f\"}], \"default_index_pattern\": \"metricbeat-*\", \"default_timefield\": \"@timestamp\", \"drop_last_bucket\": 0, \"gauge_color_rules\": [{\"id\": \"3b27a200-5e4c-11ea-9061-37f24ca5b01f\"}], \"gauge_inner_width\": 10, \"gauge_style\": \"half\", \"gauge_width\": 10, \"id\": \"61ca57f0-469d-11e7-af02-69e470af7417\", \"index_pattern\": \"metricbeat-*\", \"interval\": \"5m\", \"isModelInvalid\": false, \"series\": [{\"axis_position\": \"right\", \"chart_type\": \"line\", \"color\": \"#68BC00\", \"fill\": \"0\", \"formatter\": \"number\", \"id\": \"61ca57f1-469d-11e7-af02-69e470af7417\", \"label\": \"\", \"line_width\": \"3\", \"metrics\": [{\"field\": \"gcp.compute.firewall.dropped_packets_count.value\", \"id\": \"61ca57f2-469d-11e7-af02-69e470af7417\", \"type\": \"avg\"}], \"point_size\": \"2\", \"separate_axis\": 0, \"split_color_mode\": \"rainbow\", \"split_mode\": \"terms\", \"stacked\": \"none\", \"terms_field\": \"cloud.instance.name\", \"terms_order_by\": \"61ca57f2-469d-11e7-af02-69e470af7417\", \"type\": \"timeseries\"}], \"show_grid\": 1, \"show_legend\": 1, \"time_field\": \"\", \"time_range_mode\": \"entire_time_range\", \"type\": \"top_n\"}, \"title\": \"Compute Firewall Dropped Packets [Metricbeat GCP]\", \"type\": \"metrics\"}"
            },
            "id": "ef1508c0-5e4c-11ea-a4f6-717338406083",
            "migrationVersion": {
                "visualization": "7.8.0"
            },
            "namespaces": [
                "default"
            ],
            "references": [],
            "type": "visualization",
            "updated_at": "2020-09-15T16:01:39.831Z",
            "version": "WzQ0MSwxXQ=="
        }
    ],
    "version": "7.9.1"
}