{
    "objects": [
        {
            "attributes": {
                "description": "",
                "kibanaSavedObjectMeta": {
                    "searchSourceJSON": "{\"filter\": [], \"query\": {\"language\": \"kuery\", \"query\": \"\"}}"
                },
                "savedSearchId": "PostgreSQL Query Durations-ecs",
                "title": "Query count and cumulated duration [Filebeat PostgreSQL] ECS",
                "uiStateJSON": "{\"vis\": {\"colors\": {\"Number of queries\": \"#0A437C\", \"Sum of query duration\": \"#6ED0E0\"}, \"legendOpen\": true}}",
                "version": 1,
                "visState": "{\"aggs\": [{\"enabled\": true, \"id\": \"3\", \"params\": {\"customInterval\": \"2h\", \"extended_bounds\": {}, \"field\": \"@timestamp\", \"interval\": \"auto\", \"min_doc_count\": 1}, \"schema\": \"segment\", \"type\": \"date_histogram\"}, {\"enabled\": true, \"id\": \"4\", \"params\": {\"customLabel\": \"Number of queries\"}, \"schema\": \"metric\", \"type\": \"count\"}, {\"enabled\": true, \"id\": \"2\", \"params\": {\"customLabel\": \"Sum of query duration\", \"field\": \"event.duration\"}, \"schema\": \"metric\", \"type\": \"sum\"}], \"params\": {\"addLegend\": true, \"addTimeMarker\": false, \"addTooltip\": true, \"categoryAxes\": [{\"id\": \"CategoryAxis-1\", \"labels\": {\"show\": true, \"truncate\": 100}, \"position\": \"bottom\", \"scale\": {\"type\": \"linear\"}, \"show\": true, \"style\": {}, \"title\": {\"text\": \"@timestamp per 3 hours\"}, \"type\": \"category\"}], \"grid\": {\"categoryLines\": false, \"style\": {\"color\": \"#eee\"}}, \"legendPosition\": \"right\", \"seriesParams\": [{\"data\": {\"id\": \"4\", \"label\": \"Number of queries\"}, \"drawLinesBetweenPoints\": true, \"interpolate\": \"linear\", \"lineWidth\": 2, \"mode\": \"normal\", \"show\": true, \"showCircles\": true, \"type\": \"histogram\", \"valueAxis\": \"ValueAxis-1\"}, {\"data\": {\"id\": \"2\", \"label\": \"Sum of query duration\"}, \"drawLinesBetweenPoints\": true, \"interpolate\": \"linear\", \"lineWidth\": 2, \"mode\": \"normal\", \"show\": true, \"showCircles\": true, \"type\": \"histogram\", \"valueAxis\": \"ValueAxis-1\"}], \"times\": [], \"type\": \"histogram\", \"valueAxes\": [{\"id\": \"ValueAxis-1\", \"labels\": {\"filter\": false, \"rotate\": 0, \"show\": true, \"truncate\": 100}, \"name\": \"LeftAxis-1\", \"position\": \"left\", \"scale\": {\"mode\": \"normal\", \"type\": \"linear\"}, \"show\": true, \"style\": {}, \"title\": {\"text\": \"\"}, \"type\": \"value\"}]}, \"title\": \"Query count and cumulated duration [Filebeat PostgreSQL] ECS\", \"type\": \"histogram\"}"
            },
            "id": "PostgreSQL Query Count and Duration-ecs",
            "type": "visualization",
            "version": 1
        },
        {
            "attributes": {
                "columns": [
                    "user.name",
                    "postgresql.log.database",
                    "event.duration",
                    "postgresql.log.query"
                ],
                "description": "",
                "hits": 0,
                "kibanaSavedObjectMeta": {
                    "searchSourceJSON": "{\"filter\": [], \"highlightAll\": true, \"index\": \"filebeat-*\", \"query\": {\"language\": \"kuery\", \"query\": \"event.duration>30000000\"}, \"version\": true}"
                },
                "sort": [
                    "@timestamp",
                    "desc"
                ],
                "title": "Slow Queries [Filebeat PostgreSQL] ECS",
                "version": 1
            },
            "id": "Slow PostgreSQL Queries-ecs",
            "type": "search",
            "version": 1
        },
        {
            "attributes": {
                "columns": [
                    "user.name",
                    "postgresql.log.database",
                    "event.duration",
                    "postgresql.log.query"
                ],
                "description": "",
                "hits": 0,
                "kibanaSavedObjectMeta": {
                    "searchSourceJSON": "{\"filter\": [], \"highlightAll\": true, \"index\": \"filebeat-*\", \"query\": {\"language\": \"kuery\", \"query\": \"event.duration:*\"}, \"version\": true}"
                },
                "sort": [
                    "@timestamp",
                    "desc"
                ],
                "title": "Query Durations [Filebeat PostgreSQL] ECS",
                "version": 1
            },
            "id": "PostgreSQL Query Durations-ecs",
            "type": "search",
            "version": 1
        },
        {
            "attributes": {
                "description": "Dashboard for analyzing the query durations of the Filebeat PostgreSQL module",
                "hits": 0,
                "kibanaSavedObjectMeta": {
                    "searchSourceJSON": "{\"filter\": [], \"highlightAll\": true, \"query\": {\"language\": \"kuery\", \"query\": \"postgresql.log.query:*\"}, \"version\": true}"
                },
                "optionsJSON": "{\"darkTheme\": false}",
                "panelsJSON": "[{\"col\": 1, \"id\": \"PostgreSQL Query Count and Duration-ecs\", \"panelIndex\": 1, \"row\": 1, \"size_x\": 6, \"size_y\": 3, \"type\": \"visualization\"}, {\"col\": 7, \"columns\": [\"user.name\", \"postgresql.log.database\", \"event.duration\", \"postgresql.log.query\"], \"id\": \"Slow PostgreSQL Queries-ecs\", \"panelIndex\": 2, \"row\": 1, \"size_x\": 6, \"size_y\": 3, \"sort\": [\"@timestamp\", \"desc\"], \"type\": \"search\"}, {\"col\": 1, \"columns\": [\"user.name\", \"postgresql.log.database\", \"event.duration\", \"postgresql.log.query\"], \"id\": \"PostgreSQL Query Durations-ecs\", \"panelIndex\": 3, \"row\": 4, \"size_x\": 12, \"size_y\": 5, \"sort\": [\"@timestamp\", \"desc\"], \"type\": \"search\"}]",
                "timeRestore": false,
                "title": "[Filebeat PostgreSQL] Query Duration Overview ECS",
                "uiStateJSON": "{}",
                "version": 1
            },
            "id": "e4c5f230-87f3-11e7-ad9c-db80de0bf8d3-ecs",
            "type": "dashboard",
            "version": 1
        }
    ],
    "version": "6.0.0-beta1-SNAPSHOT"
}