{
    "objects": [
        {
            "attributes": {
                "description": "",
                "kibanaSavedObjectMeta": {
                    "searchSourceJSON": "{\"filter\": []}"
                },
                "savedSearchId": "PostgreSQL All Logs-ecs",
                "title": "Log Level Count [Filebeat PostgreSQL] ECS",
                "uiStateJSON": "{\"vis\": {\"params\": {\"sort\": {\"columnIndex\": null, \"direction\": null}}}}",
                "version": 1,
                "visState": "{\"aggs\": [{\"enabled\": true, \"id\": \"1\", \"params\": {}, \"schema\": \"metric\", \"type\": \"count\"}, {\"enabled\": true, \"id\": \"2\", \"params\": {\"field\": \"log.level\", \"order\": \"desc\", \"orderBy\": \"1\", \"size\": 12}, \"schema\": \"bucket\", \"type\": \"terms\"}], \"params\": {\"perPage\": 10, \"showMeticsAtAllLevels\": false, \"showPartialRows\": false, \"showTotal\": false, \"sort\": {\"columnIndex\": null, \"direction\": null}, \"totalFunc\": \"sum\"}, \"title\": \"Log Level Count [Filebeat PostgreSQL] ECS\", \"type\": \"table\"}"
            },
            "id": "PostgreSQL Log Level Count-ecs",
            "type": "visualization",
            "version": 2
        },
        {
            "attributes": {
                "columns": [
                    "user.name",
                    "postgresql.log.database",
                    "log.level",
                    "message",
                    "postgresql.log.query"
                ],
                "description": "",
                "hits": 0,
                "kibanaSavedObjectMeta": {
                    "searchSourceJSON": "{\"filter\": [{\"$state\": {\"store\": \"appState\"}, \"meta\": {\"alias\": null, \"disabled\": false, \"index\": \"filebeat-*\", \"key\": \"event.module\", \"negate\": false, \"params\": {\"query\": \"postgresql\", \"type\": \"phrase\"}, \"type\": \"phrase\", \"value\": \"postgresql\"}, \"query\": {\"match\": {\"event.module\": {\"query\": \"postgresql\", \"type\": \"phrase\"}}}}], \"highlightAll\": true, \"index\": \"filebeat-*\", \"query\": {\"language\": \"kuery\", \"query\": \"\"}, \"version\": true}"
                },
                "sort": [
                    "@timestamp",
                    "desc"
                ],
                "title": "All Logs [Filebeat PostgreSQL] ECS",
                "version": 1
            },
            "id": "PostgreSQL All Logs-ecs",
            "type": "search",
            "version": 1
        },
        {
            "attributes": {
                "description": "",
                "kibanaSavedObjectMeta": {
                    "searchSourceJSON": "{\"filter\": []}"
                },
                "savedSearchId": "PostgreSQL All Logs-ecs",
                "title": "Logs by level over time [Filebeat PostgreSQL] ECS",
                "uiStateJSON": "{}",
                "version": 1,
                "visState": "{\"aggs\": [{\"enabled\": true, \"id\": \"1\", \"params\": {}, \"schema\": \"metric\", \"type\": \"count\"}, {\"enabled\": true, \"id\": \"2\", \"params\": {\"customInterval\": \"2h\", \"extended_bounds\": {}, \"field\": \"@timestamp\", \"interval\": \"auto\", \"min_doc_count\": 1}, \"schema\": \"segment\", \"type\": \"date_histogram\"}, {\"enabled\": true, \"id\": \"3\", \"params\": {\"field\": \"log.level\", \"order\": \"desc\", \"orderBy\": \"1\", \"size\": 5}, \"schema\": \"group\", \"type\": \"terms\"}], \"params\": {\"addLegend\": true, \"addTimeMarker\": false, \"addTooltip\": true, \"categoryAxes\": [{\"id\": \"CategoryAxis-1\", \"labels\": {\"show\": true, \"truncate\": 100}, \"position\": \"bottom\", \"scale\": {\"type\": \"linear\"}, \"show\": true, \"style\": {}, \"title\": {\"text\": \"@timestamp per month\"}, \"type\": \"category\"}], \"grid\": {\"categoryLines\": false, \"style\": {\"color\": \"#eee\"}}, \"legendPosition\": \"right\", \"seriesParams\": [{\"data\": {\"id\": \"1\", \"label\": \"Count\"}, \"drawLinesBetweenPoints\": true, \"mode\": \"stacked\", \"show\": \"true\", \"showCircles\": true, \"type\": \"histogram\", \"valueAxis\": \"ValueAxis-1\"}], \"times\": [], \"type\": \"histogram\", \"valueAxes\": [{\"id\": \"ValueAxis-1\", \"labels\": {\"filter\": false, \"rotate\": 0, \"show\": true, \"truncate\": 100}, \"name\": \"LeftAxis-1\", \"position\": \"left\", \"scale\": {\"mode\": \"normal\", \"type\": \"linear\"}, \"show\": true, \"style\": {}, \"title\": {\"text\": \"Count\"}, \"type\": \"value\"}]}, \"title\": \"Logs by level over time [Filebeat PostgreSQL] ECS\", \"type\": \"histogram\"}"
            },
            "id": "3dbd5370-87f3-11e7-ad9c-db80de0bf8d3-ecs",
            "type": "visualization",
            "version": 1
        },
        {
            "attributes": {
                "description": "Overview dashboard for the Filebeat PostgreSQL module",
                "hits": 0,
                "kibanaSavedObjectMeta": {
                    "searchSourceJSON": "{\"filter\": [], \"highlightAll\": true, \"query\": {\"language\": \"kuery\", \"query\": \"\"}, \"version\": true}"
                },
                "optionsJSON": "{\"darkTheme\": false}",
                "panelsJSON": "[{\"col\": 1, \"id\": \"PostgreSQL Log Level Count-ecs\", \"panelIndex\": 1, \"row\": 1, \"size_x\": 3, \"size_y\": 3, \"type\": \"visualization\"}, {\"col\": 1, \"columns\": [\"user.name\", \"postgresql.log.database\", \"log.level\", \"message\", \"postgresql.log.query\"], \"id\": \"PostgreSQL All Logs-ecs\", \"panelIndex\": 2, \"row\": 4, \"size_x\": 12, \"size_y\": 6, \"sort\": [\"@timestamp\", \"desc\"], \"type\": \"search\"}, {\"col\": 4, \"id\": \"3dbd5370-87f3-11e7-ad9c-db80de0bf8d3-ecs\", \"panelIndex\": 3, \"row\": 1, \"size_x\": 9, \"size_y\": 3, \"type\": \"visualization\"}]",
                "timeRestore": false,
                "title": "[Filebeat PostgreSQL] Overview ECS",
                "uiStateJSON": "{\"P-1\": {\"vis\": {\"params\": {\"sort\": {\"columnIndex\": null, \"direction\": null}}}}}",
                "version": 1
            },
            "id": "158be870-87f4-11e7-ad9c-db80de0bf8d3-ecs",
            "type": "dashboard",
            "version": 1
        }
    ],
    "version": "6.0.0-beta1-SNAPSHOT"
}