{
    "objects": [
        {
            "attributes": {
                "description": "",
                "kibanaSavedObjectMeta": {
                    "searchSourceJSON": "{\"filter\": [], \"query\": {\"language\": \"kuery\", \"query\": \"\"}}"
                },
                "savedSearchId": "c4e80aa0-1fd4-11e9-ae2a-939083c6a64e-ecs",
                "title": "Ubiquiti Firewall Event Timeline [Filebeat Iptables] ECS",
                "uiStateJSON": "{\"vis\": {\"colors\": {\"allow\": \"#64B0C8\", \"deny\": \"#E24D42\"}}}",
                "version": 1,
                "visState": "{\"aggs\": [{\"enabled\": true, \"id\": \"1\", \"params\": {}, \"schema\": \"metric\", \"type\": \"count\"}, {\"enabled\": true, \"id\": \"2\", \"params\": {\"customInterval\": \"2h\", \"drop_partials\": false, \"extended_bounds\": {}, \"field\": \"@timestamp\", \"interval\": \"auto\", \"min_doc_count\": 1, \"timeRange\": {\"from\": \"2019-01-24T15:47:12.171Z\", \"mode\": \"absolute\", \"to\": \"2019-01-24T15:47:52.785Z\"}, \"time_zone\": \"Europe/Berlin\", \"useNormalizedEsInterval\": true}, \"schema\": \"segment\", \"type\": \"date_histogram\"}, {\"enabled\": true, \"id\": \"3\", \"params\": {\"field\": \"event.outcome\", \"missingBucket\": true, \"missingBucketLabel\": \"Missing\", \"order\": \"desc\", \"orderBy\": \"_key\", \"otherBucket\": true, \"otherBucketLabel\": \"Other\", \"size\": 5}, \"schema\": \"group\", \"type\": \"terms\"}], \"params\": {\"addLegend\": true, \"addTimeMarker\": false, \"addTooltip\": true, \"categoryAxes\": [{\"id\": \"CategoryAxis-1\", \"labels\": {\"show\": true, \"truncate\": 100}, \"position\": \"bottom\", \"scale\": {\"type\": \"linear\"}, \"show\": true, \"style\": {}, \"title\": {}, \"type\": \"category\"}], \"grid\": {\"categoryLines\": false, \"style\": {\"color\": \"#eee\"}}, \"legendPosition\": \"top\", \"seriesParams\": [{\"data\": {\"id\": \"1\", \"label\": \"Count\"}, \"drawLinesBetweenPoints\": true, \"mode\": \"stacked\", \"show\": \"true\", \"showCircles\": true, \"type\": \"histogram\", \"valueAxis\": \"ValueAxis-1\"}], \"times\": [], \"type\": \"histogram\", \"valueAxes\": [{\"id\": \"ValueAxis-1\", \"labels\": {\"filter\": false, \"rotate\": 0, \"show\": true, \"truncate\": 100}, \"name\": \"LeftAxis-1\", \"position\": \"left\", \"scale\": {\"mode\": \"normal\", \"type\": \"linear\"}, \"show\": true, \"style\": {}, \"title\": {\"text\": \"Count\"}, \"type\": \"value\"}]}, \"title\": \"Ubiquiti Firewall Event Timeline [Filebeat Iptables] ECS\", \"type\": \"histogram\"}"
            },
            "id": "758b3620-1fda-11e9-ae2a-939083c6a64e-ecs",
            "type": "visualization",
            "updated_at": "2019-01-24T16:37:11.788Z",
            "version": 2
        },
        {
            "attributes": {
                "description": "",
                "kibanaSavedObjectMeta": {
                    "searchSourceJSON": "{\"filter\": [], \"query\": {\"language\": \"kuery\", \"query\": \"\"}}"
                },
                "savedSearchId": "9f7d97c0-1fe9-11e9-ae2a-939083c6a64e-ecs",
                "title": "Ubiquiti Firewall Top Blocked IPs [Filebeat Iptables] ECS",
                "uiStateJSON": "{\"vis\": {\"params\": {\"sort\": {\"columnIndex\": null, \"direction\": null}}}}",
                "version": 1,
                "visState": "{\"aggs\": [{\"enabled\": true, \"id\": \"1\", \"params\": {}, \"schema\": \"metric\", \"type\": \"count\"}, {\"enabled\": true, \"id\": \"2\", \"params\": {\"customLabel\": \"Source IP\", \"field\": \"source.ip\", \"missingBucket\": false, \"missingBucketLabel\": \"Missing\", \"order\": \"desc\", \"orderBy\": \"1\", \"otherBucket\": false, \"otherBucketLabel\": \"Other\", \"size\": 5}, \"schema\": \"bucket\", \"type\": \"terms\"}], \"params\": {\"perPage\": 10, \"showMetricsAtAllLevels\": false, \"showPartialRows\": false, \"showTotal\": false, \"sort\": {\"columnIndex\": null, \"direction\": null}, \"totalFunc\": \"sum\"}, \"title\": \"Ubiquiti Firewall Top Blocked IPs [Filebeat Iptables] ECS\", \"type\": \"table\"}"
            },
            "id": "1ba82fd0-1ff0-11e9-ae2a-939083c6a64e-ecs",
            "type": "visualization",
            "updated_at": "2019-01-24T16:06:20.635Z",
            "version": 2
        },
        {
            "attributes": {
                "description": "",
                "kibanaSavedObjectMeta": {
                    "searchSourceJSON": "{\"filter\": [], \"query\": {\"language\": \"kuery\", \"query\": \"\"}}"
                },
                "savedSearchId": "7862cab0-1fdb-11e9-ae2a-939083c6a64e-ecs",
                "title": "Ubiquiti Firewall Allowed Traffic Map [Filebeat Iptables] ECS",
                "uiStateJSON": "{}",
                "version": 1,
                "visState": "{\"aggs\": [{\"enabled\": true, \"id\": \"1\", \"params\": {}, \"schema\": \"metric\", \"type\": \"count\"}, {\"enabled\": true, \"id\": \"2\", \"params\": {\"autoPrecision\": true, \"field\": \"source.geo.location\", \"isFilteredByCollar\": true, \"mapCenter\": [0, 0], \"mapZoom\": 2, \"precision\": 2, \"useGeocentroid\": true}, \"schema\": \"segment\", \"type\": \"geohash_grid\"}], \"params\": {\"addTooltip\": true, \"colorSchema\": \"Yellow to Red\", \"heatClusterSize\": 1.5, \"isDesaturated\": true, \"legendPosition\": \"bottomright\", \"mapCenter\": [0, 0], \"mapType\": \"Scaled Circle Markers\", \"mapZoom\": 2, \"wms\": {\"enabled\": false, \"options\": {\"format\": \"image/png\", \"transparent\": true}, \"selectedTmsLayer\": {\"attribution\": \"<p>&#169; <a href=\\\"http://www.openstreetmap.org/copyright\\\">OpenStreetMap</a> contributors | <a href=\\\"https://www.elastic.co/elastic-maps-service\\\">Elastic Maps Service</a></p>&#10;\", \"id\": \"road_map\", \"maxZoom\": 18, \"minZoom\": 0, \"origin\": \"elastic_maps_service\"}}}, \"title\": \"Ubiquiti Firewall Allowed Traffic Map [Filebeat Iptables] ECS\", \"type\": \"tile_map\"}"
            },
            "id": "5bd53050-1fe9-11e9-ae2a-939083c6a64e-ecs",
            "type": "visualization",
            "updated_at": "2019-01-24T15:04:34.005Z",
            "version": 1
        },
        {
            "attributes": {
                "description": "",
                "kibanaSavedObjectMeta": {
                    "searchSourceJSON": "{\"filter\": [], \"query\": {\"language\": \"kuery\", \"query\": \"\"}}"
                },
                "savedSearchId": "9f7d97c0-1fe9-11e9-ae2a-939083c6a64e-ecs",
                "title": "Ubiquiti Firewall Blocked Traffic Map [Filebeat Iptables] ECS",
                "uiStateJSON": "{\"mapCenter\": [19.228176737766262, -22.851562500000004], \"mapZoom\": 3}",
                "version": 1,
                "visState": "{\"aggs\": [{\"enabled\": true, \"id\": \"1\", \"params\": {}, \"schema\": \"metric\", \"type\": \"count\"}, {\"enabled\": true, \"id\": \"2\", \"params\": {\"autoPrecision\": true, \"field\": \"source.geo.location\", \"isFilteredByCollar\": true, \"mapCenter\": [0, 0], \"mapZoom\": 2, \"precision\": 2, \"useGeocentroid\": true}, \"schema\": \"segment\", \"type\": \"geohash_grid\"}], \"params\": {\"addTooltip\": true, \"colorSchema\": \"Yellow to Red\", \"heatClusterSize\": 1.5, \"isDesaturated\": true, \"legendPosition\": \"bottomright\", \"mapCenter\": [0, 0], \"mapType\": \"Scaled Circle Markers\", \"mapZoom\": 2, \"wms\": {\"enabled\": false, \"options\": {\"format\": \"image/png\", \"transparent\": true}, \"selectedTmsLayer\": {\"attribution\": \"<p>&#169; <a href=\\\"http://www.openstreetmap.org/copyright\\\">OpenStreetMap</a> contributors | <a href=\\\"https://www.elastic.co/elastic-maps-service\\\">Elastic Maps Service</a></p>&#10;\", \"id\": \"road_map\", \"maxZoom\": 18, \"minZoom\": 0, \"origin\": \"elastic_maps_service\"}}}, \"title\": \"Ubiquiti Firewall Blocked Traffic Map [Filebeat Iptables] ECS\", \"type\": \"tile_map\"}"
            },
            "id": "8853aa20-1fef-11e9-ae2a-939083c6a64e-ecs",
            "type": "visualization",
            "updated_at": "2019-01-24T15:50:31.689Z",
            "version": 2
        },
        {
            "attributes": {
                "description": "",
                "kibanaSavedObjectMeta": {
                    "searchSourceJSON": "{\"filter\": [], \"query\": {\"language\": \"kuery\", \"query\": \"\"}}"
                },
                "savedSearchId": "c4e80aa0-1fd4-11e9-ae2a-939083c6a64e-ecs",
                "title": "Ubiquiti Firewall Traffic Breakdown [Filebeat Iptables] ECS",
                "uiStateJSON": "{\"vis\": {\"colors\": {\"deny\": \"#E24D42\", \"icmp\": \"#F29191\", \"ipv4\": \"#65C5DB\", \"ipv6\": \"#D683CE\", \"ipv6-icmp\": \"#EA6460\", \"tcp\": \"#447EBC\", \"udp\": \"#F2C96D\"}}}",
                "version": 1,
                "visState": "{\"aggs\": [{\"enabled\": true, \"id\": \"1\", \"params\": {}, \"schema\": \"metric\", \"type\": \"count\"}, {\"enabled\": true, \"id\": \"2\", \"params\": {\"field\": \"event.outcome\", \"missingBucket\": true, \"missingBucketLabel\": \"Missing\", \"order\": \"desc\", \"orderBy\": \"1\", \"otherBucket\": true, \"otherBucketLabel\": \"Other\", \"size\": 5}, \"schema\": \"segment\", \"type\": \"terms\"}, {\"enabled\": true, \"id\": \"3\", \"params\": {\"field\": \"network.type\", \"missingBucket\": true, \"missingBucketLabel\": \"Missing\", \"order\": \"desc\", \"orderBy\": \"1\", \"otherBucket\": true, \"otherBucketLabel\": \"Other\", \"size\": 5}, \"schema\": \"segment\", \"type\": \"terms\"}, {\"enabled\": true, \"id\": \"4\", \"params\": {\"field\": \"network.transport\", \"missingBucket\": true, \"missingBucketLabel\": \"Missing\", \"order\": \"desc\", \"orderBy\": \"1\", \"otherBucket\": true, \"otherBucketLabel\": \"Other\", \"size\": 5}, \"schema\": \"segment\", \"type\": \"terms\"}], \"params\": {\"addLegend\": true, \"addTooltip\": true, \"isDonut\": true, \"labels\": {\"last_level\": false, \"show\": true, \"truncate\": 100, \"values\": false}, \"legendPosition\": \"top\", \"type\": \"pie\"}, \"title\": \"Ubiquiti Firewall Traffic Breakdown [Filebeat Iptables] ECS\", \"type\": \"pie\"}"
            },
            "id": "fdea1ad0-1ff4-11e9-ae2a-939083c6a64e-ecs",
            "type": "visualization",
            "updated_at": "2019-01-24T16:27:50.397Z",
            "version": 1
        },
        {
            "attributes": {
                "columns": [
                    "_source"
                ],
                "description": "",
                "hits": 0,
                "kibanaSavedObjectMeta": {
                    "searchSourceJSON": "{\"filter\": [], \"highlightAll\": true, \"index\": \"filebeat-*\", \"query\": {\"language\": \"kuery\", \"query\": \"iptables.ubiquiti.rule_set :*\"}, \"version\": true}"
                },
                "sort": [
                    "@timestamp",
                    "desc"
                ],
                "title": "Ubiquiti Firewall Events [Filebeat Iptables] ECS",
                "version": 1
            },
            "id": "c4e80aa0-1fd4-11e9-ae2a-939083c6a64e-ecs",
            "type": "search",
            "updated_at": "2019-01-24T12:37:10.858Z",
            "version": 1
        },
        {
            "attributes": {
                "description": "",
                "kibanaSavedObjectMeta": {
                    "searchSourceJSON": "{\"filter\": [], \"query\": {\"language\": \"kuery\", \"query\": \"\"}}"
                },
                "savedSearchId": "c4e80aa0-1fd4-11e9-ae2a-939083c6a64e-ecs",
                "title": "Ubiquiti Firewall Traffic by Port [Filebeat Iptables] ECS",
                "uiStateJSON": "{\"vis\": {\"params\": {\"sort\": {\"columnIndex\": null, \"direction\": null}}}}",
                "version": 1,
                "visState": "{\"aggs\": [{\"enabled\": true, \"id\": \"1\", \"params\": {}, \"schema\": \"metric\", \"type\": \"count\"}, {\"enabled\": true, \"id\": \"2\", \"params\": {\"customLabel\": \"event.outcome\", \"field\": \"event.outcome\", \"missingBucket\": false, \"missingBucketLabel\": \"Missing\", \"order\": \"desc\", \"orderBy\": \"1\", \"otherBucket\": false, \"otherBucketLabel\": \"Other\", \"row\": false, \"size\": 5}, \"schema\": \"split\", \"type\": \"terms\"}, {\"enabled\": true, \"id\": \"3\", \"params\": {\"customLabel\": \"Destination port\", \"field\": \"destination.port\", \"missingBucket\": false, \"missingBucketLabel\": \"Missing\", \"order\": \"desc\", \"orderBy\": \"1\", \"otherBucket\": false, \"otherBucketLabel\": \"Other\", \"size\": 5}, \"schema\": \"bucket\", \"type\": \"terms\"}], \"params\": {\"perPage\": 10, \"showMetricsAtAllLevels\": false, \"showPartialRows\": false, \"showTotal\": false, \"sort\": {\"columnIndex\": null, \"direction\": null}, \"totalFunc\": \"sum\"}, \"title\": \"Ubiquiti Firewall Traffic by Port [Filebeat Iptables] ECS\", \"type\": \"table\"}"
            },
            "id": "190bcb50-1ff6-11e9-ae2a-939083c6a64e-ecs",
            "type": "visualization",
            "updated_at": "2019-01-24T16:35:45.413Z",
            "version": 1
        },
        {
            "attributes": {
                "columns": [
                    "_source"
                ],
                "description": "",
                "hits": 0,
                "kibanaSavedObjectMeta": {
                    "searchSourceJSON": "{\"filter\": [], \"highlightAll\": true, \"index\": \"filebeat-*\", \"query\": {\"language\": \"kuery\", \"query\": \"iptables.ubiquiti.rule_set :* and event.outcome : \\\"deny\\\"\"}, \"version\": true}"
                },
                "sort": [
                    "@timestamp",
                    "desc"
                ],
                "title": "Ubiquiti Firewall Blocked Events [Filebeat Iptables] ECS",
                "version": 1
            },
            "id": "9f7d97c0-1fe9-11e9-ae2a-939083c6a64e-ecs",
            "type": "search",
            "updated_at": "2019-01-24T15:35:33.942Z",
            "version": 2
        },
        {
            "attributes": {
                "columns": [
                    "_source"
                ],
                "description": "",
                "hits": 0,
                "kibanaSavedObjectMeta": {
                    "searchSourceJSON": "{\"filter\": [], \"highlightAll\": true, \"index\": \"filebeat-*\", \"query\": {\"language\": \"kuery\", \"query\": \"iptables.ubiquiti.rule_set :* and event.outcome : \\\"allow\\\"\"}, \"version\": true}"
                },
                "sort": [
                    "@timestamp",
                    "desc"
                ],
                "title": "Ubiquiti Firewall Allowed Events [Filebeat Iptables] ECS",
                "version": 1
            },
            "id": "7862cab0-1fdb-11e9-ae2a-939083c6a64e-ecs",
            "type": "search",
            "updated_at": "2019-01-24T15:04:12.010Z",
            "version": 3
        },
        {
            "attributes": {
                "description": "Overview of the Ubiquiti Firewall iptables events dashboard.",
                "hits": 0,
                "kibanaSavedObjectMeta": {
                    "searchSourceJSON": "{\"filter\": [], \"query\": {\"language\": \"kuery\", \"query\": \"\"}}"
                },
                "optionsJSON": "{\"darkTheme\": false, \"hidePanelTitles\": false, \"useMargins\": true}",
                "panelsJSON": "[{\"embeddableConfig\": {\"vis\": {\"colors\": {\"allow\": \"#64B0C8\", \"deny\": \"#E24D42\"}, \"legendOpen\": true}}, \"gridData\": {\"h\": 15, \"i\": \"1\", \"w\": 33, \"x\": 0, \"y\": 0}, \"id\": \"758b3620-1fda-11e9-ae2a-939083c6a64e-ecs\", \"panelIndex\": \"1\", \"title\": \"Event Timeline\", \"type\": \"visualization\", \"version\": \"6.6.0\"}, {\"embeddableConfig\": {}, \"gridData\": {\"h\": 15, \"i\": \"2\", \"w\": 15, \"x\": 33, \"y\": 0}, \"id\": \"1ba82fd0-1ff0-11e9-ae2a-939083c6a64e-ecs\", \"panelIndex\": \"2\", \"title\": \"Top Blocked by source IP\", \"type\": \"visualization\", \"version\": \"6.6.0\"}, {\"embeddableConfig\": {\"mapCenter\": [39.095962936305476, -22.148437500000004], \"mapZoom\": 2}, \"gridData\": {\"h\": 15, \"i\": \"3\", \"w\": 24, \"x\": 0, \"y\": 15}, \"id\": \"5bd53050-1fe9-11e9-ae2a-939083c6a64e-ecs\", \"panelIndex\": \"3\", \"title\": \"Allowed Traffic Map\", \"type\": \"visualization\", \"version\": \"6.6.0\"}, {\"embeddableConfig\": {\"mapCenter\": [46.31658418182218, -34.10156250000001], \"mapZoom\": 2}, \"gridData\": {\"h\": 15, \"i\": \"4\", \"w\": 24, \"x\": 24, \"y\": 15}, \"id\": \"8853aa20-1fef-11e9-ae2a-939083c6a64e-ecs\", \"panelIndex\": \"4\", \"title\": \"Blocked Traffic Map\", \"type\": \"visualization\", \"version\": \"6.6.0\"}, {\"embeddableConfig\": {\"vis\": {\"colors\": {\"allow\": \"#7EB26D\", \"deny\": \"#E24D42\", \"icmp\": \"#F29191\", \"ipv4\": \"#65C5DB\", \"ipv6\": \"#D683CE\", \"ipv6-icmp\": \"#EA6460\", \"tcp\": \"#447EBC\", \"udp\": \"#F2C96D\"}}}, \"gridData\": {\"h\": 18, \"i\": \"5\", \"w\": 24, \"x\": 0, \"y\": 30}, \"id\": \"fdea1ad0-1ff4-11e9-ae2a-939083c6a64e-ecs\", \"panelIndex\": \"5\", \"title\": \"Traffic Breakdown by Protocol\", \"type\": \"visualization\", \"version\": \"6.6.0\"}, {\"embeddableConfig\": {}, \"gridData\": {\"h\": 27, \"i\": \"6\", \"w\": 48, \"x\": 0, \"y\": 48}, \"id\": \"c4e80aa0-1fd4-11e9-ae2a-939083c6a64e-ecs\", \"panelIndex\": \"6\", \"title\": \"Event View\", \"type\": \"search\", \"version\": \"6.6.0\"}, {\"embeddableConfig\": {}, \"gridData\": {\"h\": 18, \"i\": \"7\", \"w\": 24, \"x\": 24, \"y\": 30}, \"id\": \"190bcb50-1ff6-11e9-ae2a-939083c6a64e-ecs\", \"panelIndex\": \"7\", \"title\": \"Traffic Breakdown by Port\", \"type\": \"visualization\", \"version\": \"6.6.0\"}]",
                "timeRestore": false,
                "title": "[Filebeat Iptables] Ubiquiti Firewall Overview ECS",
                "version": 1
            },
            "id": "d39f0980-1ff3-11e9-ae2a-939083c6a64e-ecs",
            "type": "dashboard",
            "updated_at": "2019-01-24T16:38:35.174Z",
            "version": 4
        }
    ],
    "version": "6.6.0"
}